/* Generated by assets/convert_fonts.py. */
/*******************************************************************************
 * Size: 12 px
 * Bpp: 4
 * Opts: --no-compress --no-prefilter --force-fast-kern-format --size 12 --bpp 4 --font fonts/NotoSans/NotoSansMono-SemiBold.ttf -r 0x20-0x024F -r 0x0370-0x052F -r 0x2000-0x2029 -r 0x202F-0x205E -r 0x20A0-0x20CF -r 0x2100-0x214F -r 0x2190-0x21FF -r 0x2200-0x22FF --symbols –—‘’“”…•· --format lvgl -o res_c/font_noto_sans_mono_semibold_12.c
 ******************************************************************************/

#ifdef LV_LVGL_H_INCLUDE_SIMPLE
#include "lvgl.h"
#else
#include "lvgl/lvgl.h"
#endif

#ifndef FONT_NOTO_SANS_MONO_SEMIBOLD_12
#define FONT_NOTO_SANS_MONO_SEMIBOLD_12 1
#endif

#if FONT_NOTO_SANS_MONO_SEMIBOLD_12

/*-----------------
 *    BITMAPS
 *----------------*/

/*Store the image of the glyphs*/
static LV_ATTRIBUTE_LARGE_CONST const uint8_t glyph_bitmap[] = {
    /* U+0020 " " */

    /* U+0021 "!" */
    0x4f, 0x73, 0xf6, 0x3f, 0x62, 0xf5, 0x1f, 0x51,
    0xf4, 0x3, 0x3, 0xf6, 0x3f, 0x60,

    /* U+0022 "\"" */
    0x4f, 0x2e, 0x73, 0xf0, 0xd6, 0x1f, 0xc, 0x50,
    0x40, 0x31,

    /* U+0023 "#" */
    0x0, 0x7a, 0x2e, 0x0, 0xa, 0x75, 0xb0, 0x6f,
    0xff, 0xff, 0xf0, 0x2f, 0x3c, 0x62, 0x2, 0xf0,
    0xd3, 0xc, 0xff, 0xff, 0xf9, 0x18, 0xa5, 0xe2,
    0x10, 0x97, 0x5c, 0x0, 0xb, 0x57, 0x90, 0x0,

    /* U+0024 "$" */
    0x0, 0xc, 0x0, 0x0, 0x4e, 0xff, 0xc0, 0xe,
    0x9d, 0x46, 0x0, 0xf7, 0xc0, 0x0, 0x8, 0xff,
    0x50, 0x0, 0x4, 0xef, 0xb0, 0x0, 0xc, 0x4f,
    0x30, 0x61, 0xc5, 0xf2, 0xe, 0xff, 0xf7, 0x0,
    0x2, 0xd1, 0x0, 0x0, 0x4, 0x0, 0x0,

    /* U+0025 "%" */
    0x7e, 0xc1, 0x1f, 0x10, 0xf1, 0xb6, 0x99, 0x0,
    0xf2, 0xb7, 0xf1, 0x0, 0x6e, 0xc9, 0x90, 0x0,
    0x0, 0x1e, 0x20, 0x0, 0x0, 0x8a, 0xae, 0x90,
    0x0, 0xe5, 0xe0, 0xf2, 0x7, 0xb2, 0xe0, 0xe2,
    0xe, 0x30, 0xae, 0xa0,

    /* U+0026 "&" */
    0x4, 0xee, 0x50, 0x0, 0xd8, 0x8d, 0x0, 0xd,
    0x78, 0xc0, 0x0, 0x7e, 0xf4, 0x0, 0x9, 0xfb,
    0x9, 0x74, 0xf6, 0xf6, 0xf5, 0x9c, 0x7, 0xfe,
    0x7, 0xf6, 0x8f, 0xd0, 0xb, 0xfd, 0x7e, 0xa0,

    /* U+0027 "'" */
    0x1f, 0x40, 0xf3, 0xf, 0x20, 0x30,

    /* U+0028 "(" */
    0x4, 0xe1, 0xd, 0x70, 0x3f, 0x10, 0x7e, 0x0,
    0x9b, 0x0, 0xaa, 0x0, 0xab, 0x0, 0x7d, 0x0,
    0x4f, 0x10, 0xe, 0x70, 0x5, 0xe0, 0x0, 0x10,

    /* U+0029 ")" */
    0xc, 0x70, 0x4, 0xf1, 0x0, 0xe7, 0x0, 0xaa,
    0x0, 0x8d, 0x0, 0x7d, 0x0, 0x8d, 0x0, 0xab,
    0x0, 0xe7, 0x3, 0xf1, 0xb, 0x80, 0x1, 0x0,

    /* U+002A "*" */
    0x0, 0xf, 0x20, 0x0, 0x30, 0xe2, 0x40, 0xd,
    0xff, 0xfe, 0x20, 0x8, 0xeb, 0x0, 0x2, 0xf2,
    0xe5, 0x0, 0x2, 0x2, 0x0,

    /* U+002B "+" */
    0x0, 0xe, 0x20, 0x0, 0x0, 0xf2, 0x0, 0x1f,
    0xff, 0xff, 0x50, 0x33, 0xf5, 0x30, 0x0, 0xf,
    0x20, 0x0, 0x0, 0xf2, 0x0,

    /* U+002C "," */
    0x9, 0x52, 0xf6, 0x4f, 0x17, 0xb0,

    /* U+002D "-" */
    0x1, 0x11, 0x3, 0xff, 0xf6, 0x4, 0x44, 0x10,

    /* U+002E "." */
    0x0, 0x3, 0xf6, 0x3f, 0x60,

    /* U+002F "/" */
    0x0, 0x9, 0xb0, 0x0, 0xf5, 0x0, 0x5f, 0x0,
    0xb, 0xa0, 0x1, 0xf4, 0x0, 0x6e, 0x0, 0xc,
    0x80, 0x2, 0xf2, 0x0, 0x8c, 0x0, 0x0,

    /* U+0030 "0" */
    0x2, 0xcf, 0xd4, 0x0, 0xdd, 0x6c, 0xe0, 0x2f,
    0x40, 0xef, 0x55, 0xf2, 0x8c, 0xe7, 0x5f, 0x3f,
    0x3e, 0x84, 0xfc, 0x90, 0xe7, 0x2f, 0xe1, 0x1f,
    0x50, 0xcd, 0x5b, 0xf1, 0x2, 0xcf, 0xd4, 0x0,

    /* U+0031 "1" */
    0x0, 0x7f, 0xa0, 0x0, 0xdf, 0xfa, 0x0, 0x4,
    0x2d, 0xa0, 0x0, 0x0, 0xda, 0x0, 0x0, 0xd,
    0xa0, 0x0, 0x0, 0xda, 0x0, 0x0, 0xd, 0xa0,
    0x0, 0x2, 0xeb, 0x20, 0x8, 0xff, 0xff, 0x50,

    /* U+0032 "2" */
    0x5, 0xdf, 0xe5, 0x1, 0xea, 0x6c, 0xf1, 0x1,
    0x0, 0x4f, 0x40, 0x0, 0x7, 0xf2, 0x0, 0x2,
    0xf9, 0x0, 0x2, 0xec, 0x0, 0x1, 0xdc, 0x0,
    0x1, 0xdf, 0x76, 0x63, 0x4f, 0xff, 0xff, 0x90,

    /* U+0033 "3" */
    0x7, 0xdf, 0xd4, 0x0, 0xb9, 0x6c, 0xf0, 0x0,
    0x0, 0x5f, 0x10, 0x0, 0x2b, 0xc0, 0x0, 0xef,
    0xe3, 0x0, 0x3, 0x4a, 0xf2, 0x0, 0x0, 0x2f,
    0x51, 0xa6, 0x6c, 0xf2, 0x1b, 0xff, 0xd5, 0x0,

    /* U+0034 "4" */
    0x0, 0x3, 0xf8, 0x0, 0x0, 0xdf, 0x80, 0x0,
    0x6d, 0xd8, 0x0, 0x1e, 0x4e, 0x80, 0x9, 0xb0,
    0xe8, 0x2, 0xf3, 0xe, 0x80, 0x7f, 0xff, 0xff,
    0xa1, 0x33, 0x3e, 0xa2, 0x0, 0x0, 0xe8, 0x0,

    /* U+0035 "5" */
    0x9, 0xff, 0xfc, 0x0, 0xbc, 0x55, 0x40, 0xc,
    0x90, 0x0, 0x0, 0xdf, 0xfe, 0x40, 0x4, 0x45,
    0xdf, 0x0, 0x0, 0x5, 0xf4, 0x0, 0x0, 0x5f,
    0x30, 0xb6, 0x6e, 0xd0, 0xb, 0xff, 0xb2, 0x0,

    /* U+0036 "6" */
    0x0, 0x6d, 0xfd, 0x0, 0x7f, 0x95, 0x40, 0xe,
    0x80, 0x0, 0x3, 0xf8, 0xef, 0x80, 0x4f, 0xc4,
    0x8f, 0x44, 0xf4, 0x0, 0xf7, 0x2f, 0x50, 0xf,
    0x70, 0xce, 0x6a, 0xf2, 0x1, 0xbf, 0xe5, 0x0,

    /* U+0037 "7" */
    0x5f, 0xff, 0xff, 0x82, 0x55, 0x57, 0xf6, 0x0,
    0x0, 0x8e, 0x0, 0x0, 0xe, 0x90, 0x0, 0x6,
    0xf2, 0x0, 0x0, 0xdb, 0x0, 0x0, 0x3f, 0x50,
    0x0, 0xa, 0xe0, 0x0, 0x1, 0xf8, 0x0, 0x0,

    /* U+0038 "8" */
    0x3, 0xcf, 0xd5, 0x0, 0xec, 0x5a, 0xf1, 0xe,
    0x80, 0x5f, 0x20, 0x7f, 0x7d, 0xa0, 0x2, 0xef,
    0xf3, 0x0, 0xea, 0x19, 0xf2, 0x3f, 0x30, 0xf,
    0x61, 0xfa, 0x49, 0xf4, 0x5, 0xdf, 0xe6, 0x0,

    /* U+0039 "9" */
    0x4, 0xdf, 0xd3, 0x1, 0xfb, 0x6b, 0xe0, 0x4f,
    0x30, 0x1f, 0x53, 0xf7, 0x6, 0xf7, 0xa, 0xff,
    0xbf, 0x70, 0x2, 0x21, 0xf6, 0x0, 0x0, 0x7f,
    0x20, 0x45, 0x8f, 0xa0, 0x9, 0xfd, 0x80, 0x0,

    /* U+003A ":" */
    0x3f, 0x53, 0xf6, 0x0, 0x0, 0x0, 0x0, 0x3,
    0xf6, 0x3f, 0x60,

    /* U+003B ";" */
    0xe, 0xa0, 0xea, 0x0, 0x0, 0x0, 0x0, 0x0,
    0x95, 0x2f, 0x64, 0xf1, 0x7b, 0x0,

    /* U+003C "<" */
    0x0, 0x0, 0x51, 0x0, 0x3c, 0xe1, 0x2a, 0xf7,
    0x0, 0xee, 0x20, 0x0, 0x2b, 0xf8, 0x10, 0x0,
    0x3b, 0xf1, 0x0, 0x0, 0x31,

    /* U+003D "=" */
    0x1, 0x11, 0x11, 0x2, 0xff, 0xff, 0xf5, 0x4,
    0x44, 0x44, 0x10, 0x11, 0x11, 0x10, 0x2f, 0xff,
    0xff, 0x50, 0x44, 0x44, 0x41,

    /* U+003E ">" */
    0x70, 0x0, 0x0, 0xce, 0x50, 0x0, 0x5, 0xec,
    0x30, 0x0, 0x1d, 0xf2, 0x7, 0xec, 0x40, 0xdd,
    0x50, 0x0, 0x50, 0x0, 0x0,

    /* U+003F "?" */
    0x7d, 0xfe, 0x50, 0x88, 0x5b, 0xf1, 0x0, 0x4,
    0xf2, 0x0, 0x1c, 0xc0, 0x1, 0xeb, 0x10, 0x6,
    0xf0, 0x0, 0x0, 0x10, 0x0, 0x8, 0xf1, 0x0,
    0x8, 0xe1, 0x0,

    /* U+0040 "@" */
    0x1, 0xbf, 0xe8, 0x0, 0xd, 0x60, 0x1b, 0x70,
    0x6a, 0x6f, 0xe6, 0xe0, 0xb5, 0xf2, 0xc4, 0xe1,
    0xe4, 0xe0, 0xd3, 0xe1, 0xe3, 0xf2, 0xf5, 0xe0,
    0xd3, 0x9f, 0x8f, 0x60, 0x98, 0x0, 0x0, 0x0,
    0x2e, 0x50, 0x16, 0x0, 0x3, 0xbf, 0xea, 0x0,

    /* U+0041 "A" */
    0x0, 0x7f, 0xa0, 0x0, 0x0, 0xbd, 0xe0, 0x0,
    0x0, 0xf6, 0xf3, 0x0, 0x4, 0xf1, 0xd7, 0x0,
    0x9, 0xd1, 0xac, 0x0, 0xd, 0xff, 0xff, 0x10,
    0x2f, 0x64, 0x4f, 0x50, 0x6f, 0x0, 0xd, 0x90,
    0xbc, 0x0, 0x9, 0xe0,

    /* U+0042 "B" */
    0xff, 0xfe, 0x80, 0xf9, 0x59, 0xf4, 0xf6, 0x1,
    0xf6, 0xf7, 0x16, 0xf3, 0xff, 0xff, 0x90, 0xf9,
    0x47, 0xf6, 0xf6, 0x0, 0xea, 0xf9, 0x58, 0xf7,
    0xff, 0xff, 0x90,

    /* U+0043 "C" */
    0x0, 0x7d, 0xfe, 0x60, 0x7f, 0xa6, 0x84, 0xf,
    0x90, 0x0, 0x3, 0xf4, 0x0, 0x0, 0x5f, 0x30,
    0x0, 0x4, 0xf4, 0x0, 0x0, 0x1f, 0x80, 0x0,
    0x0, 0xaf, 0x96, 0x84, 0x0, 0x9e, 0xfd, 0x30,

    /* U+0044 "D" */
    0x5f, 0xff, 0xb3, 0x5, 0xf6, 0x6d, 0xe1, 0x5f,
    0x20, 0x2f, 0x85, 0xf2, 0x0, 0xdb, 0x5f, 0x20,
    0xc, 0xc5, 0xf2, 0x0, 0xda, 0x5f, 0x20, 0x2f,
    0x75, 0xf6, 0x7e, 0xe1, 0x5f, 0xff, 0xb2, 0x0,

    /* U+0045 "E" */
    0xff, 0xff, 0xf4, 0xfa, 0x55, 0x51, 0xf7, 0x0,
    0x0, 0xf8, 0x11, 0x10, 0xff, 0xff, 0xf1, 0xfa,
    0x44, 0x40, 0xf7, 0x0, 0x0, 0xfa, 0x66, 0x61,
    0xff, 0xff, 0xf4,

    /* U+0046 "F" */
    0xff, 0xff, 0xf4, 0xfa, 0x55, 0x51, 0xf7, 0x0,
    0x0, 0xf8, 0x11, 0x10, 0xff, 0xff, 0xf1, 0xfa,
    0x44, 0x40, 0xf7, 0x0, 0x0, 0xf7, 0x0, 0x0,
    0xf7, 0x0, 0x0,

    /* U+0047 "G" */
    0x1, 0x9e, 0xfd, 0x30, 0xcf, 0x86, 0x91, 0x3f,
    0x60, 0x0, 0x7, 0xf0, 0x1, 0x10, 0x8f, 0x2,
    0xff, 0x88, 0xf0, 0x4, 0xd8, 0x4f, 0x50, 0xd,
    0x80, 0xde, 0x76, 0xe8, 0x1, 0xaf, 0xfd, 0x50,

    /* U+0048 "H" */
    0x5f, 0x20, 0xf, 0x85, 0xf2, 0x0, 0xf8, 0x5f,
    0x20, 0xf, 0x85, 0xf3, 0x11, 0xf8, 0x5f, 0xff,
    0xff, 0x85, 0xf6, 0x44, 0xf8, 0x5f, 0x20, 0xf,
    0x85, 0xf2, 0x0, 0xf8, 0x5f, 0x20, 0xf, 0x80,

    /* U+0049 "I" */
    0xdf, 0xff, 0xf0, 0x15, 0xf7, 0x20, 0x2, 0xf5,
    0x0, 0x2, 0xf5, 0x0, 0x2, 0xf5, 0x0, 0x2,
    0xf5, 0x0, 0x2, 0xf5, 0x0, 0x15, 0xf7, 0x20,
    0xdf, 0xff, 0xf0,

    /* U+004A "J" */
    0x0, 0xb, 0xc0, 0x0, 0xbc, 0x0, 0xb, 0xc0,
    0x0, 0xbc, 0x0, 0xb, 0xc0, 0x0, 0xbc, 0x0,
    0xc, 0xb8, 0x68, 0xf7, 0xcf, 0xfa, 0x0,

    /* U+004B "K" */
    0x5f, 0x20, 0x4f, 0x55, 0xf2, 0x1e, 0xa0, 0x5f,
    0x2a, 0xe1, 0x5, 0xf6, 0xf4, 0x0, 0x5f, 0xef,
    0x20, 0x5, 0xf9, 0xdb, 0x0, 0x5f, 0x25, 0xf4,
    0x5, 0xf2, 0xc, 0xd0, 0x5f, 0x20, 0x4f, 0x60,

    /* U+004C "L" */
    0xdb, 0x0, 0x0, 0xdb, 0x0, 0x0, 0xdb, 0x0,
    0x0, 0xdb, 0x0, 0x0, 0xdb, 0x0, 0x0, 0xdb,
    0x0, 0x0, 0xdb, 0x0, 0x0, 0xdd, 0x66, 0x61,
    0xdf, 0xff, 0xf4,

    /* U+004D "M" */
    0x7f, 0xa0, 0x6f, 0xa7, 0xfd, 0xa, 0xfa, 0x7c,
    0xf0, 0xdc, 0xa7, 0xcd, 0x4f, 0xaa, 0x7d, 0xaa,
    0xca, 0xa7, 0xe6, 0xf9, 0xaa, 0x7e, 0x2d, 0x5b,
    0xa7, 0xe0, 0x0, 0xba, 0x7e, 0x0, 0xb, 0xa0,

    /* U+004E "N" */
    0x5f, 0xd0, 0xd, 0x85, 0xff, 0x20, 0xd8, 0x5e,
    0xb8, 0xd, 0x85, 0xf5, 0xe0, 0xd8, 0x5f, 0x1f,
    0x3d, 0x85, 0xf0, 0xa9, 0xc8, 0x5f, 0x4, 0xec,
    0x85, 0xf0, 0xe, 0xf8, 0x5f, 0x0, 0x9f, 0x80,

    /* U+004F "O" */
    0x3, 0xcf, 0xd5, 0x0, 0xed, 0x6b, 0xf2, 0x5f,
    0x30, 0xf, 0x88, 0xf0, 0x0, 0xdb, 0x8f, 0x0,
    0xc, 0xc8, 0xf0, 0x0, 0xcb, 0x5f, 0x30, 0xf,
    0x80, 0xed, 0x6b, 0xf2, 0x3, 0xcf, 0xd5, 0x0,

    /* U+0050 "P" */
    0xff, 0xfe, 0x90, 0xfa, 0x58, 0xf7, 0xf7, 0x0,
    0xda, 0xf8, 0x15, 0xf7, 0xff, 0xff, 0xc1, 0xf9,
    0x42, 0x0, 0xf7, 0x0, 0x0, 0xf7, 0x0, 0x0,
    0xf7, 0x0, 0x0,

    /* U+0051 "Q" */
    0x3, 0xcf, 0xd5, 0x0, 0xed, 0x6b, 0xf2, 0x5f,
    0x30, 0xf, 0x88, 0xf0, 0x0, 0xdb, 0x8f, 0x0,
    0xc, 0xc8, 0xf0, 0x0, 0xcb, 0x5f, 0x30, 0xf,
    0x80, 0xed, 0x6b, 0xf2, 0x3, 0xcf, 0xf7, 0x0,
    0x0, 0xc, 0xc0, 0x0, 0x0, 0x4f, 0x40,

    /* U+0052 "R" */
    0xff, 0xfd, 0x50, 0xfa, 0x6c, 0xf1, 0xf8, 0x3,
    0xf4, 0xf8, 0x19, 0xf1, 0xff, 0xff, 0x60, 0xfa,
    0x8f, 0x20, 0xf8, 0xe, 0xa0, 0xf8, 0x6, 0xf2,
    0xf8, 0x0, 0xeb,

    /* U+0053 "S" */
    0x2, 0xcf, 0xfb, 0x10, 0xce, 0x66, 0xa0, 0xe,
    0xa0, 0x0, 0x0, 0x9f, 0x60, 0x0, 0x0, 0x8f,
    0xe5, 0x0, 0x0, 0x1a, 0xf3, 0x0, 0x0, 0x1f,
    0x71, 0xa6, 0x5a, 0xf3, 0xb, 0xff, 0xd6, 0x0,

    /* U+0054 "T" */
    0x9f, 0xff, 0xff, 0xc3, 0x57, 0xf9, 0x54, 0x0,
    0x2f, 0x50, 0x0, 0x2, 0xf5, 0x0, 0x0, 0x2f,
    0x50, 0x0, 0x2, 0xf5, 0x0, 0x0, 0x2f, 0x50,
    0x0, 0x2, 0xf5, 0x0, 0x0, 0x2f, 0x50, 0x0,

    /* U+0055 "U" */
    0x5f, 0x20, 0xf, 0x85, 0xf2, 0x0, 0xf8, 0x5f,
    0x20, 0xf, 0x85, 0xf2, 0x0, 0xf8, 0x5f, 0x20,
    0xf, 0x85, 0xf2, 0x0, 0xf8, 0x4f, 0x40, 0x1f,
    0x71, 0xfc, 0x6b, 0xf3, 0x4, 0xdf, 0xe6, 0x0,

    /* U+0056 "V" */
    0xad, 0x0, 0xa, 0xd0, 0x6f, 0x10, 0xe, 0x90,
    0x1f, 0x50, 0x2f, 0x40, 0xc, 0x90, 0x6f, 0x0,
    0x8, 0xd0, 0xab, 0x0, 0x3, 0xf2, 0xe6, 0x0,
    0x0, 0xe8, 0xf2, 0x0, 0x0, 0xae, 0xd0, 0x0,
    0x0, 0x5f, 0x90, 0x0,

    /* U+0057 "W" */
    0xc8, 0x0, 0x5, 0xf0, 0xba, 0x0, 0x6, 0xe0,
    0x9b, 0x2f, 0x67, 0xd0, 0x8c, 0x5f, 0x98, 0xb0,
    0x6d, 0x8b, 0xc9, 0xa0, 0x5e, 0xb6, 0xea, 0x90,
    0x4e, 0xd2, 0xec, 0x80, 0x2f, 0xf0, 0xbf, 0x60,
    0x1f, 0xc0, 0x8f, 0x50,

    /* U+0058 "X" */
    0x3f, 0x40, 0x1f, 0x70, 0xac, 0x9, 0xd0, 0x2,
    0xf7, 0xf5, 0x0, 0x8, 0xfc, 0x0, 0x0, 0x3f,
    0x60, 0x0, 0xb, 0xee, 0x0, 0x4, 0xf3, 0xe7,
    0x0, 0xd9, 0x7, 0xf1, 0x6f, 0x20, 0xe, 0x90,

    /* U+0059 "Y" */
    0x7f, 0x10, 0xe, 0xa0, 0xf8, 0x4, 0xf3, 0x8,
    0xe0, 0xbb, 0x0, 0x1f, 0x8f, 0x40, 0x0, 0x9f,
    0xd0, 0x0, 0x3, 0xf6, 0x0, 0x0, 0x2f, 0x50,
    0x0, 0x2, 0xf5, 0x0, 0x0, 0x2f, 0x50, 0x0,

    /* U+005A "Z" */
    0xbf, 0xff, 0xf3, 0x35, 0x5b, 0xf1, 0x0, 0x1f,
    0x70, 0x0, 0x9e, 0x0, 0x2, 0xf5, 0x0, 0xa,
    0xd0, 0x0, 0x3f, 0x40, 0x0, 0xce, 0x66, 0x61,
    0xff, 0xff, 0xf4,

    /* U+005B "[" */
    0x3f, 0xf9, 0x3f, 0x31, 0x3f, 0x10, 0x3f, 0x10,
    0x3f, 0x10, 0x3f, 0x10, 0x3f, 0x10, 0x3f, 0x10,
    0x3f, 0x10, 0x3f, 0x10, 0x3f, 0xf9, 0x2, 0x21,

    /* U+005C "\\" */
    0x8c, 0x0, 0x2, 0xf2, 0x0, 0xc, 0x80, 0x0,
    0x6e, 0x0, 0x1, 0xf4, 0x0, 0xb, 0xa0, 0x0,
    0x5f, 0x0, 0x0, 0xf5, 0x0, 0x9, 0xb0,

    /* U+005D "]" */
    0x6f, 0xf6, 0x12, 0xe6, 0x0, 0xe6, 0x0, 0xe6,
    0x0, 0xe6, 0x0, 0xe6, 0x0, 0xe6, 0x0, 0xe6,
    0x0, 0xe6, 0x0, 0xe6, 0x6f, 0xf6, 0x12, 0x21,

    /* U+005E "^" */
    0x0, 0x7, 0x0, 0x0, 0x5, 0xf5, 0x0, 0x0,
    0xda, 0xd0, 0x0, 0x4e, 0xd, 0x60, 0xc, 0x70,
    0x5e, 0x3, 0xf0, 0x0, 0xc6,

    /* U+005F "_" */
    0x11, 0x11, 0x11, 0x10, 0xff, 0xff, 0xff, 0xf3,
    0x44, 0x44, 0x44, 0x40,

    /* U+0060 "`" */
    0xc, 0xc0, 0x0, 0xc7,

    /* U+0061 "a" */
    0x8, 0xef, 0xe6, 0x0, 0x67, 0x4a, 0xf2, 0x0,
    0x0, 0x1f, 0x40, 0x7e, 0xff, 0xf5, 0x3f, 0x60,
    0x1f, 0x53, 0xf8, 0x4b, 0xf5, 0xa, 0xfe, 0x5f,
    0x50,

    /* U+0062 "b" */
    0x3f, 0x30, 0x0, 0x3, 0xf3, 0x0, 0x0, 0x3f,
    0x30, 0x0, 0x3, 0xf8, 0xef, 0x80, 0x3f, 0xd5,
    0x9f, 0x43, 0xf5, 0x0, 0xf8, 0x3f, 0x30, 0xd,
    0xa3, 0xf5, 0x0, 0xf8, 0x3f, 0xd5, 0xaf, 0x43,
    0xf6, 0xef, 0x80,

    /* U+0063 "c" */
    0x1, 0xaf, 0xfc, 0x0, 0xaf, 0x76, 0x70, 0xf,
    0x90, 0x0, 0x1, 0xf7, 0x0, 0x0, 0xf, 0x90,
    0x0, 0x0, 0xbf, 0x76, 0x90, 0x1, 0xaf, 0xfc,
    0x0,

    /* U+0064 "d" */
    0x0, 0x0, 0xf, 0x70, 0x0, 0x0, 0xf7, 0x0,
    0x0, 0xf, 0x70, 0x5e, 0xf8, 0xf7, 0x1f, 0xc5,
    0xaf, 0x75, 0xf3, 0x1, 0xf7, 0x7f, 0x10, 0xf,
    0x75, 0xf2, 0x0, 0xf7, 0x1f, 0xb5, 0xaf, 0x70,
    0x6e, 0xf7, 0xd7,

    /* U+0065 "e" */
    0x2, 0xcf, 0xe5, 0x0, 0xed, 0x48, 0xf2, 0x4f,
    0x40, 0xe, 0x75, 0xff, 0xff, 0xf8, 0x3f, 0x52,
    0x22, 0x10, 0xdd, 0x65, 0x73, 0x2, 0xaf, 0xfd,
    0x30,

    /* U+0066 "f" */
    0x0, 0x8, 0xef, 0xa0, 0x3, 0xfa, 0x54, 0x0,
    0x4f, 0x30, 0x2, 0xdf, 0xff, 0xf6, 0x15, 0x8f,
    0x65, 0x20, 0x5, 0xf2, 0x0, 0x0, 0x5f, 0x20,
    0x0, 0x5, 0xf2, 0x0, 0x0, 0x5f, 0x20, 0x0,
    0x5, 0xf2, 0x0,

    /* U+0067 "g" */
    0x5, 0xef, 0x7d, 0x71, 0xfc, 0x5a, 0xf7, 0x5f,
    0x30, 0x1f, 0x77, 0xf1, 0x0, 0xf7, 0x5f, 0x30,
    0xf, 0x71, 0xfc, 0x5a, 0xf7, 0x5, 0xef, 0x8f,
    0x70, 0x0, 0x1, 0xf6, 0xa, 0x65, 0xbf, 0x20,
    0xbf, 0xfd, 0x40,

    /* U+0068 "h" */
    0x3f, 0x40, 0x0, 0x3, 0xf4, 0x0, 0x0, 0x3f,
    0x40, 0x0, 0x3, 0xf7, 0xef, 0xa0, 0x3f, 0xd5,
    0x9f, 0x53, 0xf6, 0x0, 0xf7, 0x3f, 0x40, 0xf,
    0x73, 0xf4, 0x0, 0xf7, 0x3f, 0x40, 0xf, 0x73,
    0xf4, 0x0, 0xf7,

    /* U+0069 "i" */
    0x0, 0x1e, 0x80, 0x0, 0x1, 0xd7, 0x0, 0x0,
    0x0, 0x0, 0x0, 0xef, 0xf8, 0x0, 0x2, 0x4f,
    0x80, 0x0, 0x0, 0xf8, 0x0, 0x0, 0xf, 0x80,
    0x0, 0x0, 0xf8, 0x0, 0x1, 0x4f, 0xa2, 0x3,
    0xff, 0xff, 0xf8,

    /* U+006A "j" */
    0x0, 0xa, 0xe0, 0x0, 0x9, 0xd0, 0x0, 0x0,
    0x0, 0x7, 0xff, 0xf0, 0x0, 0x3a, 0xf0, 0x0,
    0x7, 0xf0, 0x0, 0x7, 0xf0, 0x0, 0x7, 0xf0,
    0x0, 0x7, 0xf0, 0x0, 0x7, 0xf0, 0x0, 0x8,
    0xf0, 0x36, 0x6e, 0xc0, 0x5e, 0xfc, 0x30,

    /* U+006B "k" */
    0x1f, 0x60, 0x0, 0x1, 0xf6, 0x0, 0x0, 0x1f,
    0x60, 0x0, 0x1, 0xf6, 0x5, 0xf6, 0x1f, 0x63,
    0xf8, 0x1, 0xf7, 0xeb, 0x0, 0x1f, 0xef, 0xb0,
    0x1, 0xfb, 0x5f, 0x50, 0x1f, 0x60, 0xae, 0x11,
    0xf6, 0x1, 0xea,

    /* U+006C "l" */
    0xe, 0xff, 0x80, 0x0, 0x14, 0xf8, 0x0, 0x0,
    0xf, 0x80, 0x0, 0x0, 0xf8, 0x0, 0x0, 0xf,
    0x80, 0x0, 0x0, 0xf8, 0x0, 0x0, 0xf, 0x80,
    0x0, 0x0, 0xf8, 0x0, 0x2, 0x4f, 0xa3, 0x3,
    0xff, 0xff, 0xf8,

    /* U+006D "m" */
    0x8b, 0xec, 0x8f, 0x68, 0xe5, 0xf9, 0xbb, 0x8c,
    0xf, 0x48, 0xb8, 0xc0, 0xf4, 0x8c, 0x8c, 0xf,
    0x48, 0xc8, 0xc0, 0xf4, 0x8c, 0x8c, 0xf, 0x48,
    0xc0,

    /* U+006E "n" */
    0x3f, 0x6e, 0xfa, 0x3, 0xfd, 0x37, 0xf5, 0x3f,
    0x60, 0xf, 0x73, 0xf4, 0x0, 0xf7, 0x3f, 0x40,
    0xf, 0x73, 0xf4, 0x0, 0xf7, 0x3f, 0x40, 0xf,
    0x70,

    /* U+006F "o" */
    0x3, 0xcf, 0xd5, 0x1, 0xec, 0x4a, 0xf3, 0x5f,
    0x20, 0xf, 0x87, 0xf1, 0x0, 0xea, 0x5f, 0x30,
    0xf, 0x81, 0xec, 0x4a, 0xf3, 0x3, 0xcf, 0xd5,
    0x0,

    /* U+0070 "p" */
    0x3f, 0x6e, 0xf8, 0x3, 0xfc, 0x38, 0xf4, 0x3f,
    0x50, 0xf, 0x83, 0xf3, 0x0, 0xea, 0x3f, 0x50,
    0xf, 0x83, 0xfd, 0x59, 0xf4, 0x3f, 0x8e, 0xf8,
    0x3, 0xf3, 0x0, 0x0, 0x3f, 0x30, 0x0, 0x3,
    0xf3, 0x0, 0x0,

    /* U+0071 "q" */
    0x5, 0xef, 0x7d, 0x71, 0xfc, 0x5b, 0xf7, 0x5f,
    0x30, 0x1f, 0x77, 0xf1, 0x0, 0xf7, 0x5f, 0x30,
    0x1f, 0x71, 0xfc, 0x5a, 0xf7, 0x6, 0xef, 0x7f,
    0x70, 0x0, 0x0, 0xf7, 0x0, 0x0, 0xf, 0x70,
    0x0, 0x0, 0xf7,

    /* U+0072 "r" */
    0x2f, 0xfa, 0x8f, 0xc0, 0x3b, 0xfc, 0x64, 0x0,
    0x9f, 0x10, 0x0, 0x9, 0xe0, 0x0, 0x0, 0x9e,
    0x0, 0x0, 0x3b, 0xe3, 0x0, 0x6f, 0xff, 0xfa,
    0x0,

    /* U+0073 "s" */
    0x4d, 0xff, 0xb0, 0xcd, 0x56, 0x70, 0xbe, 0x50,
    0x0, 0x1a, 0xfe, 0x50, 0x0, 0x1b, 0xf0, 0xa6,
    0x4b, 0xf1, 0xbf, 0xfe, 0x60,

    /* U+0074 "t" */
    0x0, 0x7b, 0x0, 0x0, 0x9, 0xb0, 0x0, 0x4e,
    0xff, 0xff, 0x31, 0x5d, 0xd5, 0x51, 0x0, 0xcb,
    0x0, 0x0, 0xc, 0xb0, 0x0, 0x0, 0xbc, 0x0,
    0x0, 0xa, 0xf6, 0x52, 0x0, 0x2c, 0xfe, 0x40,

    /* U+0075 "u" */
    0x4f, 0x30, 0x1f, 0x74, 0xf3, 0x1, 0xf7, 0x4f,
    0x30, 0x1f, 0x74, 0xf3, 0x1, 0xf7, 0x4f, 0x30,
    0x3f, 0x72, 0xfb, 0x5b, 0xf7, 0x8, 0xfe, 0x7d,
    0x70,

    /* U+0076 "v" */
    0x7f, 0x10, 0xe, 0xa2, 0xf6, 0x3, 0xf5, 0xc,
    0xb0, 0x7f, 0x0, 0x7f, 0xc, 0xa0, 0x1, 0xf6,
    0xf4, 0x0, 0xc, 0xde, 0x0, 0x0, 0x6f, 0x90,
    0x0,

    /* U+0077 "w" */
    0xd8, 0x0, 0x4, 0xf0, 0xb9, 0x2d, 0x56, 0xe0,
    0x9b, 0x5f, 0x97, 0xc0, 0x6d, 0x9a, 0xc9, 0xa0,
    0x4e, 0xc4, 0xfb, 0x70, 0x2f, 0xf0, 0xdf, 0x50,
    0xf, 0xd0, 0xaf, 0x30,

    /* U+0078 "x" */
    0x3f, 0x80, 0x4f, 0x70, 0x8f, 0x2d, 0xc0, 0x0,
    0xde, 0xf2, 0x0, 0x7, 0xfb, 0x0, 0x1, 0xed,
    0xf3, 0x0, 0xaf, 0x1c, 0xd0, 0x5f, 0x60, 0x3f,
    0x80,

    /* U+0079 "y" */
    0x7f, 0x10, 0xe, 0xa1, 0xf7, 0x3, 0xf5, 0xb,
    0xc0, 0x7f, 0x0, 0x5f, 0x2c, 0xa0, 0x0, 0xe8,
    0xf4, 0x0, 0x8, 0xfe, 0x0, 0x0, 0x2f, 0x90,
    0x0, 0x3, 0xf3, 0x0, 0x15, 0xdc, 0x0, 0x4,
    0xfd, 0x20, 0x0,

    /* U+007A "z" */
    0xe, 0xff, 0xff, 0x30, 0x33, 0x4e, 0xd0, 0x0,
    0x8, 0xf3, 0x0, 0x4, 0xf6, 0x0, 0x1, 0xea,
    0x0, 0x0, 0xbf, 0x54, 0x41, 0x1f, 0xff, 0xff,
    0x50,

    /* U+007B "{" */
    0x0, 0x5e, 0x80, 0xe, 0xa1, 0x0, 0xf6, 0x0,
    0xf, 0x60, 0x3, 0xf5, 0x5, 0xfa, 0x0, 0x16,
    0xf4, 0x0, 0xf, 0x60, 0x0, 0xf6, 0x0, 0xe,
    0x80, 0x0, 0x8f, 0x80, 0x0, 0x11,

    /* U+007C "|" */
    0xf2, 0xf2, 0xf2, 0xf2, 0xf2, 0xf2, 0xf2, 0xf2,
    0xf2, 0xf2, 0xf2, 0xf2, 0xf2,

    /* U+007D "}" */
    0x5e, 0x80, 0x1, 0x8f, 0x10, 0x3, 0xf2, 0x0,
    0x3f, 0x20, 0x1, 0xf6, 0x0, 0x8, 0xf8, 0x1,
    0xf9, 0x10, 0x3f, 0x20, 0x3, 0xf2, 0x0, 0x6f,
    0x10, 0x5f, 0xb0, 0x1, 0x10, 0x0,

    /* U+007E "~" */
    0x9, 0xd9, 0x19, 0x41, 0xb0, 0x7d, 0xb0,

    /* U+00A0 " " */

    /* U+00A1 "¡" */
    0x3f, 0x63, 0xf6, 0x0, 0x1, 0xf4, 0x1f, 0x42,
    0xf5, 0x3f, 0x63, 0xf6, 0x4f, 0x71, 0x31,

    /* U+00A2 "¢" */
    0x0, 0x7, 0x70, 0x0, 0xa, 0xff, 0xe1, 0x9,
    0xf6, 0x36, 0x0, 0xf8, 0x0, 0x0, 0xf, 0x60,
    0x0, 0x0, 0xf7, 0x0, 0x0, 0xb, 0xe3, 0x4,
    0x0, 0x2d, 0xff, 0xf1, 0x0, 0x8, 0x91, 0x0,

    /* U+00A3 "£" */
    0x3, 0xdf, 0xd2, 0xd, 0xd5, 0x80, 0xf, 0x70,
    0x0, 0xf, 0x70, 0x0, 0xff, 0xff, 0x70, 0x2f,
    0x82, 0x10, 0xf, 0x60, 0x0, 0x9f, 0x65, 0x52,
    0xff, 0xff, 0xf6,

    /* U+00A4 "¤" */
    0x2, 0x0, 0x2, 0x0, 0xec, 0xfc, 0xf3, 0x9,
    0xb2, 0x8c, 0x0, 0xc4, 0x1, 0xf0, 0xa, 0x90,
    0x6d, 0x0, 0xde, 0xfe, 0xe2, 0x5, 0x2, 0x4,
    0x0,

    /* U+00A5 "¥" */
    0x7f, 0x10, 0xd, 0xa0, 0xf7, 0x4, 0xf2, 0x8,
    0xe0, 0xbb, 0x0, 0x1f, 0x6f, 0x40, 0x0, 0xaf,
    0xd0, 0x0, 0xdf, 0xff, 0xf0, 0x0, 0x1f, 0x40,
    0x0, 0xdf, 0xff, 0xf0, 0x0, 0x1f, 0x40, 0x0,

    /* U+00A6 "¦" */
    0xf2, 0xf2, 0xf2, 0xf2, 0xf2, 0x0, 0x0, 0x0,
    0xf2, 0xf2, 0xf2, 0xf2, 0xf2,

    /* U+00A7 "§" */
    0x2c, 0xfe, 0x89, 0xc1, 0x23, 0x6f, 0x60, 0x2,
    0xed, 0xe4, 0xa9, 0x8, 0xd8, 0xe4, 0x7d, 0x8,
    0xff, 0x50, 0x1, 0xcc, 0x52, 0x9, 0xc8, 0xef,
    0xd3,

    /* U+00A8 "¨" */
    0x49, 0x6, 0x76, 0xd0, 0xaa,

    /* U+00A9 "©" */
    0x2, 0xac, 0xb4, 0x1, 0xc7, 0xca, 0xb3, 0x75,
    0xd0, 0x2, 0xa9, 0x3c, 0x0, 0xc, 0x75, 0xd0,
    0x2, 0xa1, 0xc7, 0xc9, 0xb3, 0x2, 0xab, 0xb4,
    0x0,

    /* U+00AA "ª" */
    0xa, 0xec, 0x0, 0x10, 0xb5, 0x9, 0xbe, 0x53,
    0xd0, 0xc5, 0xc, 0xca, 0x50,

    /* U+00AB "«" */
    0x0, 0x0, 0x0, 0x0, 0xa, 0x93, 0xf2, 0x6,
    0xf3, 0xd9, 0x0, 0xf8, 0x8f, 0x0, 0x8, 0xe3,
    0xe7, 0x0, 0xc, 0x94, 0xf2, 0x0, 0x11, 0x2,
    0x0,

    /* U+00AC "¬" */
    0x2f, 0xff, 0xff, 0x30, 0x33, 0x33, 0xe3, 0x0,
    0x0, 0xe, 0x30, 0x0, 0x0, 0xa2,

    /* U+00AE "®" */
    0x2, 0xac, 0xb4, 0x1, 0xca, 0xb8, 0xb3, 0x75,
    0x92, 0xd2, 0xa9, 0x29, 0xc9, 0xc, 0x75, 0x94,
    0xb2, 0xa1, 0xc6, 0x16, 0xc3, 0x2, 0xab, 0xb4,
    0x0,

    /* U+00AF "¯" */
    0x3f, 0xff, 0x60, 0x22, 0x21,

    /* U+00B0 "°" */
    0x8, 0xfb, 0x2, 0xd0, 0xa6, 0x2d, 0xa, 0x60,
    0x9f, 0xb0,

    /* U+00B1 "±" */
    0x0, 0xe, 0x20, 0x0, 0x0, 0xf2, 0x0, 0x0,
    0xf, 0x20, 0x1, 0xff, 0xff, 0xf4, 0x2, 0x2f,
    0x42, 0x0, 0x0, 0xf2, 0x0, 0x2, 0x22, 0x22,
    0x1, 0xff, 0xff, 0xf5,

    /* U+00B2 "²" */
    0xb, 0xfc, 0x0, 0x50, 0xd3, 0x0, 0x1e, 0x20,
    0xb, 0x80, 0xa, 0x90, 0x2, 0xff, 0xf8,

    /* U+00B3 "³" */
    0xb, 0xfa, 0x0, 0x50, 0xe2, 0x0, 0xe, 0x10,
    0x5e, 0xb0, 0x1, 0xd, 0x51, 0xdf, 0xc1,

    /* U+00B4 "´" */
    0x5, 0xf4, 0x1e, 0x50,

    /* U+00B5 "µ" */
    0x4f, 0x30, 0x1f, 0x74, 0xf3, 0x1, 0xf7, 0x4f,
    0x30, 0x1f, 0x74, 0xf3, 0x1, 0xf7, 0x5f, 0x40,
    0x3f, 0x74, 0xfb, 0x5b, 0xf7, 0x4f, 0xfe, 0x7d,
    0x74, 0xf3, 0x0, 0x0, 0x4f, 0x30, 0x0, 0x4,
    0xf3, 0x0, 0x0,

    /* U+00B6 "¶" */
    0x7, 0xef, 0xff, 0x83, 0xff, 0xfb, 0x48, 0x6f,
    0xff, 0xb4, 0x87, 0xff, 0xfb, 0x48, 0x5f, 0xff,
    0xb4, 0x80, 0xdf, 0xfb, 0x48, 0x0, 0x56, 0xb4,
    0x80, 0x0, 0x1b, 0x48, 0x0, 0x1, 0xb4, 0x80,
    0x0, 0x1b, 0x48, 0x0, 0x1, 0xb4, 0x80, 0x0,
    0x5, 0x23,

    /* U+00B7 "·" */
    0x0, 0x3, 0xf6, 0x3f, 0x60,

    /* U+00B8 "¸" */
    0x0, 0x0, 0xe2, 0x6, 0xc8, 0xe6,

    /* U+00B9 "¹" */
    0x0, 0x72, 0x1, 0xdf, 0x50, 0x3, 0xa5, 0x0,
    0xb, 0x50, 0x0, 0xb5, 0x0, 0xbf, 0xe6,

    /* U+00BA "º" */
    0x8, 0xeb, 0x1, 0xe0, 0xb4, 0x3c, 0x9, 0x61,
    0xe0, 0xc4, 0x7, 0xea, 0x0,

    /* U+00BB "»" */
    0x0, 0x0, 0x0, 0x0, 0xd6, 0x6d, 0x0, 0x6,
    0xf3, 0xda, 0x0, 0xd, 0xc5, 0xf3, 0x4, 0xf4,
    0xcb, 0x0, 0xe8, 0x6e, 0x10, 0x2, 0x0, 0x20,
    0x0,

    /* U+00BC "¼" */
    0x1, 0x0, 0x0, 0x9, 0xe3, 0x0, 0x74, 0xa,
    0x30, 0x3e, 0x0, 0xb3, 0xd, 0x50, 0x7f, 0xd8,
    0xb0, 0x0, 0x1, 0xe2, 0x82, 0x0, 0xa8, 0x6e,
    0x40, 0x4e, 0x1b, 0x94, 0xd, 0x55, 0xde, 0xc0,
    0x30, 0x0, 0x84,

    /* U+00BD "½" */
    0x0, 0x0, 0x0, 0x9, 0xf3, 0x0, 0x64, 0x1a,
    0x30, 0x3e, 0x10, 0xb3, 0xc, 0x60, 0x7f, 0xd7,
    0xc0, 0x0, 0x1, 0xec, 0xd6, 0x0, 0x99, 0x22,
    0xc0, 0x3e, 0x10, 0x98, 0xc, 0x60, 0x6b, 0x1,
    0x50, 0xd, 0xed,

    /* U+00BE "¾" */
    0x5d, 0xa0, 0x0, 0x1, 0xe, 0x10, 0xd5, 0xc,
    0xc0, 0x6c, 0x1, 0xd, 0x4e, 0x30, 0x7d, 0xb9,
    0x90, 0x0, 0x2, 0xe1, 0x93, 0x0, 0xb7, 0x6e,
    0x40, 0x4d, 0x1b, 0x94, 0xd, 0x45, 0xde, 0xc0,
    0x30, 0x0, 0x84,

    /* U+00BF "¿" */
    0x0, 0x2f, 0x60, 0x0, 0x3f, 0x70, 0x0, 0x0,
    0x0, 0x0, 0xf, 0x40, 0x0, 0xbe, 0x10, 0xc,
    0xd2, 0x0, 0x3f, 0x40, 0x0, 0x3f, 0x61, 0x44,
    0xa, 0xff, 0xf9, 0x0, 0x23, 0x10,

    /* U+00C0 "À" */
    0x1, 0xdb, 0x0, 0x0, 0x0, 0x1d, 0x50, 0x0,
    0x0, 0x0, 0x0, 0x0, 0x0, 0x7f, 0xa0, 0x0,
    0x0, 0xbd, 0xe0, 0x0, 0x0, 0xf6, 0xf3, 0x0,
    0x4, 0xf1, 0xd7, 0x0, 0x9, 0xd1, 0xac, 0x0,
    0xd, 0xff, 0xff, 0x10, 0x2f, 0x64, 0x4f, 0x50,
    0x6f, 0x0, 0xd, 0x90, 0xbc, 0x0, 0x9, 0xe0,

    /* U+00C1 "Á" */
    0x0, 0x3, 0xf6, 0x0, 0x0, 0xd, 0x60, 0x0,
    0x0, 0x0, 0x0, 0x0, 0x0, 0x7f, 0xa0, 0x0,
    0x0, 0xbd, 0xe0, 0x0, 0x0, 0xf6, 0xf3, 0x0,
    0x4, 0xf1, 0xd7, 0x0, 0x9, 0xd1, 0xac, 0x0,
    0xd, 0xff, 0xff, 0x10, 0x2f, 0x64, 0x4f, 0x50,
    0x6f, 0x0, 0xd, 0x90, 0xbc, 0x0, 0x9, 0xe0,

    /* U+00C2 "Â" */
    0x0, 0x7f, 0xa0, 0x0, 0x4, 0xd2, 0xb7, 0x0,
    0x0, 0x0, 0x0, 0x0, 0x0, 0x7f, 0xa0, 0x0,
    0x0, 0xbd, 0xe0, 0x0, 0x0, 0xf6, 0xf3, 0x0,
    0x4, 0xf1, 0xd7, 0x0, 0x9, 0xd1, 0xac, 0x0,
    0xd, 0xff, 0xff, 0x10, 0x2f, 0x64, 0x4f, 0x50,
    0x6f, 0x0, 0xd, 0x90, 0xbc, 0x0, 0x9, 0xe0,

    /* U+00C3 "Ã" */
    0x1, 0x96, 0x8, 0x0, 0x8, 0xac, 0xf7, 0x0,
    0x1, 0x0, 0x10, 0x0, 0x0, 0x7f, 0xa0, 0x0,
    0x0, 0xbd, 0xe0, 0x0, 0x0, 0xf6, 0xf3, 0x0,
    0x4, 0xf1, 0xd7, 0x0, 0x9, 0xd1, 0xac, 0x0,
    0xd, 0xff, 0xff, 0x10, 0x2f, 0x64, 0x4f, 0x50,
    0x6f, 0x0, 0xd, 0x90, 0xbc, 0x0, 0x9, 0xe0,

    /* U+00C4 "Ä" */
    0x4, 0x80, 0x66, 0x0, 0x7, 0xd0, 0xaa, 0x0,
    0x0, 0x0, 0x0, 0x0, 0x0, 0x7f, 0xa0, 0x0,
    0x0, 0xbd, 0xe0, 0x0, 0x0, 0xf6, 0xf3, 0x0,
    0x4, 0xf1, 0xd7, 0x0, 0x9, 0xd1, 0xac, 0x0,
    0xd, 0xff, 0xff, 0x10, 0x2f, 0x64, 0x4f, 0x50,
    0x6f, 0x0, 0xd, 0x90, 0xbc, 0x0, 0x9, 0xe0,

    /* U+00C5 "Å" */
    0x0, 0x5d, 0x80, 0x0, 0x0, 0xc1, 0xd0, 0x0,
    0x0, 0x5d, 0x80, 0x0, 0x0, 0x0, 0x0, 0x0,
    0x0, 0x7f, 0xa0, 0x0, 0x0, 0xbd, 0xe0, 0x0,
    0x0, 0xf6, 0xf3, 0x0, 0x4, 0xf1, 0xd7, 0x0,
    0x9, 0xd1, 0xac, 0x0, 0xd, 0xff, 0xff, 0x10,
    0x2f, 0x64, 0x4f, 0x50, 0x6f, 0x0, 0xd, 0x90,
    0xbc, 0x0, 0x9, 0xe0,

    /* U+00C6 "Æ" */
    0x0, 0xff, 0xff, 0xb0, 0x2f, 0xae, 0x53, 0x6,
    0xe7, 0xd0, 0x0, 0x9b, 0x7d, 0x10, 0xd, 0x87,
    0xfe, 0x71, 0xff, 0xfd, 0x0, 0x4f, 0x49, 0xd0,
    0x8, 0xd0, 0x7e, 0x54, 0xba, 0x7, 0xff, 0xb0,

    /* U+00C7 "Ç" */
    0x0, 0x7d, 0xfe, 0x60, 0x7f, 0xa6, 0x84, 0xf,
    0x90, 0x0, 0x3, 0xf4, 0x0, 0x0, 0x5f, 0x30,
    0x0, 0x4, 0xf4, 0x0, 0x0, 0x1f, 0x80, 0x0,
    0x0, 0xaf, 0x96, 0x84, 0x0, 0x9f, 0xfd, 0x30,
    0x0, 0x8a, 0x0, 0x0, 0x0, 0xd4, 0x0, 0x1,
    0xed, 0x10,

    /* U+00C8 "È" */
    0xc, 0xc0, 0x0, 0x1, 0xc6, 0x0, 0x0, 0x0,
    0x0, 0xff, 0xff, 0xf4, 0xfa, 0x55, 0x51, 0xf7,
    0x0, 0x0, 0xf8, 0x11, 0x10, 0xff, 0xff, 0xf1,
    0xfa, 0x44, 0x40, 0xf7, 0x0, 0x0, 0xfa, 0x66,
    0x61, 0xff, 0xff, 0xf4,

    /* U+00C9 "É" */
    0x0, 0x2f, 0x70, 0x0, 0xc7, 0x0, 0x0, 0x0,
    0x0, 0xff, 0xff, 0xf4, 0xfa, 0x55, 0x51, 0xf7,
    0x0, 0x0, 0xf8, 0x11, 0x10, 0xff, 0xff, 0xf1,
    0xfa, 0x44, 0x40, 0xf7, 0x0, 0x0, 0xfa, 0x66,
    0x61, 0xff, 0xff, 0xf4,

    /* U+00CA "Ê" */
    0x6, 0xfb, 0x0, 0x3d, 0x2b, 0x80, 0x0, 0x0,
    0x0, 0xff, 0xff, 0xf4, 0xfa, 0x55, 0x51, 0xf7,
    0x0, 0x0, 0xf8, 0x11, 0x10, 0xff, 0xff, 0xf1,
    0xfa, 0x44, 0x40, 0xf7, 0x0, 0x0, 0xfa, 0x66,
    0x61, 0xff, 0xff, 0xf4,

    /* U+00CB "Ë" */
    0x39, 0x6, 0x70, 0x5e, 0x9, 0xb0, 0x0, 0x0,
    0x0, 0xff, 0xff, 0xf4, 0xfa, 0x55, 0x51, 0xf7,
    0x0, 0x0, 0xf8, 0x11, 0x10, 0xff, 0xff, 0xf1,
    0xfa, 0x44, 0x40, 0xf7, 0x0, 0x0, 0xfa, 0x66,
    0x61, 0xff, 0xff, 0xf4,

    /* U+00CC "Ì" */
    0x1d, 0xb0, 0x0, 0x1, 0xd5, 0x0, 0x0, 0x0,
    0x0, 0xdf, 0xff, 0xf0, 0x15, 0xf7, 0x20, 0x2,
    0xf5, 0x0, 0x2, 0xf5, 0x0, 0x2, 0xf5, 0x0,
    0x2, 0xf5, 0x0, 0x2, 0xf5, 0x0, 0x15, 0xf7,
    0x20, 0xdf, 0xff, 0xf0,

    /* U+00CD "Í" */
    0x0, 0x3f, 0x60, 0x0, 0xd6, 0x0, 0x0, 0x0,
    0x0, 0xdf, 0xff, 0xf0, 0x15, 0xf7, 0x20, 0x2,
    0xf5, 0x0, 0x2, 0xf5, 0x0, 0x2, 0xf5, 0x0,
    0x2, 0xf5, 0x0, 0x2, 0xf5, 0x0, 0x15, 0xf7,
    0x20, 0xdf, 0xff, 0xf0,

    /* U+00CE "Î" */
    0x7, 0xfa, 0x0, 0x4d, 0x2b, 0x70, 0x0, 0x0,
    0x0, 0xdf, 0xff, 0xf0, 0x15, 0xf7, 0x20, 0x2,
    0xf5, 0x0, 0x2, 0xf5, 0x0, 0x2, 0xf5, 0x0,
    0x2, 0xf5, 0x0, 0x2, 0xf5, 0x0, 0x15, 0xf7,
    0x20, 0xdf, 0xff, 0xf0,

    /* U+00CF "Ï" */
    0x48, 0x6, 0x60, 0x7d, 0xa, 0xa0, 0x0, 0x0,
    0x0, 0xdf, 0xff, 0xf0, 0x15, 0xf7, 0x20, 0x2,
    0xf5, 0x0, 0x2, 0xf5, 0x0, 0x2, 0xf5, 0x0,
    0x2, 0xf5, 0x0, 0x2, 0xf5, 0x0, 0x15, 0xf7,
    0x20, 0xdf, 0xff, 0xf0,

    /* U+00D0 "Ð" */
    0x4f, 0xff, 0xc3, 0x4, 0xf7, 0x6d, 0xf2, 0x4f,
    0x20, 0x1f, 0x85, 0xf3, 0x0, 0xcc, 0xff, 0xf8,
    0xb, 0xc7, 0xf6, 0x20, 0xcb, 0x4f, 0x20, 0x2f,
    0x74, 0xf7, 0x6d, 0xe1, 0x4f, 0xff, 0xb2, 0x0,

    /* U+00D1 "Ñ" */
    0x2, 0xd9, 0x1b, 0x0, 0x77, 0x8f, 0x70, 0x1,
    0x0, 0x10, 0x5, 0xfd, 0x0, 0xd8, 0x5f, 0xf2,
    0xd, 0x85, 0xeb, 0x80, 0xd8, 0x5f, 0x5e, 0xd,
    0x85, 0xf1, 0xf3, 0xd8, 0x5f, 0xa, 0x9c, 0x85,
    0xf0, 0x4e, 0xc8, 0x5f, 0x0, 0xef, 0x85, 0xf0,
    0x9, 0xf8,

    /* U+00D2 "Ò" */
    0x1, 0xdb, 0x0, 0x0, 0x1, 0xd5, 0x0, 0x0,
    0x0, 0x0, 0x0, 0x3c, 0xfd, 0x50, 0xe, 0xd6,
    0xbf, 0x25, 0xf3, 0x0, 0xf8, 0x8f, 0x0, 0xd,
    0xb8, 0xf0, 0x0, 0xcc, 0x8f, 0x0, 0xc, 0xb5,
    0xf3, 0x0, 0xf8, 0xe, 0xd6, 0xbf, 0x20, 0x3c,
    0xfd, 0x50,

    /* U+00D3 "Ó" */
    0x0, 0x3, 0xf6, 0x0, 0x0, 0xd6, 0x0, 0x0,
    0x0, 0x0, 0x0, 0x3c, 0xfd, 0x50, 0xe, 0xd6,
    0xbf, 0x25, 0xf3, 0x0, 0xf8, 0x8f, 0x0, 0xd,
    0xb8, 0xf0, 0x0, 0xcc, 0x8f, 0x0, 0xc, 0xb5,
    0xf3, 0x0, 0xf8, 0xe, 0xd6, 0xbf, 0x20, 0x3c,
    0xfd, 0x50,

    /* U+00D4 "Ô" */
    0x0, 0x7f, 0xa0, 0x0, 0x4d, 0x2b, 0x70, 0x0,
    0x0, 0x0, 0x0, 0x3c, 0xfd, 0x50, 0xe, 0xd6,
    0xbf, 0x25, 0xf3, 0x0, 0xf8, 0x8f, 0x0, 0xd,
    0xb8, 0xf0, 0x0, 0xcc, 0x8f, 0x0, 0xc, 0xb5,
    0xf3, 0x0, 0xf8, 0xe, 0xd6, 0xbf, 0x20, 0x3c,
    0xfd, 0x50,

    /* U+00D5 "Õ" */
    0x2, 0xe9, 0x1b, 0x0, 0x86, 0x9f, 0x60, 0x1,
    0x0, 0x10, 0x0, 0x3c, 0xfd, 0x50, 0xe, 0xd6,
    0xbf, 0x25, 0xf3, 0x0, 0xf8, 0x8f, 0x0, 0xd,
    0xb8, 0xf0, 0x0, 0xcc, 0x8f, 0x0, 0xc, 0xb5,
    0xf3, 0x0, 0xf8, 0xe, 0xd6, 0xbf, 0x20, 0x3c,
    0xfd, 0x50,

    /* U+00D6 "Ö" */
    0x4, 0x80, 0x66, 0x0, 0x7d, 0xa, 0xa0, 0x0,
    0x0, 0x0, 0x0, 0x3c, 0xfd, 0x50, 0xe, 0xd6,
    0xbf, 0x25, 0xf3, 0x0, 0xf8, 0x8f, 0x0, 0xd,
    0xb8, 0xf0, 0x0, 0xcc, 0x8f, 0x0, 0xc, 0xb5,
    0xf3, 0x0, 0xf8, 0xe, 0xd6, 0xbf, 0x20, 0x3c,
    0xfd, 0x50,

    /* U+00D7 "×" */
    0x0, 0x0, 0x0, 0x0, 0xc7, 0x4, 0xe0, 0x3,
    0xf9, 0xf6, 0x0, 0x7, 0xfa, 0x0, 0x2, 0xea,
    0xf5, 0x0, 0xc8, 0x5, 0xe0, 0x1, 0x0, 0x1,
    0x0,

    /* U+00D8 "Ø" */
    0x0, 0x0, 0x0, 0x10, 0x3c, 0xfd, 0xba, 0xe,
    0xd6, 0xbf, 0x45, 0xf3, 0xb, 0xf8, 0x8f, 0x5,
    0xdd, 0xb8, 0xf0, 0xe4, 0xcc, 0x8f, 0x9a, 0xc,
    0xb5, 0xfe, 0x10, 0xf8, 0x1f, 0xd6, 0xbf, 0x26,
    0xdc, 0xfd, 0x50, 0x1, 0x0, 0x0, 0x0,

    /* U+00D9 "Ù" */
    0x1, 0xdb, 0x0, 0x0, 0x1, 0xd5, 0x0, 0x0,
    0x0, 0x0, 0x5, 0xf2, 0x0, 0xf8, 0x5f, 0x20,
    0xf, 0x85, 0xf2, 0x0, 0xf8, 0x5f, 0x20, 0xf,
    0x85, 0xf2, 0x0, 0xf8, 0x5f, 0x20, 0xf, 0x84,
    0xf4, 0x1, 0xf7, 0x1f, 0xc6, 0xbf, 0x30, 0x4d,
    0xfe, 0x60,

    /* U+00DA "Ú" */
    0x0, 0x3, 0xf6, 0x0, 0x0, 0xd6, 0x0, 0x0,
    0x0, 0x0, 0x5, 0xf2, 0x0, 0xf8, 0x5f, 0x20,
    0xf, 0x85, 0xf2, 0x0, 0xf8, 0x5f, 0x20, 0xf,
    0x85, 0xf2, 0x0, 0xf8, 0x5f, 0x20, 0xf, 0x84,
    0xf4, 0x1, 0xf7, 0x1f, 0xc6, 0xbf, 0x30, 0x4d,
    0xfe, 0x60,

    /* U+00DB "Û" */
    0x0, 0x7f, 0xa0, 0x0, 0x4d, 0x2b, 0x70, 0x0,
    0x0, 0x0, 0x5, 0xf2, 0x0, 0xf8, 0x5f, 0x20,
    0xf, 0x85, 0xf2, 0x0, 0xf8, 0x5f, 0x20, 0xf,
    0x85, 0xf2, 0x0, 0xf8, 0x5f, 0x20, 0xf, 0x84,
    0xf4, 0x1, 0xf7, 0x1f, 0xc6, 0xbf, 0x30, 0x4d,
    0xfe, 0x60,

    /* U+00DC "Ü" */
    0x4, 0x80, 0x66, 0x0, 0x7d, 0xa, 0xa0, 0x0,
    0x0, 0x0, 0x5, 0xf2, 0x0, 0xf8, 0x5f, 0x20,
    0xf, 0x85, 0xf2, 0x0, 0xf8, 0x5f, 0x20, 0xf,
    0x85, 0xf2, 0x0, 0xf8, 0x5f, 0x20, 0xf, 0x84,
    0xf4, 0x1, 0xf7, 0x1f, 0xc6, 0xbf, 0x30, 0x4d,
    0xfe, 0x60,

    /* U+00DD "Ý" */
    0x0, 0x2, 0xe6, 0x0, 0x0, 0xc9, 0x0, 0x0,
    0x2, 0x0, 0x7, 0xf1, 0x0, 0xea, 0xf, 0x80,
    0x4f, 0x30, 0x8e, 0xb, 0xb0, 0x1, 0xf8, 0xf4,
    0x0, 0x9, 0xfd, 0x0, 0x0, 0x3f, 0x60, 0x0,
    0x2, 0xf5, 0x0, 0x0, 0x2f, 0x50, 0x0, 0x2,
    0xf5, 0x0,

    /* U+00DE "Þ" */
    0xf7, 0x0, 0x0, 0xf8, 0x10, 0x0, 0xff, 0xff,
    0xa0, 0xf9, 0x47, 0xf7, 0xf7, 0x0, 0xea, 0xf8,
    0x15, 0xf7, 0xff, 0xff, 0xc1, 0xf9, 0x42, 0x0,
    0xf7, 0x0, 0x0,

    /* U+00DF "ß" */
    0x5, 0xdf, 0xd5, 0x1, 0xfb, 0x5b, 0xf1, 0x3f,
    0x30, 0x6f, 0x14, 0xf3, 0x3f, 0x80, 0x4f, 0x3b,
    0xb0, 0x4, 0xf3, 0x9f, 0x60, 0x4f, 0x30, 0xaf,
    0x64, 0xf3, 0x0, 0xbd, 0x4f, 0x47, 0x4d, 0xc4,
    0xf4, 0xdf, 0xd3,

    /* U+00E0 "à" */
    0x0, 0xdb, 0x0, 0x0, 0x2, 0xe4, 0x0, 0x0,
    0x1, 0x20, 0x0, 0x8e, 0xfe, 0x60, 0x6, 0x74,
    0xaf, 0x20, 0x0, 0x1, 0xf4, 0x7, 0xef, 0xff,
    0x53, 0xf6, 0x1, 0xf5, 0x3f, 0x84, 0xbf, 0x50,
    0xaf, 0xe5, 0xf5,

    /* U+00E1 "á" */
    0x0, 0x1, 0xf8, 0x0, 0x0, 0xaa, 0x0, 0x0,
    0x3, 0x0, 0x0, 0x8e, 0xfe, 0x60, 0x6, 0x74,
    0xaf, 0x20, 0x0, 0x1, 0xf4, 0x7, 0xef, 0xff,
    0x53, 0xf6, 0x1, 0xf5, 0x3f, 0x84, 0xbf, 0x50,
    0xaf, 0xe5, 0xf5,

    /* U+00E2 "â" */
    0x0, 0x5f, 0xb0, 0x0, 0x1e, 0x4d, 0x60, 0x1,
    0x20, 0x3, 0x0, 0x8e, 0xfe, 0x60, 0x6, 0x74,
    0xaf, 0x20, 0x0, 0x1, 0xf4, 0x7, 0xef, 0xff,
    0x53, 0xf6, 0x1, 0xf5, 0x3f, 0x84, 0xbf, 0x50,
    0xaf, 0xe5, 0xf5,

    /* U+00E3 "ã" */
    0x2, 0xea, 0x1c, 0x0, 0x76, 0x7f, 0x70, 0x0,
    0x0, 0x0, 0x0, 0x8e, 0xfe, 0x60, 0x6, 0x74,
    0xaf, 0x20, 0x0, 0x1, 0xf4, 0x7, 0xef, 0xff,
    0x53, 0xf6, 0x1, 0xf5, 0x3f, 0x84, 0xbf, 0x50,
    0xaf, 0xe5, 0xf5,

    /* U+00E4 "ä" */
    0x5, 0xe0, 0x9b, 0x0, 0x39, 0x6, 0x70, 0x0,
    0x0, 0x0, 0x0, 0x8e, 0xfe, 0x60, 0x6, 0x74,
    0xaf, 0x20, 0x0, 0x1, 0xf4, 0x7, 0xef, 0xff,
    0x53, 0xf6, 0x1, 0xf5, 0x3f, 0x84, 0xbf, 0x50,
    0xaf, 0xe5, 0xf5,

    /* U+00E5 "å" */
    0x0, 0x4c, 0x90, 0x0, 0xa, 0x2d, 0x0, 0x0,
    0x4c, 0x90, 0x0, 0x0, 0x0, 0x0, 0x8, 0xef,
    0xe6, 0x0, 0x67, 0x4a, 0xf2, 0x0, 0x0, 0x1f,
    0x40, 0x7e, 0xff, 0xf5, 0x3f, 0x60, 0x1f, 0x53,
    0xf8, 0x4b, 0xf5, 0xa, 0xfe, 0x5f, 0x50,

    /* U+00E6 "æ" */
    0x3e, 0xf8, 0xde, 0x40, 0x16, 0x7f, 0xba, 0xc0,
    0x0, 0xf, 0x44, 0xf0, 0x3d, 0xef, 0xff, 0xf0,
    0xba, 0x2f, 0x51, 0x10, 0xca, 0x7f, 0xb4, 0x50,
    0x5f, 0xd3, 0xcf, 0x90,

    /* U+00E7 "ç" */
    0x1, 0xaf, 0xfc, 0x0, 0xaf, 0x76, 0x70, 0xf,
    0x90, 0x0, 0x1, 0xf7, 0x0, 0x0, 0xf, 0x90,
    0x0, 0x0, 0xbf, 0x76, 0x90, 0x1, 0xaf, 0xfc,
    0x0, 0x0, 0xa8, 0x0, 0x0, 0x0, 0xf2, 0x0,
    0x3, 0xec, 0x0,

    /* U+00E8 "è" */
    0x0, 0xdc, 0x0, 0x0, 0x2, 0xe5, 0x0, 0x0,
    0x1, 0x20, 0x0, 0x2c, 0xfe, 0x50, 0xe, 0xd4,
    0x8f, 0x24, 0xf4, 0x0, 0xe7, 0x5f, 0xff, 0xff,
    0x83, 0xf5, 0x22, 0x21, 0xd, 0xd6, 0x57, 0x30,
    0x2a, 0xff, 0xd3,

    /* U+00E9 "é" */
    0x0, 0x1, 0xf8, 0x0, 0x0, 0xaa, 0x0, 0x0,
    0x3, 0x0, 0x0, 0x2c, 0xfe, 0x50, 0xe, 0xd4,
    0x8f, 0x24, 0xf4, 0x0, 0xe7, 0x5f, 0xff, 0xff,
    0x83, 0xf5, 0x22, 0x21, 0xd, 0xd6, 0x57, 0x30,
    0x2a, 0xff, 0xd3,

    /* U+00EA "ê" */
    0x0, 0x5f, 0xb0, 0x0, 0x1e, 0x5c, 0x60, 0x1,
    0x20, 0x3, 0x0, 0x2c, 0xfe, 0x50, 0xe, 0xd4,
    0x8f, 0x24, 0xf4, 0x0, 0xe7, 0x5f, 0xff, 0xff,
    0x83, 0xf5, 0x22, 0x21, 0xd, 0xd6, 0x57, 0x30,
    0x2a, 0xff, 0xd3,

    /* U+00EB "ë" */
    0x5, 0xe0, 0x9b, 0x0, 0x39, 0x6, 0x70, 0x0,
    0x0, 0x0, 0x0, 0x2c, 0xfe, 0x50, 0xe, 0xd4,
    0x8f, 0x24, 0xf4, 0x0, 0xe7, 0x5f, 0xff, 0xff,
    0x83, 0xf5, 0x22, 0x21, 0xd, 0xd6, 0x57, 0x30,
    0x2a, 0xff, 0xd3,

    /* U+00EC "ì" */
    0x1, 0xea, 0x0, 0x0, 0x2, 0xe4, 0x0, 0x0,
    0x1, 0x10, 0x0, 0xef, 0xf8, 0x0, 0x2, 0x4f,
    0x80, 0x0, 0x0, 0xf8, 0x0, 0x0, 0xf, 0x80,
    0x0, 0x0, 0xf8, 0x0, 0x1, 0x4f, 0xa2, 0x3,
    0xff, 0xff, 0xf8,

    /* U+00ED "í" */
    0x0, 0x3, 0xf6, 0x0, 0x0, 0xc8, 0x0, 0x0,
    0x2, 0x0, 0x0, 0xef, 0xf8, 0x0, 0x2, 0x4f,
    0x80, 0x0, 0x0, 0xf8, 0x0, 0x0, 0xf, 0x80,
    0x0, 0x0, 0xf8, 0x0, 0x1, 0x4f, 0xa2, 0x3,
    0xff, 0xff, 0xf8,

    /* U+00EE "î" */
    0x0, 0x7f, 0xa0, 0x0, 0x3e, 0x3d, 0x50, 0x1,
    0x10, 0x1, 0x0, 0xef, 0xf8, 0x0, 0x2, 0x4f,
    0x80, 0x0, 0x0, 0xf8, 0x0, 0x0, 0xf, 0x80,
    0x0, 0x0, 0xf8, 0x0, 0x1, 0x4f, 0xa2, 0x3,
    0xff, 0xff, 0xf8,

    /* U+00EF "ï" */
    0x7, 0xd0, 0xaa, 0x0, 0x49, 0x7, 0x60, 0x0,
    0x0, 0x0, 0x0, 0xef, 0xf8, 0x0, 0x2, 0x4f,
    0x80, 0x0, 0x0, 0xf8, 0x0, 0x0, 0xf, 0x80,
    0x0, 0x0, 0xf8, 0x0, 0x1, 0x4f, 0xa2, 0x3,
    0xff, 0xff, 0xf8,

    /* U+00F0 "ð" */
    0x0, 0x52, 0x14, 0x0, 0x9, 0xfe, 0x80, 0x0,
    0xbd, 0xf4, 0x0, 0x4, 0x8, 0xe0, 0x5, 0xdf,
    0xcf, 0x52, 0xf9, 0x37, 0xf9, 0x6f, 0x10, 0xe,
    0xa6, 0xf1, 0x0, 0xe8, 0x2f, 0xa3, 0x7f, 0x30,
    0x4d, 0xfd, 0x50,

    /* U+00F1 "ñ" */
    0x2, 0xea, 0x1c, 0x0, 0x76, 0x7f, 0x70, 0x0,
    0x0, 0x0, 0x3, 0xf6, 0xef, 0xa0, 0x3f, 0xd3,
    0x7f, 0x53, 0xf6, 0x0, 0xf7, 0x3f, 0x40, 0xf,
    0x73, 0xf4, 0x0, 0xf7, 0x3f, 0x40, 0xf, 0x73,
    0xf4, 0x0, 0xf7,

    /* U+00F2 "ò" */
    0x1, 0xea, 0x0, 0x0, 0x3, 0xf3, 0x0, 0x0,
    0x2, 0x20, 0x0, 0x3c, 0xfd, 0x50, 0x1e, 0xc4,
    0xaf, 0x35, 0xf2, 0x0, 0xf8, 0x7f, 0x10, 0xe,
    0xa5, 0xf3, 0x0, 0xf8, 0x1e, 0xc4, 0xaf, 0x30,
    0x3c, 0xfd, 0x50,

    /* U+00F3 "ó" */
    0x0, 0x3, 0xf7, 0x0, 0x0, 0xc9, 0x0, 0x0,
    0x3, 0x0, 0x0, 0x3c, 0xfd, 0x50, 0x1e, 0xc4,
    0xaf, 0x35, 0xf2, 0x0, 0xf8, 0x7f, 0x10, 0xe,
    0xa5, 0xf3, 0x0, 0xf8, 0x1e, 0xc4, 0xaf, 0x30,
    0x3c, 0xfd, 0x50,

    /* U+00F4 "ô" */
    0x0, 0x7f, 0xa0, 0x0, 0x2e, 0x4d, 0x50, 0x2,
    0x20, 0x12, 0x0, 0x3c, 0xfd, 0x50, 0x1e, 0xc4,
    0xaf, 0x35, 0xf2, 0x0, 0xf8, 0x7f, 0x10, 0xe,
    0xa5, 0xf3, 0x0, 0xf8, 0x1e, 0xc4, 0xaf, 0x30,
    0x3c, 0xfd, 0x50,

    /* U+00F5 "õ" */
    0x3, 0xe9, 0x2c, 0x0, 0x85, 0x8f, 0x60, 0x1,
    0x0, 0x0, 0x0, 0x3c, 0xfd, 0x50, 0x1e, 0xc4,
    0xaf, 0x35, 0xf2, 0x0, 0xf8, 0x7f, 0x10, 0xe,
    0xa5, 0xf3, 0x0, 0xf8, 0x1e, 0xc4, 0xaf, 0x30,
    0x3c, 0xfd, 0x50,

    /* U+00F6 "ö" */
    0x7, 0xd0, 0xaa, 0x0, 0x49, 0x7, 0x60, 0x0,
    0x0, 0x0, 0x0, 0x3c, 0xfd, 0x50, 0x1e, 0xc4,
    0xaf, 0x35, 0xf2, 0x0, 0xf8, 0x7f, 0x10, 0xe,
    0xa5, 0xf3, 0x0, 0xf8, 0x1e, 0xc4, 0xaf, 0x30,
    0x3c, 0xfd, 0x50,

    /* U+00F7 "÷" */
    0x0, 0x1e, 0x30, 0x0, 0x0, 0xb2, 0x0, 0x1f,
    0xff, 0xff, 0x50, 0x33, 0x33, 0x30, 0x0, 0xb,
    0x20, 0x0, 0x1, 0xe3, 0x0,

    /* U+00F8 "ø" */
    0x0, 0x0, 0x1, 0x0, 0x3c, 0xfd, 0xe2, 0x1e,
    0xc4, 0xdf, 0x35, 0xf2, 0x4d, 0xf8, 0x7f, 0x1e,
    0x3e, 0xa5, 0xfc, 0x90, 0xf8, 0x1e, 0xf5, 0xaf,
    0x30, 0xdd, 0xfd, 0x50, 0x1, 0x0, 0x0, 0x0,

    /* U+00F9 "ù" */
    0x1, 0xea, 0x0, 0x0, 0x2, 0xe4, 0x0, 0x0,
    0x1, 0x10, 0x4, 0xf3, 0x1, 0xf7, 0x4f, 0x30,
    0x1f, 0x74, 0xf3, 0x1, 0xf7, 0x4f, 0x30, 0x1f,
    0x74, 0xf3, 0x3, 0xf7, 0x2f, 0xb5, 0xbf, 0x70,
    0x8f, 0xe7, 0xd7,

    /* U+00FA "ú" */
    0x0, 0x3, 0xf6, 0x0, 0x0, 0xc8, 0x0, 0x0,
    0x2, 0x0, 0x4, 0xf3, 0x1, 0xf7, 0x4f, 0x30,
    0x1f, 0x74, 0xf3, 0x1, 0xf7, 0x4f, 0x30, 0x1f,
    0x74, 0xf3, 0x3, 0xf7, 0x2f, 0xb5, 0xbf, 0x70,
    0x8f, 0xe7, 0xd7,

    /* U+00FB "û" */
    0x0, 0x7f, 0xa0, 0x0, 0x3e, 0x3d, 0x50, 0x1,
    0x10, 0x1, 0x4, 0xf3, 0x1, 0xf7, 0x4f, 0x30,
    0x1f, 0x74, 0xf3, 0x1, 0xf7, 0x4f, 0x30, 0x1f,
    0x74, 0xf3, 0x3, 0xf7, 0x2f, 0xb5, 0xbf, 0x70,
    0x8f, 0xe7, 0xd7,

    /* U+00FC "ü" */
    0x7, 0xd0, 0xaa, 0x0, 0x49, 0x7, 0x60, 0x0,
    0x0, 0x0, 0x4, 0xf3, 0x1, 0xf7, 0x4f, 0x30,
    0x1f, 0x74, 0xf3, 0x1, 0xf7, 0x4f, 0x30, 0x1f,
    0x74, 0xf3, 0x3, 0xf7, 0x2f, 0xb5, 0xbf, 0x70,
    0x8f, 0xe7, 0xd7,

    /* U+00FD "ý" */
    0x0, 0x3, 0xf6, 0x0, 0x0, 0xc8, 0x0, 0x0,
    0x2, 0x0, 0x7, 0xf1, 0x0, 0xea, 0x1f, 0x70,
    0x3f, 0x50, 0xbc, 0x7, 0xf0, 0x5, 0xf2, 0xca,
    0x0, 0xe, 0x8f, 0x40, 0x0, 0x8f, 0xe0, 0x0,
    0x2, 0xf9, 0x0, 0x0, 0x3f, 0x30, 0x1, 0x5d,
    0xc0, 0x0, 0x4f, 0xd2, 0x0, 0x0,

    /* U+00FE "þ" */
    0x3f, 0x30, 0x0, 0x3, 0xf3, 0x0, 0x0, 0x3f,
    0x30, 0x0, 0x3, 0xf8, 0xef, 0x80, 0x3f, 0xd5,
    0x9f, 0x43, 0xf5, 0x0, 0xf8, 0x3f, 0x30, 0xe,
    0xa3, 0xf5, 0x0, 0xf8, 0x3f, 0xd5, 0x9f, 0x43,
    0xf8, 0xef, 0x80, 0x3f, 0x30, 0x0, 0x3, 0xf3,
    0x0, 0x0, 0x3f, 0x30, 0x0, 0x0,

    /* U+00FF "ÿ" */
    0x7, 0xd0, 0xaa, 0x0, 0x49, 0x7, 0x60, 0x0,
    0x0, 0x0, 0x7, 0xf1, 0x0, 0xea, 0x1f, 0x70,
    0x3f, 0x50, 0xbc, 0x7, 0xf0, 0x5, 0xf2, 0xca,
    0x0, 0xe, 0x8f, 0x40, 0x0, 0x8f, 0xe0, 0x0,
    0x2, 0xf9, 0x0, 0x0, 0x3f, 0x30, 0x1, 0x5d,
    0xc0, 0x0, 0x4f, 0xd2, 0x0, 0x0,

    /* U+0100 "Ā" */
    0x3, 0xff, 0xf6, 0x0, 0x0, 0x22, 0x21, 0x0,
    0x0, 0x7f, 0xa0, 0x0, 0x0, 0xbd, 0xe0, 0x0,
    0x0, 0xf6, 0xf3, 0x0, 0x4, 0xf1, 0xd7, 0x0,
    0x9, 0xd1, 0xac, 0x0, 0xd, 0xff, 0xff, 0x10,
    0x2f, 0x64, 0x4f, 0x50, 0x6f, 0x0, 0xd, 0x90,
    0xbc, 0x0, 0x9, 0xe0,

    /* U+0101 "ā" */
    0x2, 0xff, 0xf7, 0x0, 0x2, 0x22, 0x10, 0x8,
    0xef, 0xe6, 0x0, 0x67, 0x4a, 0xf2, 0x0, 0x0,
    0x1f, 0x40, 0x7e, 0xff, 0xf5, 0x3f, 0x60, 0x1f,
    0x53, 0xf8, 0x4b, 0xf5, 0xa, 0xfe, 0x5f, 0x50,

    /* U+0102 "Ă" */
    0x4, 0xb0, 0x87, 0x0, 0x0, 0xcf, 0xd1, 0x0,
    0x0, 0x1, 0x0, 0x0, 0x0, 0x7f, 0xa0, 0x0,
    0x0, 0xbd, 0xe0, 0x0, 0x0, 0xf6, 0xf3, 0x0,
    0x4, 0xf1, 0xd7, 0x0, 0x9, 0xd1, 0xac, 0x0,
    0xd, 0xff, 0xff, 0x10, 0x2f, 0x64, 0x4f, 0x50,
    0x6f, 0x0, 0xd, 0x90, 0xbc, 0x0, 0x9, 0xe0,

    /* U+0103 "ă" */
    0x3, 0xc0, 0x69, 0x0, 0xb, 0xfe, 0x20, 0x0,
    0x1, 0x0, 0x0, 0x8e, 0xfe, 0x60, 0x6, 0x74,
    0xaf, 0x20, 0x0, 0x1, 0xf4, 0x7, 0xef, 0xff,
    0x53, 0xf6, 0x1, 0xf5, 0x3f, 0x84, 0xbf, 0x50,
    0xaf, 0xe5, 0xf5,

    /* U+0104 "Ą" */
    0x0, 0x7f, 0xa0, 0x0, 0x0, 0xbd, 0xe0, 0x0,
    0x0, 0xf6, 0xf3, 0x0, 0x4, 0xf1, 0xd7, 0x0,
    0x9, 0xd1, 0xac, 0x0, 0xd, 0xff, 0xff, 0x10,
    0x2f, 0x64, 0x4f, 0x50, 0x6f, 0x0, 0xd, 0x90,
    0xbc, 0x0, 0x9, 0xe0, 0x0, 0x0, 0x6, 0xa0,
    0x0, 0x0, 0xc, 0x50, 0x0, 0x0, 0x8, 0xf4,

    /* U+0105 "ą" */
    0x8, 0xef, 0xe6, 0x0, 0x67, 0x4a, 0xf2, 0x0,
    0x0, 0x1f, 0x40, 0x7e, 0xff, 0xf5, 0x3f, 0x60,
    0x1f, 0x53, 0xf8, 0x4b, 0xf5, 0xa, 0xfe, 0x5f,
    0x50, 0x0, 0x5, 0xa0, 0x0, 0x0, 0xb6, 0x0,
    0x0, 0x6, 0xf6,

    /* U+0106 "Ć" */
    0x0, 0x0, 0x8e, 0x20, 0x0, 0x3e, 0x20, 0x0,
    0x0, 0x0, 0x0, 0x7, 0xdf, 0xe6, 0x7, 0xfa,
    0x68, 0x40, 0xf9, 0x0, 0x0, 0x3f, 0x40, 0x0,
    0x5, 0xf3, 0x0, 0x0, 0x4f, 0x40, 0x0, 0x1,
    0xf8, 0x0, 0x0, 0xa, 0xf9, 0x68, 0x40, 0x9,
    0xef, 0xd3,

    /* U+0107 "ć" */
    0x0, 0x0, 0xdc, 0x0, 0x0, 0x7d, 0x10, 0x0,
    0x2, 0x10, 0x0, 0x1a, 0xff, 0xc0, 0xa, 0xf7,
    0x67, 0x0, 0xf9, 0x0, 0x0, 0x1f, 0x70, 0x0,
    0x0, 0xf9, 0x0, 0x0, 0xb, 0xf7, 0x69, 0x0,
    0x1a, 0xff, 0xc0,

    /* U+0108 "Ĉ" */
    0x0, 0xc, 0xf5, 0x0, 0x9, 0xa3, 0xd2, 0x0,
    0x0, 0x0, 0x0, 0x7, 0xdf, 0xe6, 0x7, 0xfa,
    0x68, 0x40, 0xf9, 0x0, 0x0, 0x3f, 0x40, 0x0,
    0x5, 0xf3, 0x0, 0x0, 0x4f, 0x40, 0x0, 0x1,
    0xf8, 0x0, 0x0, 0xa, 0xf9, 0x68, 0x40, 0x9,
    0xef, 0xd3,

    /* U+0109 "ĉ" */
    0x0, 0x2f, 0xe0, 0x0, 0xc, 0x7a, 0xa0, 0x0,
    0x30, 0x3, 0x0, 0x1a, 0xff, 0xc0, 0xa, 0xf7,
    0x67, 0x0, 0xf9, 0x0, 0x0, 0x1f, 0x70, 0x0,
    0x0, 0xf9, 0x0, 0x0, 0xb, 0xf7, 0x69, 0x0,
    0x1a, 0xff, 0xc0,

    /* U+010A "Ċ" */
    0x0, 0x8, 0xe1, 0x0, 0x0, 0x7d, 0x10, 0x0,
    0x0, 0x0, 0x0, 0x7, 0xdf, 0xe6, 0x7, 0xfa,
    0x68, 0x40, 0xf9, 0x0, 0x0, 0x3f, 0x40, 0x0,
    0x5, 0xf3, 0x0, 0x0, 0x4f, 0x40, 0x0, 0x1,
    0xf8, 0x0, 0x0, 0xa, 0xf9, 0x68, 0x40, 0x9,
    0xef, 0xd3,

    /* U+010B "ċ" */
    0x0, 0xd, 0xa0, 0x0, 0x0, 0xc9, 0x0, 0x0,
    0x0, 0x0, 0x0, 0x1a, 0xff, 0xc0, 0xa, 0xf7,
    0x67, 0x0, 0xf9, 0x0, 0x0, 0x1f, 0x70, 0x0,
    0x0, 0xf9, 0x0, 0x0, 0xb, 0xf7, 0x69, 0x0,
    0x1a, 0xff, 0xc0,

    /* U+010C "Č" */
    0x0, 0x9a, 0x3d, 0x20, 0x0, 0xcf, 0x50, 0x0,
    0x0, 0x0, 0x0, 0x7, 0xdf, 0xe6, 0x7, 0xfa,
    0x68, 0x40, 0xf9, 0x0, 0x0, 0x3f, 0x40, 0x0,
    0x5, 0xf3, 0x0, 0x0, 0x4f, 0x40, 0x0, 0x1,
    0xf8, 0x0, 0x0, 0xa, 0xf9, 0x68, 0x40, 0x9,
    0xef, 0xd3,

    /* U+010D "č" */
    0x1, 0xd4, 0x7c, 0x0, 0x4, 0xff, 0x20, 0x0,
    0x3, 0x20, 0x0, 0x1a, 0xff, 0xc0, 0xa, 0xf7,
    0x67, 0x0, 0xf9, 0x0, 0x0, 0x1f, 0x70, 0x0,
    0x0, 0xf9, 0x0, 0x0, 0xb, 0xf7, 0x69, 0x0,
    0x1a, 0xff, 0xc0,

    /* U+010E "Ď" */
    0x7, 0xb3, 0xd3, 0x0, 0xb, 0xf7, 0x0, 0x0,
    0x0, 0x0, 0x5, 0xff, 0xfb, 0x30, 0x5f, 0x66,
    0xde, 0x15, 0xf2, 0x2, 0xf8, 0x5f, 0x20, 0xd,
    0xb5, 0xf2, 0x0, 0xcc, 0x5f, 0x20, 0xd, 0xa5,
    0xf2, 0x2, 0xf7, 0x5f, 0x67, 0xee, 0x15, 0xff,
    0xfb, 0x20,

    /* U+010F "ď" */
    0x0, 0x0, 0x9e, 0x7d, 0x0, 0x0, 0x9e, 0xa5,
    0x0, 0x0, 0x9e, 0x0, 0x8, 0xfd, 0xae, 0x0,
    0x3f, 0x95, 0xfe, 0x0, 0x7f, 0x0, 0xae, 0x0,
    0x8f, 0x0, 0x8e, 0x0, 0x7f, 0x0, 0x9e, 0x0,
    0x3f, 0x96, 0xfe, 0x0, 0x8, 0xfc, 0x8e, 0x0,

    /* U+0110 "Đ" */
    0x4f, 0xff, 0xc3, 0x4, 0xf7, 0x6d, 0xf2, 0x4f,
    0x20, 0x1f, 0x85, 0xf3, 0x0, 0xcc, 0xff, 0xf8,
    0xb, 0xc7, 0xf6, 0x20, 0xcb, 0x4f, 0x20, 0x2f,
    0x74, 0xf7, 0x6d, 0xe1, 0x4f, 0xff, 0xb2, 0x0,

    /* U+0111 "đ" */
    0x0, 0x0, 0xf, 0x70, 0x0, 0xd, 0xff, 0xf3,
    0x0, 0x1, 0x2f, 0x80, 0x5, 0xef, 0x8f, 0x70,
    0x1f, 0xc5, 0xaf, 0x70, 0x5f, 0x30, 0x1f, 0x70,
    0x7f, 0x10, 0xf, 0x70, 0x5f, 0x20, 0xf, 0x70,
    0x1f, 0xb5, 0xaf, 0x70, 0x6, 0xef, 0x7d, 0x70,

    /* U+0112 "Ē" */
    0x2f, 0xff, 0x70, 0x2, 0x22, 0x10, 0xff, 0xff,
    0xf4, 0xfa, 0x55, 0x51, 0xf7, 0x0, 0x0, 0xf8,
    0x11, 0x10, 0xff, 0xff, 0xf1, 0xfa, 0x44, 0x40,
    0xf7, 0x0, 0x0, 0xfa, 0x66, 0x61, 0xff, 0xff,
    0xf4,

    /* U+0113 "ē" */
    0x1, 0xff, 0xf8, 0x0, 0x2, 0x22, 0x10, 0x2,
    0xcf, 0xe5, 0x0, 0xed, 0x48, 0xf2, 0x4f, 0x40,
    0xe, 0x75, 0xff, 0xff, 0xf8, 0x3f, 0x52, 0x22,
    0x10, 0xdd, 0x65, 0x73, 0x2, 0xaf, 0xfd, 0x30,

    /* U+0114 "Ĕ" */
    0x3c, 0x7, 0x80, 0xb, 0xfe, 0x20, 0x0, 0x10,
    0x0, 0xff, 0xff, 0xf4, 0xfa, 0x55, 0x51, 0xf7,
    0x0, 0x0, 0xf8, 0x11, 0x10, 0xff, 0xff, 0xf1,
    0xfa, 0x44, 0x40, 0xf7, 0x0, 0x0, 0xfa, 0x66,
    0x61, 0xff, 0xff, 0xf4,

    /* U+0115 "ĕ" */
    0x3, 0xc0, 0x69, 0x0, 0xb, 0xfe, 0x20, 0x0,
    0x1, 0x0, 0x0, 0x2c, 0xfe, 0x50, 0xe, 0xd4,
    0x8f, 0x24, 0xf4, 0x0, 0xe7, 0x5f, 0xff, 0xff,
    0x83, 0xf5, 0x22, 0x21, 0xd, 0xd6, 0x57, 0x30,
    0x2a, 0xff, 0xd3,

    /* U+0116 "Ė" */
    0x2, 0xe6, 0x0, 0x2, 0xf7, 0x0, 0x0, 0x0,
    0x0, 0xff, 0xff, 0xf4, 0xfa, 0x55, 0x51, 0xf7,
    0x0, 0x0, 0xf8, 0x11, 0x10, 0xff, 0xff, 0xf1,
    0xfa, 0x44, 0x40, 0xf7, 0x0, 0x0, 0xfa, 0x66,
    0x61, 0xff, 0xff, 0xf4,

    /* U+0117 "ė" */
    0x0, 0x2f, 0x70, 0x0, 0x1, 0xe6, 0x0, 0x0,
    0x0, 0x0, 0x0, 0x2c, 0xfe, 0x50, 0xe, 0xd4,
    0x8f, 0x24, 0xf4, 0x0, 0xe7, 0x5f, 0xff, 0xff,
    0x83, 0xf5, 0x22, 0x21, 0xd, 0xd6, 0x57, 0x30,
    0x2a, 0xff, 0xd3,

    /* U+0118 "Ę" */
    0xff, 0xff, 0xf4, 0xfa, 0x55, 0x51, 0xf7, 0x0,
    0x0, 0xf8, 0x11, 0x10, 0xff, 0xff, 0xf1, 0xfa,
    0x44, 0x40, 0xf7, 0x0, 0x0, 0xfa, 0x66, 0x61,
    0xff, 0xff, 0xf4, 0x0, 0xb, 0x40, 0x0, 0x2e,
    0x0, 0x0, 0xd, 0xe0,

    /* U+0119 "ę" */
    0x2, 0xcf, 0xe5, 0x0, 0xed, 0x48, 0xf2, 0x4f,
    0x40, 0xe, 0x75, 0xff, 0xff, 0xf8, 0x3f, 0x52,
    0x22, 0x10, 0xdd, 0x65, 0x73, 0x2, 0xaf, 0xff,
    0x30, 0x0, 0x9, 0x60, 0x0, 0x0, 0xf2, 0x0,
    0x0, 0x9, 0xf2,

    /* U+011A "Ě" */
    0x3d, 0x3b, 0x80, 0x6, 0xfb, 0x0, 0x0, 0x0,
    0x0, 0xff, 0xff, 0xf4, 0xfa, 0x55, 0x51, 0xf7,
    0x0, 0x0, 0xf8, 0x11, 0x10, 0xff, 0xff, 0xf1,
    0xfa, 0x44, 0x40, 0xf7, 0x0, 0x0, 0xfa, 0x66,
    0x61, 0xff, 0xff, 0xf4,

    /* U+011B "ě" */
    0x3, 0xd2, 0xa9, 0x0, 0x7, 0xfd, 0x0, 0x0,
    0x3, 0x10, 0x0, 0x2c, 0xfe, 0x50, 0xe, 0xd4,
    0x8f, 0x24, 0xf4, 0x0, 0xe7, 0x5f, 0xff, 0xff,
    0x83, 0xf5, 0x22, 0x21, 0xd, 0xd6, 0x57, 0x30,
    0x2a, 0xff, 0xd3,

    /* U+011C "Ĝ" */
    0x0, 0x3f, 0xe1, 0x0, 0x1d, 0x47, 0xb0, 0x0,
    0x0, 0x0, 0x0, 0x19, 0xef, 0xd3, 0xc, 0xf8,
    0x69, 0x13, 0xf6, 0x0, 0x0, 0x7f, 0x0, 0x11,
    0x8, 0xf0, 0x2f, 0xf8, 0x8f, 0x0, 0x4d, 0x84,
    0xf5, 0x0, 0xd8, 0xd, 0xe7, 0x6e, 0x80, 0x1a,
    0xff, 0xd5,

    /* U+011D "ĝ" */
    0x0, 0x7f, 0xa0, 0x0, 0x2e, 0x4d, 0x50, 0x2,
    0x20, 0x12, 0x0, 0x5e, 0xf7, 0xd7, 0x1f, 0xc5,
    0xaf, 0x75, 0xf3, 0x1, 0xf7, 0x7f, 0x10, 0xf,
    0x75, 0xf3, 0x0, 0xf7, 0x1f, 0xc5, 0xaf, 0x70,
    0x5e, 0xf8, 0xf7, 0x0, 0x0, 0x1f, 0x60, 0xa6,
    0x5b, 0xf2, 0xb, 0xff, 0xd4, 0x0,

    /* U+011E "Ğ" */
    0x0, 0xe1, 0x3c, 0x0, 0x7, 0xff, 0x40, 0x0,
    0x1, 0x0, 0x0, 0x19, 0xef, 0xd3, 0xc, 0xf8,
    0x69, 0x13, 0xf6, 0x0, 0x0, 0x7f, 0x0, 0x11,
    0x8, 0xf0, 0x2f, 0xf8, 0x8f, 0x0, 0x4d, 0x84,
    0xf5, 0x0, 0xd8, 0xd, 0xe7, 0x6e, 0x80, 0x1a,
    0xff, 0xd5,

    /* U+011F "ğ" */
    0x4, 0xb0, 0x87, 0x0, 0xc, 0xfd, 0x10, 0x0,
    0x1, 0x0, 0x0, 0x5e, 0xf7, 0xd7, 0x1f, 0xc5,
    0xaf, 0x75, 0xf3, 0x1, 0xf7, 0x7f, 0x10, 0xf,
    0x75, 0xf3, 0x0, 0xf7, 0x1f, 0xc5, 0xaf, 0x70,
    0x5e, 0xf8, 0xf7, 0x0, 0x0, 0x1f, 0x60, 0xa6,
    0x5b, 0xf2, 0xb, 0xff, 0xd4, 0x0,

    /* U+0120 "Ġ" */
    0x0, 0xd, 0xa0, 0x0, 0x0, 0xc9, 0x0, 0x0,
    0x0, 0x0, 0x0, 0x19, 0xef, 0xd3, 0xc, 0xf8,
    0x69, 0x13, 0xf6, 0x0, 0x0, 0x7f, 0x0, 0x11,
    0x8, 0xf0, 0x2f, 0xf8, 0x8f, 0x0, 0x4d, 0x84,
    0xf5, 0x0, 0xd8, 0xd, 0xe7, 0x6e, 0x80, 0x1a,
    0xff, 0xd5,

    /* U+0121 "ġ" */
    0x0, 0x3f, 0x60, 0x0, 0x3, 0xe5, 0x0, 0x0,
    0x0, 0x0, 0x0, 0x5e, 0xf7, 0xd7, 0x1f, 0xc5,
    0xaf, 0x75, 0xf3, 0x1, 0xf7, 0x7f, 0x10, 0xf,
    0x75, 0xf3, 0x0, 0xf7, 0x1f, 0xc5, 0xaf, 0x70,
    0x5e, 0xf8, 0xf7, 0x0, 0x0, 0x1f, 0x60, 0xa6,
    0x5b, 0xf2, 0xb, 0xff, 0xd4, 0x0,

    /* U+0122 "Ģ" */
    0x1, 0x9e, 0xfd, 0x30, 0xcf, 0x86, 0x91, 0x3f,
    0x60, 0x0, 0x7, 0xf0, 0x1, 0x10, 0x8f, 0x2,
    0xff, 0x88, 0xf0, 0x4, 0xd8, 0x4f, 0x50, 0xd,
    0x80, 0xde, 0x76, 0xe8, 0x1, 0xaf, 0xfd, 0x50,
    0x0, 0x0, 0x0, 0x0, 0xc, 0x80, 0x0, 0x0,
    0xe1, 0x0,

    /* U+0123 "ģ" */
    0x0, 0xa, 0x60, 0x0, 0x2, 0xf2, 0x0, 0x0,
    0x0, 0x0, 0x0, 0x5e, 0xf7, 0xd7, 0x1f, 0xc5,
    0xaf, 0x75, 0xf3, 0x1, 0xf7, 0x7f, 0x10, 0xf,
    0x75, 0xf3, 0x0, 0xf7, 0x1f, 0xc5, 0xaf, 0x70,
    0x5e, 0xf8, 0xf7, 0x0, 0x0, 0x1f, 0x60, 0xa6,
    0x5b, 0xf2, 0xb, 0xff, 0xd4, 0x0,

    /* U+0124 "Ĥ" */
    0x0, 0x7f, 0xa0, 0x0, 0x4d, 0x2b, 0x70, 0x0,
    0x0, 0x0, 0x5, 0xf2, 0x0, 0xf8, 0x5f, 0x20,
    0xf, 0x85, 0xf2, 0x0, 0xf8, 0x5f, 0x31, 0x1f,
    0x85, 0xff, 0xff, 0xf8, 0x5f, 0x64, 0x4f, 0x85,
    0xf2, 0x0, 0xf8, 0x5f, 0x20, 0xf, 0x85, 0xf2,
    0x0, 0xf8,

    /* U+0125 "ĥ" */
    0x3, 0x83, 0x0, 0x0, 0x1d, 0xae, 0x10, 0x0,
    0x45, 0x4, 0x40, 0x0, 0x3, 0xf4, 0x0, 0x0,
    0x3, 0xf4, 0x0, 0x0, 0x3, 0xf4, 0x0, 0x0,
    0x3, 0xf7, 0xef, 0xa0, 0x3, 0xfd, 0x59, 0xf5,
    0x3, 0xf6, 0x0, 0xf7, 0x3, 0xf4, 0x0, 0xf7,
    0x3, 0xf4, 0x0, 0xf7, 0x3, 0xf4, 0x0, 0xf7,
    0x3, 0xf4, 0x0, 0xf7,

    /* U+0126 "Ħ" */
    0x4f, 0x30, 0xf, 0x70, 0xff, 0xff, 0xff, 0xf3,
    0x5f, 0x52, 0x2f, 0x80, 0x4f, 0x41, 0x1f, 0x70,
    0x4f, 0xff, 0xff, 0x70, 0x4f, 0x74, 0x4f, 0x70,
    0x4f, 0x30, 0xf, 0x70, 0x4f, 0x30, 0xf, 0x70,
    0x4f, 0x30, 0xf, 0x70,

    /* U+0127 "ħ" */
    0x3f, 0x40, 0x0, 0xf, 0xff, 0xf2, 0x0, 0x5f,
    0x52, 0x0, 0x3, 0xf7, 0xef, 0xa0, 0x3f, 0xd5,
    0x9f, 0x53, 0xf6, 0x0, 0xf7, 0x3f, 0x40, 0xf,
    0x73, 0xf4, 0x0, 0xf7, 0x3f, 0x40, 0xf, 0x73,
    0xf4, 0x0, 0xf7,

    /* U+0128 "Ĩ" */
    0x2e, 0x91, 0xb0, 0x86, 0x9f, 0x60, 0x10, 0x1,
    0x0, 0xdf, 0xff, 0xf0, 0x15, 0xf7, 0x20, 0x2,
    0xf5, 0x0, 0x2, 0xf5, 0x0, 0x2, 0xf5, 0x0,
    0x2, 0xf5, 0x0, 0x2, 0xf5, 0x0, 0x15, 0xf7,
    0x20, 0xdf, 0xff, 0xf0,

    /* U+0129 "ĩ" */
    0x3, 0xe9, 0x2c, 0x0, 0x85, 0x8f, 0x60, 0x1,
    0x0, 0x0, 0x0, 0xef, 0xf8, 0x0, 0x2, 0x4f,
    0x80, 0x0, 0x0, 0xf8, 0x0, 0x0, 0xf, 0x80,
    0x0, 0x0, 0xf8, 0x0, 0x1, 0x4f, 0xa2, 0x3,
    0xff, 0xff, 0xf8,

    /* U+012A "Ī" */
    0x3f, 0xff, 0x60, 0x2, 0x22, 0x10, 0xdf, 0xff,
    0xf0, 0x15, 0xf7, 0x20, 0x2, 0xf5, 0x0, 0x2,
    0xf5, 0x0, 0x2, 0xf5, 0x0, 0x2, 0xf5, 0x0,
    0x2, 0xf5, 0x0, 0x15, 0xf7, 0x20, 0xdf, 0xff,
    0xf0,

    /* U+012B "ī" */
    0x3, 0xff, 0xf6, 0x0, 0x2, 0x22, 0x0, 0xe,
    0xff, 0x80, 0x0, 0x24, 0xf8, 0x0, 0x0, 0xf,
    0x80, 0x0, 0x0, 0xf8, 0x0, 0x0, 0xf, 0x80,
    0x0, 0x14, 0xfa, 0x20, 0x3f, 0xff, 0xff, 0x80,

    /* U+012C "Ĭ" */
    0x4b, 0x8, 0x70, 0xc, 0xfd, 0x10, 0x0, 0x10,
    0x0, 0xdf, 0xff, 0xf0, 0x15, 0xf7, 0x20, 0x2,
    0xf5, 0x0, 0x2, 0xf5, 0x0, 0x2, 0xf5, 0x0,
    0x2, 0xf5, 0x0, 0x2, 0xf5, 0x0, 0x15, 0xf7,
    0x20, 0xdf, 0xff, 0xf0,

    /* U+012D "ĭ" */
    0x4, 0xb0, 0x87, 0x0, 0xc, 0xfd, 0x10, 0x0,
    0x1, 0x0, 0x0, 0xef, 0xf8, 0x0, 0x2, 0x4f,
    0x80, 0x0, 0x0, 0xf8, 0x0, 0x0, 0xf, 0x80,
    0x0, 0x0, 0xf8, 0x0, 0x1, 0x4f, 0xa2, 0x3,
    0xff, 0xff, 0xf8,

    /* U+012E "Į" */
    0xdf, 0xff, 0xf0, 0x15, 0xf7, 0x20, 0x2, 0xf5,
    0x0, 0x2, 0xf5, 0x0, 0x2, 0xf5, 0x0, 0x2,
    0xf5, 0x0, 0x2, 0xf5, 0x0, 0x15, 0xf7, 0x20,
    0xdf, 0xff, 0xf0, 0x0, 0x3c, 0x0, 0x0, 0xa7,
    0x0, 0x0, 0x5f, 0x70,

    /* U+012F "į" */
    0x0, 0x1e, 0x80, 0x0, 0x1, 0xd7, 0x0, 0x0,
    0x0, 0x0, 0x0, 0xef, 0xf8, 0x0, 0x2, 0x4f,
    0x80, 0x0, 0x0, 0xf8, 0x0, 0x0, 0xf, 0x80,
    0x0, 0x0, 0xf8, 0x0, 0x1, 0x4f, 0xa2, 0x3,
    0xff, 0xff, 0xf8, 0x0, 0x0, 0xb4, 0x0, 0x0,
    0x2e, 0x0, 0x0, 0x0, 0xde, 0x0,

    /* U+0130 "İ" */
    0x3, 0xe5, 0x0, 0x3, 0xf6, 0x0, 0x0, 0x0,
    0x0, 0xdf, 0xff, 0xf0, 0x15, 0xf7, 0x20, 0x2,
    0xf5, 0x0, 0x2, 0xf5, 0x0, 0x2, 0xf5, 0x0,
    0x2, 0xf5, 0x0, 0x2, 0xf5, 0x0, 0x15, 0xf7,
    0x20, 0xdf, 0xff, 0xf0,

    /* U+0131 "ı" */
    0xe, 0xff, 0x80, 0x0, 0x24, 0xf8, 0x0, 0x0,
    0xf, 0x80, 0x0, 0x0, 0xf8, 0x0, 0x0, 0xf,
    0x80, 0x0, 0x14, 0xfa, 0x20, 0x3f, 0xff, 0xff,
    0x80,

    /* U+0132 "Ĳ" */
    0xe8, 0x5, 0xf1, 0xe8, 0x5, 0xf1, 0xe8, 0x5,
    0xf1, 0xe8, 0x5, 0xf1, 0xe8, 0x5, 0xf1, 0xe8,
    0x5, 0xf1, 0x53, 0x7, 0xf1, 0x86, 0x7e, 0xd0,
    0xbf, 0xfc, 0x20,

    /* U+0133 "ĳ" */
    0xcb, 0x8, 0xe1, 0xba, 0x7, 0xd1, 0x0, 0x0,
    0x0, 0xcb, 0x7, 0xf0, 0xcb, 0x7, 0xf0, 0xcb,
    0x7, 0xf0, 0xcb, 0x7, 0xf0, 0xcb, 0x7, 0xf0,
    0xcb, 0x7, 0xf0, 0xcb, 0x7, 0xf0, 0x0, 0x8,
    0xf0, 0x46, 0x6e, 0xc0, 0x6f, 0xfc, 0x30,

    /* U+0134 "Ĵ" */
    0x0, 0x2f, 0xf2, 0x0, 0xc, 0x66, 0xc0, 0x0,
    0x0, 0x0, 0x0, 0x0, 0xbc, 0x0, 0x0, 0xb,
    0xc0, 0x0, 0x0, 0xbc, 0x0, 0x0, 0xb, 0xc0,
    0x0, 0x0, 0xbc, 0x0, 0x0, 0xb, 0xc0, 0x0,
    0x0, 0xcb, 0x0, 0x86, 0x8f, 0x70, 0xc, 0xff,
    0xa0, 0x0,

    /* U+0135 "ĵ" */
    0x0, 0xe, 0xf2, 0x0, 0xa, 0x96, 0xd0, 0x0,
    0x20, 0x1, 0x0, 0x7f, 0xff, 0x0, 0x0, 0x3a,
    0xf0, 0x0, 0x0, 0x7f, 0x0, 0x0, 0x7, 0xf0,
    0x0, 0x0, 0x7f, 0x0, 0x0, 0x7, 0xf0, 0x0,
    0x0, 0x7f, 0x0, 0x0, 0x8, 0xf0, 0x3, 0x66,
    0xec, 0x0, 0x5e, 0xfc, 0x30, 0x0,

    /* U+0136 "Ķ" */
    0x5f, 0x20, 0x4f, 0x55, 0xf2, 0x1e, 0xa0, 0x5f,
    0x2a, 0xe1, 0x5, 0xf6, 0xf4, 0x0, 0x5f, 0xef,
    0x20, 0x5, 0xf9, 0xdb, 0x0, 0x5f, 0x25, 0xf4,
    0x5, 0xf2, 0xc, 0xd0, 0x5f, 0x20, 0x4f, 0x60,
    0x0, 0x0, 0x0, 0x0, 0x1f, 0x30, 0x0, 0x4,
    0xb0, 0x0,

    /* U+0137 "ķ" */
    0x1f, 0x60, 0x0, 0x1, 0xf6, 0x0, 0x0, 0x1f,
    0x60, 0x0, 0x1, 0xf6, 0x5, 0xf6, 0x1f, 0x63,
    0xf8, 0x1, 0xf7, 0xeb, 0x0, 0x1f, 0xef, 0xb0,
    0x1, 0xfb, 0x5f, 0x50, 0x1f, 0x60, 0xae, 0x11,
    0xf6, 0x1, 0xea, 0x0, 0x0, 0x0, 0x0, 0x0,
    0xd7, 0x0, 0x0, 0x1e, 0x0, 0x0,

    /* U+0138 "ĸ" */
    0x1f, 0x60, 0x5f, 0x61, 0xf6, 0x3f, 0x80, 0x1f,
    0x7e, 0xb0, 0x1, 0xfe, 0xfb, 0x0, 0x1f, 0xb5,
    0xf5, 0x1, 0xf6, 0xa, 0xe1, 0x1f, 0x60, 0x1e,
    0xa0,

    /* U+0139 "Ĺ" */
    0xd, 0xb0, 0x0, 0x8b, 0x0, 0x0, 0x0, 0x0,
    0x0, 0xdb, 0x0, 0x0, 0xdb, 0x0, 0x0, 0xdb,
    0x0, 0x0, 0xdb, 0x0, 0x0, 0xdb, 0x0, 0x0,
    0xdb, 0x0, 0x0, 0xdb, 0x0, 0x0, 0xdd, 0x66,
    0x61, 0xdf, 0xff, 0xf4,

    /* U+013A "ĺ" */
    0x0, 0x0, 0x74, 0x0, 0x0, 0x8d, 0x10, 0x0,
    0x7, 0x10, 0x0, 0xef, 0xf8, 0x0, 0x1, 0x4f,
    0x80, 0x0, 0x0, 0xf8, 0x0, 0x0, 0xf, 0x80,
    0x0, 0x0, 0xf8, 0x0, 0x0, 0xf, 0x80, 0x0,
    0x0, 0xf8, 0x0, 0x0, 0xf, 0x80, 0x0, 0x24,
    0xfa, 0x30, 0x3f, 0xff, 0xff, 0x80,

    /* U+013B "Ļ" */
    0xdb, 0x0, 0x0, 0xdb, 0x0, 0x0, 0xdb, 0x0,
    0x0, 0xdb, 0x0, 0x0, 0xdb, 0x0, 0x0, 0xdb,
    0x0, 0x0, 0xdb, 0x0, 0x0, 0xdd, 0x66, 0x61,
    0xdf, 0xff, 0xf4, 0x0, 0x0, 0x0, 0x0, 0xd7,
    0x0, 0x1, 0xe1, 0x0,

    /* U+013C "ļ" */
    0xe, 0xff, 0x80, 0x0, 0x14, 0xf8, 0x0, 0x0,
    0xf, 0x80, 0x0, 0x0, 0xf8, 0x0, 0x0, 0xf,
    0x80, 0x0, 0x0, 0xf8, 0x0, 0x0, 0xf, 0x80,
    0x0, 0x0, 0xf8, 0x0, 0x2, 0x4f, 0xa3, 0x3,
    0xff, 0xff, 0xf8, 0x0, 0x0, 0x0, 0x0, 0x0,
    0xf5, 0x0, 0x0, 0x3d, 0x0, 0x0,

    /* U+013D "Ľ" */
    0xdb, 0x4, 0xf1, 0xdb, 0x7, 0x90, 0xdb, 0x0,
    0x0, 0xdb, 0x0, 0x0, 0xdb, 0x0, 0x0, 0xdb,
    0x0, 0x0, 0xdb, 0x0, 0x0, 0xdd, 0x66, 0x61,
    0xdf, 0xff, 0xf4,

    /* U+013E "ľ" */
    0xe, 0xff, 0x87, 0xd0, 0x13, 0xf8, 0xa5, 0x0,
    0xf, 0x80, 0x0, 0x0, 0xf8, 0x0, 0x0, 0xf,
    0x80, 0x0, 0x0, 0xf8, 0x0, 0x0, 0xf, 0x80,
    0x0, 0x0, 0xf8, 0x0, 0x2, 0x4f, 0xb3, 0x3,
    0xff, 0xff, 0xf8,

    /* U+013F "Ŀ" */
    0xdb, 0x0, 0x0, 0xdb, 0x0, 0x0, 0xdb, 0x0,
    0x0, 0xdb, 0x5, 0xf3, 0xdb, 0x6, 0xf4, 0xdb,
    0x0, 0x0, 0xdb, 0x0, 0x0, 0xdd, 0x66, 0x61,
    0xdf, 0xff, 0xf4,

    /* U+0140 "ŀ" */
    0xe, 0xff, 0x80, 0x0, 0x0, 0x25, 0xf8, 0x0,
    0x0, 0x0, 0xf, 0x80, 0x0, 0x0, 0x0, 0xf8,
    0x0, 0x0, 0x0, 0xf, 0x80, 0x9e, 0x10, 0x0,
    0xf8, 0x9, 0xe1, 0x0, 0xf, 0x80, 0x0, 0x0,
    0x0, 0xf8, 0x0, 0x0, 0x1, 0x3f, 0xa2, 0x0,
    0x3, 0xff, 0xff, 0xf8, 0x0,

    /* U+0141 "Ł" */
    0x5, 0xf2, 0x0, 0x0, 0x5f, 0x20, 0x0, 0x5,
    0xf2, 0x0, 0x0, 0x5f, 0xb9, 0x0, 0x8, 0xfc,
    0x20, 0x4, 0xff, 0x20, 0x0, 0x6, 0xf2, 0x0,
    0x0, 0x5f, 0x86, 0x65, 0x5, 0xff, 0xff, 0xc0,

    /* U+0142 "ł" */
    0xe, 0xff, 0x80, 0x0, 0x14, 0xf8, 0x0, 0x0,
    0xf, 0x80, 0x0, 0x0, 0xf9, 0x40, 0x0, 0xf,
    0xfb, 0x0, 0x9, 0xfa, 0x0, 0x3, 0xcf, 0x80,
    0x0, 0x0, 0xf8, 0x0, 0x2, 0x4f, 0xa3, 0x3,
    0xff, 0xff, 0xf8,

    /* U+0143 "Ń" */
    0x0, 0x2, 0xf7, 0x0, 0x0, 0xc7, 0x0, 0x0,
    0x0, 0x0, 0x5, 0xfd, 0x0, 0xd8, 0x5f, 0xf2,
    0xd, 0x85, 0xeb, 0x80, 0xd8, 0x5f, 0x5e, 0xd,
    0x85, 0xf1, 0xf3, 0xd8, 0x5f, 0xa, 0x9c, 0x85,
    0xf0, 0x4e, 0xc8, 0x5f, 0x0, 0xef, 0x85, 0xf0,
    0x9, 0xf8,

    /* U+0144 "ń" */
    0x0, 0x2, 0xf8, 0x0, 0x0, 0xb9, 0x0, 0x0,
    0x2, 0x0, 0x3, 0xf6, 0xef, 0xa0, 0x3f, 0xd3,
    0x7f, 0x53, 0xf6, 0x0, 0xf7, 0x3f, 0x40, 0xf,
    0x73, 0xf4, 0x0, 0xf7, 0x3f, 0x40, 0xf, 0x73,
    0xf4, 0x0, 0xf7,

    /* U+0145 "Ņ" */
    0x5f, 0xd0, 0xd, 0x85, 0xff, 0x20, 0xd8, 0x5e,
    0xb8, 0xd, 0x85, 0xf5, 0xe0, 0xd8, 0x5f, 0x1f,
    0x3d, 0x85, 0xf0, 0xa9, 0xc8, 0x5f, 0x4, 0xec,
    0x85, 0xf0, 0xe, 0xf8, 0x5f, 0x0, 0x9f, 0x80,
    0x0, 0x0, 0x0, 0x0, 0x2f, 0x20, 0x0, 0x6,
    0xa0, 0x0,

    /* U+0146 "ņ" */
    0x3f, 0x6e, 0xfa, 0x3, 0xfd, 0x37, 0xf5, 0x3f,
    0x60, 0xf, 0x73, 0xf4, 0x0, 0xf7, 0x3f, 0x40,
    0xf, 0x73, 0xf4, 0x0, 0xf7, 0x3f, 0x40, 0xf,
    0x70, 0x0, 0x0, 0x0, 0x0, 0x1f, 0x20, 0x0,
    0x5, 0xa0, 0x0,

    /* U+0147 "Ň" */
    0x3, 0xd3, 0xb7, 0x0, 0x6, 0xfb, 0x0, 0x0,
    0x0, 0x0, 0x5, 0xfd, 0x0, 0xd8, 0x5f, 0xf2,
    0xd, 0x85, 0xeb, 0x80, 0xd8, 0x5f, 0x5e, 0xd,
    0x85, 0xf1, 0xf3, 0xd8, 0x5f, 0xa, 0x9c, 0x85,
    0xf0, 0x4e, 0xc8, 0x5f, 0x0, 0xef, 0x85, 0xf0,
    0x9, 0xf8,

    /* U+0148 "ň" */
    0x3, 0xd2, 0xa8, 0x0, 0x7, 0xfc, 0x0, 0x0,
    0x2, 0x10, 0x3, 0xf6, 0xef, 0xa0, 0x3f, 0xd3,
    0x7f, 0x53, 0xf6, 0x0, 0xf7, 0x3f, 0x40, 0xf,
    0x73, 0xf4, 0x0, 0xf7, 0x3f, 0x40, 0xf, 0x73,
    0xf4, 0x0, 0xf7,

    /* U+0149 "ŉ" */
    0x9, 0xf0, 0x0, 0x0, 0x0, 0xbb, 0x0, 0x0,
    0x0, 0xe, 0x7f, 0x6d, 0xfa, 0x0, 0x52, 0xff,
    0x69, 0xf5, 0x0, 0x1f, 0x80, 0xf, 0x70, 0x1,
    0xf6, 0x0, 0xf7, 0x0, 0x1f, 0x60, 0xf, 0x70,
    0x1, 0xf6, 0x0, 0xf7, 0x0, 0x1f, 0x60, 0xf,
    0x70,

    /* U+014A "Ŋ" */
    0x5f, 0xd0, 0xd, 0x85, 0xff, 0x20, 0xd8, 0x5e,
    0xb8, 0xd, 0x85, 0xf5, 0xe0, 0xd8, 0x5f, 0x1f,
    0x3d, 0x85, 0xf0, 0xa9, 0xc8, 0x5f, 0x4, 0xec,
    0x85, 0xf0, 0xe, 0xf8, 0x5f, 0x0, 0x9f, 0x90,
    0x0, 0x1, 0xe7, 0x0, 0xf, 0xfd, 0x10, 0x0,
    0x22, 0x0,

    /* U+014B "ŋ" */
    0x3f, 0x6e, 0xfa, 0x3, 0xfd, 0x37, 0xf5, 0x3f,
    0x60, 0xf, 0x73, 0xf4, 0x0, 0xf7, 0x3f, 0x40,
    0xf, 0x73, 0xf4, 0x0, 0xf8, 0x3f, 0x40, 0xf,
    0x80, 0x0, 0x0, 0xf7, 0x0, 0x2, 0x6f, 0x60,
    0x0, 0x6f, 0xc0,

    /* U+014C "Ō" */
    0x3, 0xff, 0xf6, 0x0, 0x2, 0x22, 0x10, 0x3,
    0xcf, 0xd5, 0x0, 0xed, 0x6b, 0xf2, 0x5f, 0x30,
    0xf, 0x88, 0xf0, 0x0, 0xdb, 0x8f, 0x0, 0xc,
    0xc8, 0xf0, 0x0, 0xcb, 0x5f, 0x30, 0xf, 0x80,
    0xed, 0x6b, 0xf2, 0x3, 0xcf, 0xd5, 0x0,

    /* U+014D "ō" */
    0x3, 0xff, 0xf6, 0x0, 0x2, 0x22, 0x0, 0x3,
    0xcf, 0xd5, 0x1, 0xec, 0x4a, 0xf3, 0x5f, 0x20,
    0xf, 0x87, 0xf1, 0x0, 0xea, 0x5f, 0x30, 0xf,
    0x81, 0xec, 0x4a, 0xf3, 0x3, 0xcf, 0xd5, 0x0,

    /* U+014E "Ŏ" */
    0x4, 0xb0, 0x87, 0x0, 0xc, 0xfd, 0x10, 0x0,
    0x1, 0x0, 0x0, 0x3c, 0xfd, 0x50, 0xe, 0xd6,
    0xbf, 0x25, 0xf3, 0x0, 0xf8, 0x8f, 0x0, 0xd,
    0xb8, 0xf0, 0x0, 0xcc, 0x8f, 0x0, 0xc, 0xb5,
    0xf3, 0x0, 0xf8, 0xe, 0xd6, 0xbf, 0x20, 0x3c,
    0xfd, 0x50,

    /* U+014F "ŏ" */
    0x4, 0xb0, 0x87, 0x0, 0xc, 0xfd, 0x10, 0x0,
    0x1, 0x0, 0x0, 0x3c, 0xfd, 0x50, 0x1e, 0xc4,
    0xaf, 0x35, 0xf2, 0x0, 0xf8, 0x7f, 0x10, 0xe,
    0xa5, 0xf3, 0x0, 0xf8, 0x1e, 0xc4, 0xaf, 0x30,
    0x3c, 0xfd, 0x50,

    /* U+0150 "Ő" */
    0x0, 0xbb, 0x8d, 0x0, 0x4c, 0x3d, 0x10, 0x0,
    0x0, 0x0, 0x0, 0x3c, 0xfd, 0x50, 0xe, 0xd6,
    0xbf, 0x25, 0xf3, 0x0, 0xf8, 0x8f, 0x0, 0xd,
    0xb8, 0xf0, 0x0, 0xcc, 0x8f, 0x0, 0xc, 0xb5,
    0xf3, 0x0, 0xf8, 0xe, 0xd6, 0xbf, 0x20, 0x3c,
    0xfd, 0x50,

    /* U+0151 "ő" */
    0x0, 0xbb, 0x8d, 0x0, 0x3c, 0x3d, 0x10, 0x0,
    0x0, 0x0, 0x0, 0x3c, 0xfd, 0x50, 0x1e, 0xc4,
    0xaf, 0x35, 0xf2, 0x0, 0xf8, 0x7f, 0x10, 0xe,
    0xa5, 0xf3, 0x0, 0xf8, 0x1e, 0xc4, 0xaf, 0x30,
    0x3c, 0xfd, 0x50,

    /* U+0152 "Œ" */
    0x5, 0xef, 0xff, 0xe1, 0xfc, 0xaf, 0x87, 0x6f,
    0x14, 0xf1, 0x8, 0xf0, 0x4f, 0x20, 0x9e, 0x4,
    0xff, 0xb8, 0xe0, 0x4f, 0x53, 0x6f, 0x14, 0xf1,
    0x2, 0xfc, 0xaf, 0x87, 0x6, 0xef, 0xff, 0xe0,

    /* U+0153 "œ" */
    0x1c, 0xf6, 0xbf, 0x40, 0x7c, 0x5f, 0xc7, 0xc0,
    0xb8, 0xe, 0x72, 0xf0, 0xc7, 0xd, 0xfe, 0xf0,
    0xb8, 0xe, 0x71, 0x10, 0x7c, 0x3f, 0xc2, 0x40,
    0xc, 0xf6, 0xbf, 0xa0,

    /* U+0154 "Ŕ" */
    0x0, 0x2e, 0x60, 0x0, 0xc9, 0x0, 0x0, 0x20,
    0x0, 0xff, 0xfd, 0x50, 0xfa, 0x6c, 0xf1, 0xf8,
    0x3, 0xf4, 0xf8, 0x19, 0xf1, 0xff, 0xff, 0x60,
    0xfa, 0x8f, 0x20, 0xf8, 0xe, 0xa0, 0xf8, 0x6,
    0xf2, 0xf8, 0x0, 0xeb,

    /* U+0155 "ŕ" */
    0x0, 0x0, 0xcc, 0x0, 0x0, 0x6d, 0x10, 0x0,
    0x1, 0x0, 0x2, 0xff, 0xa8, 0xfc, 0x3, 0xbf,
    0xc6, 0x40, 0x9, 0xf1, 0x0, 0x0, 0x9e, 0x0,
    0x0, 0x9, 0xe0, 0x0, 0x3, 0xbe, 0x30, 0x6,
    0xff, 0xff, 0xa0,

    /* U+0156 "Ŗ" */
    0xff, 0xfd, 0x50, 0xfa, 0x6c, 0xf1, 0xf8, 0x3,
    0xf4, 0xf8, 0x19, 0xf1, 0xff, 0xff, 0x60, 0xfa,
    0x8f, 0x20, 0xf8, 0xe, 0xa0, 0xf8, 0x6, 0xf2,
    0xf8, 0x0, 0xeb, 0x0, 0x0, 0x0, 0x0, 0xd7,
    0x0, 0x1, 0xe0, 0x0,

    /* U+0157 "ŗ" */
    0x2f, 0xfa, 0x8f, 0xc0, 0x3b, 0xfc, 0x64, 0x0,
    0x9f, 0x10, 0x0, 0x9, 0xe0, 0x0, 0x0, 0x9e,
    0x0, 0x0, 0x3b, 0xe3, 0x0, 0x6f, 0xff, 0xfa,
    0x0, 0x0, 0x0, 0x0, 0x0, 0x9b, 0x0, 0x0,
    0xd, 0x30, 0x0,

    /* U+0158 "Ř" */
    0x4b, 0x1a, 0x60, 0x9, 0xfc, 0x0, 0x0, 0x21,
    0x0, 0xff, 0xfd, 0x50, 0xfa, 0x6c, 0xf1, 0xf8,
    0x3, 0xf4, 0xf8, 0x19, 0xf1, 0xff, 0xff, 0x60,
    0xfa, 0x8f, 0x20, 0xf8, 0xe, 0xa0, 0xf8, 0x6,
    0xf2, 0xf8, 0x0, 0xeb,

    /* U+0159 "ř" */
    0x0, 0xc5, 0x6d, 0x0, 0x2, 0xff, 0x20, 0x0,
    0x1, 0x10, 0x2, 0xff, 0xa8, 0xfc, 0x3, 0xbf,
    0xc6, 0x40, 0x9, 0xf1, 0x0, 0x0, 0x9e, 0x0,
    0x0, 0x9, 0xe0, 0x0, 0x3, 0xbe, 0x30, 0x6,
    0xff, 0xff, 0xa0,

    /* U+015A "Ś" */
    0x0, 0x1, 0xf9, 0x0, 0x0, 0xa9, 0x0, 0x0,
    0x0, 0x0, 0x0, 0x2c, 0xff, 0xb1, 0xc, 0xe6,
    0x6a, 0x0, 0xea, 0x0, 0x0, 0x9, 0xf6, 0x0,
    0x0, 0x8, 0xfe, 0x50, 0x0, 0x1, 0xaf, 0x30,
    0x0, 0x1, 0xf7, 0x1a, 0x65, 0xaf, 0x30, 0xbf,
    0xfd, 0x60,

    /* U+015B "ś" */
    0x0, 0x2f, 0x80, 0x0, 0xba, 0x0, 0x0, 0x30,
    0x0, 0x4d, 0xff, 0xb0, 0xcd, 0x56, 0x70, 0xbe,
    0x50, 0x0, 0x1a, 0xfe, 0x50, 0x0, 0x1b, 0xf0,
    0xa6, 0x4b, 0xf1, 0xbf, 0xfe, 0x60,

    /* U+015C "Ŝ" */
    0x0, 0x4f, 0xd0, 0x0, 0x1d, 0x39, 0xa0, 0x0,
    0x0, 0x0, 0x0, 0x2c, 0xff, 0xb1, 0xc, 0xe6,
    0x6a, 0x0, 0xea, 0x0, 0x0, 0x9, 0xf6, 0x0,
    0x0, 0x8, 0xfe, 0x50, 0x0, 0x1, 0xaf, 0x30,
    0x0, 0x1, 0xf7, 0x1a, 0x65, 0xaf, 0x30, 0xbf,
    0xfd, 0x60,

    /* U+015D "ŝ" */
    0x6, 0xfb, 0x0, 0x2e, 0x4d, 0x60, 0x12, 0x1,
    0x20, 0x4d, 0xff, 0xb0, 0xcd, 0x56, 0x70, 0xbe,
    0x50, 0x0, 0x1a, 0xfe, 0x50, 0x0, 0x1b, 0xf0,
    0xa6, 0x4b, 0xf1, 0xbf, 0xfe, 0x60,

    /* U+015E "Ş" */
    0x2, 0xcf, 0xfb, 0x10, 0xce, 0x66, 0xa0, 0xe,
    0xa0, 0x0, 0x0, 0x9f, 0x60, 0x0, 0x0, 0x8f,
    0xe5, 0x0, 0x0, 0x1a, 0xf3, 0x0, 0x0, 0x1f,
    0x71, 0xa6, 0x5a, 0xf3, 0xb, 0xff, 0xd6, 0x0,
    0x1, 0xe3, 0x0, 0x0, 0x6, 0xc0, 0x0, 0x8,
    0xe7, 0x0,

    /* U+015F "ş" */
    0x4d, 0xff, 0xb0, 0xcd, 0x56, 0x70, 0xbe, 0x50,
    0x0, 0x1a, 0xfe, 0x50, 0x0, 0x1b, 0xf0, 0xa6,
    0x4b, 0xf1, 0xbf, 0xfe, 0x60, 0x0, 0xe3, 0x0,
    0x0, 0x5d, 0x0, 0x7, 0xe8, 0x0,

    /* U+0160 "Š" */
    0x1, 0xd4, 0x9a, 0x0, 0x4, 0xfd, 0x0, 0x0,
    0x0, 0x0, 0x0, 0x2c, 0xff, 0xb1, 0xc, 0xe6,
    0x6a, 0x0, 0xea, 0x0, 0x0, 0x9, 0xf6, 0x0,
    0x0, 0x8, 0xfe, 0x50, 0x0, 0x1, 0xaf, 0x30,
    0x0, 0x1, 0xf7, 0x1a, 0x65, 0xaf, 0x30, 0xbf,
    0xfd, 0x60,

    /* U+0161 "š" */
    0x3d, 0x2a, 0x80, 0x8, 0xfd, 0x0, 0x0, 0x31,
    0x0, 0x4d, 0xff, 0xb0, 0xcd, 0x56, 0x70, 0xbe,
    0x50, 0x0, 0x1a, 0xfe, 0x50, 0x0, 0x1b, 0xf0,
    0xa6, 0x4b, 0xf1, 0xbf, 0xfe, 0x60,

    /* U+0162 "Ţ" */
    0x9f, 0xff, 0xff, 0xc3, 0x57, 0xf9, 0x54, 0x0,
    0x2f, 0x50, 0x0, 0x2, 0xf5, 0x0, 0x0, 0x2f,
    0x50, 0x0, 0x2, 0xf5, 0x0, 0x0, 0x2f, 0x50,
    0x0, 0x2, 0xf5, 0x0, 0x0, 0x2f, 0x50, 0x0,
    0x0, 0xe2, 0x0, 0x0, 0x6, 0xc0, 0x0, 0x8,
    0xe7, 0x0,

    /* U+0163 "ţ" */
    0x0, 0x35, 0x0, 0x0, 0x9, 0xb0, 0x0, 0x4d,
    0xff, 0xff, 0x31, 0x5d, 0xd5, 0x51, 0x0, 0xcb,
    0x0, 0x0, 0xc, 0xb0, 0x0, 0x0, 0xbc, 0x0,
    0x0, 0xa, 0xf6, 0x52, 0x0, 0x2c, 0xfe, 0x40,
    0x0, 0x3d, 0x20, 0x0, 0x0, 0x89, 0x0, 0x0,
    0xbe, 0x50,

    /* U+0164 "Ť" */
    0x3, 0xd3, 0xc7, 0x0, 0x7, 0xfa, 0x0, 0x0,
    0x0, 0x0, 0x9, 0xff, 0xff, 0xfc, 0x35, 0x7f,
    0x95, 0x40, 0x2, 0xf5, 0x0, 0x0, 0x2f, 0x50,
    0x0, 0x2, 0xf5, 0x0, 0x0, 0x2f, 0x50, 0x0,
    0x2, 0xf5, 0x0, 0x0, 0x2f, 0x50, 0x0, 0x2,
    0xf5, 0x0,

    /* U+0165 "ť" */
    0x0, 0x0, 0xd, 0x70, 0x6, 0xa1, 0xe0, 0x0,
    0x9b, 0x0, 0x4, 0xdf, 0xff, 0xf3, 0x15, 0xdd,
    0x55, 0x10, 0xc, 0xb0, 0x0, 0x0, 0xcb, 0x0,
    0x0, 0xb, 0xc0, 0x0, 0x0, 0xaf, 0x65, 0x20,
    0x2, 0xcf, 0xe4,

    /* U+0166 "Ŧ" */
    0x9f, 0xff, 0xff, 0xc3, 0x57, 0xf9, 0x54, 0x0,
    0x2f, 0x50, 0x0, 0x3, 0xf6, 0x0, 0xb, 0xff,
    0xff, 0x0, 0x25, 0xf8, 0x30, 0x0, 0x2f, 0x50,
    0x0, 0x2, 0xf5, 0x0, 0x0, 0x2f, 0x50, 0x0,

    /* U+0167 "ŧ" */
    0x0, 0x7b, 0x0, 0x0, 0x9, 0xb0, 0x0, 0x4e,
    0xff, 0xff, 0x31, 0x5d, 0xd5, 0x51, 0x5f, 0xff,
    0xff, 0x40, 0x2c, 0xc2, 0x20, 0x0, 0xbc, 0x0,
    0x0, 0xa, 0xf6, 0x52, 0x0, 0x2c, 0xfe, 0x40,

    /* U+0168 "Ũ" */
    0x2, 0xe9, 0x1b, 0x0, 0x86, 0x9f, 0x60, 0x1,
    0x0, 0x10, 0x5, 0xf2, 0x0, 0xf8, 0x5f, 0x20,
    0xf, 0x85, 0xf2, 0x0, 0xf8, 0x5f, 0x20, 0xf,
    0x85, 0xf2, 0x0, 0xf8, 0x5f, 0x20, 0xf, 0x84,
    0xf4, 0x1, 0xf7, 0x1f, 0xc6, 0xbf, 0x30, 0x4d,
    0xfe, 0x60,

    /* U+0169 "ũ" */
    0x3, 0xe9, 0x2c, 0x0, 0x85, 0x8f, 0x60, 0x1,
    0x0, 0x0, 0x4, 0xf3, 0x1, 0xf7, 0x4f, 0x30,
    0x1f, 0x74, 0xf3, 0x1, 0xf7, 0x4f, 0x30, 0x1f,
    0x74, 0xf3, 0x3, 0xf7, 0x2f, 0xb5, 0xbf, 0x70,
    0x8f, 0xe7, 0xd7,

    /* U+016A "Ū" */
    0x3, 0xff, 0xf6, 0x0, 0x2, 0x22, 0x10, 0x5f,
    0x20, 0xf, 0x85, 0xf2, 0x0, 0xf8, 0x5f, 0x20,
    0xf, 0x85, 0xf2, 0x0, 0xf8, 0x5f, 0x20, 0xf,
    0x85, 0xf2, 0x0, 0xf8, 0x4f, 0x40, 0x1f, 0x71,
    0xfc, 0x6b, 0xf3, 0x4, 0xdf, 0xe6, 0x0,

    /* U+016B "ū" */
    0x3, 0xff, 0xf6, 0x0, 0x2, 0x22, 0x0, 0x4f,
    0x30, 0x1f, 0x74, 0xf3, 0x1, 0xf7, 0x4f, 0x30,
    0x1f, 0x74, 0xf3, 0x1, 0xf7, 0x4f, 0x30, 0x3f,
    0x72, 0xfb, 0x5b, 0xf7, 0x8, 0xfe, 0x7d, 0x70,

    /* U+016C "Ŭ" */
    0x4, 0xb0, 0x87, 0x0, 0xc, 0xfd, 0x10, 0x0,
    0x1, 0x0, 0x5, 0xf2, 0x0, 0xf8, 0x5f, 0x20,
    0xf, 0x85, 0xf2, 0x0, 0xf8, 0x5f, 0x20, 0xf,
    0x85, 0xf2, 0x0, 0xf8, 0x5f, 0x20, 0xf, 0x84,
    0xf4, 0x1, 0xf7, 0x1f, 0xc6, 0xbf, 0x30, 0x4d,
    0xfe, 0x60,

    /* U+016D "ŭ" */
    0x4, 0xb0, 0x87, 0x0, 0xc, 0xfd, 0x10, 0x0,
    0x1, 0x0, 0x4, 0xf3, 0x1, 0xf7, 0x4f, 0x30,
    0x1f, 0x74, 0xf3, 0x1, 0xf7, 0x4f, 0x30, 0x1f,
    0x74, 0xf3, 0x3, 0xf7, 0x2f, 0xb5, 0xbf, 0x70,
    0x8f, 0xe7, 0xd7,

    /* U+016E "Ů" */
    0x0, 0x5d, 0x80, 0x0, 0xc, 0x1d, 0x0, 0x0,
    0x5d, 0x80, 0x0, 0x0, 0x0, 0x0, 0x5f, 0x20,
    0xf, 0x85, 0xf2, 0x0, 0xf8, 0x5f, 0x20, 0xf,
    0x85, 0xf2, 0x0, 0xf8, 0x5f, 0x20, 0xf, 0x85,
    0xf2, 0x0, 0xf8, 0x4f, 0x40, 0x1f, 0x71, 0xfc,
    0x6b, 0xf3, 0x4, 0xdf, 0xe6, 0x0,

    /* U+016F "ů" */
    0x0, 0x5d, 0x80, 0x0, 0xc, 0x1d, 0x0, 0x0,
    0x5d, 0x80, 0x0, 0x0, 0x0, 0x0, 0x4f, 0x30,
    0x1f, 0x74, 0xf3, 0x1, 0xf7, 0x4f, 0x30, 0x1f,
    0x74, 0xf3, 0x1, 0xf7, 0x4f, 0x30, 0x3f, 0x72,
    0xfb, 0x5b, 0xf7, 0x8, 0xfe, 0x7d, 0x70,

    /* U+0170 "Ű" */
    0x0, 0xbb, 0x8d, 0x0, 0x4c, 0x3d, 0x10, 0x0,
    0x0, 0x0, 0x5, 0xf2, 0x0, 0xf8, 0x5f, 0x20,
    0xf, 0x85, 0xf2, 0x0, 0xf8, 0x5f, 0x20, 0xf,
    0x85, 0xf2, 0x0, 0xf8, 0x5f, 0x20, 0xf, 0x84,
    0xf4, 0x1, 0xf7, 0x1f, 0xc6, 0xbf, 0x30, 0x4d,
    0xfe, 0x60,

    /* U+0171 "ű" */
    0x0, 0xbb, 0x8d, 0x0, 0x3c, 0x3d, 0x10, 0x0,
    0x0, 0x0, 0x4, 0xf3, 0x1, 0xf7, 0x4f, 0x30,
    0x1f, 0x74, 0xf3, 0x1, 0xf7, 0x4f, 0x30, 0x1f,
    0x74, 0xf3, 0x3, 0xf7, 0x2f, 0xb5, 0xbf, 0x70,
    0x8f, 0xe7, 0xd7,

    /* U+0172 "Ų" */
    0x5f, 0x20, 0xf, 0x85, 0xf2, 0x0, 0xf8, 0x5f,
    0x20, 0xf, 0x85, 0xf2, 0x0, 0xf8, 0x5f, 0x20,
    0xf, 0x85, 0xf2, 0x0, 0xf8, 0x4f, 0x40, 0x1f,
    0x71, 0xfc, 0x6b, 0xf3, 0x4, 0xdf, 0xf6, 0x0,
    0x0, 0xd3, 0x0, 0x0, 0x5d, 0x0, 0x0, 0x1,
    0xeb, 0x0,

    /* U+0173 "ų" */
    0x4f, 0x30, 0x1f, 0x74, 0xf3, 0x1, 0xf7, 0x4f,
    0x30, 0x1f, 0x74, 0xf3, 0x1, 0xf7, 0x4f, 0x30,
    0x3f, 0x72, 0xfb, 0x5b, 0xf7, 0x8, 0xfe, 0x7d,
    0x70, 0x0, 0x3, 0xc0, 0x0, 0x0, 0x98, 0x0,
    0x0, 0x5, 0xf8,

    /* U+0174 "Ŵ" */
    0x0, 0x7f, 0xa0, 0x0, 0x4, 0xd2, 0xb7, 0x0,
    0x0, 0x0, 0x0, 0x0, 0xc8, 0x0, 0x5, 0xf0,
    0xba, 0x0, 0x6, 0xe0, 0x9b, 0x2f, 0x67, 0xd0,
    0x8c, 0x5f, 0x98, 0xb0, 0x6d, 0x8b, 0xc9, 0xa0,
    0x5e, 0xb6, 0xea, 0x90, 0x4e, 0xd2, 0xec, 0x80,
    0x2f, 0xf0, 0xbf, 0x60, 0x1f, 0xc0, 0x8f, 0x50,

    /* U+0175 "ŵ" */
    0x0, 0x7f, 0xa0, 0x0, 0x2, 0xe3, 0xc6, 0x0,
    0x1, 0x10, 0x1, 0x0, 0xd8, 0x0, 0x4, 0xf0,
    0xb9, 0x2d, 0x56, 0xe0, 0x9b, 0x5f, 0x97, 0xc0,
    0x6d, 0x9a, 0xc9, 0xa0, 0x4e, 0xc4, 0xfb, 0x70,
    0x2f, 0xf0, 0xdf, 0x50, 0xf, 0xd0, 0xaf, 0x30,

    /* U+0176 "Ŷ" */
    0x0, 0x6e, 0x80, 0x0, 0x2e, 0x4d, 0x50, 0x1,
    0x10, 0x2, 0x7, 0xf1, 0x0, 0xea, 0xf, 0x80,
    0x4f, 0x30, 0x8e, 0xb, 0xb0, 0x1, 0xf8, 0xf4,
    0x0, 0x9, 0xfd, 0x0, 0x0, 0x3f, 0x60, 0x0,
    0x2, 0xf5, 0x0, 0x0, 0x2f, 0x50, 0x0, 0x2,
    0xf5, 0x0,

    /* U+0177 "ŷ" */
    0x0, 0x7f, 0xa0, 0x0, 0x3e, 0x3d, 0x50, 0x1,
    0x10, 0x1, 0x7, 0xf1, 0x0, 0xea, 0x1f, 0x70,
    0x3f, 0x50, 0xbc, 0x7, 0xf0, 0x5, 0xf2, 0xca,
    0x0, 0xe, 0x8f, 0x40, 0x0, 0x8f, 0xe0, 0x0,
    0x2, 0xf9, 0x0, 0x0, 0x3f, 0x30, 0x1, 0x5d,
    0xc0, 0x0, 0x4f, 0xd2, 0x0, 0x0,

    /* U+0178 "Ÿ" */
    0x4, 0x80, 0x66, 0x0, 0x7d, 0xa, 0xa0, 0x0,
    0x0, 0x0, 0x7, 0xf1, 0x0, 0xea, 0xf, 0x80,
    0x4f, 0x30, 0x8e, 0xb, 0xb0, 0x1, 0xf8, 0xf4,
    0x0, 0x9, 0xfd, 0x0, 0x0, 0x3f, 0x60, 0x0,
    0x2, 0xf5, 0x0, 0x0, 0x2f, 0x50, 0x0, 0x2,
    0xf5, 0x0,

    /* U+0179 "Ź" */
    0x0, 0x1f, 0x80, 0x0, 0xb8, 0x0, 0x0, 0x0,
    0x0, 0xbf, 0xff, 0xf3, 0x35, 0x5b, 0xf1, 0x0,
    0x1f, 0x70, 0x0, 0x9e, 0x0, 0x2, 0xf5, 0x0,
    0xa, 0xd0, 0x0, 0x3f, 0x40, 0x0, 0xce, 0x66,
    0x61, 0xff, 0xff, 0xf4,

    /* U+017A "ź" */
    0x0, 0x1, 0xf8, 0x0, 0x0, 0xaa, 0x0, 0x0,
    0x2, 0x0, 0x0, 0xef, 0xff, 0xf3, 0x3, 0x34,
    0xed, 0x0, 0x0, 0x8f, 0x30, 0x0, 0x4f, 0x60,
    0x0, 0x1e, 0xa0, 0x0, 0xb, 0xf5, 0x44, 0x11,
    0xff, 0xff, 0xf5,

    /* U+017B "Ż" */
    0x1, 0xd7, 0x0, 0x1, 0xe8, 0x0, 0x0, 0x0,
    0x0, 0xbf, 0xff, 0xf3, 0x35, 0x5b, 0xf1, 0x0,
    0x1f, 0x70, 0x0, 0x9e, 0x0, 0x2, 0xf5, 0x0,
    0xa, 0xd0, 0x0, 0x3f, 0x40, 0x0, 0xce, 0x66,
    0x61, 0xff, 0xff, 0xf4,

    /* U+017C "ż" */
    0x0, 0x2e, 0x70, 0x0, 0x1, 0xd6, 0x0, 0x0,
    0x0, 0x0, 0x0, 0xef, 0xff, 0xf3, 0x3, 0x34,
    0xed, 0x0, 0x0, 0x8f, 0x30, 0x0, 0x4f, 0x60,
    0x0, 0x1e, 0xa0, 0x0, 0xb, 0xf5, 0x44, 0x11,
    0xff, 0xff, 0xf5,

    /* U+017D "Ž" */
    0x2d, 0x3a, 0x90, 0x5, 0xfc, 0x0, 0x0, 0x0,
    0x0, 0xbf, 0xff, 0xf3, 0x35, 0x5b, 0xf1, 0x0,
    0x1f, 0x70, 0x0, 0x9e, 0x0, 0x2, 0xf5, 0x0,
    0xa, 0xd0, 0x0, 0x3f, 0x40, 0x0, 0xce, 0x66,
    0x61, 0xff, 0xff, 0xf4,

    /* U+017E "ž" */
    0x2, 0xd2, 0xa9, 0x0, 0x6, 0xfd, 0x0, 0x0,
    0x2, 0x10, 0x0, 0xef, 0xff, 0xf3, 0x3, 0x34,
    0xed, 0x0, 0x0, 0x8f, 0x30, 0x0, 0x4f, 0x60,
    0x0, 0x1e, 0xa0, 0x0, 0xb, 0xf5, 0x44, 0x11,
    0xff, 0xff, 0xf5,

    /* U+017F "ſ" */
    0xb, 0xff, 0x36, 0xf7, 0x60, 0x8f, 0x0, 0x8,
    0xf0, 0x0, 0x8f, 0x0, 0x8, 0xf0, 0x0, 0x8f,
    0x0, 0x8, 0xf0, 0x0, 0x8f, 0x0, 0x8, 0xf0,
    0x0,

    /* U+0180 "ƀ" */
    0x3f, 0x30, 0x0, 0xf, 0xff, 0xf7, 0x0, 0x5f,
    0x52, 0x0, 0x3, 0xf8, 0xef, 0x80, 0x3f, 0xd5,
    0x9f, 0x43, 0xf5, 0x0, 0xf8, 0x3f, 0x30, 0xd,
    0xa3, 0xf5, 0x0, 0xf8, 0x3f, 0xd5, 0xaf, 0x43,
    0xf6, 0xef, 0x80,

    /* U+0181 "Ɓ" */
    0x5f, 0xff, 0xfa, 0x1d, 0xaf, 0x87, 0xf8, 0xb5,
    0xf5, 0xe, 0xa0, 0x1f, 0x63, 0xf6, 0x1, 0xff,
    0xfc, 0x0, 0x1f, 0x85, 0xf9, 0x1, 0xf5, 0xb,
    0xd0, 0x1f, 0x86, 0xfa, 0x1, 0xff, 0xfb, 0x10,

    /* U+0182 "Ƃ" */
    0x1f, 0xff, 0xff, 0x1, 0xf9, 0x55, 0x50, 0x1f,
    0x60, 0x0, 0x1, 0xf7, 0x0, 0x0, 0x1f, 0xff,
    0xf9, 0x1, 0xf8, 0x48, 0xf6, 0x1f, 0x60, 0xf,
    0x81, 0xf9, 0x59, 0xf5, 0x1f, 0xff, 0xe8, 0x0,

    /* U+0183 "ƃ" */
    0x3f, 0xff, 0xff, 0x3, 0xf6, 0x44, 0x40, 0x3f,
    0x30, 0x0, 0x3, 0xf8, 0xef, 0x80, 0x3f, 0xd5,
    0x9f, 0x43, 0xf5, 0x0, 0xf8, 0x3f, 0x30, 0xd,
    0xa3, 0xf5, 0x0, 0xf8, 0x3f, 0xd5, 0xaf, 0x43,
    0xf6, 0xef, 0x80,

    /* U+0184 "Ƅ" */
    0xf8, 0x0, 0x0, 0xf8, 0x0, 0x0, 0xf8, 0x0,
    0x0, 0xff, 0xff, 0x90, 0xfa, 0x37, 0xf6, 0xf8,
    0x0, 0xe9, 0xf9, 0x0, 0xe9, 0xcf, 0x69, 0xf4,
    0x2c, 0xfe, 0x70,

    /* U+0185 "ƅ" */
    0x3f, 0x30, 0x0, 0x3, 0xf3, 0x0, 0x0, 0x3f,
    0x30, 0x0, 0x3, 0xf8, 0xef, 0x80, 0x3f, 0xd5,
    0xaf, 0x43, 0xf5, 0x0, 0xf8, 0x3f, 0x30, 0xe,
    0xa2, 0xf5, 0x0, 0xf8, 0xc, 0xd5, 0x9f, 0x30,
    0x2c, 0xfe, 0x60,

    /* U+0186 "Ɔ" */
    0x3d, 0xfe, 0x80, 0x1, 0x96, 0x8f, 0xb0, 0x0,
    0x0, 0x6f, 0x30, 0x0, 0x1, 0xf7, 0x0, 0x0,
    0xf, 0x80, 0x0, 0x0, 0xf7, 0x0, 0x0, 0x5f,
    0x41, 0xa6, 0x8f, 0xd0, 0x1c, 0xff, 0xa1, 0x0,

    /* U+0187 "Ƈ" */
    0x0, 0x0, 0x0, 0x0, 0x0, 0x0, 0x2, 0xed,
    0x0, 0x0, 0x8, 0xd4, 0x0, 0x7d, 0xff, 0x90,
    0x7, 0xfa, 0x68, 0x30, 0xf, 0x90, 0x0, 0x0,
    0x3f, 0x40, 0x0, 0x0, 0x5f, 0x30, 0x0, 0x0,
    0x4f, 0x40, 0x0, 0x0, 0x1f, 0x80, 0x0, 0x0,
    0xa, 0xf9, 0x68, 0x40, 0x0, 0x9e, 0xfd, 0x30,

    /* U+0188 "ƈ" */
    0x0, 0x0, 0x8, 0xf5, 0x0, 0x0, 0xf, 0x82,
    0x0, 0x0, 0x1f, 0x20, 0x1, 0xaf, 0xff, 0x10,
    0xa, 0xf7, 0x67, 0x0, 0xf, 0x90, 0x0, 0x0,
    0x1f, 0x70, 0x0, 0x0, 0xf, 0x90, 0x0, 0x0,
    0xb, 0xf7, 0x69, 0x0, 0x1, 0xaf, 0xfc, 0x0,

    /* U+0189 "Ɖ" */
    0x4f, 0xff, 0xc3, 0x4, 0xf7, 0x6d, 0xf2, 0x4f,
    0x20, 0x1f, 0x85, 0xf3, 0x0, 0xcc, 0xff, 0xf8,
    0xb, 0xc7, 0xf6, 0x20, 0xcb, 0x4f, 0x20, 0x2f,
    0x74, 0xf7, 0x6d, 0xe1, 0x4f, 0xff, 0xb2, 0x0,

    /* U+018A "Ɗ" */
    0x6f, 0xff, 0xe7, 0xd, 0xaf, 0x99, 0xf5, 0x84,
    0xf6, 0xe, 0xa0, 0x1f, 0x60, 0xbc, 0x1, 0xf6,
    0xa, 0xd0, 0x1f, 0x60, 0xbc, 0x1, 0xf6, 0xe,
    0x90, 0x1f, 0x9a, 0xf4, 0x1, 0xff, 0xe6, 0x0,

    /* U+018B "Ƌ" */
    0xd, 0xff, 0xff, 0x20, 0x45, 0x58, 0xf2, 0x0,
    0x1, 0x5f, 0x20, 0x6e, 0xff, 0xf2, 0x2f, 0xb4,
    0x7f, 0x26, 0xf1, 0x4, 0xf2, 0x6f, 0x10, 0x4f,
    0x22, 0xfb, 0x58, 0xf2, 0x6, 0xef, 0xff, 0x20,

    /* U+018C "ƌ" */
    0xc, 0xff, 0xff, 0x70, 0x34, 0x44, 0xf7, 0x0,
    0x0, 0xf, 0x70, 0x5e, 0xf8, 0xf7, 0x1f, 0xc5,
    0xaf, 0x75, 0xf3, 0x1, 0xf7, 0x7f, 0x10, 0xf,
    0x75, 0xf2, 0x0, 0xf7, 0x1f, 0xb5, 0xaf, 0x70,
    0x6e, 0xf7, 0xd7,

    /* U+018D "ƍ" */
    0x4, 0xdf, 0xe7, 0x1, 0xfb, 0x49, 0xf5, 0x6f,
    0x20, 0xe, 0x96, 0xf1, 0x0, 0xe9, 0x3f, 0x70,
    0x6f, 0x30, 0x9f, 0xde, 0x50, 0x0, 0x6e, 0xd1,
    0x0, 0x0, 0x1e, 0x90, 0xa, 0x53, 0xda, 0x1,
    0xae, 0xfc, 0x20,

    /* U+018E "Ǝ" */
    0x1f, 0xff, 0xff, 0x20, 0x55, 0x58, 0xf2, 0x0,
    0x0, 0x4f, 0x20, 0x11, 0x15, 0xf2, 0xe, 0xff,
    0xff, 0x20, 0x44, 0x47, 0xf2, 0x0, 0x0, 0x4f,
    0x20, 0x66, 0x68, 0xf2, 0x1f, 0xff, 0xff, 0x20,

    /* U+018F "Ə" */
    0x1b, 0xff, 0xc3, 0x1, 0x96, 0x6c, 0xf1, 0x0,
    0x0, 0x1f, 0x70, 0x0, 0x0, 0xda, 0x9f, 0xff,
    0xff, 0xb9, 0xd3, 0x33, 0xda, 0x6f, 0x0, 0xf,
    0x71, 0xfa, 0x4a, 0xf1, 0x4, 0xdf, 0xd4, 0x0,

    /* U+0190 "Ɛ" */
    0x3, 0xcf, 0xfb, 0x30, 0xfd, 0x67, 0xc6, 0x2f,
    0x50, 0x0, 0x0, 0xdb, 0x20, 0x0, 0x2, 0xdf,
    0xf9, 0x2, 0xfb, 0x53, 0x20, 0x6f, 0x20, 0x0,
    0x3, 0xfb, 0x66, 0x87, 0x5, 0xdf, 0xfd, 0x60,

    /* U+0191 "Ƒ" */
    0x0, 0x6f, 0xff, 0xc0, 0x6, 0xf6, 0x54, 0x0,
    0x6f, 0x10, 0x0, 0x6, 0xf2, 0x10, 0x0, 0x6f,
    0xff, 0x90, 0x6, 0xf5, 0x42, 0x0, 0x6f, 0x10,
    0x0, 0x6, 0xf1, 0x0, 0x0, 0x6f, 0x10, 0x8,
    0x26, 0xf1, 0x0, 0xe9, 0xaf, 0x0, 0x6, 0xee,
    0x60, 0x0,

    /* U+0192 "ƒ" */
    0x0, 0x6, 0xef, 0xb0, 0x0, 0xfc, 0x54, 0x0,
    0x1f, 0x70, 0x0, 0x9e, 0xff, 0xf6, 0x3, 0x5f,
    0x95, 0x20, 0x1, 0xf6, 0x0, 0x0, 0x1f, 0x60,
    0x0, 0x1, 0xf6, 0x0, 0x0, 0x1f, 0x60, 0x0,
    0x1, 0xf6, 0x0, 0x64, 0x1f, 0x60, 0xa, 0xd6,
    0xf5, 0x0, 0x3d, 0xfa, 0x0, 0x0,

    /* U+0193 "Ɠ" */
    0x0, 0x0, 0x0, 0x0, 0x0, 0x0, 0x5, 0xfa,
    0x0, 0x0, 0xb, 0xa3, 0x1, 0x9e, 0xff, 0x60,
    0xc, 0xf8, 0x69, 0x10, 0x3f, 0x60, 0x0, 0x0,
    0x7f, 0x0, 0x11, 0x0, 0x8f, 0x2, 0xff, 0x80,
    0x8f, 0x0, 0x4d, 0x80, 0x4f, 0x50, 0xd, 0x80,
    0xd, 0xe7, 0x6e, 0x80, 0x1, 0xaf, 0xfd, 0x50,

    /* U+0194 "Ɣ" */
    0x8f, 0x0, 0xc, 0xb2, 0xf5, 0x2, 0xf5, 0xc,
    0xa0, 0x7e, 0x0, 0x6f, 0xc, 0x90, 0x1, 0xf6,
    0xf3, 0x0, 0xa, 0xed, 0x0, 0x0, 0x4f, 0x70,
    0x0, 0x3, 0xf4, 0x0, 0x0, 0xae, 0xc0, 0x0,
    0xf, 0x4f, 0x20, 0x0, 0xf4, 0xf3, 0x0, 0x8,
    0xfb, 0x0,

    /* U+0195 "ƕ" */
    0x6d, 0x0, 0x0, 0x6, 0xd0, 0x0, 0x0, 0x6d,
    0x0, 0x0, 0x6, 0xed, 0xd0, 0x8b, 0x6f, 0x5f,
    0x48, 0xb6, 0xd0, 0xf4, 0x8b, 0x6d, 0xf, 0x48,
    0xb6, 0xd0, 0xf4, 0x8b, 0x6d, 0xe, 0x8b, 0xa6,
    0xd0, 0x6f, 0xe3,

    /* U+0196 "Ɩ" */
    0xdb, 0x0, 0xdb, 0x0, 0xdb, 0x0, 0xdb, 0x0,
    0xdb, 0x0, 0xdb, 0x0, 0xdb, 0x0, 0xbf, 0x76,
    0x3d, 0xfc,

    /* U+0197 "Ɨ" */
    0xdf, 0xff, 0xf0, 0x36, 0xf8, 0x40, 0x2, 0xf5,
    0x0, 0x3, 0xf5, 0x0, 0xaf, 0xff, 0xd0, 0x25,
    0xf7, 0x30, 0x2, 0xf5, 0x0, 0x4, 0xf6, 0x0,
    0xdf, 0xff, 0xf0,

    /* U+0198 "Ƙ" */
    0x5f, 0x20, 0x2d, 0xf5, 0xf2, 0xd, 0xb3, 0x5f,
    0x29, 0xe1, 0x5, 0xf6, 0xf4, 0x0, 0x5f, 0xef,
    0x20, 0x5, 0xf9, 0xdb, 0x0, 0x5f, 0x25, 0xf4,
    0x5, 0xf2, 0xc, 0xd0, 0x5f, 0x20, 0x4f, 0x60,

    /* U+0199 "ƙ" */
    0x7, 0xf9, 0x0, 0x0, 0xfa, 0x30, 0x0, 0x1f,
    0x60, 0x0, 0x1, 0xf6, 0x5, 0xf6, 0x1f, 0x63,
    0xf8, 0x1, 0xf7, 0xeb, 0x0, 0x1f, 0xef, 0xb0,
    0x1, 0xfb, 0x5f, 0x50, 0x1f, 0x60, 0xae, 0x11,
    0xf6, 0x1, 0xea,

    /* U+019A "ƚ" */
    0xe, 0xff, 0x80, 0x0, 0x37, 0xf8, 0x0, 0x0,
    0xf, 0x80, 0x0, 0x0, 0xf8, 0x0, 0x0, 0xf,
    0x80, 0x0, 0x9f, 0xff, 0xf2, 0x1, 0x3f, 0xa3,
    0x0, 0x0, 0xf8, 0x0, 0x0, 0x1f, 0x90, 0x2,
    0xff, 0xff, 0xf8,

    /* U+019B "ƛ" */
    0x2f, 0xd3, 0x0, 0x1, 0x5d, 0xec, 0x30, 0x7,
    0xef, 0x60, 0x0, 0x3, 0xf8, 0x0, 0x0, 0x9f,
    0xc0, 0x0, 0xe, 0xaf, 0x10, 0x5, 0xf1, 0xf6,
    0x0, 0xbb, 0xb, 0xb0, 0x1f, 0x50, 0x6f, 0x57,
    0xf0, 0x0, 0xdf,

    /* U+019C "Ɯ" */
    0x7d, 0x1f, 0x4a, 0xa7, 0xd1, 0xf4, 0xaa, 0x7d,
    0x1f, 0x4a, 0xa7, 0xd1, 0xf4, 0xaa, 0x7d, 0x1f,
    0x4a, 0xa7, 0xd1, 0xf4, 0xaa, 0x7d, 0x1f, 0x4a,
    0xa6, 0xf8, 0xf9, 0xda, 0x2e, 0xa9, 0xf9, 0xa0,

    /* U+019D "Ɲ" */
    0x5, 0xfd, 0x0, 0xd8, 0x5, 0xff, 0x20, 0xd8,
    0x5, 0xeb, 0x80, 0xd8, 0x5, 0xf5, 0xe0, 0xd8,
    0x5, 0xf1, 0xf3, 0xd8, 0x7, 0xf0, 0xa9, 0xc8,
    0x7, 0xf0, 0x4e, 0xc8, 0x7, 0xf0, 0xe, 0xf8,
    0x7, 0xf0, 0x9, 0xf8, 0x7, 0xf0, 0x0, 0x0,
    0xaf, 0xa0, 0x0, 0x0, 0x12, 0x0, 0x0, 0x0,

    /* U+019E "ƞ" */
    0x3f, 0x6e, 0xfa, 0x3, 0xfd, 0x37, 0xf5, 0x3f,
    0x60, 0xf, 0x73, 0xf4, 0x0, 0xf7, 0x3f, 0x40,
    0xf, 0x73, 0xf4, 0x0, 0xf8, 0x3f, 0x40, 0xf,
    0x80, 0x0, 0x0, 0xf7, 0x0, 0x0, 0xf, 0x70,
    0x0, 0x0, 0xf7,

    /* U+019F "Ɵ" */
    0x3, 0xcf, 0xd5, 0x0, 0xed, 0x6b, 0xf2, 0x5f,
    0x30, 0xf, 0x88, 0xf1, 0x11, 0xdb, 0x8f, 0xff,
    0xff, 0xc8, 0xf4, 0x44, 0xdb, 0x5f, 0x30, 0xf,
    0x80, 0xed, 0x6b, 0xf2, 0x3, 0xcf, 0xd5, 0x0,

    /* U+01A0 "Ơ" */
    0x0, 0x0, 0x0, 0xa6, 0x0, 0x0, 0x0, 0xc8,
    0x3, 0xcf, 0xd6, 0xe3, 0xe, 0xd6, 0xbf, 0x70,
    0x5f, 0x30, 0xf, 0x80, 0x8f, 0x0, 0xd, 0xb0,
    0x8f, 0x0, 0xc, 0xc0, 0x8f, 0x0, 0xc, 0xb0,
    0x5f, 0x30, 0xf, 0x80, 0xe, 0xd6, 0xbf, 0x20,
    0x3, 0xcf, 0xd5, 0x0,

    /* U+01A1 "ơ" */
    0x0, 0x0, 0x0, 0x20, 0x0, 0x0, 0x1, 0xf3,
    0x0, 0x0, 0x0, 0xf3, 0x3, 0xcf, 0xdb, 0xc0,
    0x1e, 0xc4, 0xaf, 0x30, 0x5f, 0x20, 0xf, 0x80,
    0x7f, 0x10, 0xe, 0xa0, 0x5f, 0x30, 0xf, 0x80,
    0x1e, 0xc4, 0xaf, 0x30, 0x3, 0xcf, 0xd5, 0x0,

    /* U+01A2 "Ƣ" */
    0x0, 0x6d, 0xfe, 0xa2, 0x9e, 0xfc, 0x20, 0x6,
    0xfa, 0x57, 0xff, 0xb5, 0x7f, 0xd0, 0xd, 0xc0,
    0x0, 0x6f, 0x40, 0x7, 0xf1, 0x1f, 0x70, 0x0,
    0x1f, 0x80, 0x5, 0xf2, 0x2f, 0x60, 0x0, 0xf,
    0x90, 0x5, 0xf2, 0x1f, 0x70, 0x0, 0x1f, 0x70,
    0x5, 0xf2, 0xd, 0xc0, 0x0, 0x6f, 0x40, 0x5,
    0xf2, 0x6, 0xfa, 0x57, 0xfc, 0x0, 0x5, 0xf2,
    0x0, 0x6d, 0xfe, 0x91, 0x0, 0x5, 0xf2,

    /* U+01A3 "ƣ" */
    0xc, 0xf8, 0xcf, 0x46, 0xe7, 0xf8, 0xda, 0x9b,
    0xf, 0x4a, 0xaa, 0xa0, 0xf5, 0xaa, 0x9b, 0xf,
    0x4a, 0xa6, 0xe6, 0xf1, 0xaa, 0xc, 0xf8, 0xa,
    0xa0, 0x0, 0x0, 0xaa, 0x0, 0x0, 0xa, 0xa0,
    0x0, 0x0, 0xaa,

    /* U+01A4 "Ƥ" */
    0x8, 0xff, 0xff, 0xa0, 0xf, 0xbf, 0x77, 0xf7,
    0xa, 0x6f, 0x20, 0xda, 0x0, 0x4f, 0x34, 0xf8,
    0x0, 0x4f, 0xff, 0xd1, 0x0, 0x4f, 0x63, 0x0,
    0x0, 0x4f, 0x20, 0x0, 0x0, 0x4f, 0x20, 0x0,
    0x0, 0x4f, 0x20, 0x0,

    /* U+01A5 "ƥ" */
    0xa, 0xf6, 0x0, 0x2, 0xf8, 0x20, 0x0, 0x3f,
    0x30, 0x0, 0x3, 0xf8, 0xef, 0x80, 0x3f, 0xd5,
    0x9f, 0x43, 0xf5, 0x0, 0xf8, 0x3f, 0x30, 0xe,
    0xa3, 0xf5, 0x0, 0xf8, 0x3f, 0xd5, 0x9f, 0x43,
    0xf8, 0xef, 0x80, 0x3f, 0x30, 0x0, 0x3, 0xf3,
    0x0, 0x0, 0x3f, 0x30, 0x0, 0x0,

    /* U+01A6 "Ʀ" */
    0xf8, 0x0, 0x0, 0xff, 0xfe, 0x60, 0xfa, 0x4b,
    0xf1, 0xf8, 0x3, 0xf4, 0xf8, 0x19, 0xf1, 0xff,
    0xff, 0x50, 0xfa, 0x8f, 0x10, 0xf8, 0xf, 0x80,
    0xf8, 0x8, 0xf1, 0x0, 0x1, 0xf8, 0x0, 0x0,
    0x66,

    /* U+01A7 "Ƨ" */
    0xa, 0xef, 0xd4, 0x0, 0x87, 0x6d, 0xf0, 0x0,
    0x0, 0x7f, 0x10, 0x0, 0x5e, 0xd0, 0x3, 0xcf,
    0xa1, 0x1, 0xfc, 0x30, 0x0, 0x3f, 0x40, 0x0,
    0x1, 0xfc, 0x56, 0x93, 0x4, 0xcf, 0xfc, 0x20,

    /* U+01A8 "ƨ" */
    0x8e, 0xfd, 0x50, 0x56, 0x4b, 0xf0, 0x0, 0x4c,
    0xe0, 0x3d, 0xfc, 0x30, 0xdd, 0x30, 0x0, 0xdd,
    0x55, 0x91, 0x4d, 0xff, 0xc1,

    /* U+01A9 "Ʃ" */
    0xef, 0xff, 0xe0, 0xaf, 0x65, 0x40, 0xd, 0xb0,
    0x0, 0x2, 0xf9, 0x0, 0x0, 0xbe, 0x0, 0x5,
    0xf4, 0x0, 0x2f, 0x80, 0x0, 0xce, 0x55, 0x51,
    0xff, 0xff, 0xf4,

    /* U+01AA "ƪ" */
    0x1d, 0xfb, 0x0, 0x6, 0xc2, 0xf4, 0x0, 0x2d,
    0xff, 0x60, 0x0, 0x1, 0xf6, 0x0, 0x0, 0x1f,
    0x60, 0x0, 0x1, 0xf6, 0x0, 0x0, 0x1f, 0x60,
    0x0, 0x1, 0xf6, 0x0, 0x0, 0x1f, 0x60, 0x0,
    0x1, 0xf6, 0x0, 0x0, 0x1f, 0x60, 0x0, 0x0,
    0xfb, 0x44, 0x0, 0x6, 0xef, 0x70,

    /* U+01AB "ƫ" */
    0x0, 0x35, 0x0, 0x0, 0x9, 0xb0, 0x0, 0x4d,
    0xff, 0xff, 0x31, 0x5d, 0xd5, 0x51, 0x0, 0xcb,
    0x0, 0x0, 0xc, 0xb0, 0x0, 0x0, 0xbc, 0x0,
    0x0, 0xa, 0xf6, 0x52, 0x0, 0x2c, 0xff, 0x60,
    0x0, 0x0, 0xf5, 0x0, 0x0, 0x4f, 0x40, 0x0,
    0x1f, 0xc0,

    /* U+01AC "Ƭ" */
    0x7, 0xff, 0xff, 0xfd, 0xf, 0x96, 0xf9, 0x54,
    0xa, 0x21, 0xf6, 0x0, 0x0, 0x1, 0xf6, 0x0,
    0x0, 0x1, 0xf6, 0x0, 0x0, 0x1, 0xf6, 0x0,
    0x0, 0x1, 0xf6, 0x0, 0x0, 0x1, 0xf6, 0x0,
    0x0, 0x1, 0xf6, 0x0,

    /* U+01AD "ƭ" */
    0x0, 0x3d, 0xf4, 0x0, 0xa, 0xe5, 0x20, 0x0,
    0xcb, 0x0, 0x4, 0xdf, 0xff, 0xf3, 0x15, 0xdd,
    0x55, 0x10, 0xc, 0xb0, 0x0, 0x0, 0xcb, 0x0,
    0x0, 0xb, 0xc0, 0x0, 0x0, 0xaf, 0x65, 0x20,
    0x2, 0xcf, 0xe4,

    /* U+01AE "Ʈ" */
    0x9f, 0xff, 0xff, 0xc3, 0x57, 0xf9, 0x54, 0x0,
    0x2f, 0x50, 0x0, 0x2, 0xf5, 0x0, 0x0, 0x2f,
    0x50, 0x0, 0x2, 0xf5, 0x0, 0x0, 0x2f, 0x50,
    0x0, 0x2, 0xf5, 0x0, 0x0, 0x2f, 0x50, 0x0,
    0x1, 0xf7, 0x10, 0x0, 0xc, 0xfa, 0x0, 0x0,
    0x3, 0x10,

    /* U+01AF "Ư" */
    0x0, 0x0, 0x0, 0x0, 0x0, 0x0, 0x0, 0xd6,
    0x0, 0x0, 0x0, 0xc7, 0x5f, 0x20, 0xf, 0xf2,
    0x5f, 0x20, 0xf, 0x90, 0x5f, 0x20, 0xf, 0x80,
    0x5f, 0x20, 0xf, 0x80, 0x5f, 0x20, 0xf, 0x80,
    0x5f, 0x20, 0xf, 0x80, 0x4f, 0x40, 0x1f, 0x70,
    0x1f, 0xc6, 0xbf, 0x30, 0x4, 0xdf, 0xe6, 0x0,

    /* U+01B0 "ư" */
    0x0, 0x0, 0x0, 0x35, 0x0, 0x0, 0x0, 0x9c,
    0x0, 0x0, 0x0, 0x9a, 0x4f, 0x30, 0x1f, 0xd2,
    0x4f, 0x30, 0x1f, 0x70, 0x4f, 0x30, 0x1f, 0x70,
    0x4f, 0x30, 0x1f, 0x70, 0x4f, 0x30, 0x3f, 0x70,
    0x2f, 0xb5, 0xbf, 0x70, 0x8, 0xfe, 0x7d, 0x70,

    /* U+01B1 "Ʊ" */
    0xcf, 0xf1, 0xef, 0xf3, 0x9d, 0xa, 0xc3, 0xf,
    0x40, 0x1f, 0x34, 0xf0, 0x0, 0xd8, 0x6f, 0x0,
    0xc, 0xa6, 0xf0, 0x0, 0xca, 0x4f, 0x20, 0xf,
    0x80, 0xec, 0x5a, 0xf2, 0x3, 0xcf, 0xd5, 0x0,

    /* U+01B2 "Ʋ" */
    0x4f, 0x34, 0xfd, 0x24, 0xf3, 0x26, 0xf7, 0x4f,
    0x30, 0xf, 0x74, 0xf3, 0x1, 0xf6, 0x4f, 0x30,
    0x2f, 0x44, 0xf3, 0x6, 0xf1, 0x3f, 0x40, 0xbc,
    0x1, 0xfb, 0x9f, 0x40, 0x6, 0xee, 0x60, 0x0,

    /* U+01B3 "Ƴ" */
    0x7f, 0x10, 0xb, 0xf2, 0xf, 0x80, 0x5f, 0x50,
    0x8, 0xe0, 0xba, 0x0, 0x1, 0xf8, 0xf3, 0x0,
    0x0, 0x9f, 0xc0, 0x0, 0x0, 0x2f, 0x60, 0x0,
    0x0, 0x2f, 0x50, 0x0, 0x0, 0x2f, 0x50, 0x0,
    0x0, 0x2f, 0x50, 0x0,

    /* U+01B4 "ƴ" */
    0x9e, 0x0, 0xb, 0xf2, 0x3f, 0x40, 0x4f, 0x40,
    0xd, 0xa0, 0x9c, 0x0, 0x7, 0xf0, 0xe6, 0x0,
    0x1, 0xf8, 0xf1, 0x0, 0x0, 0xbf, 0xc0, 0x0,
    0x0, 0x5f, 0x60, 0x0, 0x0, 0x6f, 0x10, 0x0,
    0x26, 0xea, 0x0, 0x0, 0x6f, 0xb1, 0x0, 0x0,

    /* U+01B5 "Ƶ" */
    0xbf, 0xff, 0xf3, 0x35, 0x5b, 0xf1, 0x0, 0x1f,
    0x70, 0x0, 0x9e, 0x10, 0xbf, 0xff, 0xf1, 0x2c,
    0xd3, 0x30, 0x3f, 0x40, 0x0, 0xce, 0x66, 0x61,
    0xff, 0xff, 0xf4,

    /* U+01B6 "ƶ" */
    0xe, 0xff, 0xff, 0x30, 0x33, 0x4e, 0xd0, 0x0,
    0x8, 0xf3, 0x0, 0xaf, 0xff, 0xe0, 0x2, 0xfb,
    0x22, 0x0, 0xbf, 0x54, 0x41, 0x1f, 0xff, 0xff,
    0x50,

    /* U+01B7 "Ʒ" */
    0x4f, 0xff, 0xff, 0x21, 0x55, 0x7f, 0xb0, 0x0,
    0x2e, 0xb0, 0x0, 0x1e, 0xd2, 0x0, 0x3, 0xef,
    0xfb, 0x0, 0x0, 0x5, 0xf6, 0x0, 0x0, 0x1f,
    0x76, 0x85, 0x5b, 0xf3, 0x5d, 0xff, 0xc5, 0x0,

    /* U+01B8 "Ƹ" */
    0xf, 0xff, 0xff, 0x70, 0x8f, 0x95, 0x52, 0x0,
    0x8f, 0x40, 0x0, 0x1, 0xbf, 0x30, 0x8, 0xff,
    0xe6, 0x3, 0xf8, 0x0, 0x0, 0x4f, 0x40, 0x0,
    0x1, 0xfd, 0x65, 0x78, 0x3, 0xbf, 0xfe, 0x80,

    /* U+01B9 "ƹ" */
    0xf, 0xff, 0xff, 0x80, 0x9f, 0x64, 0x42, 0x0,
    0xae, 0x20, 0x0, 0x0, 0xbd, 0x10, 0x4, 0xdf,
    0xf6, 0x0, 0xfc, 0x31, 0x0, 0x3f, 0x40, 0x0,
    0x3, 0xf6, 0x0, 0x0, 0xd, 0xe6, 0x57, 0x80,
    0x2b, 0xff, 0xd7,

    /* U+01BA "ƺ" */
    0x3f, 0xff, 0xff, 0x21, 0x44, 0x8f, 0x80, 0x0,
    0x7f, 0x50, 0x0, 0x1f, 0xff, 0x90, 0x0, 0x0,
    0x6f, 0x50, 0x0, 0x16, 0xf5, 0xa, 0xff, 0xfb,
    0x4, 0xf5, 0x31, 0x0, 0x4f, 0x63, 0x57, 0x0,
    0x9e, 0xfe, 0x70,

    /* U+01BB "ƻ" */
    0x5, 0xdf, 0xe5, 0x1, 0xea, 0x6c, 0xf1, 0x0,
    0x0, 0x4f, 0x40, 0x0, 0x7, 0xf2, 0x1f, 0xff,
    0xff, 0x70, 0x24, 0xfc, 0x21, 0x1, 0xdc, 0x0,
    0x1, 0xdf, 0x76, 0x63, 0x4f, 0xff, 0xff, 0x90,

    /* U+01BC "Ƽ" */
    0x5f, 0xff, 0xff, 0x22, 0x8f, 0x86, 0x61, 0x4,
    0xf4, 0x0, 0x0, 0x4f, 0xfe, 0x60, 0x1, 0x44,
    0xbf, 0x20, 0x0, 0x2, 0xf6, 0x0, 0x0, 0x3f,
    0x61, 0xb6, 0x6d, 0xf1, 0xb, 0xff, 0xc4, 0x0,

    /* U+01BD "ƽ" */
    0x3f, 0xff, 0xff, 0x10, 0x5f, 0x63, 0x30, 0x2,
    0xf4, 0x0, 0x0, 0x2f, 0xfe, 0x90, 0x0, 0x23,
    0x7f, 0x42, 0x74, 0x48, 0xf3, 0x3d, 0xff, 0xd6,
    0x0,

    /* U+01BE "ƾ" */
    0x0, 0x7b, 0x0, 0x0, 0x9, 0xb0, 0x0, 0x4e,
    0xff, 0xff, 0x31, 0x5d, 0xd5, 0x51, 0x0, 0xbd,
    0x10, 0x0, 0x4, 0xff, 0x80, 0x0, 0x0, 0x9f,
    0x10, 0x95, 0x4a, 0xf0, 0xb, 0xff, 0xd5, 0x0,

    /* U+01BF "ƿ" */
    0x1f, 0x7e, 0xfa, 0x1, 0xfd, 0x37, 0xf6, 0x1f,
    0x70, 0xe, 0xa1, 0xf6, 0x0, 0xf9, 0x1f, 0x60,
    0x6f, 0x51, 0xf8, 0x9f, 0xc0, 0x1f, 0xfe, 0x80,
    0x1, 0xf7, 0x0, 0x0, 0x1f, 0x60, 0x0, 0x1,
    0xf6, 0x0, 0x0,

    /* U+01C0 "ǀ" */
    0xf2, 0xf2, 0xf2, 0xf2, 0xf2, 0xf2, 0xf2, 0xf2,
    0xf2, 0xf2,

    /* U+01C1 "ǁ" */
    0x99, 0x5, 0xc9, 0x90, 0x5c, 0x99, 0x5, 0xc9,
    0x90, 0x5c, 0x99, 0x5, 0xc9, 0x90, 0x5c, 0x99,
    0x5, 0xc9, 0x90, 0x5c, 0x99, 0x5, 0xc9, 0x90,
    0x5c,

    /* U+01C2 "ǂ" */
    0x0, 0xf2, 0x0, 0x0, 0xf2, 0x0, 0x0, 0xf2,
    0x0, 0xdf, 0xff, 0xf0, 0x11, 0xf4, 0x10, 0x0,
    0xf2, 0x0, 0xcf, 0xff, 0xf0, 0x22, 0xf4, 0x20,
    0x0, 0xf2, 0x0, 0x0, 0xf2, 0x0,

    /* U+01C3 "ǃ" */
    0x4f, 0x73, 0xf6, 0x3f, 0x62, 0xf5, 0x1f, 0x51,
    0xf4, 0x3, 0x3, 0xf6, 0x3f, 0x60,

    /* U+01C4 "Ǆ" */
    0x0, 0x0, 0x0, 0x2, 0xd3, 0xa8, 0x0, 0x0,
    0x0, 0x0, 0x5, 0xfc, 0x0, 0x0, 0x0, 0x0,
    0x0, 0x0, 0x0, 0xc, 0xff, 0xe8, 0x0, 0xcf,
    0xff, 0xf2, 0xcc, 0x58, 0xf9, 0x4, 0x55, 0xce,
    0xc, 0xb0, 0x8, 0xf1, 0x0, 0x2f, 0x60, 0xcb,
    0x0, 0x4f, 0x40, 0xa, 0xd0, 0xc, 0xb0, 0x3,
    0xf5, 0x3, 0xf5, 0x0, 0xcb, 0x0, 0x4f, 0x30,
    0xbc, 0x0, 0xc, 0xb0, 0x9, 0xf0, 0x4f, 0x30,
    0x0, 0xcc, 0x59, 0xf8, 0xd, 0xd5, 0x55, 0x1c,
    0xff, 0xe7, 0x0, 0xff, 0xff, 0xf3,

    /* U+01C5 "ǅ" */
    0x0, 0x0, 0x0, 0x0, 0x1d, 0x35, 0xd0, 0x5f,
    0xff, 0xb3, 0x0, 0x4, 0xef, 0x30, 0x5f, 0x66,
    0xde, 0x10, 0x0, 0x44, 0x0, 0x5f, 0x20, 0x2f,
    0x80, 0xbf, 0xff, 0xf6, 0x5f, 0x20, 0xd, 0xb0,
    0x23, 0x3c, 0xf2, 0x5f, 0x20, 0xc, 0xc0, 0x0,
    0x5f, 0x50, 0x5f, 0x20, 0xd, 0xa0, 0x2, 0xf9,
    0x0, 0x5f, 0x20, 0x2f, 0x70, 0xc, 0xc0, 0x0,
    0x5f, 0x67, 0xee, 0x10, 0x8f, 0x75, 0x52, 0x5f,
    0xff, 0xb2, 0x0, 0xef, 0xff, 0xf8,

    /* U+01C6 "ǆ" */
    0x0, 0x0, 0xf, 0x70, 0x1d, 0x48, 0xa0, 0x0,
    0x0, 0xf, 0x70, 0x5, 0xfe, 0x10, 0x0, 0x0,
    0xf, 0x70, 0x0, 0x32, 0x0, 0x5, 0xef, 0x8f,
    0x70, 0xbf, 0xff, 0xf6, 0x1f, 0xc5, 0xaf, 0x70,
    0x34, 0x4c, 0xf3, 0x5f, 0x30, 0x1f, 0x70, 0x0,
    0x5f, 0x60, 0x7f, 0x10, 0xf, 0x70, 0x2, 0xfa,
    0x0, 0x5f, 0x20, 0xf, 0x70, 0xd, 0xd0, 0x0,
    0x1f, 0xb5, 0xaf, 0x70, 0x9f, 0x74, 0x42, 0x6,
    0xef, 0x7d, 0x70, 0xef, 0xff, 0xf8,

    /* U+01C7 "Ǉ" */
    0xdb, 0x0, 0x0, 0x0, 0x0, 0x8f, 0xdb, 0x0,
    0x0, 0x0, 0x0, 0x8f, 0xdb, 0x0, 0x0, 0x0,
    0x0, 0x8f, 0xdb, 0x0, 0x0, 0x0, 0x0, 0x8f,
    0xdb, 0x0, 0x0, 0x0, 0x0, 0x8f, 0xdb, 0x0,
    0x0, 0x0, 0x0, 0x8f, 0xdb, 0x0, 0x0, 0x0,
    0x0, 0x9e, 0xdd, 0x66, 0x61, 0x5, 0x67, 0xfb,
    0xdf, 0xff, 0xf4, 0xa, 0xff, 0xb1,

    /* U+01C8 "ǈ" */
    0x0, 0x0, 0x0, 0x0, 0x7, 0xf2, 0xdb, 0x0,
    0x0, 0x0, 0x6, 0xe2, 0xdb, 0x0, 0x0, 0x0,
    0x0, 0x0, 0xdb, 0x0, 0x0, 0x3, 0xff, 0xf3,
    0xdb, 0x0, 0x0, 0x0, 0x38, 0xf3, 0xdb, 0x0,
    0x0, 0x0, 0x4, 0xf3, 0xdb, 0x0, 0x0, 0x0,
    0x4, 0xf3, 0xdb, 0x0, 0x0, 0x0, 0x4, 0xf3,
    0xdd, 0x66, 0x61, 0x0, 0x4, 0xf3, 0xdf, 0xff,
    0xf4, 0x0, 0x4, 0xf3, 0x0, 0x0, 0x0, 0x0,
    0x5, 0xf3, 0x0, 0x0, 0x0, 0x27, 0x6d, 0xf0,
    0x0, 0x0, 0x0, 0x2e, 0xfd, 0x50,

    /* U+01C9 "ǉ" */
    0xe, 0xff, 0x80, 0x0, 0x0, 0x7f, 0x20, 0x13,
    0xf8, 0x0, 0x0, 0x5, 0xc1, 0x0, 0xf, 0x80,
    0x0, 0x0, 0x0, 0x0, 0x0, 0xf8, 0x0, 0x3,
    0xff, 0xf3, 0x0, 0xf, 0x80, 0x0, 0x3, 0x7f,
    0x30, 0x0, 0xf8, 0x0, 0x0, 0x4, 0xf3, 0x0,
    0xf, 0x80, 0x0, 0x0, 0x4f, 0x30, 0x0, 0xf8,
    0x0, 0x0, 0x4, 0xf3, 0x1, 0x4f, 0xa2, 0x0,
    0x0, 0x4f, 0x33, 0xff, 0xff, 0xf8, 0x0, 0x4,
    0xf3, 0x0, 0x0, 0x0, 0x0, 0x0, 0x5f, 0x30,
    0x0, 0x0, 0x0, 0x27, 0x6d, 0xf0, 0x0, 0x0,
    0x0, 0x2, 0xef, 0xd5, 0x0,

    /* U+01CA "Ǌ" */
    0x5f, 0xd0, 0xd, 0x80, 0x0, 0x8, 0xf5, 0xff,
    0x20, 0xd8, 0x0, 0x0, 0x8f, 0x5e, 0xb8, 0xd,
    0x80, 0x0, 0x8, 0xf5, 0xf5, 0xe0, 0xd8, 0x0,
    0x0, 0x8f, 0x5f, 0x1f, 0x3d, 0x80, 0x0, 0x8,
    0xf5, 0xf0, 0xa9, 0xc8, 0x0, 0x0, 0x8f, 0x5f,
    0x4, 0xec, 0x80, 0x0, 0x8, 0xe5, 0xf0, 0xe,
    0xf8, 0x5, 0x55, 0xeb, 0x5f, 0x0, 0x9f, 0x80,
    0xaf, 0xfb, 0x10,

    /* U+01CB "ǋ" */
    0x0, 0x0, 0x0, 0x0, 0x0, 0x7f, 0x25, 0xfd,
    0x0, 0xd8, 0x0, 0x6, 0xe2, 0x5e, 0xf3, 0xd,
    0x80, 0x0, 0x0, 0x5, 0xfa, 0x80, 0xd8, 0x3,
    0xff, 0xf3, 0x5f, 0x4e, 0xd, 0x80, 0x3, 0x7f,
    0x35, 0xf0, 0xe4, 0xd8, 0x0, 0x4, 0xf3, 0x5f,
    0x9, 0x9c, 0x80, 0x0, 0x4f, 0x35, 0xf0, 0x4e,
    0xc8, 0x0, 0x4, 0xf3, 0x5f, 0x0, 0xef, 0x80,
    0x0, 0x4f, 0x35, 0xf0, 0x9, 0xf8, 0x0, 0x4,
    0xf3, 0x0, 0x0, 0x0, 0x0, 0x0, 0x5f, 0x30,
    0x0, 0x0, 0x0, 0x27, 0x6d, 0xf0, 0x0, 0x0,
    0x0, 0x2, 0xef, 0xd5, 0x0,

    /* U+01CC "ǌ" */
    0x0, 0x0, 0x0, 0x0, 0x0, 0x7f, 0x20, 0x0,
    0x0, 0x0, 0x0, 0x6, 0xe2, 0x0, 0x0, 0x0,
    0x0, 0x0, 0x0, 0x3, 0xf6, 0xef, 0xa0, 0x3,
    0xff, 0xf3, 0x3f, 0xd3, 0x7f, 0x50, 0x2, 0x7f,
    0x33, 0xf6, 0x0, 0xf7, 0x0, 0x4, 0xf3, 0x3f,
    0x40, 0xf, 0x70, 0x0, 0x4f, 0x33, 0xf4, 0x0,
    0xf7, 0x0, 0x4, 0xf3, 0x3f, 0x40, 0xf, 0x70,
    0x0, 0x4f, 0x33, 0xf4, 0x0, 0xf7, 0x0, 0x4,
    0xf3, 0x0, 0x0, 0x0, 0x0, 0x0, 0x5f, 0x30,
    0x0, 0x0, 0x0, 0x27, 0x6d, 0xf0, 0x0, 0x0,
    0x0, 0x2, 0xef, 0xd5, 0x0,

    /* U+01CD "Ǎ" */
    0x3, 0xd3, 0xc7, 0x0, 0x0, 0x7f, 0xa0, 0x0,
    0x0, 0x0, 0x0, 0x0, 0x0, 0x7f, 0xa0, 0x0,
    0x0, 0xbd, 0xe0, 0x0, 0x0, 0xf6, 0xf3, 0x0,
    0x4, 0xf1, 0xd7, 0x0, 0x9, 0xd1, 0xac, 0x0,
    0xd, 0xff, 0xff, 0x10, 0x2f, 0x64, 0x4f, 0x50,
    0x6f, 0x0, 0xd, 0x90, 0xbc, 0x0, 0x9, 0xe0,

    /* U+01CE "ǎ" */
    0x3, 0xd2, 0xa9, 0x0, 0x8, 0xfd, 0x0, 0x0,
    0x3, 0x10, 0x0, 0x8e, 0xfe, 0x60, 0x6, 0x74,
    0xaf, 0x20, 0x0, 0x1, 0xf4, 0x7, 0xef, 0xff,
    0x53, 0xf6, 0x1, 0xf5, 0x3f, 0x84, 0xbf, 0x50,
    0xaf, 0xe5, 0xf5,

    /* U+01CF "Ǐ" */
    0x3d, 0x3c, 0x70, 0x7, 0xfa, 0x0, 0x0, 0x0,
    0x0, 0xdf, 0xff, 0xf0, 0x15, 0xf7, 0x20, 0x2,
    0xf5, 0x0, 0x2, 0xf5, 0x0, 0x2, 0xf5, 0x0,
    0x2, 0xf5, 0x0, 0x2, 0xf5, 0x0, 0x15, 0xf7,
    0x20, 0xdf, 0xff, 0xf0,

    /* U+01D0 "ǐ" */
    0x4, 0xd2, 0xb7, 0x0, 0x8, 0xfb, 0x0, 0x0,
    0x2, 0x0, 0x0, 0xef, 0xf8, 0x0, 0x2, 0x4f,
    0x80, 0x0, 0x0, 0xf8, 0x0, 0x0, 0xf, 0x80,
    0x0, 0x0, 0xf8, 0x0, 0x1, 0x4f, 0xa2, 0x3,
    0xff, 0xff, 0xf8,

    /* U+01D1 "Ǒ" */
    0x3, 0xd3, 0xc7, 0x0, 0x7, 0xfa, 0x0, 0x0,
    0x0, 0x0, 0x0, 0x3c, 0xfd, 0x50, 0xe, 0xd6,
    0xbf, 0x25, 0xf3, 0x0, 0xf8, 0x8f, 0x0, 0xd,
    0xb8, 0xf0, 0x0, 0xcc, 0x8f, 0x0, 0xc, 0xb5,
    0xf3, 0x0, 0xf8, 0xe, 0xd6, 0xbf, 0x20, 0x3c,
    0xfd, 0x50,

    /* U+01D2 "ǒ" */
    0x4, 0xd2, 0xb7, 0x0, 0x9, 0xfc, 0x0, 0x0,
    0x3, 0x10, 0x0, 0x3c, 0xfd, 0x50, 0x1e, 0xc4,
    0xaf, 0x35, 0xf2, 0x0, 0xf8, 0x7f, 0x10, 0xe,
    0xa5, 0xf3, 0x0, 0xf8, 0x1e, 0xc4, 0xaf, 0x30,
    0x3c, 0xfd, 0x50,

    /* U+01D3 "Ǔ" */
    0x3, 0xd3, 0xc7, 0x0, 0x7, 0xfa, 0x0, 0x0,
    0x0, 0x0, 0x5, 0xf2, 0x0, 0xf8, 0x5f, 0x20,
    0xf, 0x85, 0xf2, 0x0, 0xf8, 0x5f, 0x20, 0xf,
    0x85, 0xf2, 0x0, 0xf8, 0x5f, 0x20, 0xf, 0x84,
    0xf4, 0x1, 0xf7, 0x1f, 0xc6, 0xbf, 0x30, 0x4d,
    0xfe, 0x60,

    /* U+01D4 "ǔ" */
    0x4, 0xd2, 0xb7, 0x0, 0x8, 0xfb, 0x0, 0x0,
    0x2, 0x0, 0x4, 0xf3, 0x1, 0xf7, 0x4f, 0x30,
    0x1f, 0x74, 0xf3, 0x1, 0xf7, 0x4f, 0x30, 0x1f,
    0x74, 0xf3, 0x3, 0xf7, 0x2f, 0xb5, 0xbf, 0x70,
    0x8f, 0xe7, 0xd7,

    /* U+01D5 "Ǖ" */
    0x3, 0xff, 0xf6, 0x0, 0x2, 0x22, 0x10, 0x4,
    0x80, 0x66, 0x0, 0x7d, 0xa, 0xa0, 0x0, 0x0,
    0x0, 0x5, 0xf2, 0x0, 0xf8, 0x5f, 0x20, 0xf,
    0x85, 0xf2, 0x0, 0xf8, 0x5f, 0x20, 0xf, 0x85,
    0xf2, 0x0, 0xf8, 0x5f, 0x20, 0xf, 0x84, 0xf4,
    0x1, 0xf7, 0x1f, 0xc6, 0xbf, 0x30, 0x4d, 0xfe,
    0x60,

    /* U+01D6 "ǖ" */
    0x3, 0xff, 0xf6, 0x0, 0x2, 0x22, 0x10, 0x7,
    0xd0, 0xaa, 0x0, 0x49, 0x7, 0x60, 0x0, 0x0,
    0x0, 0x4, 0xf3, 0x1, 0xf7, 0x4f, 0x30, 0x1f,
    0x74, 0xf3, 0x1, 0xf7, 0x4f, 0x30, 0x1f, 0x74,
    0xf3, 0x3, 0xf7, 0x2f, 0xb5, 0xbf, 0x70, 0x8f,
    0xe7, 0xd7,

    /* U+01D7 "Ǘ" */
    0x0, 0x0, 0x74, 0x0, 0x0, 0x8d, 0x10, 0x0,
    0x7, 0x10, 0x0, 0x48, 0x6, 0x60, 0x7, 0xd0,
    0xaa, 0x0, 0x0, 0x0, 0x0, 0x5f, 0x20, 0xf,
    0x85, 0xf2, 0x0, 0xf8, 0x5f, 0x20, 0xf, 0x85,
    0xf2, 0x0, 0xf8, 0x5f, 0x20, 0xf, 0x85, 0xf2,
    0x0, 0xf8, 0x4f, 0x40, 0x1f, 0x71, 0xfc, 0x6b,
    0xf3, 0x4, 0xdf, 0xe6, 0x0,

    /* U+01D8 "ǘ" */
    0x0, 0x0, 0x74, 0x0, 0x0, 0x8d, 0x10, 0x0,
    0x7, 0x10, 0x0, 0x7d, 0xa, 0xa0, 0x4, 0x90,
    0x76, 0x0, 0x0, 0x0, 0x0, 0x4f, 0x30, 0x1f,
    0x74, 0xf3, 0x1, 0xf7, 0x4f, 0x30, 0x1f, 0x74,
    0xf3, 0x1, 0xf7, 0x4f, 0x30, 0x3f, 0x72, 0xfb,
    0x5b, 0xf7, 0x8, 0xfe, 0x7d, 0x70,

    /* U+01D9 "Ǚ" */
    0x3, 0x50, 0x45, 0x0, 0xc, 0xbe, 0x10, 0x0,
    0x28, 0x40, 0x0, 0x48, 0x6, 0x60, 0x7, 0xd0,
    0xaa, 0x0, 0x0, 0x0, 0x0, 0x5f, 0x20, 0xf,
    0x85, 0xf2, 0x0, 0xf8, 0x5f, 0x20, 0xf, 0x85,
    0xf2, 0x0, 0xf8, 0x5f, 0x20, 0xf, 0x85, 0xf2,
    0x0, 0xf8, 0x4f, 0x40, 0x1f, 0x71, 0xfc, 0x6b,
    0xf3, 0x4, 0xdf, 0xe6, 0x0,

    /* U+01DA "ǚ" */
    0x3, 0x50, 0x45, 0x0, 0xd, 0xae, 0x10, 0x0,
    0x28, 0x40, 0x0, 0x7d, 0xa, 0xa0, 0x4, 0x90,
    0x76, 0x0, 0x0, 0x0, 0x0, 0x4f, 0x30, 0x1f,
    0x74, 0xf3, 0x1, 0xf7, 0x4f, 0x30, 0x1f, 0x74,
    0xf3, 0x1, 0xf7, 0x4f, 0x30, 0x3f, 0x72, 0xfb,
    0x5b, 0xf7, 0x8, 0xfe, 0x7d, 0x70,

    /* U+01DB "Ǜ" */
    0x1, 0x74, 0x0, 0x0, 0x7, 0xe1, 0x0, 0x0,
    0x5, 0x30, 0x0, 0x48, 0x6, 0x60, 0x7, 0xd0,
    0xaa, 0x0, 0x0, 0x0, 0x0, 0x5f, 0x20, 0xf,
    0x85, 0xf2, 0x0, 0xf8, 0x5f, 0x20, 0xf, 0x85,
    0xf2, 0x0, 0xf8, 0x5f, 0x20, 0xf, 0x85, 0xf2,
    0x0, 0xf8, 0x4f, 0x40, 0x1f, 0x71, 0xfc, 0x6b,
    0xf3, 0x4, 0xdf, 0xe6, 0x0,

    /* U+01DC "ǜ" */
    0x1, 0x74, 0x0, 0x0, 0x7, 0xe1, 0x0, 0x0,
    0x5, 0x30, 0x0, 0x7d, 0xa, 0xa0, 0x4, 0x90,
    0x76, 0x0, 0x0, 0x0, 0x0, 0x4f, 0x30, 0x1f,
    0x74, 0xf3, 0x1, 0xf7, 0x4f, 0x30, 0x1f, 0x74,
    0xf3, 0x1, 0xf7, 0x4f, 0x30, 0x3f, 0x72, 0xfb,
    0x5b, 0xf7, 0x8, 0xfe, 0x7d, 0x70,

    /* U+01DD "ǝ" */
    0x1c, 0xff, 0xc3, 0x1, 0x85, 0x5c, 0xf1, 0x0,
    0x0, 0xf, 0x75, 0xff, 0xff, 0xf8, 0x4f, 0x32,
    0x3f, 0x71, 0xfa, 0x4a, 0xf2, 0x4, 0xdf, 0xd4,
    0x0,

    /* U+01DE "Ǟ" */
    0x3, 0xff, 0xf6, 0x0, 0x0, 0x22, 0x21, 0x0,
    0x4, 0x80, 0x66, 0x0, 0x7, 0xd0, 0xaa, 0x0,
    0x0, 0x0, 0x0, 0x0, 0x0, 0x7f, 0xa0, 0x0,
    0x0, 0xbd, 0xe0, 0x0, 0x0, 0xf6, 0xf3, 0x0,
    0x4, 0xf1, 0xd7, 0x0, 0x9, 0xd1, 0xac, 0x0,
    0xd, 0xff, 0xff, 0x10, 0x2f, 0x64, 0x4f, 0x50,
    0x6f, 0x0, 0xd, 0x90, 0xbc, 0x0, 0x9, 0xe0,

    /* U+01DF "ǟ" */
    0x1, 0xff, 0xf7, 0x0, 0x2, 0x22, 0x10, 0x5,
    0xe0, 0x9b, 0x0, 0x39, 0x6, 0x70, 0x0, 0x0,
    0x0, 0x0, 0x8e, 0xfe, 0x60, 0x6, 0x74, 0xaf,
    0x20, 0x0, 0x1, 0xf4, 0x7, 0xef, 0xff, 0x53,
    0xf6, 0x1, 0xf5, 0x3f, 0x84, 0xbf, 0x50, 0xaf,
    0xe5, 0xf5,

    /* U+01E0 "Ǡ" */
    0x3, 0xff, 0xf6, 0x0, 0x0, 0x4f, 0x60, 0x0,
    0x0, 0x3f, 0x60, 0x0, 0x0, 0x0, 0x0, 0x0,
    0x0, 0x7f, 0xa0, 0x0, 0x0, 0xbd, 0xe0, 0x0,
    0x0, 0xf6, 0xf3, 0x0, 0x4, 0xf1, 0xd7, 0x0,
    0x9, 0xd1, 0xac, 0x0, 0xd, 0xff, 0xff, 0x10,
    0x2f, 0x64, 0x4f, 0x50, 0x6f, 0x0, 0xd, 0x90,
    0xbc, 0x0, 0x9, 0xe0,

    /* U+01E1 "ǡ" */
    0x1, 0xff, 0xf7, 0x0, 0x2, 0xf7, 0x0, 0x0,
    0x2e, 0x60, 0x0, 0x0, 0x0, 0x0, 0x8, 0xef,
    0xe6, 0x0, 0x67, 0x4a, 0xf2, 0x0, 0x0, 0x1f,
    0x40, 0x7e, 0xff, 0xf5, 0x3f, 0x60, 0x1f, 0x53,
    0xf8, 0x4b, 0xf5, 0xa, 0xfe, 0x5f, 0x50,

    /* U+01E2 "Ǣ" */
    0x0, 0xdf, 0xfb, 0x0, 0x2, 0x22, 0x10, 0x0,
    0xff, 0xff, 0xb0, 0x2f, 0xae, 0x53, 0x6, 0xe7,
    0xd0, 0x0, 0x9b, 0x7d, 0x10, 0xd, 0x87, 0xfe,
    0x71, 0xff, 0xfd, 0x0, 0x4f, 0x49, 0xd0, 0x8,
    0xd0, 0x7e, 0x54, 0xba, 0x7, 0xff, 0xb0,

    /* U+01E3 "ǣ" */
    0x3, 0xff, 0xf6, 0x0, 0x0, 0x22, 0x20, 0x0,
    0x3e, 0xf8, 0xde, 0x40, 0x16, 0x7f, 0xba, 0xc0,
    0x0, 0xf, 0x44, 0xf0, 0x3d, 0xef, 0xff, 0xf0,
    0xba, 0x2f, 0x51, 0x10, 0xca, 0x7f, 0xb4, 0x50,
    0x5f, 0xd3, 0xcf, 0x90,

    /* U+01E4 "Ǥ" */
    0x1, 0x9e, 0xfd, 0x30, 0xc, 0xf8, 0x69, 0x10,
    0x3f, 0x60, 0x0, 0x0, 0x7f, 0x0, 0x0, 0x0,
    0x8f, 0x3, 0xff, 0x80, 0x8f, 0x0, 0x3d, 0x80,
    0x4f, 0x43, 0xff, 0xf3, 0xd, 0xe7, 0x7e, 0x90,
    0x1, 0xaf, 0xfd, 0x50,

    /* U+01E5 "ǥ" */
    0x6, 0xef, 0x7e, 0x70, 0x1f, 0xc5, 0xbf, 0x70,
    0x5f, 0x30, 0x1f, 0x70, 0x7f, 0x10, 0xf, 0x70,
    0x6f, 0x30, 0xf, 0x70, 0x1f, 0xb4, 0x9f, 0x70,
    0x6, 0xee, 0x8f, 0x70, 0x0, 0x1f, 0xff, 0xf2,
    0x8, 0x53, 0x9f, 0x20, 0x9, 0xef, 0xe5, 0x0,

    /* U+01E6 "Ǧ" */
    0x1, 0xd5, 0x8b, 0x0, 0x3, 0xfe, 0x10, 0x0,
    0x0, 0x0, 0x0, 0x19, 0xef, 0xd3, 0xc, 0xf8,
    0x69, 0x13, 0xf6, 0x0, 0x0, 0x7f, 0x0, 0x11,
    0x8, 0xf0, 0x2f, 0xf8, 0x8f, 0x0, 0x4d, 0x84,
    0xf5, 0x0, 0xd8, 0xd, 0xe7, 0x6e, 0x80, 0x1a,
    0xff, 0xd5,

    /* U+01E7 "ǧ" */
    0x4, 0xd2, 0xb7, 0x0, 0x9, 0xfc, 0x0, 0x0,
    0x4, 0x10, 0x0, 0x5e, 0xf7, 0xd7, 0x1f, 0xc5,
    0xaf, 0x75, 0xf3, 0x1, 0xf7, 0x7f, 0x10, 0xf,
    0x75, 0xf3, 0x0, 0xf7, 0x1f, 0xc5, 0xaf, 0x70,
    0x5e, 0xf8, 0xf7, 0x0, 0x0, 0x1f, 0x60, 0xa6,
    0x5b, 0xf2, 0xb, 0xff, 0xd4, 0x0,

    /* U+01E8 "Ǩ" */
    0x3, 0xd3, 0xc7, 0x0, 0x7, 0xfa, 0x0, 0x0,
    0x0, 0x0, 0x5, 0xf2, 0x4, 0xf5, 0x5f, 0x21,
    0xea, 0x5, 0xf2, 0xae, 0x10, 0x5f, 0x6f, 0x40,
    0x5, 0xfe, 0xf2, 0x0, 0x5f, 0x9d, 0xb0, 0x5,
    0xf2, 0x5f, 0x40, 0x5f, 0x20, 0xcd, 0x5, 0xf2,
    0x4, 0xf6,

    /* U+01E9 "ǩ" */
    0x0, 0x71, 0x7, 0x10, 0x5, 0xdc, 0x80, 0x0,
    0x6, 0x70, 0x1, 0xf6, 0x0, 0x0, 0x1f, 0x60,
    0x0, 0x1, 0xf6, 0x0, 0x0, 0x1f, 0x60, 0x5f,
    0x61, 0xf6, 0x3f, 0x80, 0x1f, 0x7e, 0xb0, 0x1,
    0xfe, 0xfb, 0x0, 0x1f, 0xb5, 0xf5, 0x1, 0xf6,
    0xa, 0xe1, 0x1f, 0x60, 0x1e, 0xa0,

    /* U+01EA "Ǫ" */
    0x3, 0xcf, 0xd5, 0x0, 0xed, 0x6b, 0xf2, 0x5f,
    0x30, 0xf, 0x88, 0xf0, 0x0, 0xdb, 0x8f, 0x0,
    0xc, 0xc8, 0xf0, 0x0, 0xcb, 0x5f, 0x30, 0xf,
    0x80, 0xed, 0x6b, 0xf2, 0x3, 0xcf, 0xe5, 0x0,
    0x2, 0xd0, 0x0, 0x0, 0x7a, 0x0, 0x0, 0x3,
    0xea, 0x0,

    /* U+01EB "ǫ" */
    0x3, 0xcf, 0xd5, 0x1, 0xec, 0x4a, 0xf3, 0x5f,
    0x20, 0xf, 0x87, 0xf1, 0x0, 0xea, 0x5f, 0x30,
    0xf, 0x81, 0xec, 0x4a, 0xf3, 0x3, 0xcf, 0xe5,
    0x0, 0x2, 0xd0, 0x0, 0x0, 0x7a, 0x0, 0x0,
    0x3, 0xea, 0x0,

    /* U+01EC "Ǭ" */
    0x3, 0xff, 0xf6, 0x0, 0x2, 0x22, 0x10, 0x3,
    0xcf, 0xd5, 0x0, 0xed, 0x6b, 0xf2, 0x5f, 0x30,
    0xf, 0x88, 0xf0, 0x0, 0xdb, 0x8f, 0x0, 0xc,
    0xc8, 0xf0, 0x0, 0xcb, 0x5f, 0x30, 0xf, 0x80,
    0xed, 0x6b, 0xf2, 0x3, 0xcf, 0xe5, 0x0, 0x2,
    0xd0, 0x0, 0x0, 0x7a, 0x0, 0x0, 0x3, 0xea,
    0x0,

    /* U+01ED "ǭ" */
    0x3, 0xff, 0xf6, 0x0, 0x2, 0x22, 0x0, 0x3,
    0xcf, 0xd5, 0x1, 0xec, 0x4a, 0xf3, 0x5f, 0x20,
    0xf, 0x87, 0xf1, 0x0, 0xea, 0x5f, 0x30, 0xf,
    0x81, 0xec, 0x4a, 0xf3, 0x3, 0xcf, 0xe5, 0x0,
    0x2, 0xd0, 0x0, 0x0, 0x7a, 0x0, 0x0, 0x3,
    0xea, 0x0,

    /* U+01EE "Ǯ" */
    0x3, 0xd3, 0xc7, 0x0, 0x7, 0xfa, 0x0, 0x0,
    0x0, 0x0, 0x4, 0xff, 0xff, 0xf2, 0x15, 0x57,
    0xfb, 0x0, 0x2, 0xeb, 0x0, 0x1, 0xed, 0x20,
    0x0, 0x3e, 0xff, 0xb0, 0x0, 0x0, 0x5f, 0x60,
    0x0, 0x1, 0xf7, 0x68, 0x55, 0xbf, 0x35, 0xdf,
    0xfc, 0x50,

    /* U+01EF "ǯ" */
    0x6, 0xc3, 0xd4, 0x0, 0xa, 0xf7, 0x0, 0x0,
    0x0, 0x0, 0x4, 0xff, 0xff, 0xf3, 0x14, 0x45,
    0xfb, 0x0, 0x0, 0xcc, 0x0, 0x0, 0xbd, 0x10,
    0x0, 0x3f, 0xfe, 0x60, 0x0, 0x12, 0xaf, 0x30,
    0x0, 0x1, 0xf7, 0x0, 0x0, 0x2f, 0x66, 0x85,
    0x5d, 0xf1, 0x4d, 0xff, 0xc3, 0x0,

    /* U+01F0 "ǰ" */
    0x0, 0xb7, 0x4d, 0x10, 0x1, 0xff, 0x40, 0x0,
    0x1, 0x20, 0x0, 0x7f, 0xff, 0x0, 0x0, 0x3a,
    0xf0, 0x0, 0x0, 0x7f, 0x0, 0x0, 0x7, 0xf0,
    0x0, 0x0, 0x7f, 0x0, 0x0, 0x7, 0xf0, 0x0,
    0x0, 0x7f, 0x0, 0x0, 0x8, 0xf0, 0x3, 0x66,
    0xec, 0x0, 0x5e, 0xfc, 0x30, 0x0,

    /* U+01F1 "Ǳ" */
    0xcf, 0xfe, 0x80, 0xc, 0xff, 0xff, 0x2c, 0xc5,
    0x8f, 0x90, 0x45, 0x5c, 0xe0, 0xcb, 0x0, 0x8f,
    0x10, 0x2, 0xf6, 0xc, 0xb0, 0x4, 0xf4, 0x0,
    0xad, 0x0, 0xcb, 0x0, 0x3f, 0x50, 0x3f, 0x50,
    0xc, 0xb0, 0x4, 0xf3, 0xb, 0xc0, 0x0, 0xcb,
    0x0, 0x9f, 0x4, 0xf3, 0x0, 0xc, 0xc5, 0x9f,
    0x80, 0xdd, 0x55, 0x51, 0xcf, 0xfe, 0x70, 0xf,
    0xff, 0xff, 0x30,

    /* U+01F2 "ǲ" */
    0x5f, 0xff, 0xb3, 0x0, 0x0, 0x0, 0x0, 0x5f,
    0x66, 0xde, 0x10, 0x0, 0x0, 0x0, 0x5f, 0x20,
    0x2f, 0x80, 0xbf, 0xff, 0xf6, 0x5f, 0x20, 0xd,
    0xb0, 0x23, 0x3c, 0xf2, 0x5f, 0x20, 0xc, 0xc0,
    0x0, 0x5f, 0x50, 0x5f, 0x20, 0xd, 0xa0, 0x2,
    0xf9, 0x0, 0x5f, 0x20, 0x2f, 0x70, 0xc, 0xc0,
    0x0, 0x5f, 0x67, 0xee, 0x10, 0x8f, 0x75, 0x52,
    0x5f, 0xff, 0xb2, 0x0, 0xef, 0xff, 0xf8,

    /* U+01F3 "ǳ" */
    0x0, 0x0, 0xf, 0x70, 0x0, 0x0, 0x0, 0x0,
    0x0, 0xf, 0x70, 0x0, 0x0, 0x0, 0x0, 0x0,
    0xf, 0x70, 0x0, 0x0, 0x0, 0x5, 0xef, 0x8f,
    0x70, 0xbf, 0xff, 0xf6, 0x1f, 0xc5, 0xaf, 0x70,
    0x34, 0x4c, 0xf3, 0x5f, 0x30, 0x1f, 0x70, 0x0,
    0x5f, 0x60, 0x7f, 0x10, 0xf, 0x70, 0x2, 0xfa,
    0x0, 0x5f, 0x20, 0xf, 0x70, 0xd, 0xd0, 0x0,
    0x1f, 0xb5, 0xaf, 0x70, 0x9f, 0x74, 0x42, 0x6,
    0xef, 0x7d, 0x70, 0xef, 0xff, 0xf8,

    /* U+01F4 "Ǵ" */
    0x0, 0x0, 0xeb, 0x0, 0x0, 0x8b, 0x0, 0x0,
    0x0, 0x0, 0x0, 0x19, 0xef, 0xd3, 0xc, 0xf8,
    0x69, 0x13, 0xf6, 0x0, 0x0, 0x7f, 0x0, 0x11,
    0x8, 0xf0, 0x2f, 0xf8, 0x8f, 0x0, 0x4d, 0x84,
    0xf5, 0x0, 0xd8, 0xd, 0xe7, 0x6e, 0x80, 0x1a,
    0xff, 0xd5,

    /* U+01F5 "ǵ" */
    0x0, 0x3, 0xf7, 0x0, 0x0, 0xb9, 0x0, 0x0,
    0x3, 0x0, 0x0, 0x5e, 0xf7, 0xd7, 0x1f, 0xc5,
    0xaf, 0x75, 0xf3, 0x1, 0xf7, 0x7f, 0x10, 0xf,
    0x75, 0xf3, 0x0, 0xf7, 0x1f, 0xc5, 0xaf, 0x70,
    0x5e, 0xf8, 0xf7, 0x0, 0x0, 0x1f, 0x60, 0xa6,
    0x5b, 0xf2, 0xb, 0xff, 0xd4, 0x0,

    /* U+01F6 "Ƕ" */
    0x5f, 0xf, 0x50, 0x5, 0xf0, 0xf5, 0x0, 0x5f,
    0xf, 0x5b, 0x95, 0xf0, 0xf5, 0xb9, 0x5f, 0xff,
    0x5b, 0x95, 0xf3, 0xf5, 0xb9, 0x5f, 0xf, 0x5b,
    0x95, 0xf0, 0xf8, 0xd8, 0x5f, 0x8, 0xfd, 0x20,

    /* U+01F7 "Ƿ" */
    0x1f, 0x5c, 0xfb, 0x1, 0xff, 0x56, 0xf7, 0x1f,
    0xa0, 0xd, 0xb1, 0xf7, 0x0, 0xcb, 0x1f, 0x70,
    0xf, 0x91, 0xf7, 0x6, 0xf4, 0x1f, 0x73, 0xfb,
    0x1, 0xfd, 0xfc, 0x10, 0x1f, 0xe7, 0x0, 0x1,
    0xf7, 0x0, 0x0, 0x1f, 0x70, 0x0, 0x1, 0xf7,
    0x0, 0x0,

    /* U+01F8 "Ǹ" */
    0x0, 0xdb, 0x0, 0x0, 0x1, 0xd6, 0x0, 0x0,
    0x0, 0x0, 0x5, 0xfd, 0x0, 0xd8, 0x5f, 0xf2,
    0xd, 0x85, 0xeb, 0x80, 0xd8, 0x5f, 0x5e, 0xd,
    0x85, 0xf1, 0xf3, 0xd8, 0x5f, 0xa, 0x9c, 0x85,
    0xf0, 0x4e, 0xc8, 0x5f, 0x0, 0xef, 0x85, 0xf0,
    0x9, 0xf8,

    /* U+01F9 "ǹ" */
    0x0, 0xdb, 0x0, 0x0, 0x1, 0xe5, 0x0, 0x0,
    0x0, 0x10, 0x3, 0xf6, 0xef, 0xa0, 0x3f, 0xd3,
    0x7f, 0x53, 0xf6, 0x0, 0xf7, 0x3f, 0x40, 0xf,
    0x73, 0xf4, 0x0, 0xf7, 0x3f, 0x40, 0xf, 0x73,
    0xf4, 0x0, 0xf7,

    /* U+01FA "Ǻ" */
    0x0, 0x0, 0x74, 0x0, 0x0, 0x8, 0xd1, 0x0,
    0x0, 0x7, 0x10, 0x0, 0x0, 0x6d, 0x80, 0x0,
    0x0, 0xc2, 0xd0, 0x0, 0x0, 0x8f, 0xb0, 0x0,
    0x0, 0xbe, 0xe0, 0x0, 0x0, 0xf7, 0xf3, 0x0,
    0x4, 0xf1, 0xe7, 0x0, 0x9, 0xd1, 0xac, 0x0,
    0xd, 0xff, 0xff, 0x10, 0x2f, 0x64, 0x4f, 0x50,
    0x6f, 0x0, 0xd, 0x90, 0xbc, 0x0, 0x9, 0xe0,

    /* U+01FB "ǻ" */
    0x0, 0x0, 0x75, 0x0, 0x0, 0x7e, 0x20, 0x0,
    0x7, 0x20, 0x0, 0x4, 0xc9, 0x0, 0x0, 0xa2,
    0xd0, 0x0, 0x4, 0xc9, 0x0, 0x0, 0x0, 0x0,
    0x0, 0x8e, 0xfe, 0x60, 0x6, 0x74, 0xaf, 0x20,
    0x0, 0x1, 0xf4, 0x7, 0xef, 0xff, 0x53, 0xf6,
    0x1, 0xf5, 0x3f, 0x84, 0xbf, 0x50, 0xaf, 0xe5,
    0xf5,

    /* U+01FC "Ǽ" */
    0x0, 0x0, 0xdb, 0x0, 0x0, 0x8b, 0x0, 0x0,
    0x0, 0x0, 0x0, 0xf, 0xff, 0xfb, 0x2, 0xfa,
    0xe5, 0x30, 0x6e, 0x7d, 0x0, 0x9, 0xb7, 0xd1,
    0x0, 0xd8, 0x7f, 0xe7, 0x1f, 0xff, 0xd0, 0x4,
    0xf4, 0x9d, 0x0, 0x8d, 0x7, 0xe5, 0x4b, 0xa0,
    0x7f, 0xfb,

    /* U+01FD "ǽ" */
    0x0, 0x3, 0xf7, 0x0, 0x0, 0xc, 0x90, 0x0,
    0x0, 0x3, 0x0, 0x0, 0x3e, 0xf8, 0xde, 0x40,
    0x16, 0x7f, 0xba, 0xc0, 0x0, 0xf, 0x44, 0xf0,
    0x3d, 0xef, 0xff, 0xf0, 0xba, 0x2f, 0x51, 0x10,
    0xca, 0x7f, 0xb4, 0x50, 0x5f, 0xd3, 0xcf, 0x90,

    /* U+01FE "Ǿ" */
    0x0, 0x3, 0xf6, 0x0, 0x0, 0xd6, 0x0, 0x0,
    0x0, 0x0, 0x20, 0x3c, 0xfd, 0xba, 0xe, 0xd6,
    0xcf, 0x45, 0xf3, 0xc, 0xf8, 0x8f, 0x6, 0xdd,
    0xb8, 0xf1, 0xe4, 0xcc, 0x8f, 0xaa, 0xc, 0xb5,
    0xfe, 0x10, 0xf8, 0x1f, 0xd6, 0xbf, 0x26, 0xdc,
    0xfd, 0x50, 0x1, 0x0, 0x0, 0x0,

    /* U+01FF "ǿ" */
    0x0, 0x3, 0xf7, 0x0, 0x0, 0xc9, 0x0, 0x0,
    0x3, 0x1, 0x0, 0x3c, 0xfd, 0xe2, 0x1e, 0xc4,
    0xdf, 0x35, 0xf2, 0x4d, 0xf8, 0x7f, 0x2e, 0x3e,
    0xa5, 0xfc, 0x90, 0xf8, 0x1e, 0xf5, 0xaf, 0x30,
    0xdd, 0xfd, 0x50, 0x1, 0x0, 0x0, 0x0,

    /* U+0200 "Ȁ" */
    0xd, 0xaa, 0xd0, 0x0, 0x1, 0xd3, 0xb6, 0x0,
    0x0, 0x0, 0x0, 0x0, 0x0, 0x7f, 0xa0, 0x0,
    0x0, 0xbd, 0xe0, 0x0, 0x0, 0xf6, 0xf3, 0x0,
    0x4, 0xf1, 0xd7, 0x0, 0x9, 0xd1, 0xac, 0x0,
    0xd, 0xff, 0xff, 0x10, 0x2f, 0x64, 0x4f, 0x50,
    0x6f, 0x0, 0xd, 0x90, 0xbc, 0x0, 0x9, 0xe0,

    /* U+0201 "ȁ" */
    0xc, 0xb8, 0xe0, 0x0, 0x1d, 0x4a, 0x80, 0x0,
    0x0, 0x0, 0x0, 0x8e, 0xfe, 0x60, 0x6, 0x74,
    0xaf, 0x20, 0x0, 0x1, 0xf4, 0x7, 0xef, 0xff,
    0x53, 0xf6, 0x1, 0xf5, 0x3f, 0x84, 0xbf, 0x50,
    0xaf, 0xe5, 0xf5,

    /* U+0202 "Ȃ" */
    0x0, 0x9e, 0xb0, 0x0, 0x4, 0xb2, 0x97, 0x0,
    0x0, 0x0, 0x0, 0x0, 0x0, 0x7f, 0xa0, 0x0,
    0x0, 0xbd, 0xe0, 0x0, 0x0, 0xf6, 0xf3, 0x0,
    0x4, 0xf1, 0xd7, 0x0, 0x9, 0xd1, 0xac, 0x0,
    0xd, 0xff, 0xff, 0x10, 0x2f, 0x64, 0x4f, 0x50,
    0x6f, 0x0, 0xd, 0x90, 0xbc, 0x0, 0x9, 0xe0,

    /* U+0203 "ȃ" */
    0x0, 0x9f, 0xc1, 0x0, 0x3c, 0x18, 0x80, 0x0,
    0x0, 0x0, 0x0, 0x8e, 0xfe, 0x60, 0x6, 0x74,
    0xaf, 0x20, 0x0, 0x1, 0xf4, 0x7, 0xef, 0xff,
    0x53, 0xf6, 0x1, 0xf5, 0x3f, 0x84, 0xbf, 0x50,
    0xaf, 0xe5, 0xf5,

    /* U+0204 "Ȅ" */
    0xc, 0xb9, 0xe0, 0x0, 0x1d, 0x4a, 0x70, 0x0,
    0x0, 0x0, 0x0, 0xff, 0xff, 0xf4, 0xf, 0xa5,
    0x55, 0x10, 0xf7, 0x0, 0x0, 0xf, 0x81, 0x11,
    0x0, 0xff, 0xff, 0xf1, 0xf, 0xa4, 0x44, 0x0,
    0xf7, 0x0, 0x0, 0xf, 0xa6, 0x66, 0x10, 0xff,
    0xff, 0xf4,

    /* U+0205 "ȅ" */
    0xc, 0xb8, 0xe0, 0x0, 0x1d, 0x4a, 0x80, 0x0,
    0x0, 0x0, 0x0, 0x2c, 0xfe, 0x50, 0xe, 0xd4,
    0x8f, 0x24, 0xf4, 0x0, 0xe7, 0x5f, 0xff, 0xff,
    0x83, 0xf5, 0x22, 0x21, 0xd, 0xd6, 0x57, 0x30,
    0x2a, 0xff, 0xd3,

    /* U+0206 "Ȇ" */
    0x9, 0xeb, 0x10, 0x3c, 0x28, 0x80, 0x0, 0x0,
    0x0, 0xff, 0xff, 0xf4, 0xfa, 0x55, 0x51, 0xf7,
    0x0, 0x0, 0xf8, 0x11, 0x10, 0xff, 0xff, 0xf1,
    0xfa, 0x44, 0x40, 0xf7, 0x0, 0x0, 0xfa, 0x66,
    0x61, 0xff, 0xff, 0xf4,

    /* U+0207 "ȇ" */
    0x0, 0x9f, 0xd1, 0x0, 0x3c, 0x17, 0x90, 0x0,
    0x0, 0x0, 0x0, 0x2c, 0xfe, 0x50, 0xe, 0xd4,
    0x8f, 0x24, 0xf4, 0x0, 0xe7, 0x5f, 0xff, 0xff,
    0x83, 0xf5, 0x22, 0x21, 0xd, 0xd6, 0x57, 0x30,
    0x2a, 0xff, 0xd3,

    /* U+0208 "Ȉ" */
    0xd, 0xaa, 0xd0, 0x0, 0x1d, 0x3b, 0x60, 0x0,
    0x0, 0x0, 0x0, 0xdf, 0xff, 0xf0, 0x1, 0x5f,
    0x72, 0x0, 0x2, 0xf5, 0x0, 0x0, 0x2f, 0x50,
    0x0, 0x2, 0xf5, 0x0, 0x0, 0x2f, 0x50, 0x0,
    0x2, 0xf5, 0x0, 0x1, 0x5f, 0x72, 0x0, 0xdf,
    0xff, 0xf0,

    /* U+0209 "ȉ" */
    0xd, 0xaa, 0xd0, 0x0, 0x1d, 0x3b, 0x60, 0x0,
    0x0, 0x0, 0x0, 0xef, 0xf8, 0x0, 0x2, 0x4f,
    0x80, 0x0, 0x0, 0xf8, 0x0, 0x0, 0xf, 0x80,
    0x0, 0x0, 0xf8, 0x0, 0x1, 0x4f, 0xa2, 0x3,
    0xff, 0xff, 0xf8,

    /* U+020A "Ȋ" */
    0x9, 0xeb, 0x0, 0x4b, 0x29, 0x70, 0x0, 0x0,
    0x0, 0xdf, 0xff, 0xf0, 0x15, 0xf7, 0x20, 0x2,
    0xf5, 0x0, 0x2, 0xf5, 0x0, 0x2, 0xf5, 0x0,
    0x2, 0xf5, 0x0, 0x2, 0xf5, 0x0, 0x15, 0xf7,
    0x20, 0xdf, 0xff, 0xf0,

    /* U+020B "ȋ" */
    0x0, 0xaf, 0xc1, 0x0, 0x4b, 0x18, 0x70, 0x0,
    0x0, 0x0, 0x0, 0xef, 0xf8, 0x0, 0x2, 0x4f,
    0x80, 0x0, 0x0, 0xf8, 0x0, 0x0, 0xf, 0x80,
    0x0, 0x0, 0xf8, 0x0, 0x1, 0x4f, 0xa2, 0x3,
    0xff, 0xff, 0xf8,

    /* U+020C "Ȍ" */
    0xd, 0xaa, 0xd0, 0x0, 0x1d, 0x3b, 0x60, 0x0,
    0x0, 0x0, 0x0, 0x3c, 0xfd, 0x50, 0xe, 0xd6,
    0xbf, 0x25, 0xf3, 0x0, 0xf8, 0x8f, 0x0, 0xd,
    0xb8, 0xf0, 0x0, 0xcc, 0x8f, 0x0, 0xc, 0xb5,
    0xf3, 0x0, 0xf8, 0xe, 0xd6, 0xbf, 0x20, 0x3c,
    0xfd, 0x50,

    /* U+020D "ȍ" */
    0xd, 0xaa, 0xd0, 0x0, 0x1d, 0x3b, 0x60, 0x0,
    0x0, 0x0, 0x0, 0x3c, 0xfd, 0x50, 0x1e, 0xc4,
    0xaf, 0x35, 0xf2, 0x0, 0xf8, 0x7f, 0x10, 0xe,
    0xa5, 0xf3, 0x0, 0xf8, 0x1e, 0xc4, 0xaf, 0x30,
    0x3c, 0xfd, 0x50,

    /* U+020E "Ȏ" */
    0x0, 0x9e, 0xb0, 0x0, 0x4c, 0x29, 0x70, 0x0,
    0x0, 0x0, 0x0, 0x3c, 0xfd, 0x50, 0xe, 0xd6,
    0xbf, 0x25, 0xf3, 0x0, 0xf8, 0x8f, 0x0, 0xd,
    0xb8, 0xf0, 0x0, 0xcc, 0x8f, 0x0, 0xc, 0xb5,
    0xf3, 0x0, 0xf8, 0xe, 0xd6, 0xbf, 0x20, 0x3c,
    0xfd, 0x50,

    /* U+020F "ȏ" */
    0x0, 0xaf, 0xc1, 0x0, 0x4b, 0x19, 0x70, 0x0,
    0x0, 0x0, 0x0, 0x3c, 0xfd, 0x50, 0x1e, 0xc4,
    0xaf, 0x35, 0xf2, 0x0, 0xf8, 0x7f, 0x10, 0xe,
    0xa5, 0xf3, 0x0, 0xf8, 0x1e, 0xc4, 0xaf, 0x30,
    0x3c, 0xfd, 0x50,

    /* U+0210 "Ȑ" */
    0xd, 0xaa, 0xd0, 0x0, 0x1d, 0x3b, 0x60, 0x0,
    0x0, 0x0, 0x0, 0xff, 0xfd, 0x50, 0xf, 0xa6,
    0xcf, 0x10, 0xf8, 0x3, 0xf4, 0xf, 0x81, 0x9f,
    0x10, 0xff, 0xff, 0x60, 0xf, 0xa8, 0xf2, 0x0,
    0xf8, 0xe, 0xa0, 0xf, 0x80, 0x6f, 0x20, 0xf8,
    0x0, 0xeb,

    /* U+0211 "ȑ" */
    0x7, 0xf5, 0xf4, 0x0, 0x9, 0x95, 0xc0, 0x0,
    0x0, 0x0, 0x2, 0xff, 0xa8, 0xfc, 0x3, 0xbf,
    0xc6, 0x40, 0x9, 0xf1, 0x0, 0x0, 0x9e, 0x0,
    0x0, 0x9, 0xe0, 0x0, 0x3, 0xbe, 0x30, 0x6,
    0xff, 0xff, 0xa0,

    /* U+0212 "Ȓ" */
    0x9, 0xeb, 0x0, 0x4b, 0x29, 0x70, 0x0, 0x0,
    0x0, 0xff, 0xfd, 0x50, 0xfa, 0x6c, 0xf1, 0xf8,
    0x3, 0xf4, 0xf8, 0x19, 0xf1, 0xff, 0xff, 0x60,
    0xfa, 0x8f, 0x20, 0xf8, 0xe, 0xa0, 0xf8, 0x6,
    0xf2, 0xf8, 0x0, 0xeb,

    /* U+0213 "ȓ" */
    0x0, 0x5e, 0xe5, 0x0, 0xd, 0x33, 0xd0, 0x0,
    0x0, 0x0, 0x2, 0xff, 0xa8, 0xfc, 0x3, 0xbf,
    0xc6, 0x40, 0x9, 0xf1, 0x0, 0x0, 0x9e, 0x0,
    0x0, 0x9, 0xe0, 0x0, 0x3, 0xbe, 0x30, 0x6,
    0xff, 0xff, 0xa0,

    /* U+0214 "Ȕ" */
    0xd, 0xaa, 0xd0, 0x0, 0x1d, 0x3b, 0x60, 0x0,
    0x0, 0x0, 0x5, 0xf2, 0x0, 0xf8, 0x5f, 0x20,
    0xf, 0x85, 0xf2, 0x0, 0xf8, 0x5f, 0x20, 0xf,
    0x85, 0xf2, 0x0, 0xf8, 0x5f, 0x20, 0xf, 0x84,
    0xf4, 0x1, 0xf7, 0x1f, 0xc6, 0xbf, 0x30, 0x4d,
    0xfe, 0x60,

    /* U+0215 "ȕ" */
    0xd, 0xaa, 0xd0, 0x0, 0x1d, 0x3b, 0x60, 0x0,
    0x0, 0x0, 0x4, 0xf3, 0x1, 0xf7, 0x4f, 0x30,
    0x1f, 0x74, 0xf3, 0x1, 0xf7, 0x4f, 0x30, 0x1f,
    0x74, 0xf3, 0x3, 0xf7, 0x2f, 0xb5, 0xbf, 0x70,
    0x8f, 0xe7, 0xd7,

    /* U+0216 "Ȗ" */
    0x0, 0x9e, 0xb0, 0x0, 0x4b, 0x29, 0x70, 0x0,
    0x0, 0x0, 0x5, 0xf2, 0x0, 0xf8, 0x5f, 0x20,
    0xf, 0x85, 0xf2, 0x0, 0xf8, 0x5f, 0x20, 0xf,
    0x85, 0xf2, 0x0, 0xf8, 0x5f, 0x20, 0xf, 0x84,
    0xf4, 0x1, 0xf7, 0x1f, 0xc6, 0xbf, 0x30, 0x4d,
    0xfe, 0x60,

    /* U+0217 "ȗ" */
    0x0, 0xaf, 0xc1, 0x0, 0x4b, 0x18, 0x70, 0x0,
    0x0, 0x0, 0x4, 0xf3, 0x1, 0xf7, 0x4f, 0x30,
    0x1f, 0x74, 0xf3, 0x1, 0xf7, 0x4f, 0x30, 0x1f,
    0x74, 0xf3, 0x3, 0xf7, 0x2f, 0xb5, 0xbf, 0x70,
    0x8f, 0xe7, 0xd7,

    /* U+0218 "Ș" */
    0x2, 0xcf, 0xfb, 0x10, 0xce, 0x66, 0xa0, 0xe,
    0xa0, 0x0, 0x0, 0x9f, 0x60, 0x0, 0x0, 0x8f,
    0xe5, 0x0, 0x0, 0x1a, 0xf3, 0x0, 0x0, 0x1f,
    0x71, 0xa6, 0x5a, 0xf3, 0xb, 0xff, 0xd6, 0x0,
    0x0, 0x0, 0x0, 0x0, 0x2f, 0x20, 0x0, 0x6,
    0xa0, 0x0,

    /* U+0219 "ș" */
    0x4d, 0xff, 0xb0, 0xcd, 0x56, 0x70, 0xbe, 0x50,
    0x0, 0x1a, 0xfe, 0x50, 0x0, 0x1b, 0xf0, 0xa6,
    0x4b, 0xf1, 0xbf, 0xfe, 0x60, 0x0, 0x0, 0x0,
    0x1, 0xf2, 0x0, 0x5, 0xa0, 0x0,

    /* U+021A "Ț" */
    0x9f, 0xff, 0xff, 0xc3, 0x57, 0xf9, 0x54, 0x0,
    0x2f, 0x50, 0x0, 0x2, 0xf5, 0x0, 0x0, 0x2f,
    0x50, 0x0, 0x2, 0xf5, 0x0, 0x0, 0x2f, 0x50,
    0x0, 0x2, 0xf5, 0x0, 0x0, 0x2f, 0x50, 0x0,
    0x0, 0x0, 0x0, 0x0, 0x2f, 0x20, 0x0, 0x6,
    0xa0, 0x0,

    /* U+021B "ț" */
    0x0, 0x35, 0x0, 0x0, 0x9, 0xb0, 0x0, 0x4d,
    0xff, 0xff, 0x31, 0x5d, 0xd5, 0x51, 0x0, 0xcb,
    0x0, 0x0, 0xc, 0xb0, 0x0, 0x0, 0xbc, 0x0,
    0x0, 0xa, 0xf6, 0x52, 0x0, 0x2c, 0xfe, 0x40,
    0x0, 0x0, 0x0, 0x0, 0x5, 0xe0, 0x0, 0x0,
    0x97, 0x0,

    /* U+021C "Ȝ" */
    0x8, 0xdf, 0xe7, 0x1, 0xd7, 0x5a, 0xf3, 0x0,
    0x0, 0x2f, 0x50, 0x0, 0x1a, 0xf1, 0x0, 0xcf,
    0xf8, 0x0, 0x7, 0x36, 0xf4, 0x0, 0x0, 0xf,
    0x90, 0x0, 0x0, 0xf8, 0x0, 0x0, 0xaf, 0x20,
    0x27, 0xef, 0x60, 0x4f, 0xf9, 0x20, 0x2, 0x40,
    0x0, 0x0,

    /* U+021D "ȝ" */
    0x2b, 0xef, 0xd5, 0x1, 0x95, 0x4b, 0xf1, 0x0,
    0x0, 0x5f, 0x20, 0x2, 0x7e, 0xa0, 0x3, 0xfc,
    0xeb, 0x0, 0x1, 0x1, 0xf6, 0x0, 0x0, 0xf,
    0x70, 0x0, 0x1a, 0xf2, 0x27, 0xbf, 0xe4, 0x8,
    0xda, 0x50, 0x0, 0x0, 0x0, 0x0, 0x0,

    /* U+021E "Ȟ" */
    0x3, 0xd3, 0xc7, 0x0, 0x7, 0xfa, 0x0, 0x0,
    0x0, 0x0, 0x5, 0xf2, 0x0, 0xf8, 0x5f, 0x20,
    0xf, 0x85, 0xf2, 0x0, 0xf8, 0x5f, 0x31, 0x1f,
    0x85, 0xff, 0xff, 0xf8, 0x5f, 0x64, 0x4f, 0x85,
    0xf2, 0x0, 0xf8, 0x5f, 0x20, 0xf, 0x85, 0xf2,
    0x0, 0xf8,

    /* U+021F "ȟ" */
    0x35, 0x4, 0x40, 0x0, 0x1d, 0xae, 0x10, 0x0,
    0x2, 0x83, 0x0, 0x0, 0x3, 0xf4, 0x0, 0x0,
    0x3, 0xf4, 0x0, 0x0, 0x3, 0xf4, 0x0, 0x0,
    0x3, 0xf7, 0xef, 0xa0, 0x3, 0xfd, 0x59, 0xf5,
    0x3, 0xf6, 0x0, 0xf7, 0x3, 0xf4, 0x0, 0xf7,
    0x3, 0xf4, 0x0, 0xf7, 0x3, 0xf4, 0x0, 0xf7,
    0x3, 0xf4, 0x0, 0xf7,

    /* U+0220 "Ƞ" */
    0x2f, 0x6d, 0xfa, 0x2, 0xfe, 0x48, 0xf5, 0x2f,
    0x80, 0xf, 0x82, 0xf6, 0x0, 0xf8, 0x2f, 0x60,
    0xf, 0x82, 0xf6, 0x0, 0xf8, 0x2f, 0x60, 0xf,
    0x82, 0xf6, 0x0, 0xf8, 0x2f, 0x60, 0xf, 0x80,
    0x0, 0x0, 0xf8, 0x0, 0x0, 0xf, 0x80, 0x0,
    0x0, 0xf8,

    /* U+0221 "ȡ" */
    0x0, 0xe, 0x60, 0x0, 0x0, 0xe, 0x60, 0x0,
    0x0, 0xe, 0x60, 0x0, 0x1d, 0xde, 0x60, 0x0,
    0x7d, 0x3f, 0x60, 0x0, 0xa9, 0xe, 0x60, 0x0,
    0xb9, 0xe, 0x60, 0x0, 0xa9, 0xe, 0x9e, 0xa0,
    0x8d, 0x3f, 0xf5, 0xf0, 0x1d, 0xd4, 0xff, 0x90,
    0x0, 0x1, 0xc0, 0x0,

    /* U+0222 "Ȣ" */
    0xf, 0x60, 0x3f, 0x30, 0xf6, 0x3, 0xf3, 0xd,
    0xa0, 0x7f, 0x0, 0x6f, 0xff, 0x90, 0x1f, 0xa3,
    0x7f, 0x45, 0xf1, 0x0, 0xe8, 0x5f, 0x10, 0xe,
    0x81, 0xfb, 0x59, 0xf4, 0x4, 0xdf, 0xe7, 0x0,

    /* U+0223 "ȣ" */
    0x1f, 0x60, 0x3f, 0x51, 0xf6, 0x3, 0xf4, 0xf,
    0x70, 0x4f, 0x40, 0xdc, 0x19, 0xf0, 0x4, 0xff,
    0xf7, 0x1, 0xfa, 0x48, 0xf3, 0x6f, 0x20, 0xe,
    0xa7, 0xf2, 0x0, 0xea, 0x2f, 0xb5, 0x9f, 0x50,
    0x4d, 0xfe, 0x70,

    /* U+0224 "Ȥ" */
    0xbf, 0xff, 0xf3, 0x35, 0x5b, 0xf1, 0x0, 0x1f,
    0x70, 0x0, 0x9e, 0x0, 0x2, 0xf5, 0x0, 0xa,
    0xd0, 0x0, 0x3f, 0x40, 0x0, 0xce, 0x66, 0x83,
    0xff, 0xff, 0xf7, 0x0, 0x0, 0xe7, 0x0, 0x14,
    0xf6, 0x0, 0x4f, 0xc1,

    /* U+0225 "ȥ" */
    0xe, 0xff, 0xff, 0x30, 0x33, 0x4e, 0xd0, 0x0,
    0x8, 0xf3, 0x0, 0x4, 0xf6, 0x0, 0x1, 0xea,
    0x0, 0x0, 0xbf, 0x54, 0x42, 0x1f, 0xff, 0xff,
    0x80, 0x0, 0x0, 0xe7, 0x0, 0x1, 0x4f, 0x60,
    0x0, 0x4f, 0xc1,

    /* U+0226 "Ȧ" */
    0x0, 0x3e, 0x50, 0x0, 0x0, 0x3f, 0x60, 0x0,
    0x0, 0x0, 0x0, 0x0, 0x0, 0x7f, 0xa0, 0x0,
    0x0, 0xbd, 0xe0, 0x0, 0x0, 0xf6, 0xf3, 0x0,
    0x4, 0xf1, 0xd7, 0x0, 0x9, 0xd1, 0xac, 0x0,
    0xd, 0xff, 0xff, 0x10, 0x2f, 0x64, 0x4f, 0x50,
    0x6f, 0x0, 0xd, 0x90, 0xbc, 0x0, 0x9, 0xe0,

    /* U+0227 "ȧ" */
    0x0, 0x2f, 0x70, 0x0, 0x2, 0xe6, 0x0, 0x0,
    0x0, 0x0, 0x0, 0x8e, 0xfe, 0x60, 0x6, 0x74,
    0xaf, 0x20, 0x0, 0x1, 0xf4, 0x7, 0xef, 0xff,
    0x53, 0xf6, 0x1, 0xf5, 0x3f, 0x84, 0xbf, 0x50,
    0xaf, 0xe5, 0xf5,

    /* U+0228 "Ȩ" */
    0xff, 0xff, 0xf4, 0xfa, 0x55, 0x51, 0xf7, 0x0,
    0x0, 0xf8, 0x11, 0x10, 0xff, 0xff, 0xf1, 0xfa,
    0x44, 0x40, 0xf7, 0x0, 0x0, 0xfa, 0x66, 0x61,
    0xff, 0xff, 0xf4, 0x0, 0xe2, 0x0, 0x0, 0x6d,
    0x0, 0x8, 0xe8, 0x0,

    /* U+0229 "ȩ" */
    0x2, 0xcf, 0xe5, 0x0, 0xed, 0x48, 0xf2, 0x4f,
    0x40, 0xe, 0x75, 0xff, 0xff, 0xf8, 0x3f, 0x52,
    0x22, 0x10, 0xdd, 0x65, 0x73, 0x2, 0xaf, 0xfd,
    0x30, 0x0, 0xe4, 0x0, 0x0, 0x4, 0xe0, 0x0,
    0x7, 0xe9, 0x0,

    /* U+022A "Ȫ" */
    0x3, 0xff, 0xf6, 0x0, 0x2, 0x22, 0x10, 0x4,
    0x80, 0x66, 0x0, 0x7d, 0xa, 0xa0, 0x0, 0x0,
    0x0, 0x0, 0x3c, 0xfd, 0x50, 0xe, 0xd6, 0xbf,
    0x25, 0xf3, 0x0, 0xf8, 0x8f, 0x0, 0xd, 0xb8,
    0xf0, 0x0, 0xcc, 0x8f, 0x0, 0xc, 0xb5, 0xf3,
    0x0, 0xf8, 0xe, 0xd6, 0xbf, 0x20, 0x3c, 0xfd,
    0x50,

    /* U+022B "ȫ" */
    0x3, 0xff, 0xf6, 0x0, 0x2, 0x22, 0x10, 0x7,
    0xd0, 0xaa, 0x0, 0x49, 0x7, 0x60, 0x0, 0x0,
    0x0, 0x0, 0x3c, 0xfd, 0x50, 0x1e, 0xc4, 0xaf,
    0x35, 0xf2, 0x0, 0xf8, 0x7f, 0x10, 0xe, 0xa5,
    0xf3, 0x0, 0xf8, 0x1e, 0xc4, 0xaf, 0x30, 0x3c,
    0xfd, 0x50,

    /* U+022C "Ȭ" */
    0x3, 0xff, 0xf6, 0x0, 0x2, 0x22, 0x10, 0x2,
    0xe9, 0x1b, 0x0, 0x86, 0x9f, 0x60, 0x1, 0x0,
    0x10, 0x0, 0x3c, 0xfd, 0x50, 0xe, 0xd6, 0xbf,
    0x25, 0xf3, 0x0, 0xf8, 0x8f, 0x0, 0xd, 0xb8,
    0xf0, 0x0, 0xcc, 0x8f, 0x0, 0xc, 0xb5, 0xf3,
    0x0, 0xf8, 0xe, 0xd6, 0xbf, 0x20, 0x3c, 0xfd,
    0x50,

    /* U+022D "ȭ" */
    0x3, 0xff, 0xf6, 0x0, 0x2, 0x22, 0x10, 0x3,
    0xe9, 0x2c, 0x0, 0x85, 0x8f, 0x60, 0x1, 0x0,
    0x0, 0x0, 0x3c, 0xfd, 0x50, 0x1e, 0xc4, 0xaf,
    0x35, 0xf2, 0x0, 0xf8, 0x7f, 0x10, 0xe, 0xa5,
    0xf3, 0x0, 0xf8, 0x1e, 0xc4, 0xaf, 0x30, 0x3c,
    0xfd, 0x50,

    /* U+022E "Ȯ" */
    0x0, 0x3f, 0x60, 0x0, 0x2, 0xe5, 0x0, 0x0,
    0x0, 0x0, 0x0, 0x3c, 0xfd, 0x50, 0xe, 0xd6,
    0xbf, 0x25, 0xf3, 0x0, 0xf8, 0x8f, 0x0, 0xd,
    0xb8, 0xf0, 0x0, 0xcc, 0x8f, 0x0, 0xc, 0xb5,
    0xf3, 0x0, 0xf8, 0xe, 0xd6, 0xbf, 0x20, 0x3c,
    0xfd, 0x50,

    /* U+022F "ȯ" */
    0x0, 0x3f, 0x60, 0x0, 0x3, 0xe5, 0x0, 0x0,
    0x0, 0x0, 0x0, 0x3c, 0xfd, 0x50, 0x1e, 0xc4,
    0xaf, 0x35, 0xf2, 0x0, 0xf8, 0x7f, 0x10, 0xe,
    0xa5, 0xf3, 0x0, 0xf8, 0x1e, 0xc4, 0xaf, 0x30,
    0x3c, 0xfd, 0x50,

    /* U+0230 "Ȱ" */
    0x3, 0xff, 0xf6, 0x0, 0x2, 0x22, 0x10, 0x0,
    0x3f, 0x60, 0x0, 0x2, 0xe5, 0x0, 0x0, 0x0,
    0x0, 0x0, 0x3c, 0xfd, 0x50, 0xe, 0xd6, 0xbf,
    0x25, 0xf3, 0x0, 0xf8, 0x8f, 0x0, 0xd, 0xb8,
    0xf0, 0x0, 0xcc, 0x8f, 0x0, 0xc, 0xb5, 0xf3,
    0x0, 0xf8, 0xe, 0xd6, 0xbf, 0x20, 0x3c, 0xfd,
    0x50,

    /* U+0231 "ȱ" */
    0x3, 0xff, 0xf6, 0x0, 0x3, 0xf6, 0x0, 0x0,
    0x3e, 0x50, 0x0, 0x0, 0x0, 0x0, 0x3, 0xcf,
    0xd5, 0x1, 0xec, 0x4a, 0xf3, 0x5f, 0x20, 0xf,
    0x87, 0xf1, 0x0, 0xea, 0x5f, 0x30, 0xf, 0x81,
    0xec, 0x4a, 0xf3, 0x3, 0xcf, 0xd5, 0x0,

    /* U+0232 "Ȳ" */
    0x3, 0xff, 0xf6, 0x0, 0x2, 0x22, 0x10, 0x7f,
    0x10, 0xe, 0xa0, 0xf8, 0x4, 0xf3, 0x8, 0xe0,
    0xbb, 0x0, 0x1f, 0x8f, 0x40, 0x0, 0x9f, 0xd0,
    0x0, 0x3, 0xf6, 0x0, 0x0, 0x2f, 0x50, 0x0,
    0x2, 0xf5, 0x0, 0x0, 0x2f, 0x50, 0x0,

    /* U+0233 "ȳ" */
    0x3, 0xff, 0xf6, 0x0, 0x2, 0x22, 0x0, 0x7f,
    0x10, 0xe, 0xa1, 0xf7, 0x3, 0xf5, 0xb, 0xc0,
    0x7f, 0x0, 0x5f, 0x2c, 0xa0, 0x0, 0xe8, 0xf4,
    0x0, 0x8, 0xfe, 0x0, 0x0, 0x2f, 0x90, 0x0,
    0x3, 0xf3, 0x0, 0x15, 0xdc, 0x0, 0x4, 0xfd,
    0x20, 0x0,

    /* U+0234 "ȴ" */
    0x5, 0xf1, 0x0, 0x0, 0x5f, 0x10, 0x0, 0x5,
    0xf1, 0x0, 0x0, 0x5f, 0x10, 0x0, 0x5, 0xf1,
    0x0, 0x0, 0x5f, 0x10, 0x0, 0x5, 0xf1, 0x0,
    0x0, 0x5f, 0xdf, 0xb0, 0x8, 0xf8, 0x3f, 0x32,
    0xe8, 0xef, 0xb0, 0x1, 0x0, 0x0, 0x0,

    /* U+0235 "ȵ" */
    0x8b, 0xdf, 0x70, 0x0, 0x8f, 0x39, 0xf0, 0x0,
    0x8d, 0x4, 0xf0, 0x0, 0x8d, 0x4, 0xf0, 0x0,
    0x8d, 0x4, 0xfd, 0xa0, 0x8d, 0x6, 0xf4, 0xf0,
    0x8d, 0xc, 0xde, 0xa0, 0x0, 0x3, 0x0, 0x0,

    /* U+0236 "ȶ" */
    0x0, 0x9a, 0x0, 0x0, 0xb, 0xa0, 0x0, 0x5e,
    0xff, 0xff, 0x12, 0x5e, 0xb5, 0x50, 0x0, 0xea,
    0x0, 0x0, 0xe, 0xa0, 0x0, 0x0, 0xde, 0xfe,
    0x30, 0x1e, 0xd1, 0xb9, 0x8, 0xad, 0xfd, 0x20,
    0x0, 0x0, 0x0,

    /* U+0237 "ȷ" */
    0x7, 0xff, 0xf0, 0x3, 0xaf, 0x0, 0x7, 0xf0,
    0x0, 0x7f, 0x0, 0x7, 0xf0, 0x0, 0x7f, 0x0,
    0x7, 0xf0, 0x0, 0x8f, 0x36, 0x6e, 0xc5, 0xef,
    0xc3,

    /* U+0238 "ȸ" */
    0x0, 0xf, 0x20, 0x0, 0x0, 0xf2, 0x0, 0x0,
    0xf, 0x20, 0x1, 0xdc, 0xfc, 0xe3, 0x7d, 0x6f,
    0x8b, 0xa9, 0xa0, 0xf3, 0x7d, 0xa9, 0xf, 0x27,
    0xd9, 0xa0, 0xf3, 0x7c, 0x6d, 0x6f, 0x8b, 0x91,
    0xdf, 0x5e, 0xe2,

    /* U+0239 "ȹ" */
    0xc, 0xf5, 0xde, 0x26, 0xe5, 0xf8, 0xba, 0x9a,
    0xf, 0x37, 0xca, 0xa0, 0xf3, 0x6d, 0x9a, 0xf,
    0x37, 0xd7, 0xe6, 0xf8, 0xba, 0x1e, 0xcf, 0xce,
    0x30, 0x0, 0xf3, 0x0, 0x0, 0xf, 0x30, 0x0,
    0x0, 0xf3, 0x0,

    /* U+023A "Ⱥ" */
    0x0, 0x0, 0x5b, 0x0, 0x0, 0x7f, 0xf7, 0x0,
    0x0, 0xbd, 0xf3, 0x0, 0x0, 0xf8, 0xf3, 0x0,
    0x4, 0xf6, 0xf7, 0x0, 0x9, 0xd9, 0xfc, 0x0,
    0xd, 0xff, 0xff, 0x10, 0x2f, 0x7f, 0x5f, 0x50,
    0x6f, 0x5b, 0xd, 0x90, 0xbc, 0x87, 0x9, 0xe0,
    0x0, 0xc4, 0x0, 0x0,

    /* U+023B "Ȼ" */
    0x0, 0x0, 0x3d, 0x0, 0x7, 0xdf, 0xf6, 0x7,
    0xfa, 0xdb, 0x40, 0xf9, 0xe, 0x10, 0x3f, 0x43,
    0xd0, 0x5, 0xf3, 0x69, 0x0, 0x4f, 0x4a, 0x50,
    0x1, 0xf8, 0xe1, 0x0, 0xa, 0xff, 0x68, 0x40,
    0xb, 0xff, 0xd3, 0x0, 0xa6, 0x0, 0x0,

    /* U+023C "ȼ" */
    0x0, 0x0, 0xa, 0x50, 0x0, 0x0, 0xe0, 0x0,
    0x0, 0x5a, 0x0, 0x1a, 0xff, 0xd0, 0xa, 0xf8,
    0xf7, 0x0, 0xf9, 0x5a, 0x0, 0x1f, 0x7a, 0x50,
    0x0, 0xf9, 0xe0, 0x0, 0xb, 0xfd, 0x69, 0x0,
    0x1e, 0xff, 0xc0, 0x0, 0xe0, 0x0, 0x0, 0x5b,
    0x0, 0x0, 0x4, 0x30, 0x0, 0x0,

    /* U+023D "Ƚ" */
    0xd, 0xb0, 0x0, 0x0, 0xdb, 0x0, 0x0, 0xd,
    0xb0, 0x0, 0x1, 0xdb, 0x10, 0x0, 0xff, 0xff,
    0x40, 0x4, 0xdc, 0x41, 0x0, 0xd, 0xb0, 0x0,
    0x0, 0xdd, 0x66, 0x61, 0xd, 0xff, 0xff, 0x40,

    /* U+023E "Ⱦ" */
    0x0, 0x0, 0xb, 0x29, 0xff, 0xff, 0xfc, 0x35,
    0x7f, 0xf7, 0x40, 0x2, 0xfd, 0x0, 0x0, 0x2f,
    0x70, 0x0, 0x2, 0xf5, 0x0, 0x0, 0x6f, 0x50,
    0x0, 0xd, 0xf5, 0x0, 0x4, 0xcf, 0x50, 0x0,
    0xb4, 0xf5, 0x0, 0x3b, 0x0, 0x0, 0x0,

    /* U+023F "ȿ" */
    0x4d, 0xff, 0xb0, 0xcd, 0x56, 0x70, 0xbe, 0x50,
    0x0, 0x1a, 0xfe, 0x50, 0x0, 0x1b, 0xf0, 0xa6,
    0x4b, 0xf1, 0xbf, 0xfe, 0x60, 0xd, 0x90, 0x0,
    0x6, 0xf6, 0x30, 0x0, 0xaf, 0x90,

    /* U+0240 "ɀ" */
    0xe, 0xff, 0xff, 0x30, 0x34, 0x4e, 0xd0, 0x0,
    0x8, 0xf3, 0x0, 0x4, 0xf6, 0x0, 0x1, 0xea,
    0x0, 0x0, 0xbe, 0x0, 0x0, 0x1f, 0xf9, 0x0,
    0x0, 0x7, 0xf2, 0x0, 0x0, 0xe, 0xc5, 0x10,
    0x0, 0x5e, 0xf3,

    /* U+0241 "Ɂ" */
    0x19, 0xef, 0xe6, 0x2, 0xc6, 0x5b, 0xf4, 0x0,
    0x0, 0x1f, 0x70, 0x0, 0x3, 0xf6, 0x0, 0x6,
    0xec, 0x0, 0x7, 0xf8, 0x0, 0x0, 0x7f, 0x0,
    0x0, 0x7, 0xf0, 0x0, 0x0, 0x7f, 0x0, 0x0,

    /* U+0242 "ɂ" */
    0x7d, 0xfd, 0x40, 0x87, 0x5d, 0xe0, 0x0, 0x6,
    0xf2, 0x0, 0x9, 0xf0, 0x0, 0x7f, 0x80, 0x8,
    0xf7, 0x0, 0x8, 0xf0, 0x0,

    /* U+0243 "Ƀ" */
    0xf, 0xff, 0xe8, 0x0, 0xf9, 0x59, 0xf4, 0xf,
    0x60, 0x1f, 0x60, 0xf7, 0x16, 0xf3, 0xf, 0xff,
    0xf9, 0x0, 0xf9, 0x47, 0xf6, 0xff, 0xf7, 0xe,
    0xa2, 0xfb, 0x68, 0xf7, 0xf, 0xff, 0xf9, 0x0,

    /* U+0244 "Ʉ" */
    0x5f, 0x20, 0xf, 0x80, 0x5f, 0x20, 0xf, 0x80,
    0x6f, 0x31, 0x1f, 0x90, 0xff, 0xff, 0xff, 0xf3,
    0x8f, 0x54, 0x4f, 0xa0, 0x5f, 0x20, 0xf, 0x80,
    0x4f, 0x40, 0x1f, 0x70, 0x1f, 0xc6, 0xbf, 0x30,
    0x4, 0xdf, 0xe6, 0x0,

    /* U+0245 "Ʌ" */
    0x0, 0x5f, 0x80, 0x0, 0x0, 0xaf, 0xd0, 0x0,
    0x0, 0xe8, 0xf2, 0x0, 0x3, 0xf2, 0xe6, 0x0,
    0x8, 0xe0, 0xab, 0x0, 0xd, 0x90, 0x6f, 0x0,
    0x1f, 0x50, 0x2f, 0x40, 0x6f, 0x10, 0xe, 0x90,
    0xad, 0x0, 0xa, 0xe0,

    /* U+0246 "Ɇ" */
    0x0, 0x1, 0xe0, 0xff, 0xff, 0xf4, 0xfa, 0x5c,
    0xa1, 0xf7, 0xd, 0x30, 0xf8, 0x2f, 0x10, 0xff,
    0xff, 0xf1, 0xfa, 0xb9, 0x40, 0xf7, 0xc3, 0x0,
    0xfb, 0xf6, 0x61, 0xff, 0xff, 0xf4, 0x8, 0x70,
    0x0,

    /* U+0247 "ɇ" */
    0x0, 0x0, 0xe, 0x10, 0x0, 0x4, 0xb0, 0x0,
    0x0, 0xa6, 0x0, 0x2c, 0xff, 0x70, 0xe, 0xd8,
    0xff, 0x24, 0xf4, 0x96, 0xe7, 0x5f, 0xff, 0xff,
    0x83, 0xf9, 0xc2, 0x21, 0xd, 0xfa, 0x57, 0x30,
    0x2f, 0xff, 0xd3, 0x4, 0xc0, 0x0, 0x0, 0x96,
    0x0, 0x0, 0x6, 0x10, 0x0, 0x0,

    /* U+0248 "Ɉ" */
    0x0, 0x0, 0xf8, 0x0, 0x0, 0xf, 0x80, 0x0,
    0x0, 0xf8, 0x0, 0x0, 0x1f, 0x91, 0x0, 0x6f,
    0xff, 0xf0, 0x1, 0x4f, 0xa4, 0x0, 0x0, 0xf8,
    0x0, 0x0, 0xf, 0x80, 0x0, 0x0, 0xf8, 0x0,
    0x31, 0x6f, 0x50, 0x2f, 0xff, 0xb0, 0x0, 0x24,
    0x20, 0x0,

    /* U+0249 "ɉ" */
    0x0, 0xa, 0xe0, 0x0, 0x0, 0x9d, 0x0, 0x0,
    0x0, 0x0, 0x0, 0x7f, 0xff, 0x0, 0x0, 0x39,
    0xf0, 0x0, 0x0, 0x7f, 0x0, 0x0, 0xff, 0xff,
    0x80, 0x2, 0x8f, 0x21, 0x0, 0x7, 0xf0, 0x0,
    0x0, 0x7f, 0x0, 0x0, 0x8, 0xf0, 0x3, 0x66,
    0xec, 0x0, 0x5e, 0xfc, 0x30, 0x0,

    /* U+024A "Ɋ" */
    0x4, 0xdf, 0x9c, 0x80, 0xe, 0xd6, 0xbf, 0x80,
    0x5f, 0x30, 0x1f, 0x80, 0x8f, 0x0, 0xe, 0x80,
    0x8f, 0x0, 0xe, 0x80, 0x8f, 0x0, 0xf, 0x80,
    0x5f, 0x30, 0x1f, 0x80, 0x1f, 0xd6, 0xbf, 0x90,
    0x4, 0xef, 0x7f, 0x90, 0x0, 0x0, 0xf, 0x80,
    0x0, 0x0, 0xe, 0xc4, 0x0, 0x0, 0x6, 0xfc,

    /* U+024B "ɋ" */
    0x5, 0xef, 0x7d, 0x70, 0x1f, 0xc5, 0xbf, 0x70,
    0x5f, 0x30, 0x1f, 0x70, 0x7f, 0x10, 0xf, 0x70,
    0x5f, 0x30, 0x1f, 0x70, 0x1f, 0xc5, 0xaf, 0x70,
    0x6, 0xef, 0x7f, 0x70, 0x0, 0x0, 0xf, 0x70,
    0x0, 0x0, 0xf, 0xb3, 0x0, 0x0, 0x7, 0xfa,

    /* U+024C "Ɍ" */
    0xf, 0xff, 0xd5, 0x0, 0xfa, 0x6c, 0xf1, 0xf,
    0x80, 0x3f, 0x41, 0xf9, 0x19, 0xf1, 0xff, 0xff,
    0xf6, 0x4, 0xfa, 0x8f, 0x20, 0xf, 0x80, 0xea,
    0x0, 0xf8, 0x6, 0xf2, 0xf, 0x80, 0xe, 0xb0,

    /* U+024D "ɍ" */
    0x2f, 0xfa, 0x8f, 0xc0, 0x3b, 0xfc, 0x64, 0x0,
    0x9f, 0x10, 0x0, 0xef, 0xff, 0x50, 0x2, 0xae,
    0x20, 0x0, 0x3b, 0xe4, 0x10, 0x6f, 0xff, 0xfa,
    0x0,

    /* U+024E "Ɏ" */
    0x7f, 0x20, 0xe, 0xa0, 0xff, 0xff, 0xff, 0xf3,
    0x28, 0xf3, 0xdb, 0x20, 0x1, 0xfa, 0xf3, 0x0,
    0x0, 0x8f, 0xb0, 0x0, 0x0, 0x2f, 0x60, 0x0,
    0x0, 0x2f, 0x50, 0x0, 0x0, 0x2f, 0x50, 0x0,
    0x0, 0x2f, 0x50, 0x0,

    /* U+024F "ɏ" */
    0x7f, 0x10, 0xe, 0xa0, 0x1f, 0x70, 0x3f, 0x50,
    0xbf, 0xff, 0xff, 0xf0, 0x16, 0xf4, 0xda, 0x20,
    0x0, 0xe8, 0xf4, 0x0, 0x0, 0x8f, 0xe0, 0x0,
    0x0, 0x2f, 0x90, 0x0, 0x0, 0x4f, 0x30, 0x0,
    0x15, 0xdc, 0x0, 0x0, 0x4f, 0xd2, 0x0, 0x0,

    /* U+0370 "Ͱ" */
    0x6f, 0x20, 0x6, 0xf2, 0x0, 0x6f, 0x20, 0x6,
    0xf3, 0x10, 0x6f, 0xff, 0x96, 0xf5, 0x42, 0x6f,
    0x20, 0x6, 0xf2, 0x0, 0x6f, 0x20, 0x0,

    /* U+0371 "ͱ" */
    0x3f, 0x50, 0x3, 0xf5, 0x0, 0x3f, 0x50, 0x3,
    0xff, 0xf6, 0x3f, 0x73, 0x13, 0xf5, 0x0, 0x3f,
    0x50, 0x0,

    /* U+0372 "Ͳ" */
    0xaf, 0xff, 0xff, 0xc9, 0xc7, 0xf9, 0xac, 0x9a,
    0x2f, 0x56, 0xc9, 0xa2, 0xf5, 0x6c, 0x45, 0x2f,
    0x53, 0x60, 0x2, 0xf5, 0x0, 0x0, 0x2f, 0x50,
    0x0, 0x2, 0xf5, 0x0, 0x0, 0x2f, 0x50, 0x0,

    /* U+0373 "ͳ" */
    0xaf, 0xff, 0xff, 0xc9, 0xd7, 0xf9, 0xbc, 0x9b,
    0x2f, 0x58, 0xc9, 0xb2, 0xf5, 0x8c, 0x68, 0x2f,
    0x56, 0x80, 0x2, 0xf5, 0x0, 0x0, 0x2f, 0x50,
    0x0, 0x2, 0xf5, 0x0, 0x0, 0x2f, 0x50, 0x0,
    0x2, 0xf5, 0x0,

    /* U+0374 "ʹ" */
    0x8, 0xc0, 0xf, 0x30, 0x7a, 0x0, 0x61, 0x0,

    /* U+0375 "͵" */
    0x0, 0x0, 0x99, 0x5f, 0x20,

    /* U+0376 "Ͷ" */
    0x5f, 0x0, 0x7f, 0x85, 0xf0, 0xd, 0xf8, 0x5f,
    0x4, 0xfc, 0x85, 0xf0, 0xa9, 0xc8, 0x5f, 0x1f,
    0x3c, 0x85, 0xf6, 0xd0, 0xc8, 0x5f, 0xc7, 0xc,
    0x85, 0xff, 0x10, 0xc8, 0x5f, 0xa0, 0xc, 0x80,

    /* U+0377 "ͷ" */
    0x3f, 0x30, 0x8f, 0x73, 0xf3, 0x1f, 0xf7, 0x3f,
    0x38, 0xce, 0x73, 0xf4, 0xf4, 0xf7, 0x3f, 0xbc,
    0xf, 0x73, 0xff, 0x40, 0xf7, 0x3f, 0xc0, 0xf,
    0x70,

    /* U+037A "ͺ" */
    0x12, 0x6, 0xc0, 0x3f, 0x80,

    /* U+037B "ͻ" */
    0xaf, 0xfb, 0x20, 0x66, 0x6e, 0xd0, 0x0, 0x6,
    0xf2, 0x0, 0x3, 0xf4, 0x0, 0x5, 0xf3, 0x86,
    0x6e, 0xe0, 0x9f, 0xfc, 0x20,

    /* U+037C "ͼ" */
    0x1, 0xaf, 0xfc, 0x0, 0xaf, 0x75, 0x60, 0xf,
    0x95, 0xe3, 0x1, 0xf7, 0x5f, 0x30, 0xf, 0x90,
    0x0, 0x0, 0xbf, 0x76, 0xb0, 0x1, 0xaf, 0xfc,
    0x0,

    /* U+037D "ͽ" */
    0xaf, 0xfb, 0x20, 0x56, 0x6e, 0xd0, 0x1d, 0x76,
    0xf2, 0x1e, 0x83, 0xf4, 0x0, 0x5, 0xf3, 0x96,
    0x6e, 0xe0, 0x9f, 0xfc, 0x20,

    /* U+037E ";" */
    0xe, 0xa0, 0xea, 0x0, 0x0, 0x0, 0x0, 0x0,
    0x95, 0x2f, 0x64, 0xf1, 0x7b, 0x0,

    /* U+037F "Ϳ" */
    0x0, 0xb, 0xc0, 0x0, 0xbc, 0x0, 0xb, 0xc0,
    0x0, 0xbc, 0x0, 0xb, 0xc0, 0x0, 0xbc, 0x0,
    0xc, 0xb8, 0x68, 0xf7, 0xcf, 0xfa, 0x0,

    /* U+0384 "΄" */
    0x36, 0x9a, 0xc4,

    /* U+0385 "΅" */
    0x0, 0x0, 0x0, 0x9, 0xb0, 0x8b, 0xca, 0xb1,
    0x20, 0x12,

    /* U+0386 "Ά" */
    0xc, 0x90, 0x0, 0x0, 0x0, 0xf3, 0x7f, 0xa0,
    0x0, 0x6, 0xb, 0xee, 0x0, 0x0, 0x0, 0xf7,
    0xf3, 0x0, 0x0, 0x4f, 0x1e, 0x70, 0x0, 0x9,
    0xd1, 0xac, 0x0, 0x0, 0xdf, 0xff, 0xf1, 0x0,
    0x2f, 0x74, 0x5f, 0x50, 0x6, 0xf0, 0x0, 0xd9,
    0x0, 0xbc, 0x0, 0x9, 0xe0,

    /* U+0387 "·" */
    0x3f, 0x63, 0xf6, 0x0, 0x0,

    /* U+0388 "Έ" */
    0x1, 0x0, 0x0, 0x0, 0x4f, 0x10, 0x0, 0x0,
    0x6b, 0x7f, 0xff, 0xf4, 0x32, 0x7f, 0x55, 0x51,
    0x0, 0x7f, 0x0, 0x0, 0x0, 0x7f, 0x11, 0x10,
    0x0, 0x7f, 0xff, 0xf1, 0x0, 0x7f, 0x44, 0x40,
    0x0, 0x7f, 0x0, 0x0, 0x0, 0x7f, 0x66, 0x61,
    0x0, 0x7f, 0xff, 0xf4,

    /* U+0389 "Ή" */
    0x5f, 0x0, 0x0, 0x0, 0x8a, 0xcb, 0x0, 0xf8,
    0x42, 0xcb, 0x0, 0xf8, 0x0, 0xcb, 0x0, 0xf8,
    0x0, 0xcb, 0x11, 0xf8, 0x0, 0xcf, 0xff, 0xf8,
    0x0, 0xcc, 0x44, 0xf8, 0x0, 0xcb, 0x0, 0xf8,
    0x0, 0xcb, 0x0, 0xf8, 0x0, 0xcb, 0x0, 0xf8,

    /* U+038A "Ί" */
    0x1f, 0x40, 0x0, 0x0, 0x4d, 0x7f, 0xff, 0xf6,
    0x23, 0x14, 0xdc, 0x41, 0x0, 0x0, 0xcb, 0x0,
    0x0, 0x0, 0xcb, 0x0, 0x0, 0x0, 0xcb, 0x0,
    0x0, 0x0, 0xcb, 0x0, 0x0, 0x0, 0xcb, 0x0,
    0x0, 0x2, 0xdc, 0x20, 0x0, 0x7f, 0xff, 0xf6,

    /* U+038C "Ό" */
    0xd, 0x70, 0x0, 0x0, 0xf, 0x4c, 0xfd, 0x50,
    0x15, 0xed, 0x6b, 0xf2, 0x5, 0xf3, 0x0, 0xf8,
    0x8, 0xf0, 0x0, 0xdb, 0x8, 0xf0, 0x0, 0xcc,
    0x8, 0xf0, 0x0, 0xcb, 0x5, 0xf3, 0x0, 0xf8,
    0x0, 0xed, 0x6b, 0xf2, 0x0, 0x3c, 0xfd, 0x50,

    /* U+038E "Ύ" */
    0x1f, 0x40, 0x0, 0x0, 0x3, 0xe6, 0xf2, 0xa,
    0xd0, 0x24, 0xf, 0x70, 0xf8, 0x0, 0x0, 0xac,
    0x4f, 0x20, 0x0, 0x4, 0xfa, 0xc0, 0x0, 0x0,
    0xd, 0xf6, 0x0, 0x0, 0x0, 0x8f, 0x0, 0x0,
    0x0, 0x7, 0xf0, 0x0, 0x0, 0x0, 0x7f, 0x0,
    0x0, 0x0, 0x7, 0xf0, 0x0,

    /* U+038F "Ώ" */
    0xc, 0x80, 0x0, 0x0, 0xf, 0x5c, 0xfd, 0x50,
    0x4, 0xec, 0x5a, 0xf2, 0x5, 0xf2, 0x0, 0xf8,
    0x7, 0xf0, 0x0, 0xca, 0x7, 0xf0, 0x0, 0xca,
    0x4, 0xf0, 0x0, 0xd7, 0x0, 0xf5, 0x1, 0xf2,
    0x3, 0x9d, 0xa, 0xb4, 0xc, 0xff, 0x1e, 0xff,

    /* U+0390 "ΐ" */
    0x0, 0x7d, 0x0, 0x0, 0xa4, 0x0, 0x5c, 0x6,
    0xc0, 0x15, 0x2, 0x50, 0x3, 0xf4, 0x0, 0x3,
    0xf4, 0x0, 0x3, 0xf4, 0x0, 0x3, 0xf4, 0x0,
    0x3, 0xf4, 0x0, 0x2, 0xf9, 0x41, 0x0, 0x9f,
    0xe1,

    /* U+0391 "Α" */
    0x0, 0x7f, 0xa0, 0x0, 0x0, 0xbd, 0xe0, 0x0,
    0x0, 0xf6, 0xf3, 0x0, 0x4, 0xf1, 0xd7, 0x0,
    0x9, 0xd1, 0xac, 0x0, 0xd, 0xff, 0xff, 0x10,
    0x2f, 0x64, 0x4f, 0x50, 0x6f, 0x0, 0xd, 0x90,
    0xbc, 0x0, 0x9, 0xe0,

    /* U+0392 "Β" */
    0xff, 0xfe, 0x80, 0xf9, 0x59, 0xf4, 0xf6, 0x1,
    0xf6, 0xf7, 0x16, 0xf3, 0xff, 0xff, 0x90, 0xf9,
    0x47, 0xf6, 0xf6, 0x0, 0xea, 0xf9, 0x58, 0xf7,
    0xff, 0xff, 0x90,

    /* U+0393 "Γ" */
    0xdf, 0xff, 0xf4, 0xdc, 0x55, 0x51, 0xdb, 0x0,
    0x0, 0xdb, 0x0, 0x0, 0xdb, 0x0, 0x0, 0xdb,
    0x0, 0x0, 0xdb, 0x0, 0x0, 0xdb, 0x0, 0x0,
    0xdb, 0x0, 0x0,

    /* U+0394 "Δ" */
    0x0, 0x6f, 0x90, 0x0, 0x0, 0xbe, 0xe0, 0x0,
    0x0, 0xf6, 0xf3, 0x0, 0x5, 0xf0, 0xc8, 0x0,
    0xa, 0xb0, 0x7d, 0x0, 0xf, 0x60, 0x3f, 0x30,
    0x5f, 0x10, 0xe, 0x80, 0xae, 0x55, 0x5b, 0xd0,
    0xdf, 0xff, 0xff, 0xf0,

    /* U+0395 "Ε" */
    0xff, 0xff, 0xf4, 0xfa, 0x55, 0x51, 0xf7, 0x0,
    0x0, 0xf8, 0x11, 0x10, 0xff, 0xff, 0xf1, 0xfa,
    0x44, 0x40, 0xf7, 0x0, 0x0, 0xfa, 0x66, 0x61,
    0xff, 0xff, 0xf4,

    /* U+0396 "Ζ" */
    0xbf, 0xff, 0xf3, 0x35, 0x5b, 0xf1, 0x0, 0x1f,
    0x70, 0x0, 0x9e, 0x0, 0x2, 0xf5, 0x0, 0xa,
    0xd0, 0x0, 0x3f, 0x40, 0x0, 0xce, 0x66, 0x61,
    0xff, 0xff, 0xf4,

    /* U+0397 "Η" */
    0x5f, 0x20, 0xf, 0x85, 0xf2, 0x0, 0xf8, 0x5f,
    0x20, 0xf, 0x85, 0xf3, 0x11, 0xf8, 0x5f, 0xff,
    0xff, 0x85, 0xf6, 0x44, 0xf8, 0x5f, 0x20, 0xf,
    0x85, 0xf2, 0x0, 0xf8, 0x5f, 0x20, 0xf, 0x80,

    /* U+0398 "Θ" */
    0x3, 0xcf, 0xd5, 0x0, 0xed, 0x6b, 0xf2, 0x5f,
    0x30, 0xf, 0x88, 0xf0, 0x10, 0xdb, 0x8f, 0x7f,
    0xac, 0xc8, 0xf1, 0x42, 0xcb, 0x5f, 0x30, 0xf,
    0x80, 0xed, 0x6b, 0xf2, 0x3, 0xcf, 0xd5, 0x0,

    /* U+0399 "Ι" */
    0xdf, 0xff, 0xf0, 0x15, 0xf7, 0x20, 0x2, 0xf5,
    0x0, 0x2, 0xf5, 0x0, 0x2, 0xf5, 0x0, 0x2,
    0xf5, 0x0, 0x2, 0xf5, 0x0, 0x15, 0xf7, 0x20,
    0xdf, 0xff, 0xf0,

    /* U+039A "Κ" */
    0x5f, 0x20, 0x4f, 0x55, 0xf2, 0x1e, 0xa0, 0x5f,
    0x2a, 0xe1, 0x5, 0xf6, 0xf4, 0x0, 0x5f, 0xef,
    0x20, 0x5, 0xf9, 0xdb, 0x0, 0x5f, 0x25, 0xf4,
    0x5, 0xf2, 0xc, 0xd0, 0x5f, 0x20, 0x4f, 0x60,

    /* U+039B "Λ" */
    0x0, 0x5f, 0x80, 0x0, 0x0, 0xaf, 0xd0, 0x0,
    0x0, 0xe8, 0xf2, 0x0, 0x3, 0xf2, 0xe6, 0x0,
    0x8, 0xe0, 0xab, 0x0, 0xd, 0x90, 0x6f, 0x0,
    0x1f, 0x50, 0x2f, 0x40, 0x6f, 0x10, 0xe, 0x90,
    0xad, 0x0, 0xa, 0xe0,

    /* U+039C "Μ" */
    0x7f, 0xa0, 0x6f, 0xa7, 0xfd, 0xa, 0xfa, 0x7c,
    0xf0, 0xdc, 0xa7, 0xcd, 0x4f, 0xaa, 0x7d, 0xaa,
    0xca, 0xa7, 0xe6, 0xf9, 0xaa, 0x7e, 0x2d, 0x5b,
    0xa7, 0xe0, 0x0, 0xba, 0x7e, 0x0, 0xb, 0xa0,

    /* U+039D "Ν" */
    0x5f, 0xd0, 0xd, 0x85, 0xff, 0x20, 0xd8, 0x5e,
    0xb8, 0xd, 0x85, 0xf5, 0xe0, 0xd8, 0x5f, 0x1f,
    0x3d, 0x85, 0xf0, 0xa9, 0xc8, 0x5f, 0x4, 0xec,
    0x85, 0xf0, 0xe, 0xf8, 0x5f, 0x0, 0x9f, 0x80,

    /* U+039E "Ξ" */
    0x1f, 0xff, 0xff, 0x50, 0x55, 0x55, 0x51, 0x0,
    0x0, 0x0, 0x0, 0x1, 0x11, 0x0, 0xa, 0xff,
    0xfe, 0x0, 0x24, 0x44, 0x30, 0x0, 0x0, 0x0,
    0x1, 0x55, 0x55, 0x52, 0x5f, 0xff, 0xff, 0x80,

    /* U+039F "Ο" */
    0x3, 0xcf, 0xd5, 0x0, 0xed, 0x6b, 0xf2, 0x5f,
    0x30, 0xf, 0x88, 0xf0, 0x0, 0xdb, 0x8f, 0x0,
    0xc, 0xc8, 0xf0, 0x0, 0xcb, 0x5f, 0x30, 0xf,
    0x80, 0xed, 0x6b, 0xf2, 0x3, 0xcf, 0xd5, 0x0,

    /* U+03A0 "Π" */
    0x5f, 0xff, 0xff, 0x85, 0xf6, 0x55, 0xf8, 0x5f,
    0x20, 0xf, 0x85, 0xf2, 0x0, 0xf8, 0x5f, 0x20,
    0xf, 0x85, 0xf2, 0x0, 0xf8, 0x5f, 0x20, 0xf,
    0x85, 0xf2, 0x0, 0xf8, 0x5f, 0x20, 0xf, 0x80,

    /* U+03A1 "Ρ" */
    0xff, 0xfe, 0x90, 0xfa, 0x58, 0xf7, 0xf7, 0x0,
    0xda, 0xf8, 0x15, 0xf7, 0xff, 0xff, 0xc1, 0xf9,
    0x42, 0x0, 0xf7, 0x0, 0x0, 0xf7, 0x0, 0x0,
    0xf7, 0x0, 0x0,

    /* U+03A3 "Σ" */
    0xef, 0xff, 0xe0, 0xaf, 0x65, 0x40, 0xd, 0xb0,
    0x0, 0x2, 0xf9, 0x0, 0x0, 0xbe, 0x0, 0x5,
    0xf4, 0x0, 0x2f, 0x80, 0x0, 0xce, 0x55, 0x51,
    0xff, 0xff, 0xf4,

    /* U+03A4 "Τ" */
    0x9f, 0xff, 0xff, 0xc3, 0x57, 0xf9, 0x54, 0x0,
    0x2f, 0x50, 0x0, 0x2, 0xf5, 0x0, 0x0, 0x2f,
    0x50, 0x0, 0x2, 0xf5, 0x0, 0x0, 0x2f, 0x50,
    0x0, 0x2, 0xf5, 0x0, 0x0, 0x2f, 0x50, 0x0,

    /* U+03A5 "Υ" */
    0x7f, 0x10, 0xe, 0xa0, 0xf8, 0x4, 0xf3, 0x8,
    0xe0, 0xbb, 0x0, 0x1f, 0x8f, 0x40, 0x0, 0x9f,
    0xd0, 0x0, 0x3, 0xf6, 0x0, 0x0, 0x2f, 0x50,
    0x0, 0x2, 0xf5, 0x0, 0x0, 0x2f, 0x50, 0x0,

    /* U+03A6 "Φ" */
    0x0, 0xf, 0x40, 0x0, 0x9f, 0xff, 0xb0, 0x5f,
    0x6f, 0x7e, 0x88, 0xc0, 0xf4, 0x9c, 0x9c, 0xf,
    0x49, 0xc5, 0xf3, 0xf5, 0xd8, 0xb, 0xff, 0xfd,
    0x10, 0x3, 0xf6, 0x0, 0x0, 0xf, 0x40, 0x0,

    /* U+03A7 "Χ" */
    0x3f, 0x40, 0x1f, 0x70, 0xac, 0x9, 0xd0, 0x2,
    0xf7, 0xf5, 0x0, 0x8, 0xfc, 0x0, 0x0, 0x3f,
    0x60, 0x0, 0xb, 0xee, 0x0, 0x4, 0xf3, 0xe7,
    0x0, 0xd9, 0x7, 0xf1, 0x6f, 0x20, 0xe, 0x90,

    /* U+03A8 "Ψ" */
    0x9c, 0x1f, 0x48, 0xc9, 0xc1, 0xf4, 0x8c, 0x9c,
    0x1f, 0x48, 0xc9, 0xc1, 0xf4, 0x9c, 0x6f, 0x3f,
    0x5d, 0x90, 0xdf, 0xff, 0xe2, 0x0, 0x3f, 0x60,
    0x0, 0x1, 0xf4, 0x0, 0x0, 0x1f, 0x40, 0x0,

    /* U+03A9 "Ω" */
    0x3, 0xcf, 0xd5, 0x0, 0xec, 0x5a, 0xf2, 0x5f,
    0x20, 0xf, 0x87, 0xf0, 0x0, 0xca, 0x7f, 0x0,
    0xc, 0xa4, 0xf0, 0x0, 0xd7, 0xf, 0x50, 0x1f,
    0x23, 0x9d, 0xa, 0xb4, 0xcf, 0xf1, 0xef, 0xf0,

    /* U+03AA "Ϊ" */
    0x48, 0x6, 0x60, 0x7d, 0xa, 0xa0, 0x0, 0x0,
    0x0, 0xdf, 0xff, 0xf0, 0x15, 0xf7, 0x20, 0x2,
    0xf5, 0x0, 0x2, 0xf5, 0x0, 0x2, 0xf5, 0x0,
    0x2, 0xf5, 0x0, 0x2, 0xf5, 0x0, 0x15, 0xf7,
    0x20, 0xdf, 0xff, 0xf0,

    /* U+03AB "Ϋ" */
    0x4, 0x80, 0x66, 0x0, 0x7d, 0xa, 0xa0, 0x0,
    0x0, 0x0, 0x7, 0xf1, 0x0, 0xea, 0xf, 0x80,
    0x4f, 0x30, 0x8e, 0xb, 0xb0, 0x1, 0xf8, 0xf4,
    0x0, 0x9, 0xfd, 0x0, 0x0, 0x3f, 0x60, 0x0,
    0x2, 0xf5, 0x0, 0x0, 0x2f, 0x50, 0x0, 0x2,
    0xf5, 0x0,

    /* U+03AC "ά" */
    0x0, 0x3, 0x60, 0x0, 0x0, 0x9a, 0x0, 0x0,
    0xc, 0x40, 0x0, 0x0, 0x0, 0x0, 0x6, 0xee,
    0x5f, 0x41, 0xfa, 0x4d, 0xf1, 0x5f, 0x20, 0x7f,
    0x7, 0xf0, 0x5, 0xf0, 0x6f, 0x20, 0x7f, 0x2,
    0xfb, 0x5d, 0xf5, 0x6, 0xee, 0x4d, 0xd0,

    /* U+03AD "έ" */
    0x0, 0x36, 0x0, 0x0, 0x9a, 0x0, 0x0, 0xc4,
    0x0, 0x0, 0x0, 0x0, 0x1b, 0xff, 0xc3, 0x9e,
    0x43, 0x80, 0x8d, 0x10, 0x0, 0x1d, 0xff, 0x30,
    0xcc, 0x32, 0x0, 0xec, 0x43, 0x63, 0x4c, 0xff,
    0xd3,

    /* U+03AE "ή" */
    0x0, 0x8, 0xd0, 0x0, 0x0, 0xa7, 0x0, 0x0,
    0x5, 0x0, 0x3, 0xf6, 0xef, 0xa0, 0x3f, 0xd3,
    0x7f, 0x53, 0xf6, 0x0, 0xf7, 0x3f, 0x40, 0xf,
    0x73, 0xf4, 0x0, 0xf7, 0x3f, 0x40, 0xf, 0x83,
    0xf4, 0x0, 0xf8, 0x0, 0x0, 0xf, 0x70, 0x0,
    0x0, 0xf7, 0x0, 0x0, 0xf, 0x70,

    /* U+03AF "ί" */
    0x4, 0x60, 0x0, 0xa9, 0x0, 0xd, 0x20, 0x0,
    0x0, 0x0, 0x3f, 0x40, 0x3, 0xf4, 0x0, 0x3f,
    0x40, 0x3, 0xf4, 0x0, 0x3f, 0x40, 0x2, 0xf9,
    0x41, 0x9, 0xfe, 0x10,

    /* U+03B0 "ΰ" */
    0x0, 0x9, 0xb0, 0x0, 0x0, 0xb2, 0x0, 0x7,
    0xa0, 0x8a, 0x0, 0x24, 0x3, 0x40, 0x3f, 0x40,
    0x1f, 0x63, 0xf4, 0x0, 0xe9, 0x3f, 0x40, 0xc,
    0xa3, 0xf4, 0x0, 0xcb, 0x2f, 0x50, 0xe, 0x90,
    0xec, 0x49, 0xf4, 0x4, 0xdf, 0xe6, 0x0,

    /* U+03B1 "α" */
    0x6, 0xee, 0x5f, 0x41, 0xfa, 0x4d, 0xf1, 0x5f,
    0x20, 0x7f, 0x7, 0xf0, 0x5, 0xf0, 0x6f, 0x20,
    0x7f, 0x2, 0xfb, 0x5d, 0xf5, 0x6, 0xee, 0x4d,
    0xd0,

    /* U+03B2 "β" */
    0x3, 0xcf, 0xe6, 0x0, 0xec, 0x49, 0xf2, 0x3f,
    0x40, 0x2f, 0x53, 0xf4, 0x8, 0xf1, 0x3f, 0x4f,
    0xf5, 0x3, 0xf4, 0x37, 0xf5, 0x3f, 0x40, 0xc,
    0xb3, 0xf4, 0x0, 0xcb, 0x3f, 0xa4, 0x7f, 0x73,
    0xfd, 0xff, 0x90, 0x3f, 0x40, 0x0, 0x3, 0xf4,
    0x0, 0x0, 0x3f, 0x40, 0x0, 0x0,

    /* U+03B3 "γ" */
    0x7f, 0x10, 0xd, 0xa1, 0xf6, 0x2, 0xf5, 0xb,
    0xb0, 0x7e, 0x0, 0x5f, 0x1d, 0x90, 0x0, 0xf7,
    0xf4, 0x0, 0x9, 0xee, 0x0, 0x0, 0x3f, 0x80,
    0x0, 0x4, 0xf4, 0x0, 0x0, 0x8f, 0x0, 0x0,
    0xa, 0xe0, 0x0,

    /* U+03B4 "δ" */
    0x1, 0xaf, 0xfb, 0x20, 0x7f, 0x44, 0xa1, 0x6,
    0xf3, 0x0, 0x0, 0xb, 0xf8, 0x0, 0x3, 0xcd,
    0xfb, 0x1, 0xf9, 0x4, 0xf6, 0x6f, 0x20, 0xe,
    0x96, 0xf2, 0x0, 0xf9, 0x2f, 0xb4, 0x9f, 0x40,
    0x5d, 0xfe, 0x60,

    /* U+03B5 "ε" */
    0x1b, 0xff, 0xc3, 0x9e, 0x43, 0x80, 0x8d, 0x10,
    0x0, 0x1d, 0xff, 0x30, 0xcc, 0x32, 0x0, 0xec,
    0x43, 0x63, 0x4c, 0xff, 0xd3,

    /* U+03B6 "ζ" */
    0x6f, 0xff, 0xf6, 0x12, 0x2c, 0xc1, 0x0, 0xac,
    0x0, 0x8, 0xe1, 0x0, 0x2f, 0x50, 0x0, 0x8f,
    0x0, 0x0, 0xbc, 0x0, 0x0, 0xae, 0x0, 0x0,
    0x4f, 0xd7, 0x20, 0x3, 0xae, 0xf3, 0x0, 0x1,
    0xf5, 0x0, 0x7, 0xe0, 0x0, 0x2, 0x10,

    /* U+03B7 "η" */
    0x3f, 0x6e, 0xfa, 0x3, 0xfd, 0x37, 0xf5, 0x3f,
    0x60, 0xf, 0x73, 0xf4, 0x0, 0xf7, 0x3f, 0x40,
    0xf, 0x73, 0xf4, 0x0, 0xf8, 0x3f, 0x40, 0xf,
    0x80, 0x0, 0x0, 0xf7, 0x0, 0x0, 0xf, 0x70,
    0x0, 0x0, 0xf7,

    /* U+03B8 "θ" */
    0x2, 0xcf, 0xd3, 0x0, 0xcc, 0x3a, 0xe0, 0x2f,
    0x50, 0x2f, 0x44, 0xf2, 0x0, 0xf7, 0x6f, 0xff,
    0xff, 0x95, 0xf4, 0x33, 0xf9, 0x4f, 0x30, 0xf,
    0x71, 0xf5, 0x3, 0xf4, 0xb, 0xd3, 0xbe, 0x0,
    0x1c, 0xfd, 0x30,

    /* U+03B9 "ι" */
    0x3f, 0x40, 0x3, 0xf4, 0x0, 0x3f, 0x40, 0x3,
    0xf4, 0x0, 0x3f, 0x40, 0x2, 0xf9, 0x41, 0x9,
    0xfe, 0x10,

    /* U+03BA "κ" */
    0x1f, 0x60, 0x5f, 0x61, 0xf6, 0x3f, 0x80, 0x1f,
    0x7e, 0xb0, 0x1, 0xfe, 0xfb, 0x0, 0x1f, 0xb5,
    0xf5, 0x1, 0xf6, 0xa, 0xe1, 0x1f, 0x60, 0x1e,
    0xa0,

    /* U+03BB "λ" */
    0x2f, 0xd3, 0x0, 0x1, 0x5c, 0xd0, 0x0, 0x0,
    0x4f, 0x30, 0x0, 0x3, 0xf8, 0x0, 0x0, 0x9f,
    0xc0, 0x0, 0xe, 0xaf, 0x10, 0x5, 0xf1, 0xf6,
    0x0, 0xbb, 0xb, 0xb0, 0x1f, 0x50, 0x6f, 0x57,
    0xf0, 0x0, 0xdf,

    /* U+03BC "μ" */
    0x4f, 0x30, 0x1f, 0x74, 0xf3, 0x1, 0xf7, 0x4f,
    0x30, 0x1f, 0x75, 0xf3, 0x1, 0xf7, 0x5f, 0x40,
    0x3f, 0x74, 0xfb, 0x5b, 0xf7, 0x4f, 0xfe, 0x7d,
    0x74, 0xf3, 0x0, 0x0, 0x4f, 0x30, 0x0, 0x4,
    0xf3, 0x0, 0x0,

    /* U+03BD "ν" */
    0x4f, 0x30, 0xf, 0x70, 0xf8, 0x0, 0xf6, 0xa,
    0xc0, 0x2f, 0x40, 0x5f, 0x15, 0xf1, 0x0, 0xf5,
    0xbb, 0x0, 0xb, 0xdf, 0x30, 0x0, 0x6f, 0x80,
    0x0,

    /* U+03BE "ξ" */
    0x6f, 0xff, 0xf1, 0x1b, 0xd5, 0x30, 0x4f, 0x20,
    0x0, 0x4f, 0x50, 0x0, 0x8, 0xff, 0xc0, 0x4f,
    0x82, 0x10, 0xad, 0x0, 0x0, 0xbd, 0x0, 0x0,
    0x5f, 0xd7, 0x20, 0x3, 0xae, 0xf3, 0x0, 0x1,
    0xf5, 0x0, 0x6, 0xf1, 0x0, 0x2, 0x20,

    /* U+03BF "ο" */
    0x3, 0xcf, 0xd5, 0x1, 0xec, 0x4a, 0xf3, 0x5f,
    0x20, 0xf, 0x87, 0xf1, 0x0, 0xea, 0x5f, 0x30,
    0xf, 0x81, 0xec, 0x4a, 0xf3, 0x3, 0xcf, 0xd5,
    0x0,

    /* U+03C0 "π" */
    0x8f, 0xff, 0xff, 0xf2, 0xae, 0x3c, 0xb3, 0x8,
    0xe0, 0xba, 0x0, 0x8e, 0xb, 0xa0, 0x8, 0xe0,
    0xba, 0x0, 0x8e, 0xb, 0xd4, 0x8, 0xe0, 0x5f,
    0xc0,

    /* U+03C1 "ρ" */
    0x2, 0xbf, 0xe5, 0x0, 0xcd, 0x58, 0xf3, 0x2f,
    0x50, 0xf, 0x83, 0xf4, 0x0, 0xda, 0x3f, 0x40,
    0xf, 0x83, 0xfa, 0x48, 0xf4, 0x3f, 0xbf, 0xe7,
    0x3, 0xf3, 0x0, 0x0, 0x3f, 0x40, 0x0, 0x3,
    0xf4, 0x0, 0x0,

    /* U+03C2 "ς" */
    0x0, 0x9e, 0xfd, 0x10, 0x9f, 0x75, 0x70, 0xf,
    0x90, 0x0, 0x1, 0xf6, 0x0, 0x0, 0xf, 0x80,
    0x0, 0x0, 0x9f, 0x94, 0x0, 0x0, 0x6c, 0xfd,
    0x0, 0x0, 0x4, 0xf2, 0x0, 0x0, 0x8d, 0x0,
    0x0, 0x4, 0x20,

    /* U+03C3 "σ" */
    0x3, 0xcf, 0xff, 0xf0, 0x1f, 0xb3, 0x9e, 0x30,
    0x5f, 0x20, 0x3f, 0x40, 0x7f, 0x10, 0x1f, 0x60,
    0x5f, 0x30, 0x2f, 0x60, 0x1f, 0xb4, 0xbf, 0x10,
    0x4, 0xdf, 0xd4, 0x0,

    /* U+03C4 "τ" */
    0x2d, 0xff, 0xff, 0x60, 0x39, 0xf3, 0x31, 0x0,
    0x7f, 0x0, 0x0, 0x7, 0xf0, 0x0, 0x0, 0x7f,
    0x0, 0x0, 0x6, 0xf6, 0x50, 0x0, 0x1c, 0xfe,
    0x0,

    /* U+03C5 "υ" */
    0x3f, 0x40, 0x1f, 0x63, 0xf4, 0x0, 0xe9, 0x3f,
    0x40, 0xc, 0xa3, 0xf4, 0x0, 0xcb, 0x2f, 0x50,
    0xe, 0x90, 0xec, 0x49, 0xf4, 0x4, 0xdf, 0xe6,
    0x0,

    /* U+03C6 "φ" */
    0x9, 0x57, 0xfb, 0x1, 0xf4, 0xf7, 0xe6, 0x5f,
    0x1f, 0x3a, 0x97, 0xd1, 0xf3, 0xaa, 0x6e, 0x1f,
    0x3c, 0x82, 0xf7, 0xf7, 0xf3, 0x6, 0xff, 0xf7,
    0x0, 0x1, 0xf3, 0x0, 0x0, 0x1f, 0x30, 0x0,
    0x1, 0xf3, 0x0,

    /* U+03C7 "χ" */
    0x1f, 0xd1, 0xe, 0x70, 0x5e, 0x76, 0xf1, 0x0,
    0x9b, 0xc8, 0x0, 0x5, 0xff, 0x10, 0x0, 0x2f,
    0x90, 0x0, 0x8, 0xfa, 0x0, 0x0, 0xfb, 0xe0,
    0x0, 0x7e, 0x2f, 0x30, 0xe, 0x80, 0xdb, 0x46,
    0xf1, 0x5, 0xfc,

    /* U+03C8 "ψ" */
    0x0, 0xf, 0x40, 0x0, 0x0, 0xf4, 0x0, 0x0,
    0xf, 0x40, 0x3, 0xf1, 0xf4, 0xe5, 0x3f, 0x1f,
    0x4c, 0x83, 0xf1, 0xf4, 0xa9, 0x3f, 0x1f, 0x4a,
    0xa2, 0xf2, 0xf4, 0xb8, 0xf, 0x9f, 0x8f, 0x40,
    0x5e, 0xff, 0x80, 0x0, 0xf, 0x40, 0x0, 0x0,
    0xf4, 0x0, 0x0, 0xf, 0x40, 0x0,

    /* U+03C9 "ω" */
    0xf, 0x40, 0x1f, 0x44, 0xf0, 0x0, 0xd7, 0x6e,
    0xb, 0x2b, 0x97, 0xd0, 0xf3, 0xaa, 0x6e, 0xf,
    0x3b, 0x93, 0xf7, 0xf9, 0xe6, 0xa, 0xf5, 0xec,
    0x0,

    /* U+03CA "ϊ" */
    0x8c, 0xc, 0x80, 0x58, 0x7, 0x50, 0x0, 0x0,
    0x0, 0x3, 0xf4, 0x0, 0x3, 0xf4, 0x0, 0x3,
    0xf4, 0x0, 0x3, 0xf4, 0x0, 0x3, 0xf4, 0x0,
    0x2, 0xf9, 0x41, 0x0, 0x9f, 0xe1,

    /* U+03CB "ϋ" */
    0x6, 0xe0, 0xaa, 0x0, 0x49, 0x6, 0x70, 0x0,
    0x0, 0x0, 0x3, 0xf4, 0x1, 0xf6, 0x3f, 0x40,
    0xe, 0x93, 0xf4, 0x0, 0xca, 0x3f, 0x40, 0xc,
    0xb2, 0xf5, 0x0, 0xe9, 0xe, 0xc4, 0x9f, 0x40,
    0x4d, 0xfe, 0x60,

    /* U+03CC "ό" */
    0x0, 0x3, 0x60, 0x0, 0x0, 0x9a, 0x0, 0x0,
    0xc, 0x40, 0x0, 0x0, 0x0, 0x0, 0x3, 0xcf,
    0xd5, 0x1, 0xec, 0x4a, 0xf3, 0x5f, 0x20, 0xf,
    0x87, 0xf1, 0x0, 0xea, 0x5f, 0x30, 0xf, 0x81,
    0xec, 0x4a, 0xf3, 0x3, 0xcf, 0xd5, 0x0,

    /* U+03CD "ύ" */
    0x0, 0x3, 0x60, 0x0, 0x0, 0x9a, 0x0, 0x0,
    0xc, 0x40, 0x0, 0x0, 0x0, 0x0, 0x3f, 0x40,
    0x1f, 0x63, 0xf4, 0x0, 0xe9, 0x3f, 0x40, 0xc,
    0xa3, 0xf4, 0x0, 0xcb, 0x2f, 0x50, 0xe, 0x90,
    0xec, 0x49, 0xf4, 0x4, 0xdf, 0xe6, 0x0,

    /* U+03CE "ώ" */
    0x0, 0x3, 0x60, 0x0, 0x0, 0x9a, 0x0, 0x0,
    0xc, 0x40, 0x0, 0x0, 0x0, 0x0, 0xf, 0x40,
    0x1f, 0x44, 0xf0, 0x0, 0xd7, 0x6e, 0xb, 0x2b,
    0x97, 0xd0, 0xf3, 0xaa, 0x6e, 0xf, 0x3b, 0x93,
    0xf7, 0xf9, 0xe6, 0xa, 0xf5, 0xec, 0x0,

    /* U+03CF "Ϗ" */
    0x5f, 0x20, 0x4f, 0x55, 0xf2, 0x1e, 0xa0, 0x5f,
    0x2a, 0xe1, 0x5, 0xf6, 0xf4, 0x0, 0x5f, 0xef,
    0x20, 0x5, 0xf9, 0xdb, 0x0, 0x5f, 0x25, 0xf4,
    0x5, 0xf2, 0xc, 0xd0, 0x5f, 0x20, 0x4f, 0x60,
    0x0, 0x0, 0xe8, 0x48, 0x55, 0xbf, 0x22, 0xcf,
    0xfc, 0x30,

    /* U+03D0 "ϐ" */
    0x3, 0xcf, 0xe6, 0x0, 0xec, 0x49, 0xf2, 0x3f,
    0x40, 0x2f, 0x53, 0xf4, 0x8, 0xf1, 0x3f, 0x4f,
    0xf5, 0x3, 0xf4, 0x37, 0xf5, 0x3f, 0x40, 0xc,
    0xb3, 0xf4, 0x0, 0xcb, 0x3f, 0xa4, 0x7f, 0x73,
    0xfd, 0xff, 0x90, 0x3f, 0x40, 0x0, 0x3, 0xf4,
    0x0, 0x0, 0x3f, 0x40, 0x0, 0x0,

    /* U+03D1 "ϑ" */
    0x2, 0xcf, 0xd3, 0x0, 0xcc, 0x3a, 0xe0, 0x2f,
    0x50, 0x2f, 0x44, 0xf2, 0x0, 0xf7, 0x6f, 0xff,
    0xff, 0x95, 0xf4, 0x33, 0xf9, 0x4f, 0x30, 0xf,
    0x71, 0xf5, 0x3, 0xf4, 0xb, 0xd3, 0xbe, 0x0,
    0x1c, 0xfd, 0x30,

    /* U+03D2 "ϒ" */
    0x7f, 0x10, 0xe, 0xa0, 0xf8, 0x4, 0xf3, 0x8,
    0xe0, 0xbb, 0x0, 0x1f, 0x8f, 0x40, 0x0, 0x9f,
    0xd0, 0x0, 0x3, 0xf6, 0x0, 0x0, 0x2f, 0x50,
    0x0, 0x2, 0xf5, 0x0, 0x0, 0x2f, 0x50, 0x0,

    /* U+03D3 "ϓ" */
    0x1f, 0x40, 0x0, 0x0, 0x3, 0xe6, 0xf2, 0xa,
    0xd0, 0x24, 0xf, 0x70, 0xf8, 0x0, 0x0, 0xac,
    0x4f, 0x20, 0x0, 0x4, 0xfa, 0xc0, 0x0, 0x0,
    0xd, 0xf6, 0x0, 0x0, 0x0, 0x8f, 0x0, 0x0,
    0x0, 0x7, 0xf0, 0x0, 0x0, 0x0, 0x7f, 0x0,
    0x0, 0x0, 0x7, 0xf0, 0x0,

    /* U+03D4 "ϔ" */
    0x4, 0x90, 0x66, 0x0, 0x6e, 0xa, 0xa0, 0x0,
    0x0, 0x0, 0x7, 0xf1, 0x0, 0xea, 0xf, 0x80,
    0x4f, 0x30, 0x8e, 0xb, 0xb0, 0x1, 0xf8, 0xf4,
    0x0, 0x9, 0xfd, 0x0, 0x0, 0x3f, 0x60, 0x0,
    0x2, 0xf5, 0x0, 0x0, 0x2f, 0x50, 0x0, 0x2,
    0xf5, 0x0,

    /* U+03D5 "ϕ" */
    0x9, 0x57, 0xfb, 0x1, 0xf4, 0xf7, 0xe6, 0x5f,
    0x1f, 0x3a, 0x97, 0xd1, 0xf3, 0xaa, 0x6e, 0x1f,
    0x3c, 0x82, 0xf7, 0xf7, 0xf3, 0x6, 0xff, 0xf7,
    0x0, 0x1, 0xf3, 0x0, 0x0, 0x1f, 0x30, 0x0,
    0x1, 0xf3, 0x0,

    /* U+03D6 "ϖ" */
    0x8f, 0xff, 0xff, 0xf2, 0xae, 0x3c, 0xb3, 0x8,
    0xe0, 0xba, 0x0, 0x8e, 0xb, 0xa0, 0x8, 0xe0,
    0xba, 0x0, 0x8e, 0xb, 0xd4, 0x8, 0xe0, 0x5f,
    0xc0,

    /* U+03D7 "ϗ" */
    0xdd, 0x20, 0xd, 0x80, 0x3e, 0x80, 0xaf, 0x20,
    0xa, 0xa6, 0xfe, 0x0, 0xa, 0xcf, 0xbb, 0x0,
    0xc, 0xf8, 0x9b, 0x0, 0xf, 0xc0, 0x7e, 0x40,
    0x5f, 0x20, 0x1d, 0xf1, 0x0, 0x0, 0x3, 0xf0,
    0x0, 0x0, 0x17, 0xf0, 0x0, 0x0, 0x6f, 0x90,

    /* U+03D8 "Ϙ" */
    0x4, 0xdf, 0xe5, 0x0, 0xfc, 0x5a, 0xf2, 0x5f,
    0x30, 0xf, 0x76, 0xf0, 0x0, 0xd9, 0x5f, 0x20,
    0xf, 0x81, 0xfa, 0x27, 0xf4, 0x6, 0xff, 0xf9,
    0x0, 0x1, 0xf4, 0x0, 0x0, 0xf, 0x30, 0x0,

    /* U+03D9 "ϙ" */
    0x3, 0xcf, 0xd5, 0x1, 0xec, 0x4a, 0xf3, 0x5f,
    0x20, 0xf, 0x87, 0xf1, 0x0, 0xea, 0x5f, 0x30,
    0xf, 0x81, 0xec, 0x4a, 0xf3, 0x3, 0xcf, 0xe5,
    0x0, 0x2, 0xf5, 0x0, 0x0, 0x2f, 0x50, 0x0,
    0x2, 0xf5, 0x0,

    /* U+03DA "Ϛ" */
    0x1, 0x9e, 0xfe, 0x70, 0xcf, 0x86, 0x97, 0x4f,
    0x60, 0x0, 0x7, 0xf2, 0x0, 0x0, 0x5f, 0x40,
    0x0, 0x1, 0xfd, 0x41, 0x0, 0x4, 0xef, 0xf1,
    0x0, 0x0, 0x8f, 0x10, 0x0, 0x7, 0xf1, 0x0,

    /* U+03DB "ϛ" */
    0x0, 0x9e, 0xfd, 0x10, 0xaf, 0x75, 0x70, 0xf,
    0x90, 0x0, 0x1, 0xf6, 0x0, 0x0, 0xf, 0xa0,
    0x0, 0x0, 0x6f, 0xc7, 0x20, 0x0, 0x28, 0xdf,
    0x10, 0x1, 0x5, 0xf2, 0x0, 0x9f, 0xfa, 0x0,
    0x0, 0x21, 0x0,

    /* U+03DC "Ϝ" */
    0xdf, 0xff, 0xf7, 0xdc, 0x55, 0x52, 0xda, 0x0,
    0x0, 0xdb, 0x11, 0x10, 0xdf, 0xff, 0xf3, 0xdc,
    0x45, 0xf3, 0xda, 0x1, 0xd2, 0xda, 0x0, 0x0,
    0xda, 0x0, 0x0,

    /* U+03DD "ϝ" */
    0xff, 0xff, 0xf9, 0xfa, 0x33, 0x32, 0xf9, 0x0,
    0x0, 0xf9, 0x0, 0x0, 0xff, 0xff, 0xf4, 0xfa,
    0x33, 0xf4, 0xf9, 0x0, 0xa3, 0xf9, 0x0, 0x0,
    0xf9, 0x0, 0x0, 0xf9, 0x0, 0x0,

    /* U+03DE "Ϟ" */
    0x6f, 0xb0, 0x0, 0x1, 0x7f, 0x30, 0x0, 0x6,
    0xf1, 0x0, 0x0, 0xad, 0x11, 0x10, 0xf, 0xff,
    0xff, 0x40, 0x44, 0x4a, 0xf0, 0x0, 0x0, 0xca,
    0x0, 0x0, 0xf, 0x92, 0x0, 0x0, 0x9f, 0x80,

    /* U+03DF "ϟ" */
    0xc, 0xf5, 0x0, 0x0, 0x2c, 0xb0, 0x0, 0x0,
    0xd9, 0x0, 0x0, 0x2f, 0x40, 0x0, 0x8, 0xe0,
    0x0, 0x0, 0xdc, 0x9c, 0xf5, 0x2f, 0xfc, 0xcf,
    0x11, 0x30, 0xa, 0xc0, 0x0, 0x0, 0xf6, 0x0,
    0x0, 0x5f, 0x10, 0x0, 0xa, 0xc0, 0x0, 0x0,
    0xbd, 0x30, 0x0, 0x5, 0xef, 0x0,

    /* U+03E0 "Ϡ" */
    0x6d, 0xfe, 0x91, 0x6, 0x96, 0x9f, 0xc0, 0x0,
    0x6e, 0xcf, 0x40, 0x3d, 0x31, 0xf9, 0x0, 0x5,
    0xef, 0xb0, 0x1, 0xd4, 0xdb, 0x0, 0x0, 0xe,
    0xa0, 0x0, 0x2, 0xf7, 0x0, 0x0, 0x7f, 0x20,

    /* U+03E1 "ϡ" */
    0x57, 0x10, 0x0, 0x2, 0xff, 0x70, 0x0, 0x0,
    0x8f, 0x90, 0x0, 0x0, 0x7f, 0x60, 0x1, 0xaf,
    0xee, 0x0, 0x16, 0x13, 0xf4, 0x0, 0x3, 0x9f,
    0x80, 0x6, 0xd8, 0xdb, 0x0, 0x0, 0xb, 0xb0,
    0x0, 0x0, 0xca, 0x0, 0x0, 0xe, 0x80, 0x0,
    0x2, 0xf5, 0x0, 0x0, 0x7f, 0x0,

    /* U+03F0 "ϰ" */
    0xdd, 0x10, 0xd, 0x80, 0x3e, 0x80, 0xaf, 0x20,
    0xa, 0x96, 0xfe, 0x0, 0xa, 0xbf, 0xbb, 0x0,
    0xc, 0xf8, 0x8b, 0x0, 0xf, 0xc0, 0x7e, 0x40,
    0x5f, 0x20, 0x1c, 0xf0,

    /* U+03F1 "ϱ" */
    0x2, 0xbf, 0xe5, 0x0, 0xcd, 0x58, 0xf3, 0x2f,
    0x50, 0xf, 0x83, 0xf4, 0x0, 0xda, 0x3f, 0x40,
    0xf, 0x83, 0xfa, 0x48, 0xf4, 0x3f, 0xbf, 0xe7,
    0x3, 0xf3, 0x0, 0x0, 0x3f, 0x40, 0x0, 0x3,
    0xf4, 0x0, 0x0,

    /* U+03F2 "ϲ" */
    0x1, 0xaf, 0xfc, 0x0, 0xaf, 0x76, 0x70, 0xf,
    0x90, 0x0, 0x1, 0xf7, 0x0, 0x0, 0xf, 0x90,
    0x0, 0x0, 0xbf, 0x76, 0x90, 0x1, 0xaf, 0xfc,
    0x0,

    /* U+03F3 "ϳ" */
    0x0, 0xa, 0xe0, 0x0, 0x9, 0xd0, 0x0, 0x0,
    0x0, 0x7, 0xff, 0xf0, 0x0, 0x3a, 0xf0, 0x0,
    0x7, 0xf0, 0x0, 0x7, 0xf0, 0x0, 0x7, 0xf0,
    0x0, 0x7, 0xf0, 0x0, 0x7, 0xf0, 0x0, 0x8,
    0xf0, 0x36, 0x6e, 0xc0, 0x5e, 0xfc, 0x30,

    /* U+03F4 "ϴ" */
    0x3, 0xcf, 0xd5, 0x0, 0xed, 0x6b, 0xf2, 0x5f,
    0x30, 0xf, 0x88, 0xf0, 0x10, 0xdb, 0x8f, 0x7f,
    0xac, 0xc8, 0xf1, 0x42, 0xcb, 0x5f, 0x30, 0xf,
    0x80, 0xed, 0x6b, 0xf2, 0x3, 0xcf, 0xd5, 0x0,

    /* U+03F5 "ϵ" */
    0x1b, 0xff, 0xc3, 0x9e, 0x43, 0x80, 0x8d, 0x10,
    0x0, 0x1d, 0xff, 0x30, 0xcc, 0x32, 0x0, 0xec,
    0x43, 0x63, 0x4c, 0xff, 0xd3,

    /* U+03F6 "϶" */
    0xd, 0xfe, 0xa1, 0x0, 0x75, 0x7e, 0xc0, 0x0,
    0x0, 0x6f, 0x20, 0x2f, 0xff, 0xf4, 0x0, 0x33,
    0x8f, 0x21, 0x75, 0x7e, 0xc0, 0x1d, 0xfe, 0xa1,
    0x0,

    /* U+03F7 "Ϸ" */
    0xf7, 0x0, 0x0, 0xf8, 0x10, 0x0, 0xff, 0xff,
    0xa0, 0xf9, 0x47, 0xf7, 0xf7, 0x0, 0xea, 0xf8,
    0x15, 0xf7, 0xff, 0xff, 0xc1, 0xf9, 0x42, 0x0,
    0xf7, 0x0, 0x0,

    /* U+03F8 "ϸ" */
    0x3f, 0x30, 0x0, 0x3, 0xf3, 0x0, 0x0, 0x3f,
    0x30, 0x0, 0x3, 0xf8, 0xef, 0x80, 0x3f, 0xd5,
    0x9f, 0x43, 0xf5, 0x0, 0xf8, 0x3f, 0x30, 0xe,
    0xa3, 0xf5, 0x0, 0xf8, 0x3f, 0xd5, 0x9f, 0x43,
    0xf8, 0xef, 0x80, 0x3f, 0x30, 0x0, 0x3, 0xf3,
    0x0, 0x0, 0x3f, 0x30, 0x0, 0x0,

    /* U+03F9 "Ϲ" */
    0xef, 0xff, 0xe0, 0xaf, 0x65, 0x40, 0xd, 0xb0,
    0x0, 0x2, 0xf9, 0x0, 0x0, 0xbe, 0x0, 0x5,
    0xf4, 0x0, 0x2f, 0x80, 0x0, 0xce, 0x55, 0x51,
    0xff, 0xff, 0xf4,

    /* U+03FA "Ϻ" */
    0x7f, 0xa0, 0x6f, 0xa7, 0xfd, 0xa, 0xfa, 0x7c,
    0xf0, 0xdc, 0xa7, 0xcd, 0x4f, 0xaa, 0x7d, 0xaa,
    0xca, 0xa7, 0xe6, 0xf9, 0xaa, 0x7e, 0x2d, 0x5b,
    0xa7, 0xe0, 0x0, 0xba, 0x7e, 0x0, 0xb, 0xa0,

    /* U+03FB "ϻ" */
    0x5f, 0x90, 0x5f, 0x85, 0xfe, 0xc, 0xf8, 0x5e,
    0xb9, 0xdb, 0x85, 0xe4, 0xf7, 0xb8, 0x5e, 0x8,
    0x1b, 0x85, 0xe0, 0x0, 0xb8, 0x5e, 0x0, 0xb,
    0x85, 0xe0, 0x0, 0x0, 0x5e, 0x0, 0x0, 0x5,
    0xe0, 0x0, 0x0,

    /* U+03FC "ϼ" */
    0x2, 0xbf, 0xe5, 0x0, 0xcd, 0x58, 0xf3, 0x2f,
    0x50, 0xf, 0x83, 0xf4, 0x0, 0xda, 0x3f, 0x40,
    0xf, 0x83, 0xfa, 0x48, 0xf4, 0x3f, 0xbf, 0xe7,
    0x3, 0xf3, 0x0, 0x0, 0xef, 0xff, 0x10, 0x5,
    0xf5, 0x20, 0x0,

    /* U+03FD "Ͻ" */
    0x3d, 0xfe, 0x80, 0x1, 0x96, 0x8f, 0xb0, 0x0,
    0x0, 0x6f, 0x30, 0x0, 0x1, 0xf7, 0x0, 0x0,
    0xf, 0x80, 0x0, 0x0, 0xf7, 0x0, 0x0, 0x5f,
    0x41, 0xa6, 0x8f, 0xd0, 0x1c, 0xff, 0xa1, 0x0,

    /* U+03FE "Ͼ" */
    0x0, 0x7d, 0xfe, 0x60, 0x7f, 0xa6, 0x83, 0xf,
    0x90, 0x0, 0x3, 0xf4, 0xd, 0xb0, 0x5f, 0x30,
    0xdb, 0x4, 0xf4, 0x0, 0x0, 0x1f, 0x80, 0x0,
    0x0, 0xaf, 0x96, 0x94, 0x0, 0x9e, 0xfd, 0x30,

    /* U+03FF "Ͽ" */
    0x3d, 0xfe, 0x80, 0x1, 0x86, 0x8f, 0xb0, 0x0,
    0x0, 0x6f, 0x30, 0x8e, 0x11, 0xf7, 0x9, 0xf1,
    0xf, 0x80, 0x0, 0x0, 0xf7, 0x0, 0x0, 0x5f,
    0x41, 0xa6, 0x8f, 0xd0, 0x1c, 0xff, 0xa1, 0x0,

    /* U+0400 "Ѐ" */
    0x1c, 0xb0, 0x0, 0x1, 0xd5, 0x0, 0x0, 0x0,
    0x0, 0xff, 0xff, 0xf4, 0xfa, 0x55, 0x51, 0xf7,
    0x0, 0x0, 0xf8, 0x11, 0x10, 0xff, 0xff, 0xf1,
    0xf9, 0x44, 0x40, 0xf7, 0x0, 0x0, 0xfa, 0x55,
    0x51, 0xff, 0xff, 0xf4,

    /* U+0401 "Ё" */
    0x6b, 0x7, 0xb0, 0x8e, 0x9, 0xd0, 0x0, 0x0,
    0x0, 0xff, 0xff, 0xf4, 0xfa, 0x55, 0x51, 0xf7,
    0x0, 0x0, 0xf8, 0x11, 0x10, 0xff, 0xff, 0xf1,
    0xf9, 0x44, 0x40, 0xf7, 0x0, 0x0, 0xfa, 0x55,
    0x51, 0xff, 0xff, 0xf4,

    /* U+0402 "Ђ" */
    0xef, 0xff, 0xf9, 0x4, 0xae, 0x44, 0x20, 0x8,
    0xe0, 0x0, 0x0, 0x8f, 0xef, 0xc1, 0x8, 0xf5,
    0x4e, 0xb0, 0x8e, 0x0, 0x8e, 0x8, 0xe0, 0x8,
    0xe0, 0x8e, 0x15, 0xeb, 0x8, 0xe2, 0xfd, 0x20,

    /* U+0403 "Ѓ" */
    0x0, 0x4f, 0x60, 0x0, 0xd6, 0x0, 0x0, 0x0,
    0x0, 0xef, 0xff, 0xf9, 0xec, 0x55, 0x53, 0xe9,
    0x0, 0x0, 0xe9, 0x0, 0x0, 0xe9, 0x0, 0x0,
    0xe9, 0x0, 0x0, 0xe9, 0x0, 0x0, 0xe9, 0x0,
    0x0, 0xe9, 0x0, 0x0,

    /* U+0404 "Є" */
    0x0, 0x7e, 0xfe, 0x60, 0x7f, 0x95, 0x85, 0xf,
    0x90, 0x0, 0x3, 0xf4, 0x0, 0x0, 0x4f, 0xff,
    0xfd, 0x3, 0xf7, 0x33, 0x30, 0xf, 0x90, 0x0,
    0x0, 0x8f, 0xa6, 0x76, 0x0, 0x8e, 0xfe, 0x60,

    /* U+0405 "Ѕ" */
    0x2, 0xcf, 0xfb, 0x20, 0xce, 0x67, 0xb0, 0xf,
    0x90, 0x0, 0x0, 0xbf, 0x60, 0x0, 0x1, 0xaf,
    0xe5, 0x0, 0x0, 0x2b, 0xf3, 0x0, 0x0, 0x2f,
    0x61, 0xc7, 0x6b, 0xf3, 0xb, 0xff, 0xd6, 0x0,

    /* U+0406 "І" */
    0xef, 0xff, 0xf1, 0x15, 0xf7, 0x20, 0x2, 0xf5,
    0x0, 0x2, 0xf5, 0x0, 0x2, 0xf5, 0x0, 0x2,
    0xf5, 0x0, 0x2, 0xf5, 0x0, 0x15, 0xf7, 0x20,
    0xef, 0xff, 0xf1,

    /* U+0407 "Ї" */
    0x7b, 0x8, 0xa0, 0x9d, 0xa, 0xc0, 0x0, 0x0,
    0x0, 0xef, 0xff, 0xf1, 0x15, 0xf7, 0x20, 0x2,
    0xf5, 0x0, 0x2, 0xf5, 0x0, 0x2, 0xf5, 0x0,
    0x2, 0xf5, 0x0, 0x2, 0xf5, 0x0, 0x15, 0xf7,
    0x20, 0xef, 0xff, 0xf1,

    /* U+0408 "Ј" */
    0x0, 0xb, 0xc0, 0x0, 0xbc, 0x0, 0xb, 0xc0,
    0x0, 0xbc, 0x0, 0xb, 0xc0, 0x0, 0xbc, 0x0,
    0xc, 0xb9, 0x69, 0xf7, 0xdf, 0xf9, 0x0,

    /* U+0409 "Љ" */
    0x9, 0xff, 0x90, 0x0, 0xa, 0x9b, 0x90, 0x0,
    0xa, 0x7a, 0x90, 0x0, 0xb, 0x6a, 0xfe, 0x40,
    0xc, 0x5a, 0xa8, 0xe0, 0xd, 0x4a, 0x93, 0xf0,
    0xe, 0x3a, 0x93, 0xf0, 0x5f, 0x1a, 0xba, 0xd0,
    0xfa, 0xa, 0xfe, 0x40,

    /* U+040A "Њ" */
    0x7d, 0xc, 0x80, 0x0, 0x7d, 0xc, 0x80, 0x0,
    0x7d, 0xc, 0x80, 0x0, 0x7d, 0xc, 0x80, 0x0,
    0x7f, 0xff, 0xfe, 0x60, 0x7e, 0x3d, 0xa9, 0xf0,
    0x7d, 0xc, 0x84, 0xf1, 0x7d, 0xc, 0x99, 0xe0,
    0x7d, 0xc, 0xfe, 0x50,

    /* U+040B "Ћ" */
    0xef, 0xff, 0xf9, 0x4, 0xae, 0x44, 0x20, 0x8,
    0xe0, 0x0, 0x0, 0x8e, 0x0, 0x0, 0x8, 0xfe,
    0xfc, 0x20, 0x8f, 0x44, 0xea, 0x8, 0xe0, 0x9,
    0xc0, 0x8e, 0x0, 0x9c, 0x8, 0xe0, 0x9, 0xc0,

    /* U+040C "Ќ" */
    0x0, 0x5, 0xf4, 0x0, 0x1, 0xe4, 0x0, 0x0,
    0x0, 0x0, 0x5, 0xf2, 0x1, 0xe8, 0x5f, 0x20,
    0x8e, 0x5, 0xf2, 0x2f, 0x60, 0x5f, 0x3b, 0xc0,
    0x5, 0xff, 0xf6, 0x0, 0x5f, 0x5c, 0xd0, 0x5,
    0xf2, 0x3f, 0x70, 0x5f, 0x20, 0x9f, 0x15, 0xf2,
    0x1, 0xfa,

    /* U+040D "Ѝ" */
    0x2, 0xe8, 0x0, 0x0, 0x2, 0xe2, 0x0, 0x0,
    0x0, 0x0, 0x5, 0xf0, 0x7, 0xf8, 0x5f, 0x0,
    0xdf, 0x85, 0xf0, 0x4f, 0xc8, 0x5f, 0xa, 0x9c,
    0x85, 0xf1, 0xf3, 0xc8, 0x5f, 0x6d, 0xc, 0x85,
    0xfc, 0x70, 0xc8, 0x5f, 0xf1, 0xc, 0x85, 0xfa,
    0x0, 0xc8,

    /* U+040E "Ў" */
    0x8, 0xb0, 0xa9, 0x0, 0x1, 0xcf, 0xc2, 0x0,
    0x0, 0x0, 0x0, 0x0, 0xaf, 0x0, 0xb, 0xd0,
    0x3f, 0x60, 0x1f, 0x70, 0xc, 0xc0, 0x6f, 0x10,
    0x6, 0xf2, 0xcb, 0x0, 0x0, 0xf9, 0xf5, 0x0,
    0x0, 0x9f, 0xf0, 0x0, 0x0, 0x3f, 0x90, 0x0,
    0x16, 0xbf, 0x20, 0x0, 0x3f, 0xe5, 0x0, 0x0,

    /* U+040F "Џ" */
    0x5f, 0x20, 0xf, 0x85, 0xf2, 0x0, 0xf8, 0x5f,
    0x20, 0xf, 0x85, 0xf2, 0x0, 0xf8, 0x5f, 0x20,
    0xf, 0x85, 0xf2, 0x0, 0xf8, 0x5f, 0x20, 0xf,
    0x85, 0xf7, 0x55, 0xf8, 0x5f, 0xff, 0xff, 0x80,
    0x1, 0xf5, 0x0, 0x0, 0x1f, 0x50, 0x0,

    /* U+0410 "А" */
    0x0, 0x7f, 0xa0, 0x0, 0x0, 0xbd, 0xe0, 0x0,
    0x0, 0xf6, 0xf3, 0x0, 0x4, 0xf0, 0xe7, 0x0,
    0x9, 0xc1, 0xac, 0x0, 0xd, 0xff, 0xff, 0x10,
    0x2f, 0x64, 0x4f, 0x50, 0x6f, 0x0, 0xd, 0x90,
    0xbb, 0x0, 0x9, 0xe0,

    /* U+0411 "Б" */
    0x1f, 0xff, 0xff, 0x1, 0xf9, 0x55, 0x50, 0x1f,
    0x60, 0x0, 0x1, 0xf6, 0x0, 0x0, 0x1f, 0xff,
    0xf9, 0x1, 0xf8, 0x48, 0xf6, 0x1f, 0x60, 0xf,
    0x81, 0xf9, 0x49, 0xf5, 0x1f, 0xff, 0xe8, 0x0,

    /* U+0412 "В" */
    0x2f, 0xff, 0xe7, 0x2, 0xf8, 0x5a, 0xf3, 0x2f,
    0x50, 0x2f, 0x52, 0xf6, 0x17, 0xf2, 0x2f, 0xff,
    0xf7, 0x2, 0xf8, 0x48, 0xf5, 0x2f, 0x50, 0xf,
    0x92, 0xf8, 0x58, 0xf6, 0x2f, 0xff, 0xe9, 0x0,

    /* U+0413 "Г" */
    0xef, 0xff, 0xf9, 0xec, 0x55, 0x53, 0xe9, 0x0,
    0x0, 0xe9, 0x0, 0x0, 0xe9, 0x0, 0x0, 0xe9,
    0x0, 0x0, 0xe9, 0x0, 0x0, 0xe9, 0x0, 0x0,
    0xe9, 0x0, 0x0,

    /* U+0414 "Д" */
    0x0, 0xff, 0xff, 0x30, 0x1, 0xf8, 0x8f, 0x30,
    0x2, 0xf3, 0x4f, 0x30, 0x2, 0xf2, 0x4f, 0x30,
    0x4, 0xf1, 0x4f, 0x30, 0x6, 0xf0, 0x4f, 0x30,
    0xa, 0xc0, 0x4f, 0x30, 0x6f, 0xa5, 0x8f, 0x70,
    0xef, 0xff, 0xff, 0xf0, 0xe8, 0x0, 0x6, 0xf0,
    0xe8, 0x0, 0x6, 0xf0, 0x0, 0x0, 0x0, 0x0,

    /* U+0415 "Е" */
    0xff, 0xff, 0xf4, 0xfa, 0x55, 0x51, 0xf7, 0x0,
    0x0, 0xf8, 0x11, 0x10, 0xff, 0xff, 0xf1, 0xf9,
    0x44, 0x40, 0xf7, 0x0, 0x0, 0xfa, 0x55, 0x51,
    0xff, 0xff, 0xf4,

    /* U+0416 "Ж" */
    0xc8, 0x1f, 0x45, 0xf0, 0x8c, 0x1f, 0x49, 0xb0,
    0x3f, 0x1f, 0x4d, 0x70, 0xf, 0x6f, 0x6f, 0x20,
    0xc, 0xff, 0xff, 0x0, 0xe, 0x8f, 0x8f, 0x20,
    0x3f, 0x2f, 0x4e, 0x60, 0x8d, 0x1f, 0x4a, 0xb0,
    0xc9, 0x1f, 0x46, 0xf0,

    /* U+0417 "З" */
    0x1b, 0xef, 0xd5, 0x0, 0xa7, 0x6c, 0xf1, 0x0,
    0x0, 0x3f, 0x40, 0x1, 0x19, 0xe1, 0x3, 0xff,
    0xf5, 0x0, 0x4, 0x49, 0xf3, 0x0, 0x0, 0x1f,
    0x73, 0x96, 0x6c, 0xf3, 0x2c, 0xff, 0xd5, 0x0,

    /* U+0418 "И" */
    0x5f, 0x0, 0x7f, 0x85, 0xf0, 0xd, 0xf8, 0x5f,
    0x4, 0xfc, 0x85, 0xf0, 0xa9, 0xc8, 0x5f, 0x1f,
    0x3c, 0x85, 0xf6, 0xd0, 0xc8, 0x5f, 0xc7, 0xc,
    0x85, 0xff, 0x10, 0xc8, 0x5f, 0xa0, 0xc, 0x80,

    /* U+0419 "Й" */
    0x7, 0xc0, 0xaa, 0x0, 0x1b, 0xfd, 0x30, 0x0,
    0x0, 0x0, 0x5, 0xf0, 0x7, 0xf8, 0x5f, 0x0,
    0xdf, 0x85, 0xf0, 0x4f, 0xc8, 0x5f, 0xa, 0x9c,
    0x85, 0xf1, 0xf3, 0xc8, 0x5f, 0x6d, 0xc, 0x85,
    0xfc, 0x70, 0xc8, 0x5f, 0xf1, 0xc, 0x85, 0xfa,
    0x0, 0xc8,

    /* U+041A "К" */
    0x5f, 0x20, 0x1e, 0x85, 0xf2, 0x8, 0xe0, 0x5f,
    0x22, 0xf6, 0x5, 0xf3, 0xbc, 0x0, 0x5f, 0xff,
    0x60, 0x5, 0xf5, 0xcd, 0x0, 0x5f, 0x23, 0xf7,
    0x5, 0xf2, 0x9, 0xf1, 0x5f, 0x20, 0x1f, 0xa0,

    /* U+041B "Л" */
    0x2, 0xff, 0xff, 0x80, 0x3f, 0x75, 0xf8, 0x4,
    0xf1, 0xf, 0x80, 0x5f, 0x0, 0xf8, 0x6, 0xf0,
    0xf, 0x80, 0x7e, 0x0, 0xf8, 0x8, 0xd0, 0xf,
    0x84, 0xdb, 0x0, 0xf8, 0xbe, 0x40, 0xf, 0x80,

    /* U+041C "М" */
    0x7f, 0xa0, 0x6f, 0xa7, 0xed, 0x9, 0xea, 0x7c,
    0xf0, 0xdc, 0xa7, 0xcc, 0x4f, 0x9a, 0x7d, 0x9a,
    0xca, 0xa7, 0xd6, 0xf9, 0xaa, 0x7d, 0x2d, 0x5a,
    0xa7, 0xd0, 0x0, 0xaa, 0x7d, 0x0, 0xa, 0xa0,

    /* U+041D "Н" */
    0x5f, 0x20, 0xf, 0x85, 0xf2, 0x0, 0xf8, 0x5f,
    0x20, 0xf, 0x85, 0xf3, 0x11, 0xf8, 0x5f, 0xff,
    0xff, 0x85, 0xf6, 0x44, 0xf8, 0x5f, 0x20, 0xf,
    0x85, 0xf2, 0x0, 0xf8, 0x5f, 0x20, 0xf, 0x80,

    /* U+041E "О" */
    0x3, 0xcf, 0xd5, 0x0, 0xed, 0x6b, 0xf2, 0x5f,
    0x30, 0xf, 0x88, 0xf0, 0x0, 0xcb, 0x8f, 0x0,
    0xc, 0xc8, 0xf0, 0x0, 0xcb, 0x5f, 0x30, 0xf,
    0x80, 0xed, 0x6b, 0xf2, 0x3, 0xcf, 0xd5, 0x0,

    /* U+041F "П" */
    0x5f, 0xff, 0xff, 0x85, 0xf7, 0x55, 0xf8, 0x5f,
    0x20, 0xf, 0x85, 0xf2, 0x0, 0xf8, 0x5f, 0x20,
    0xf, 0x85, 0xf2, 0x0, 0xf8, 0x5f, 0x20, 0xf,
    0x85, 0xf2, 0x0, 0xf8, 0x5f, 0x20, 0xf, 0x80,

    /* U+0420 "Р" */
    0x1f, 0xff, 0xe9, 0x1, 0xf9, 0x58, 0xf7, 0x1f,
    0x50, 0xd, 0xa1, 0xf6, 0x15, 0xf7, 0x1f, 0xff,
    0xfc, 0x11, 0xf8, 0x42, 0x0, 0x1f, 0x50, 0x0,
    0x1, 0xf5, 0x0, 0x0, 0x1f, 0x50, 0x0, 0x0,

    /* U+0421 "С" */
    0x0, 0x7e, 0xfe, 0x60, 0x7f, 0xa6, 0x95, 0xf,
    0xa0, 0x0, 0x3, 0xf4, 0x0, 0x0, 0x4f, 0x30,
    0x0, 0x3, 0xf4, 0x0, 0x0, 0xf, 0x90, 0x0,
    0x0, 0x9f, 0xa6, 0x85, 0x0, 0x8e, 0xfe, 0x50,

    /* U+0422 "Т" */
    0x9f, 0xff, 0xff, 0xc3, 0x57, 0xf9, 0x54, 0x0,
    0x2f, 0x50, 0x0, 0x2, 0xf5, 0x0, 0x0, 0x2f,
    0x50, 0x0, 0x2, 0xf5, 0x0, 0x0, 0x2f, 0x50,
    0x0, 0x2, 0xf5, 0x0, 0x0, 0x2f, 0x50, 0x0,

    /* U+0423 "У" */
    0xaf, 0x0, 0xb, 0xd0, 0x3f, 0x60, 0x1f, 0x70,
    0xc, 0xc0, 0x6f, 0x10, 0x6, 0xf2, 0xcb, 0x0,
    0x0, 0xf9, 0xf5, 0x0, 0x0, 0x9f, 0xf0, 0x0,
    0x0, 0x3f, 0x90, 0x0, 0x16, 0xbf, 0x20, 0x0,
    0x3f, 0xe5, 0x0, 0x0,

    /* U+0424 "Ф" */
    0x0, 0x1f, 0x40, 0x0, 0x8, 0xff, 0xfb, 0x10,
    0x6f, 0x6f, 0x7e, 0xa0, 0xca, 0xf, 0x46, 0xf0,
    0xe7, 0xf, 0x44, 0xf1, 0xd9, 0xf, 0x45, 0xf0,
    0x8e, 0x3f, 0x5c, 0xb0, 0xc, 0xff, 0xfe, 0x20,
    0x0, 0x3f, 0x60, 0x0,

    /* U+0425 "Х" */
    0x4f, 0x50, 0x1f, 0x70, 0xbd, 0x9, 0xe0, 0x2,
    0xf8, 0xf5, 0x0, 0x9, 0xfc, 0x0, 0x0, 0x4f,
    0x70, 0x0, 0xb, 0xfe, 0x0, 0x4, 0xf4, 0xf8,
    0x0, 0xda, 0x8, 0xf1, 0x7f, 0x20, 0x1f, 0x90,

    /* U+0426 "Ц" */
    0x5f, 0x20, 0x3f, 0x40, 0x5f, 0x20, 0x3f, 0x40,
    0x5f, 0x20, 0x3f, 0x40, 0x5f, 0x20, 0x3f, 0x40,
    0x5f, 0x20, 0x3f, 0x40, 0x5f, 0x20, 0x3f, 0x40,
    0x5f, 0x20, 0x3f, 0x40, 0x5f, 0x75, 0x8f, 0x80,
    0x5f, 0xff, 0xff, 0xf1, 0x0, 0x0, 0x5, 0xf1,
    0x0, 0x0, 0x5, 0xf1,

    /* U+0427 "Ч" */
    0x8f, 0x0, 0xf, 0x88, 0xf0, 0x0, 0xf8, 0x8f,
    0x0, 0xf, 0x86, 0xf5, 0x14, 0xf8, 0x1d, 0xff,
    0xff, 0x80, 0x3, 0x41, 0xf8, 0x0, 0x0, 0xf,
    0x80, 0x0, 0x0, 0xf8, 0x0, 0x0, 0xf, 0x80,

    /* U+0428 "Ш" */
    0x8c, 0x1f, 0x49, 0xc8, 0xc1, 0xf4, 0x9c, 0x8c,
    0x1f, 0x49, 0xc8, 0xc1, 0xf4, 0x9c, 0x8c, 0x1f,
    0x49, 0xc8, 0xc1, 0xf4, 0x9c, 0x8c, 0x1f, 0x49,
    0xc8, 0xd5, 0xf7, 0xbc, 0x8f, 0xff, 0xff, 0xc0,

    /* U+0429 "Щ" */
    0xaa, 0x5f, 0xf, 0x50, 0xaa, 0x5f, 0xf, 0x50,
    0xaa, 0x5f, 0xf, 0x50, 0xaa, 0x5f, 0xf, 0x50,
    0xaa, 0x5f, 0xf, 0x50, 0xaa, 0x5f, 0xf, 0x50,
    0xaa, 0x5f, 0xf, 0x50, 0xab, 0x7f, 0x3f, 0x70,
    0xaf, 0xff, 0xff, 0xf1, 0x0, 0x0, 0x2, 0xf1,
    0x0, 0x0, 0x2, 0xf1,

    /* U+042A "Ъ" */
    0xef, 0xf0, 0x0, 0x4, 0xaf, 0x0, 0x0, 0x7,
    0xf1, 0x0, 0x0, 0x7f, 0xff, 0x80, 0x7, 0xf5,
    0x9f, 0x60, 0x7f, 0x0, 0xea, 0x7, 0xf0, 0xe,
    0x90, 0x7f, 0x6a, 0xf5, 0x7, 0xff, 0xe7, 0x0,

    /* U+042B "Ы" */
    0x8c, 0x0, 0x9, 0xc8, 0xc0, 0x0, 0x9c, 0x8c,
    0x0, 0x9, 0xc8, 0xff, 0xb1, 0x9c, 0x8d, 0x4e,
    0x99, 0xc8, 0xc0, 0x8d, 0x9c, 0x8c, 0x9, 0xd9,
    0xc8, 0xd4, 0xe9, 0x9c, 0x8f, 0xfb, 0x19, 0xc0,

    /* U+042C "Ь" */
    0xf8, 0x0, 0x0, 0xf8, 0x0, 0x0, 0xf9, 0x10,
    0x0, 0xff, 0xff, 0x70, 0xfa, 0x4a, 0xf4, 0xf8,
    0x0, 0xf8, 0xf8, 0x0, 0xf8, 0xfb, 0x6b, 0xf4,
    0xff, 0xfd, 0x60,

    /* U+042D "Э" */
    0x2c, 0xff, 0xa1, 0x1, 0xa6, 0x7e, 0xd0, 0x0,
    0x0, 0x3f, 0x50, 0x0, 0x0, 0xe9, 0x8, 0xff,
    0xff, 0xa0, 0x23, 0x33, 0xf9, 0x0, 0x0, 0x4f,
    0x54, 0x76, 0x8f, 0xd0, 0x3d, 0xff, 0xa1, 0x0,

    /* U+042E "Ю" */
    0x7c, 0x4, 0xfd, 0x27, 0xc0, 0xd9, 0xc9, 0x7c,
    0x1f, 0x27, 0xc7, 0xc3, 0xf1, 0x5e, 0x7f, 0xff,
    0x15, 0xe7, 0xd5, 0xf1, 0x5e, 0x7c, 0xf, 0x27,
    0xc7, 0xc0, 0xd9, 0xc9, 0x7c, 0x4, 0xfd, 0x10,

    /* U+042F "Я" */
    0x3, 0xcf, 0xff, 0x80, 0xed, 0x65, 0xf8, 0x1f,
    0x60, 0xf, 0x80, 0xeb, 0x21, 0xf8, 0x4, 0xef,
    0xff, 0x80, 0xd, 0xc4, 0xf8, 0x6, 0xf3, 0xf,
    0x80, 0xeb, 0x0, 0xf8, 0x8f, 0x30, 0xf, 0x80,

    /* U+0430 "а" */
    0x8, 0xef, 0xe6, 0x0, 0x76, 0x4a, 0xf2, 0x0,
    0x0, 0x2f, 0x40, 0x8e, 0xff, 0xf5, 0x4f, 0x50,
    0x2f, 0x54, 0xf7, 0x4b, 0xf5, 0xa, 0xfe, 0x5f,
    0x50,

    /* U+0431 "б" */
    0x0, 0x0, 0x0, 0x0, 0x4, 0xae, 0xf2, 0x7,
    0xfc, 0x86, 0x11, 0xf7, 0x0, 0x0, 0x5f, 0x7e,
    0xf8, 0x7, 0xfb, 0x49, 0xf5, 0x8f, 0x20, 0xe,
    0xa7, 0xf1, 0x0, 0xcb, 0x4f, 0x30, 0xe, 0x90,
    0xec, 0x49, 0xf3, 0x3, 0xcf, 0xd5, 0x0,

    /* U+0432 "в" */
    0x2f, 0xff, 0xf9, 0x2, 0xf7, 0x27, 0xf4, 0x2f,
    0x50, 0x5f, 0x32, 0xff, 0xff, 0xb0, 0x2f, 0x72,
    0x5f, 0x62, 0xf7, 0x25, 0xf7, 0x2f, 0xff, 0xfb,
    0x10,

    /* U+0433 "г" */
    0x7f, 0xff, 0xf8, 0x7f, 0x44, 0x42, 0x7f, 0x0,
    0x0, 0x7f, 0x0, 0x0, 0x7f, 0x0, 0x0, 0x7f,
    0x0, 0x0, 0x7f, 0x0, 0x0,

    /* U+0434 "д" */
    0x4, 0xff, 0xff, 0x10, 0x4f, 0x48, 0xf1, 0x5,
    0xf0, 0x6f, 0x10, 0x6e, 0x6, 0xf1, 0x9, 0xc0,
    0x6f, 0x13, 0xea, 0x48, 0xf4, 0xbf, 0xff, 0xff,
    0xeb, 0xb0, 0x0, 0x7e, 0x88, 0x0, 0x5, 0xb0,

    /* U+0435 "е" */
    0x2, 0xcf, 0xe6, 0x0, 0xec, 0x48, 0xf3, 0x4f,
    0x30, 0xd, 0x86, 0xff, 0xff, 0xf9, 0x4f, 0x42,
    0x22, 0x10, 0xec, 0x65, 0x74, 0x2, 0xbf, 0xfd,
    0x30,

    /* U+0436 "ж" */
    0xab, 0x1f, 0x47, 0xd0, 0x5f, 0x1f, 0x4c, 0x80,
    0x1f, 0x5f, 0x5f, 0x40, 0xc, 0xff, 0xff, 0x0,
    0x1f, 0x7f, 0x8f, 0x30, 0x6f, 0x1f, 0x4c, 0x90,
    0xba, 0x1f, 0x47, 0xe0,

    /* U+0437 "з" */
    0xb, 0xff, 0xd5, 0x0, 0x75, 0x4b, 0xf0, 0x0,
    0x0, 0x9f, 0x0, 0x1f, 0xff, 0x60, 0x0, 0x33,
    0x8f, 0x21, 0x75, 0x4a, 0xf2, 0x1c, 0xff, 0xd6,
    0x0,

    /* U+0438 "и" */
    0x3f, 0x30, 0x8f, 0x73, 0xf3, 0x1f, 0xf7, 0x3f,
    0x38, 0xce, 0x73, 0xf4, 0xf4, 0xf7, 0x3f, 0xbc,
    0xf, 0x73, 0xff, 0x40, 0xf7, 0x3f, 0xc0, 0xf,
    0x70,

    /* U+0439 "й" */
    0x6, 0xe1, 0xb9, 0x0, 0xb, 0xfc, 0x20, 0x0,
    0x0, 0x0, 0x3, 0xf3, 0x8, 0xf7, 0x3f, 0x31,
    0xff, 0x73, 0xf3, 0x8c, 0xe7, 0x3f, 0x4f, 0x4f,
    0x73, 0xfb, 0xc0, 0xf7, 0x3f, 0xf4, 0xf, 0x73,
    0xfc, 0x0, 0xf7,

    /* U+043A "к" */
    0x4f, 0x30, 0x3f, 0x64, 0xf3, 0xb, 0xc0, 0x4f,
    0x45, 0xf3, 0x4, 0xff, 0xfd, 0x0, 0x4f, 0x67,
    0xf4, 0x4, 0xf3, 0xc, 0xd0, 0x4f, 0x30, 0x3f,
    0x70,

    /* U+043B "л" */
    0x2, 0xff, 0xff, 0x70, 0x3f, 0x65, 0xf7, 0x4,
    0xf1, 0x1f, 0x70, 0x5f, 0x1, 0xf7, 0x6, 0xf0,
    0x1f, 0x73, 0xcd, 0x1, 0xf7, 0x8f, 0x50, 0x1f,
    0x70,

    /* U+043C "м" */
    0x8f, 0x60, 0x3f, 0xc8, 0xfb, 0x8, 0xfc, 0x8c,
    0xf0, 0xcc, 0xc8, 0xad, 0x4f, 0x8c, 0x8a, 0x9c,
    0xc7, 0xc8, 0xa5, 0xf7, 0x7c, 0x8a, 0x1f, 0x37,
    0xc0,

    /* U+043D "н" */
    0x3f, 0x40, 0x1f, 0x73, 0xf4, 0x1, 0xf7, 0x3f,
    0x40, 0x1f, 0x73, 0xff, 0xff, 0xf7, 0x3f, 0x63,
    0x4f, 0x73, 0xf4, 0x1, 0xf7, 0x3f, 0x40, 0x1f,
    0x70,

    /* U+043E "о" */
    0x3, 0xcf, 0xd5, 0x0, 0xec, 0x4a, 0xf3, 0x5f,
    0x20, 0xf, 0x87, 0xf1, 0x0, 0xea, 0x5f, 0x30,
    0xf, 0x81, 0xec, 0x49, 0xf3, 0x3, 0xcf, 0xd5,
    0x0,

    /* U+043F "п" */
    0x3f, 0xff, 0xff, 0x73, 0xf7, 0x45, 0xf7, 0x3f,
    0x40, 0xf, 0x73, 0xf4, 0x0, 0xf7, 0x3f, 0x40,
    0xf, 0x73, 0xf4, 0x0, 0xf7, 0x3f, 0x40, 0xf,
    0x70,

    /* U+0440 "р" */
    0x3f, 0x6e, 0xf8, 0x3, 0xfc, 0x38, 0xf4, 0x3f,
    0x40, 0xf, 0x83, 0xf3, 0x0, 0xea, 0x3f, 0x50,
    0xf, 0x83, 0xfd, 0x5a, 0xf4, 0x3f, 0x8e, 0xf8,
    0x3, 0xf4, 0x0, 0x0, 0x3f, 0x40, 0x0, 0x3,
    0xf4, 0x0, 0x0,

    /* U+0441 "с" */
    0x0, 0x8e, 0xfd, 0x30, 0x9f, 0x95, 0x80, 0xf,
    0x90, 0x0, 0x1, 0xf7, 0x0, 0x0, 0xf, 0x90,
    0x0, 0x0, 0x9f, 0x95, 0x72, 0x0, 0x9e, 0xfd,
    0x20,

    /* U+0442 "т" */
    0x5f, 0xff, 0xff, 0x81, 0x46, 0xf8, 0x42, 0x0,
    0x2f, 0x50, 0x0, 0x2, 0xf5, 0x0, 0x0, 0x2f,
    0x50, 0x0, 0x2, 0xf5, 0x0, 0x0, 0x2f, 0x50,
    0x0,

    /* U+0443 "у" */
    0x7f, 0x20, 0xd, 0xa1, 0xf7, 0x2, 0xf5, 0xb,
    0xd0, 0x6f, 0x0, 0x5f, 0x2b, 0xa0, 0x0, 0xe8,
    0xf4, 0x0, 0x8, 0xee, 0x0, 0x0, 0x2f, 0x90,
    0x0, 0x3, 0xf3, 0x0, 0x15, 0xdc, 0x0, 0x4,
    0xfd, 0x20, 0x0,

    /* U+0444 "ф" */
    0x0, 0x8, 0x20, 0x0, 0x1, 0xf4, 0x0, 0x0,
    0x1f, 0x40, 0x0, 0x5e, 0xff, 0x80, 0x3f, 0x9f,
    0x9f, 0x68, 0xe0, 0xf4, 0xbb, 0x9c, 0xf, 0x49,
    0xc8, 0xe0, 0xf4, 0xbb, 0x2f, 0x9f, 0x9f, 0x50,
    0x5e, 0xfe, 0x80, 0x0, 0x1f, 0x40, 0x0, 0x1,
    0xf4, 0x0, 0x0, 0x1f, 0x40, 0x0,

    /* U+0445 "х" */
    0x3f, 0x70, 0x3f, 0x60, 0x8f, 0x2c, 0xc0, 0x0,
    0xde, 0xf2, 0x0, 0x6, 0xfa, 0x0, 0x0, 0xed,
    0xf3, 0x0, 0x9e, 0x1c, 0xd0, 0x4f, 0x50, 0x3f,
    0x80,

    /* U+0446 "ц" */
    0x3f, 0x40, 0x2f, 0x50, 0x3f, 0x40, 0x2f, 0x50,
    0x3f, 0x40, 0x2f, 0x50, 0x3f, 0x40, 0x2f, 0x50,
    0x3f, 0x40, 0x2f, 0x50, 0x3f, 0x74, 0x6f, 0x80,
    0x3f, 0xff, 0xff, 0xf1, 0x0, 0x0, 0x6, 0xf1,
    0x0, 0x0, 0x6, 0xf1,

    /* U+0447 "ч" */
    0x3f, 0x40, 0x1f, 0x73, 0xf4, 0x1, 0xf7, 0x3f,
    0x50, 0x1f, 0x71, 0xfa, 0x4, 0xf7, 0x7, 0xff,
    0xff, 0x70, 0x1, 0x31, 0xf7, 0x0, 0x0, 0x1f,
    0x70,

    /* U+0448 "ш" */
    0x8c, 0x1f, 0x49, 0xc8, 0xc1, 0xf4, 0x9c, 0x8c,
    0x1f, 0x49, 0xc8, 0xc1, 0xf4, 0x9c, 0x8c, 0x1f,
    0x49, 0xc8, 0xd3, 0xf5, 0xac, 0x8f, 0xff, 0xff,
    0xc0,

    /* U+0449 "щ" */
    0x8c, 0x1f, 0x49, 0xc0, 0x8c, 0x1f, 0x49, 0xc0,
    0x8c, 0x1f, 0x49, 0xc0, 0x8c, 0x1f, 0x49, 0xc0,
    0x8c, 0x1f, 0x49, 0xc0, 0x8d, 0x3f, 0x6a, 0xc0,
    0x8f, 0xff, 0xff, 0xf3, 0x0, 0x0, 0x2, 0xf3,
    0x0, 0x0, 0x2, 0xf3, 0x0, 0x0, 0x1, 0x81,

    /* U+044A "ъ" */
    0xdf, 0xf1, 0x0, 0x3, 0x9f, 0x10, 0x0, 0x6,
    0xff, 0xe9, 0x0, 0x6f, 0x46, 0xf6, 0x6, 0xf1,
    0xf, 0x90, 0x6f, 0x47, 0xf6, 0x6, 0xff, 0xe9,
    0x0,

    /* U+044B "ы" */
    0x8c, 0x0, 0x9, 0xc8, 0xc0, 0x0, 0x9c, 0x8f,
    0xeb, 0x19, 0xc8, 0xc2, 0xda, 0x9c, 0x8c, 0x8,
    0xc9, 0xc8, 0xc2, 0xda, 0x9c, 0x8f, 0xfc, 0x19,
    0xc0,

    /* U+044C "ь" */
    0xf, 0x70, 0x0, 0x0, 0xf7, 0x0, 0x0, 0xf,
    0xff, 0xe8, 0x0, 0xf9, 0x37, 0xf5, 0xf, 0x70,
    0xf, 0x70, 0xf9, 0x38, 0xf5, 0xf, 0xff, 0xe8,
    0x0,

    /* U+044D "э" */
    0xd, 0xfe, 0xa1, 0x0, 0x75, 0x7e, 0xc0, 0x0,
    0x0, 0x6f, 0x20, 0x2f, 0xff, 0xf4, 0x0, 0x33,
    0x8f, 0x21, 0x75, 0x7e, 0xc0, 0x1d, 0xfe, 0xa1,
    0x0,

    /* U+044E "ю" */
    0x7d, 0x7, 0xfd, 0x27, 0xd1, 0xf6, 0xc9, 0x7d,
    0x3f, 0x7, 0xd7, 0xff, 0xf0, 0x6e, 0x7e, 0x5f,
    0x7, 0xd7, 0xd0, 0xf6, 0xc9, 0x7d, 0x6, 0xfd,
    0x10,

    /* U+044F "я" */
    0x5, 0xef, 0xff, 0x60, 0xfb, 0x34, 0xf6, 0xf,
    0x90, 0x1f, 0x60, 0x7f, 0xff, 0xf6, 0x1, 0xea,
    0x4f, 0x60, 0x9f, 0x11, 0xf6, 0x3f, 0x70, 0x2f,
    0x60,

    /* U+0450 "ѐ" */
    0x1, 0xdb, 0x0, 0x0, 0x1, 0xd5, 0x0, 0x0,
    0x0, 0x0, 0x0, 0x2c, 0xfe, 0x50, 0xe, 0xd4,
    0x8f, 0x24, 0xf4, 0x0, 0xe7, 0x5f, 0xff, 0xff,
    0x83, 0xf5, 0x22, 0x21, 0xd, 0xd6, 0x47, 0x30,
    0x2a, 0xff, 0xd3,

    /* U+0451 "ё" */
    0x6, 0xb0, 0x7a, 0x0, 0x8e, 0x9, 0xd0, 0x0,
    0x0, 0x0, 0x0, 0x2c, 0xfe, 0x60, 0xe, 0xc4,
    0x8f, 0x34, 0xf3, 0x0, 0xd8, 0x6f, 0xff, 0xff,
    0x94, 0xf4, 0x22, 0x21, 0xe, 0xc6, 0x57, 0x40,
    0x2b, 0xff, 0xd3,

    /* U+0452 "ђ" */
    0x3f, 0x40, 0x0, 0xf, 0xff, 0xf6, 0x0, 0x6f,
    0x63, 0x10, 0x3, 0xf7, 0xdf, 0xa0, 0x3f, 0xe5,
    0x9f, 0x53, 0xf6, 0x0, 0xf7, 0x3f, 0x40, 0xf,
    0x73, 0xf4, 0x0, 0xf7, 0x3f, 0x40, 0xf, 0x73,
    0xf4, 0x0, 0xf7, 0x0, 0x0, 0xf, 0x70, 0x0,
    0x47, 0xf5, 0x0, 0xc, 0xfa, 0x0,

    /* U+0453 "ѓ" */
    0x0, 0x6, 0x60, 0x0, 0x5e, 0x20, 0x0, 0x62,
    0x0, 0x7f, 0xff, 0xf8, 0x7f, 0x44, 0x42, 0x7f,
    0x0, 0x0, 0x7f, 0x0, 0x0, 0x7f, 0x0, 0x0,
    0x7f, 0x0, 0x0, 0x7f, 0x0, 0x0,

    /* U+0454 "є" */
    0x0, 0x8e, 0xfd, 0x30, 0x9f, 0x85, 0x80, 0xf,
    0x90, 0x0, 0x1, 0xff, 0xff, 0x50, 0xf, 0xa3,
    0x31, 0x0, 0x9f, 0x85, 0x62, 0x0, 0x9e, 0xfd,
    0x20,

    /* U+0455 "ѕ" */
    0x3d, 0xfe, 0xa0, 0xcd, 0x46, 0x70, 0xbe, 0x50,
    0x0, 0x1a, 0xfe, 0x50, 0x0, 0x1b, 0xf0, 0x96,
    0x4b, 0xf1, 0xaf, 0xfd, 0x60,

    /* U+0456 "і" */
    0x0, 0x1d, 0x70, 0x0, 0x1, 0xe8, 0x0, 0x0,
    0x0, 0x0, 0x0, 0xef, 0xf8, 0x0, 0x2, 0x4f,
    0x80, 0x0, 0x0, 0xf8, 0x0, 0x0, 0xf, 0x80,
    0x0, 0x0, 0xf8, 0x0, 0x1, 0x4f, 0xa2, 0x3,
    0xff, 0xff, 0xf8,

    /* U+0457 "ї" */
    0x8, 0xa0, 0x99, 0x0, 0xac, 0xb, 0xb0, 0x0,
    0x0, 0x0, 0x0, 0xef, 0xf8, 0x0, 0x2, 0x4f,
    0x80, 0x0, 0x0, 0xf8, 0x0, 0x0, 0xf, 0x80,
    0x0, 0x0, 0xf8, 0x0, 0x1, 0x4f, 0xa2, 0x3,
    0xff, 0xff, 0xf8,

    /* U+0458 "ј" */
    0x0, 0x9, 0xc0, 0x0, 0xa, 0xe0, 0x0, 0x0,
    0x0, 0x7, 0xff, 0xf0, 0x0, 0x3a, 0xf0, 0x0,
    0x7, 0xf0, 0x0, 0x7, 0xf0, 0x0, 0x7, 0xf0,
    0x0, 0x7, 0xf0, 0x0, 0x7, 0xf0, 0x0, 0x8,
    0xf0, 0x36, 0x6e, 0xc0, 0x5e, 0xfc, 0x30,

    /* U+0459 "љ" */
    0xa, 0xff, 0xa0, 0x0, 0xb, 0x79, 0xa0, 0x0,
    0xc, 0x58, 0xfe, 0x50, 0xc, 0x48, 0xa6, 0xf0,
    0xd, 0x38, 0xa1, 0xf2, 0x2f, 0x18, 0xa6, 0xf0,
    0xcb, 0x8, 0xfe, 0x50,

    /* U+045A "њ" */
    0x8b, 0xc, 0x70, 0x0, 0x8b, 0xc, 0x70, 0x0,
    0x8b, 0xc, 0x70, 0x0, 0x8f, 0xff, 0xfe, 0x60,
    0x8b, 0x2c, 0x87, 0xf0, 0x8b, 0xc, 0x86, 0xf0,
    0x8b, 0xc, 0xfe, 0x60,

    /* U+045B "ћ" */
    0x3f, 0x40, 0x0, 0xf, 0xff, 0xf6, 0x0, 0x6f,
    0x63, 0x10, 0x3, 0xf7, 0xdf, 0x90, 0x3f, 0xe5,
    0x9f, 0x43, 0xf6, 0x0, 0xf7, 0x3f, 0x40, 0xf,
    0x73, 0xf4, 0x0, 0xf7, 0x3f, 0x40, 0xf, 0x73,
    0xf4, 0x0, 0xf7,

    /* U+045C "ќ" */
    0x0, 0x0, 0x74, 0x0, 0x0, 0x8d, 0x10, 0x0,
    0x7, 0x10, 0x4, 0xf3, 0x3, 0xf6, 0x4f, 0x30,
    0xbc, 0x4, 0xf4, 0x5f, 0x30, 0x4f, 0xff, 0xd0,
    0x4, 0xf6, 0x7f, 0x40, 0x4f, 0x30, 0xcd, 0x4,
    0xf3, 0x3, 0xf7,

    /* U+045D "ѝ" */
    0x1, 0x83, 0x0, 0x0, 0x8, 0xe0, 0x0, 0x0,
    0x6, 0x30, 0x3, 0xf3, 0x8, 0xf7, 0x3f, 0x31,
    0xff, 0x73, 0xf3, 0x8c, 0xe7, 0x3f, 0x4f, 0x4f,
    0x73, 0xfb, 0xc0, 0xf7, 0x3f, 0xf4, 0xf, 0x73,
    0xfc, 0x0, 0xf7,

    /* U+045E "ў" */
    0x6, 0xe1, 0xb9, 0x0, 0xb, 0xfc, 0x20, 0x0,
    0x0, 0x0, 0x7, 0xf2, 0x0, 0xda, 0x1f, 0x70,
    0x2f, 0x50, 0xbd, 0x6, 0xf0, 0x5, 0xf2, 0xba,
    0x0, 0xe, 0x8f, 0x40, 0x0, 0x8e, 0xe0, 0x0,
    0x2, 0xf9, 0x0, 0x0, 0x3f, 0x30, 0x1, 0x5d,
    0xc0, 0x0, 0x4f, 0xd2, 0x0, 0x0,

    /* U+045F "џ" */
    0x3f, 0x40, 0x1f, 0x73, 0xf4, 0x1, 0xf7, 0x3f,
    0x40, 0x1f, 0x73, 0xf4, 0x1, 0xf7, 0x3f, 0x40,
    0x1f, 0x73, 0xf7, 0x45, 0xf7, 0x3f, 0xff, 0xff,
    0x70, 0x2, 0xf5, 0x0, 0x0, 0x2f, 0x50, 0x0,

    /* U+0460 "Ѡ" */
    0xd6, 0x1f, 0x34, 0xfd, 0x70, 0xf4, 0x4e, 0xc8,
    0xf, 0x55, 0xeb, 0x93, 0xf7, 0x6c, 0x9b, 0x6f,
    0x98, 0xb7, 0xda, 0xcb, 0xa8, 0x4f, 0xd5, 0xfd,
    0x51, 0xff, 0xe, 0xf2, 0xd, 0xc0, 0xad, 0x0,

    /* U+0461 "ѡ" */
    0xd6, 0xf, 0x23, 0xfc, 0x70, 0xf3, 0x4e, 0xa9,
    0x1f, 0x65, 0xc8, 0xb6, 0xf9, 0x7a, 0x5e, 0xa9,
    0xca, 0x61, 0xfe, 0x1f, 0xf2, 0xc, 0xc0, 0xac,
    0x0,

    /* U+0462 "Ѣ" */
    0x9, 0xe0, 0x0, 0xe, 0xff, 0xff, 0x10, 0x3a,
    0xe3, 0x30, 0x0, 0x9e, 0x10, 0x0, 0x9, 0xff,
    0xfb, 0x10, 0x9e, 0x46, 0xf8, 0x9, 0xe0, 0xd,
    0xb0, 0x9f, 0x58, 0xf8, 0x9, 0xff, 0xfa, 0x0,

    /* U+0463 "ѣ" */
    0x8, 0xf0, 0x0, 0x0, 0xdf, 0xff, 0xf0, 0x0,
    0x39, 0xf3, 0x30, 0x0, 0x8, 0xf0, 0x0, 0x0,
    0x8, 0xff, 0xfd, 0x50, 0x8, 0xf2, 0x3b, 0xf0,
    0x8, 0xf2, 0x3c, 0xe0, 0x8, 0xff, 0xfd, 0x40,

    /* U+0464 "Ѥ" */
    0x6f, 0x0, 0xaf, 0xf0, 0x6f, 0x8, 0xe3, 0x30,
    0x6f, 0xe, 0x80, 0x0, 0x6f, 0x1f, 0x60, 0x0,
    0x6f, 0xff, 0xff, 0x60, 0x6f, 0x4f, 0x73, 0x10,
    0x6f, 0xf, 0x70, 0x0, 0x6f, 0xa, 0xe5, 0x50,
    0x6f, 0x1, 0xbf, 0xd0,

    /* U+0465 "ѥ" */
    0x5f, 0x1, 0xbf, 0xd0, 0x5f, 0xa, 0xc1, 0x10,
    0x5f, 0xe, 0x50, 0x0, 0x5f, 0xff, 0xff, 0x10,
    0x5f, 0x2f, 0x62, 0x0, 0x5f, 0xb, 0xc2, 0x30,
    0x5f, 0x2, 0xcf, 0xb0,

    /* U+0466 "Ѧ" */
    0x0, 0x6f, 0x90, 0x0, 0x0, 0xbe, 0xe0, 0x0,
    0x0, 0xf6, 0xf2, 0x0, 0x5, 0xf0, 0xd7, 0x0,
    0xa, 0xff, 0xfc, 0x0, 0xe, 0x8f, 0x9f, 0x10,
    0x3f, 0x2f, 0x3f, 0x60, 0x8d, 0xf, 0x3a, 0xb0,
    0xd8, 0xf, 0x36, 0xf0,

    /* U+0467 "ѧ" */
    0x0, 0x7f, 0xa0, 0x0, 0x0, 0xd9, 0xf0, 0x0,
    0x3, 0xf1, 0xd6, 0x0, 0x9, 0xff, 0xfc, 0x0,
    0xf, 0x7f, 0x7f, 0x20, 0x5f, 0x1f, 0x3d, 0x80,
    0xba, 0xf, 0x37, 0xe0,

    /* U+0468 "Ѩ" */
    0x5f, 0x30, 0x0, 0xc, 0xf6, 0x0, 0x5, 0xf3,
    0x0, 0x3, 0xfd, 0xd0, 0x0, 0x5f, 0x30, 0x0,
    0x9d, 0x4f, 0x30, 0x5, 0xf3, 0x11, 0x1f, 0x81,
    0xea, 0x0, 0x5f, 0xff, 0xff, 0xff, 0xff, 0xf1,
    0x5, 0xf6, 0x44, 0xec, 0x9f, 0x5f, 0x70, 0x5f,
    0x30, 0x4f, 0x46, 0xf0, 0xbe, 0x5, 0xf3, 0xb,
    0xd0, 0x6f, 0x4, 0xf5, 0x5f, 0x32, 0xf7, 0x6,
    0xf0, 0xd, 0xb0,

    /* U+0469 "ѩ" */
    0x6b, 0x3, 0xf6, 0x0, 0x6b, 0x6, 0xda, 0x0,
    0x6b, 0xa, 0x6e, 0x0, 0x6f, 0xef, 0xcf, 0x20,
    0x6b, 0x3d, 0xeb, 0x60, 0x6b, 0x69, 0xe8, 0xa0,
    0x6b, 0xa6, 0xe4, 0xe0,

    /* U+046A "Ѫ" */
    0x2f, 0xff, 0xff, 0x60, 0xd, 0xb3, 0x9f, 0x10,
    0x5, 0xf1, 0xd8, 0x0, 0x0, 0xdc, 0xf1, 0x0,
    0xa, 0xff, 0xfc, 0x0, 0x1f, 0x5f, 0x5f, 0x40,
    0x5f, 0x1f, 0x3c, 0x80, 0x9c, 0xf, 0x39, 0xc0,
    0xc9, 0xf, 0x36, 0xf0,

    /* U+046B "ѫ" */
    0x5f, 0xff, 0xff, 0x80, 0xb, 0xb2, 0x9e, 0x10,
    0x1, 0xe9, 0xf3, 0x0, 0x8, 0xff, 0xfb, 0x0,
    0x2f, 0x4f, 0x5e, 0x50, 0x7c, 0xf, 0x49, 0xa0,
    0xc7, 0xf, 0x44, 0xf0,

    /* U+046C "Ѭ" */
    0xbd, 0x0, 0xcf, 0xff, 0xff, 0xfe, 0xb, 0xd0,
    0x5, 0xf9, 0x55, 0x8f, 0x70, 0xbd, 0x0, 0x9,
    0xf2, 0x1e, 0xa0, 0xb, 0xd1, 0x11, 0x1d, 0xec,
    0xd0, 0x0, 0xbf, 0xff, 0xff, 0xff, 0xfe, 0x90,
    0xb, 0xd4, 0x47, 0xf7, 0xcd, 0x6f, 0x70, 0xbd,
    0x0, 0xbc, 0xb, 0xd0, 0xad, 0xb, 0xd0, 0x1f,
    0x60, 0xbd, 0x4, 0xf3, 0xbd, 0x6, 0xf1, 0xb,
    0xd0, 0xf, 0x80,

    /* U+046D "ѭ" */
    0x6f, 0x0, 0x7f, 0xff, 0xff, 0xf8, 0x6, 0xf0,
    0x1, 0xdc, 0x22, 0xcd, 0x10, 0x6f, 0x0, 0x1,
    0xdc, 0xbe, 0x10, 0x6, 0xff, 0xff, 0xff, 0xff,
    0xe7, 0x0, 0x6f, 0x22, 0x6f, 0x5b, 0xc5, 0xf4,
    0x6, 0xf0, 0xa, 0xa0, 0xab, 0xa, 0xb0, 0x6f,
    0x0, 0xf5, 0xa, 0xb0, 0x5f, 0x0,

    /* U+046E "Ѯ" */
    0x5, 0xb0, 0x8c, 0x0, 0xa, 0xec, 0x0, 0x1b,
    0xff, 0xf9, 0x0, 0xb5, 0x28, 0xf3, 0x0, 0x0,
    0x1f, 0x50, 0x0, 0x18, 0xf1, 0x4, 0xff, 0xf5,
    0x0, 0x3, 0x48, 0xf4, 0x0, 0x0, 0xe, 0x90,
    0x3, 0x48, 0xf6, 0x4f, 0xff, 0xd7, 0x9, 0xf2,
    0x0, 0x0, 0x4f, 0xff, 0xfe, 0x0, 0x13, 0x33,
    0x40,

    /* U+046F "ѯ" */
    0x5, 0xa0, 0x8c, 0x10, 0x1d, 0xdc, 0x0, 0xd,
    0xff, 0xf8, 0x0, 0x42, 0x9, 0xe0, 0x0, 0x0,
    0x9c, 0x0, 0xc, 0xff, 0x30, 0x0, 0x13, 0x9f,
    0x0, 0x2, 0x39, 0xf1, 0x2e, 0xff, 0xd6, 0x7,
    0xe1, 0x0, 0x0, 0x3f, 0xff, 0xff, 0x0, 0x3,
    0x33, 0x40,

    /* U+0470 "Ѱ" */
    0x9c, 0x1f, 0x48, 0xc9, 0xc1, 0xf4, 0x8c, 0x9c,
    0x1f, 0x48, 0xc9, 0xc1, 0xf4, 0x9c, 0x6f, 0x3f,
    0x5d, 0x90, 0xdf, 0xff, 0xe2, 0x0, 0x3f, 0x60,
    0x0, 0x1, 0xf4, 0x0, 0x0, 0x1f, 0x40, 0x0,

    /* U+0471 "ѱ" */
    0x0, 0x9, 0x20, 0x0, 0x0, 0xf4, 0x0, 0x0,
    0xf, 0x40, 0x3, 0xf1, 0xf4, 0xe5, 0x3f, 0x1f,
    0x4c, 0x83, 0xf1, 0xf4, 0xa9, 0x3f, 0x1f, 0x4a,
    0xa2, 0xf2, 0xf4, 0xb8, 0xf, 0x9f, 0x8f, 0x40,
    0x5e, 0xff, 0x80, 0x0, 0xf, 0x40, 0x0, 0x0,
    0xf4, 0x0, 0x0, 0xf, 0x40, 0x0,

    /* U+0472 "Ѳ" */
    0x3, 0xcf, 0xd5, 0x0, 0xed, 0x6b, 0xf2, 0x5f,
    0x30, 0xf, 0x88, 0xf1, 0x11, 0xdb, 0x8f, 0xff,
    0xff, 0xc8, 0xf4, 0x44, 0xdb, 0x5f, 0x30, 0xf,
    0x80, 0xed, 0x6b, 0xf2, 0x3, 0xcf, 0xd5, 0x0,

    /* U+0473 "ѳ" */
    0x3, 0xcf, 0xd5, 0x0, 0xec, 0x4a, 0xf3, 0x5f,
    0x30, 0x1f, 0x87, 0xff, 0xff, 0xfa, 0x5f, 0x63,
    0x4f, 0x81, 0xec, 0x49, 0xf3, 0x3, 0xcf, 0xd5,
    0x0,

    /* U+0474 "Ѵ" */
    0xda, 0x0, 0xb, 0xf2, 0x9e, 0x0, 0x3f, 0x60,
    0x5f, 0x20, 0x8e, 0x0, 0x1f, 0x60, 0xca, 0x0,
    0xc, 0xb0, 0xf5, 0x0, 0x8, 0xe4, 0xf1, 0x0,
    0x3, 0xfa, 0xd0, 0x0, 0x0, 0xff, 0x90, 0x0,
    0x0, 0xaf, 0x50, 0x0,

    /* U+0475 "ѵ" */
    0xcc, 0x0, 0xb, 0xf2, 0x6f, 0x10, 0x4f, 0x60,
    0x1f, 0x60, 0x9c, 0x0, 0xb, 0xc0, 0xe7, 0x0,
    0x5, 0xf5, 0xf1, 0x0, 0x0, 0xfd, 0xb0, 0x0,
    0x0, 0x9f, 0x60, 0x0,

    /* U+0476 "Ѷ" */
    0x2f, 0x7d, 0xa0, 0x0, 0x3, 0xd2, 0xd3, 0x0,
    0x0, 0x0, 0x0, 0x0, 0xda, 0x0, 0xb, 0xf2,
    0x9e, 0x0, 0x3f, 0x60, 0x5f, 0x20, 0x8e, 0x0,
    0x1f, 0x60, 0xca, 0x0, 0xc, 0xb0, 0xf5, 0x0,
    0x8, 0xe4, 0xf1, 0x0, 0x3, 0xfa, 0xd0, 0x0,
    0x0, 0xff, 0x90, 0x0, 0x0, 0xaf, 0x50, 0x0,

    /* U+0477 "ѷ" */
    0x3f, 0x6d, 0x90, 0x0, 0x4, 0xd2, 0xd2, 0x0,
    0x0, 0x0, 0x0, 0x0, 0xcc, 0x0, 0xb, 0xf2,
    0x6f, 0x10, 0x4f, 0x60, 0x1f, 0x60, 0x9c, 0x0,
    0xb, 0xc0, 0xe7, 0x0, 0x5, 0xf5, 0xf1, 0x0,
    0x0, 0xfd, 0xb0, 0x0, 0x0, 0x9f, 0x60, 0x0,

    /* U+0478 "Ѹ" */
    0x3, 0xcf, 0xd5, 0x0, 0x0, 0x0, 0x0, 0x0,
    0xed, 0x6b, 0xf2, 0x0, 0x0, 0x0, 0x0, 0x5f,
    0x30, 0xf, 0x84, 0xf4, 0x0, 0xbd, 0x8, 0xf0,
    0x0, 0xcb, 0xd, 0xa0, 0xf, 0x80, 0x8f, 0x0,
    0xc, 0xc0, 0x8f, 0x4, 0xf2, 0x8, 0xf0, 0x0,
    0xcb, 0x1, 0xf5, 0x9d, 0x0, 0x5f, 0x30, 0xf,
    0x80, 0xb, 0xad, 0x70, 0x0, 0xed, 0x6b, 0xf2,
    0x0, 0x5f, 0xf2, 0x0, 0x3, 0xcf, 0xd5, 0x0,
    0x0, 0xfc, 0x0, 0x0, 0x0, 0x0, 0x0, 0x0,
    0x1f, 0x60, 0x0, 0x0, 0x0, 0x0, 0x0, 0x5b,
    0xf1, 0x0, 0x0, 0x0, 0x0, 0x0, 0xf, 0xe4,
    0x0, 0x0,

    /* U+0479 "ѹ" */
    0x3, 0xcf, 0xd5, 0x4, 0xf4, 0x0, 0xbd, 0x0,
    0xec, 0x4a, 0xf3, 0xd, 0xa0, 0xf, 0x80, 0x5f,
    0x20, 0xf, 0x80, 0x8f, 0x4, 0xf2, 0x7, 0xf1,
    0x0, 0xea, 0x1, 0xf5, 0x9d, 0x0, 0x5f, 0x30,
    0xf, 0x80, 0xb, 0xad, 0x70, 0x1, 0xec, 0x49,
    0xf3, 0x0, 0x5f, 0xf2, 0x0, 0x3, 0xcf, 0xd5,
    0x0, 0x0, 0xfc, 0x0, 0x0, 0x0, 0x0, 0x0,
    0x0, 0x1f, 0x60, 0x0, 0x0, 0x0, 0x0, 0x0,
    0x5b, 0xf1, 0x0, 0x0, 0x0, 0x0, 0x0, 0xf,
    0xe4, 0x0, 0x0,

    /* U+047A "Ѻ" */
    0x0, 0x6, 0x0, 0x0, 0x3d, 0xfe, 0x50, 0xe,
    0xbf, 0xaf, 0x25, 0xf0, 0x0, 0xd8, 0x8d, 0x0,
    0xa, 0xb8, 0xc0, 0x0, 0x9c, 0x8d, 0x0, 0xa,
    0xb5, 0xf0, 0x0, 0xd8, 0xe, 0xae, 0xaf, 0x20,
    0x3d, 0xfe, 0x50, 0x0, 0x7, 0x10, 0x0,

    /* U+047B "ѻ" */
    0x0, 0x8, 0x10, 0x0, 0x3d, 0xfe, 0x50, 0xe,
    0xbe, 0xaf, 0x35, 0xf1, 0x0, 0xe8, 0x7f, 0x0,
    0xc, 0xa5, 0xf1, 0x0, 0xe8, 0x1e, 0xbe, 0xaf,
    0x30, 0x3c, 0xfe, 0x50, 0x0, 0x7, 0x10, 0x0,

    /* U+047C "Ѽ" */
    0x2, 0xdd, 0x60, 0x0, 0x7a, 0x5c, 0xf0, 0x0,
    0x3f, 0x41, 0x0, 0x0, 0xb4, 0x0, 0x0, 0x27,
    0x0, 0x0, 0xbf, 0x3e, 0xd1, 0x6e, 0x30, 0x3c,
    0x9a, 0xa0, 0x0, 0x7d, 0xb8, 0x0, 0x5, 0xec,
    0x80, 0x30, 0x5f, 0xb8, 0xf, 0x25, 0xea, 0xa0,
    0xf2, 0x7c, 0x6e, 0x4f, 0x6c, 0x90, 0xbf, 0xaf,
    0xd1,

    /* U+047D "ѽ" */
    0x3, 0xed, 0x50, 0x0, 0x89, 0x6d, 0xe0, 0x1,
    0x4f, 0x31, 0x0, 0x0, 0xc2, 0x0, 0x0, 0x23,
    0x0, 0x0, 0xbf, 0x4f, 0xd1, 0x5f, 0x30, 0x3d,
    0x88, 0xb0, 0x0, 0x8b, 0x9a, 0xc, 0x27, 0xc8,
    0xb0, 0xf3, 0x8b, 0x5f, 0x4f, 0x6d, 0x80, 0xbf,
    0x9e, 0xd1,

    /* U+047E "Ѿ" */
    0xb, 0xde, 0xde, 0x0, 0x40, 0x40, 0x40, 0xd6,
    0x1f, 0x34, 0xfd, 0x70, 0xf4, 0x4e, 0xc8, 0xf,
    0x55, 0xeb, 0x93, 0xf7, 0x6c, 0x9b, 0x6f, 0x98,
    0xb7, 0xda, 0xcb, 0xa8, 0x4f, 0xd5, 0xfd, 0x51,
    0xff, 0xe, 0xf2, 0xd, 0xc0, 0xad, 0x0,

    /* U+047F "ѿ" */
    0xc, 0xdf, 0xdf, 0x0, 0x30, 0x30, 0x30, 0xd6,
    0xf, 0x23, 0xfc, 0x70, 0xf3, 0x4e, 0xa9, 0x1f,
    0x65, 0xc8, 0xb6, 0xf9, 0x7a, 0x5e, 0xa9, 0xca,
    0x61, 0xfe, 0x1f, 0xf2, 0xc, 0xc0, 0xac, 0x0,

    /* U+0480 "Ҁ" */
    0x0, 0x7e, 0xfe, 0x60, 0x8f, 0x96, 0x83, 0xf,
    0x90, 0x0, 0x3, 0xf4, 0x0, 0x0, 0x5f, 0x30,
    0x0, 0x4, 0xf4, 0x0, 0x0, 0x1f, 0xa0, 0x0,
    0x0, 0x8f, 0xa6, 0x50, 0x0, 0x7e, 0xfc, 0x0,
    0x0, 0xc, 0xc0, 0x0, 0x0, 0xcc, 0x0, 0x0,
    0xc, 0xc0,

    /* U+0481 "ҁ" */
    0x0, 0xaf, 0xfc, 0x0, 0xaf, 0x76, 0x70, 0xf,
    0x90, 0x0, 0x1, 0xf6, 0x0, 0x0, 0xf, 0x80,
    0x0, 0x0, 0xbf, 0x75, 0x20, 0x1, 0xbf, 0xf5,
    0x0, 0x0, 0x2f, 0x50, 0x0, 0x2, 0xf5, 0x0,
    0x0, 0x2f, 0x50,

    /* U+0482 "҂" */
    0x0, 0x0, 0xa, 0x0, 0x8, 0x77, 0x80, 0x0,
    0x8, 0xf5, 0x0, 0x0, 0x88, 0xb7, 0x3c, 0x5d,
    0x0, 0x0, 0x2e, 0xb1, 0x0, 0x3, 0xc6, 0xc0,
    0x0, 0x83, 0x0, 0x0, 0x0, 0x0, 0x0, 0x0,

    /* U+0483 "҃" */
    0x0, 0x0, 0x60, 0x2e, 0xdd, 0xe2, 0x5, 0x0,
    0x0,

    /* U+0484 "҄" */
    0x1, 0x8e, 0xc0, 0x4f, 0xb3, 0xd3, 0x0, 0x0,
    0x10,

    /* U+0485 "҅" */
    0xaa, 0xa6, 0x3,

    /* U+0486 "҆" */
    0xaa, 0x6a, 0x30,

    /* U+0487 "҇" */
    0xc, 0xe8, 0x10, 0x3d, 0x3a, 0xf4, 0x1, 0x0,
    0x0,

    /* U+0488 "҈" */
    0x0, 0x0, 0x1, 0xcb, 0x0, 0x0, 0x0, 0x0,
    0x0, 0x7, 0x14, 0x50, 0x0, 0x0, 0x0, 0x0,
    0x0, 0x0, 0x0, 0x0, 0x0, 0x4, 0x99, 0x10,
    0x0, 0x2, 0x99, 0x20, 0x2, 0x0, 0x10, 0x0,
    0x1, 0x0, 0x10, 0x0, 0x0, 0x0, 0x0, 0x0,
    0x0, 0x0, 0x5c, 0x90, 0x0, 0x0, 0x0, 0x9,
    0xc5, 0x50, 0x40, 0x0, 0x0, 0x0, 0x4, 0x5,
    0x0, 0x0, 0x0, 0x0, 0x0, 0x0, 0x0, 0x0,
    0x0, 0x0, 0x0, 0x0, 0x0, 0x0, 0x3, 0xcb,
    0x10, 0x0, 0x2, 0xbb, 0x20, 0x4, 0x2, 0x20,
    0x0, 0x3, 0x11, 0x30, 0x0, 0x0, 0x3, 0xcc,
    0x10, 0x0, 0x0, 0x0, 0x0, 0x3, 0x1, 0x20,
    0x0, 0x0,

    /* U+0489 "҉" */
    0x0, 0x0, 0x0, 0x1a, 0x0, 0x0, 0x0, 0x0,
    0x10, 0x0, 0x77, 0x0, 0x0, 0x0, 0x0, 0x76,
    0x0, 0x63, 0x0, 0x29, 0x0, 0x0, 0x1e, 0x10,
    0x0, 0x5, 0xe4, 0x0, 0x0, 0x4, 0x0, 0x0,
    0x0, 0x10, 0x0, 0x0, 0x0, 0x0, 0x0, 0x0,
    0x0, 0x0, 0x69, 0x50, 0x0, 0x0, 0x0, 0x9,
    0x50, 0x6, 0xa0, 0x0, 0x0, 0x0, 0x5, 0x97,
    0x0, 0x0, 0x0, 0x0, 0x0, 0x0, 0x0, 0x0,
    0x0, 0x0, 0x0, 0x0, 0x10, 0x0, 0x0, 0xa,
    0x40, 0x0, 0x1, 0xd0, 0x0, 0x0, 0xc7, 0x0,
    0x36, 0x0, 0x95, 0x0, 0x0, 0x0, 0x0, 0x77,
    0x0, 0x14, 0x0, 0x0, 0x0, 0x0, 0xa1, 0x0,
    0x0, 0x0,

    /* U+048A "Ҋ" */
    0x2, 0x50, 0x34, 0x0, 0x1, 0xdf, 0xe3, 0x0,
    0x0, 0x1, 0x0, 0x0, 0x5f, 0x0, 0x7f, 0x80,
    0x5f, 0x0, 0xdf, 0x80, 0x5f, 0x4, 0xfc, 0x80,
    0x5f, 0xa, 0x9c, 0x80, 0x5f, 0x1f, 0x3c, 0x80,
    0x5f, 0x6d, 0xc, 0x80, 0x5f, 0xc7, 0xc, 0x80,
    0x5f, 0xf1, 0xc, 0xa0, 0x5f, 0xa0, 0xc, 0xf0,
    0x0, 0x0, 0x7, 0xc0, 0x0, 0x0, 0xd, 0x90,
    0x0, 0x0, 0x18, 0x30,

    /* U+048B "ҋ" */
    0x2, 0x50, 0x34, 0x0, 0x1, 0xdf, 0xe3, 0x0,
    0x0, 0x1, 0x0, 0x0, 0x3f, 0x30, 0x8f, 0x70,
    0x3f, 0x31, 0xff, 0x70, 0x3f, 0x38, 0xce, 0x70,
    0x3f, 0x4f, 0x4f, 0x70, 0x3f, 0xac, 0xf, 0x70,
    0x3f, 0xf4, 0xf, 0x80, 0x3f, 0xc0, 0xf, 0xf1,
    0x0, 0x0, 0x5, 0xd0, 0x0, 0x0, 0xa, 0xa0,
    0x0, 0x0, 0x7, 0x30,

    /* U+048C "Ҍ" */
    0x1f, 0x91, 0x0, 0xe, 0xff, 0xf9, 0x0, 0x3f,
    0xb5, 0x20, 0x0, 0xff, 0xff, 0x70, 0xf, 0xa4,
    0xaf, 0x40, 0xf8, 0x0, 0xf8, 0xf, 0x80, 0xf,
    0x80, 0xfb, 0x6b, 0xf4, 0xf, 0xff, 0xd6, 0x0,

    /* U+048D "ҍ" */
    0x7, 0x40, 0x0, 0x0, 0xe9, 0x0, 0x0, 0xcf,
    0xff, 0x90, 0x1, 0xea, 0x21, 0x0, 0xe, 0x90,
    0x0, 0x0, 0xe9, 0x0, 0x0, 0xe, 0xff, 0xfb,
    0x20, 0xea, 0x24, 0xea, 0xe, 0xa2, 0x4e, 0x90,
    0xef, 0xff, 0xb1,

    /* U+048E "Ҏ" */
    0xff, 0xfe, 0x90, 0xfa, 0x58, 0xf7, 0xf7, 0x1,
    0xda, 0xf8, 0x4e, 0xf7, 0xff, 0xff, 0xe1, 0xf9,
    0x43, 0xd2, 0xf7, 0x0, 0x0, 0xf7, 0x0, 0x0,
    0xf7, 0x0, 0x0,

    /* U+048F "ҏ" */
    0x3f, 0x6e, 0xf8, 0x3, 0xfc, 0x38, 0xf4, 0x3f,
    0x40, 0xf, 0x83, 0xf3, 0x0, 0xea, 0x3f, 0x54,
    0x7f, 0x83, 0xfd, 0x8f, 0xf4, 0x3f, 0x8e, 0xfe,
    0x3, 0xf3, 0x0, 0x92, 0x3f, 0x30, 0x0, 0x3,
    0xf3, 0x0, 0x0,

    /* U+0490 "Ґ" */
    0x0, 0x0, 0xf4, 0x0, 0x0, 0xf4, 0xdf, 0xff,
    0xf5, 0xdc, 0x55, 0x72, 0xdb, 0x0, 0x0, 0xdb,
    0x0, 0x0, 0xdb, 0x0, 0x0, 0xdb, 0x0, 0x0,
    0xdb, 0x0, 0x0, 0xdb, 0x0, 0x0, 0xdb, 0x0,
    0x0,

    /* U+0491 "ґ" */
    0x0, 0x0, 0xc8, 0x0, 0x0, 0xc8, 0x7f, 0xff,
    0xf9, 0x7f, 0x44, 0x42, 0x7f, 0x0, 0x0, 0x7f,
    0x0, 0x0, 0x7f, 0x0, 0x0, 0x7f, 0x0, 0x0,
    0x7f, 0x0, 0x0,

    /* U+0492 "Ғ" */
    0xe, 0xff, 0xff, 0x90, 0xec, 0x55, 0x53, 0xe,
    0x90, 0x0, 0x0, 0xea, 0x11, 0x0, 0xbf, 0xff,
    0xf0, 0x3, 0xeb, 0x44, 0x0, 0xe, 0x90, 0x0,
    0x0, 0xe9, 0x0, 0x0, 0xe, 0x90, 0x0, 0x0,

    /* U+0493 "ғ" */
    0x7, 0xff, 0xff, 0x80, 0x7f, 0x44, 0x42, 0x7,
    0xf0, 0x0, 0x7, 0xff, 0xff, 0x0, 0x19, 0xf3,
    0x30, 0x0, 0x7f, 0x0, 0x0, 0x7, 0xf0, 0x0,
    0x0,

    /* U+0494 "Ҕ" */
    0x1f, 0xff, 0xf7, 0x1, 0xf8, 0x44, 0x20, 0x1f,
    0x50, 0x0, 0x1, 0xf5, 0x0, 0x0, 0x1f, 0xff,
    0xe5, 0x1, 0xf8, 0x4b, 0xf3, 0x1f, 0x50, 0xe,
    0x91, 0xf5, 0x0, 0xbb, 0x1f, 0x50, 0xb, 0xb0,
    0x0, 0x0, 0xe8, 0x0, 0x55, 0xbf, 0x20, 0xa,
    0xfd, 0x50,

    /* U+0495 "ҕ" */
    0x1f, 0xff, 0xf6, 0x1, 0xfa, 0x55, 0x20, 0x1f,
    0x71, 0x0, 0x1, 0xff, 0xfe, 0x40, 0x1f, 0x95,
    0xcf, 0x11, 0xf7, 0x2, 0xf5, 0x1f, 0x70, 0xf,
    0x60, 0x0, 0x2, 0xf5, 0x0, 0x66, 0xcf, 0x10,
    0xa, 0xfd, 0x40,

    /* U+0496 "Җ" */
    0xc8, 0x1f, 0x45, 0xf0, 0x8c, 0x1f, 0x49, 0xb0,
    0x3f, 0x1f, 0x4d, 0x70, 0xf, 0x6f, 0x6f, 0x20,
    0xc, 0xff, 0xff, 0x0, 0xe, 0x8f, 0x8f, 0x20,
    0x3f, 0x2f, 0x4e, 0x60, 0x8d, 0x1f, 0x4a, 0xc1,
    0xc9, 0x1f, 0x46, 0xf3, 0x0, 0x0, 0x0, 0xf3,
    0x0, 0x0, 0x0, 0xf3, 0x0, 0x0, 0x0, 0x81,

    /* U+0497 "җ" */
    0xab, 0x1f, 0x47, 0xd0, 0x5f, 0x1f, 0x4c, 0x80,
    0x1f, 0x5f, 0x5f, 0x40, 0xc, 0xff, 0xff, 0x0,
    0x1f, 0x7f, 0x8f, 0x30, 0x6f, 0x1f, 0x4c, 0xa0,
    0xba, 0x1f, 0x47, 0xf3, 0x0, 0x0, 0x1, 0xf3,
    0x0, 0x0, 0x1, 0xf3, 0x0, 0x0, 0x0, 0x81,

    /* U+0498 "Ҙ" */
    0x1b, 0xef, 0xd5, 0x0, 0xa7, 0x6c, 0xf1, 0x0,
    0x0, 0x3f, 0x40, 0x1, 0x19, 0xe1, 0x3, 0xff,
    0xf5, 0x0, 0x4, 0x49, 0xf3, 0x0, 0x0, 0x1f,
    0x73, 0x96, 0x6c, 0xf3, 0x2c, 0xff, 0xd5, 0x0,
    0x1, 0xe3, 0x0, 0x0, 0x6, 0xc0, 0x0, 0x8,
    0xe7, 0x0,

    /* U+0499 "ҙ" */
    0xb, 0xff, 0xd5, 0x0, 0x75, 0x4b, 0xf0, 0x0,
    0x0, 0x9f, 0x0, 0x1f, 0xff, 0x60, 0x0, 0x33,
    0x8f, 0x21, 0x75, 0x4a, 0xf2, 0x1c, 0xff, 0xd6,
    0x0, 0x0, 0xb4, 0x0, 0x0, 0x7, 0xa0, 0x0,
    0x6, 0xf6, 0x0,

    /* U+049A "Қ" */
    0x5f, 0x20, 0x1e, 0x80, 0x5f, 0x20, 0x8e, 0x0,
    0x5f, 0x22, 0xf6, 0x0, 0x5f, 0x3b, 0xc0, 0x0,
    0x5f, 0xff, 0x60, 0x0, 0x5f, 0x5c, 0xd0, 0x0,
    0x5f, 0x23, 0xf7, 0x0, 0x5f, 0x20, 0x9f, 0x60,
    0x5f, 0x20, 0x1f, 0xf1, 0x0, 0x0, 0x6, 0xf1,
    0x0, 0x0, 0x6, 0xf1, 0x0, 0x0, 0x3, 0x80,

    /* U+049B "қ" */
    0x4f, 0x30, 0x3f, 0x60, 0x4f, 0x30, 0xbc, 0x0,
    0x4f, 0x45, 0xf3, 0x0, 0x4f, 0xff, 0xd0, 0x0,
    0x4f, 0x67, 0xf4, 0x0, 0x4f, 0x30, 0xcd, 0x30,
    0x4f, 0x30, 0x3f, 0xf1, 0x0, 0x0, 0x5, 0xf1,
    0x0, 0x0, 0x5, 0xf1, 0x0, 0x0, 0x2, 0x80,

    /* U+049C "Ҝ" */
    0x5f, 0x20, 0x1e, 0x85, 0xf2, 0xb8, 0xe0, 0x5f,
    0x2d, 0xf6, 0x5, 0xf3, 0xfc, 0x0, 0x5f, 0xff,
    0x60, 0x5, 0xf5, 0xfd, 0x0, 0x5f, 0x2e, 0xf7,
    0x5, 0xf2, 0xb9, 0xf1, 0x5f, 0x20, 0x1f, 0xa0,

    /* U+049D "ҝ" */
    0x4f, 0x34, 0x3f, 0x64, 0xf3, 0xdb, 0xc0, 0x4f,
    0x4e, 0xf3, 0x4, 0xff, 0xfd, 0x0, 0x4f, 0x6e,
    0xf4, 0x4, 0xf3, 0xdc, 0xd0, 0x4f, 0x35, 0x3f,
    0x70,

    /* U+049E "Ҟ" */
    0x8, 0xf0, 0x2, 0xf6, 0xf, 0xfe, 0xb, 0xd0,
    0x9, 0xf3, 0x4f, 0x30, 0x8, 0xf1, 0xda, 0x0,
    0x8, 0xff, 0xf4, 0x0, 0x8, 0xf4, 0xeb, 0x0,
    0x8, 0xf0, 0x5f, 0x40, 0x8, 0xf0, 0xc, 0xd0,
    0x8, 0xf0, 0x2, 0xf7,

    /* U+049F "ҟ" */
    0x9, 0x40, 0x0, 0xd, 0xff, 0xf6, 0x0, 0x2f,
    0x72, 0x0, 0x0, 0xf6, 0x6, 0xf5, 0xf, 0x62,
    0xf8, 0x0, 0xf7, 0xdb, 0x0, 0xf, 0xdf, 0x30,
    0x0, 0xf7, 0xcd, 0x10, 0xf, 0x61, 0xeb, 0x0,
    0xf6, 0x3, 0xf8,

    /* U+04A0 "Ҡ" */
    0xef, 0xf1, 0xc, 0xb0, 0x48, 0xf1, 0x5f, 0x20,
    0x5, 0xf1, 0xe8, 0x0, 0x5, 0xf8, 0xe0, 0x0,
    0x5, 0xfd, 0x90, 0x0, 0x5, 0xf6, 0xf2, 0x0,
    0x5, 0xf1, 0xca, 0x0, 0x5, 0xf1, 0x4f, 0x30,
    0x5, 0xf1, 0xc, 0xc0,

    /* U+04A1 "ҡ" */
    0xff, 0xf1, 0xd, 0xa0, 0x37, 0xf1, 0x9e, 0x10,
    0x5, 0xf6, 0xf4, 0x0, 0x5, 0xfd, 0xd0, 0x0,
    0x5, 0xf4, 0xf6, 0x0, 0x5, 0xf1, 0x7f, 0x20,
    0x5, 0xf1, 0xc, 0xd0,

    /* U+04A2 "Ң" */
    0x2f, 0x40, 0x1f, 0x50, 0x2f, 0x40, 0x1f, 0x50,
    0x2f, 0x40, 0x1f, 0x50, 0x2f, 0x51, 0x2f, 0x50,
    0x2f, 0xff, 0xff, 0x50, 0x2f, 0x74, 0x4f, 0x50,
    0x2f, 0x40, 0x1f, 0x50, 0x2f, 0x40, 0x1f, 0x50,
    0x2f, 0x40, 0x1f, 0xf0, 0x0, 0x0, 0x5, 0xf0,
    0x0, 0x0, 0x5, 0xf0, 0x0, 0x0, 0x4, 0xe0,

    /* U+04A3 "ң" */
    0x3f, 0x30, 0x1f, 0x50, 0x3f, 0x30, 0x1f, 0x50,
    0x3f, 0x30, 0x1f, 0x50, 0x3f, 0xff, 0xff, 0x50,
    0x3f, 0x63, 0x4f, 0x50, 0x3f, 0x30, 0x1f, 0x50,
    0x3f, 0x30, 0x1f, 0xf2, 0x0, 0x0, 0x4, 0xf2,
    0x0, 0x0, 0x4, 0xf2, 0x0, 0x0, 0x2, 0xa1,

    /* U+04A4 "Ҥ" */
    0x5f, 0x20, 0x8f, 0xf2, 0x5f, 0x20, 0x8f, 0x61,
    0x5f, 0x20, 0x8f, 0x0, 0x5f, 0x31, 0x8f, 0x0,
    0x5f, 0xff, 0xff, 0x0, 0x5f, 0x64, 0xaf, 0x0,
    0x5f, 0x20, 0x8f, 0x0, 0x5f, 0x20, 0x8f, 0x0,
    0x5f, 0x20, 0x8f, 0x0,

    /* U+04A5 "ҥ" */
    0x3f, 0x30, 0xdf, 0xf2, 0x3f, 0x30, 0xdb, 0x30,
    0x3f, 0x30, 0xda, 0x0, 0x3f, 0xff, 0xfa, 0x0,
    0x3f, 0x63, 0xda, 0x0, 0x3f, 0x30, 0xda, 0x0,
    0x3f, 0x30, 0xda, 0x0,

    /* U+04A6 "Ҧ" */
    0x7f, 0xff, 0x60, 0x7, 0xd3, 0xe6, 0x0, 0x7d,
    0xe, 0x60, 0x7, 0xd0, 0xe6, 0x0, 0x7d, 0xe,
    0xfe, 0x37, 0xd0, 0xe8, 0xba, 0x7d, 0xe, 0x66,
    0xd7, 0xd0, 0xe6, 0x5f, 0x7d, 0xe, 0x65, 0xf0,
    0x0, 0x0, 0x7d, 0x0, 0x0, 0x2d, 0x90, 0x0,
    0xd, 0xd1,

    /* U+04A7 "ҧ" */
    0x5f, 0xff, 0x70, 0x5, 0xf3, 0xe7, 0x0, 0x5f,
    0xd, 0x70, 0x5, 0xf0, 0xdf, 0xe3, 0x5f, 0xd,
    0x8b, 0xb5, 0xf0, 0xd7, 0x6e, 0x5f, 0xd, 0x75,
    0xf0, 0x0, 0x0, 0x6e, 0x0, 0x0, 0x2c, 0xa0,
    0x0, 0xb, 0xe2,

    /* U+04A8 "Ҩ" */
    0x4, 0xef, 0x40, 0x0, 0x1f, 0xa5, 0x10, 0x0,
    0x6f, 0x4, 0xee, 0x30, 0x9d, 0xd, 0x9b, 0xa0,
    0xac, 0xf, 0x47, 0xc0, 0x9c, 0xf, 0x48, 0xb0,
    0x6f, 0xc, 0x8c, 0x70, 0x1f, 0xaa, 0xfe, 0x10,
    0x4, 0xef, 0xdf, 0xf0, 0x0, 0x0, 0x2, 0x20,

    /* U+04A9 "ҩ" */
    0x6, 0xef, 0x30, 0x0, 0x3f, 0x98, 0xee, 0x30,
    0x8f, 0xc, 0x99, 0xb0, 0xad, 0xd, 0x66, 0xd0,
    0x8f, 0xc, 0xcd, 0xa0, 0x3f, 0x9a, 0xff, 0x50,
    0x5, 0xef, 0xce, 0xf0,

    /* U+04AA "Ҫ" */
    0x0, 0x7d, 0xfe, 0x60, 0x7f, 0x96, 0x83, 0xf,
    0x90, 0x0, 0x3, 0xf4, 0x0, 0x0, 0x5f, 0x30,
    0x0, 0x4, 0xf4, 0x0, 0x0, 0x1f, 0x80, 0x0,
    0x0, 0xaf, 0x96, 0x84, 0x0, 0x9f, 0xfd, 0x30,
    0x0, 0x3c, 0x0, 0x0, 0x0, 0xf2, 0x0, 0x0,
    0xed, 0x0,

    /* U+04AB "ҫ" */
    0x1, 0xaf, 0xfc, 0x0, 0xaf, 0x76, 0x70, 0xf,
    0x90, 0x0, 0x1, 0xf7, 0x0, 0x0, 0xf, 0x90,
    0x0, 0x0, 0xbf, 0x76, 0x90, 0x1, 0xbf, 0xfc,
    0x0, 0x0, 0x5a, 0x0, 0x0, 0x1, 0xf0, 0x0,
    0x1, 0xfb, 0x0,

    /* U+04AC "Ҭ" */
    0x9f, 0xff, 0xff, 0xc3, 0x57, 0xf9, 0x54, 0x0,
    0x2f, 0x50, 0x0, 0x2, 0xf5, 0x0, 0x0, 0x2f,
    0x50, 0x0, 0x2, 0xf5, 0x0, 0x0, 0x2f, 0x50,
    0x0, 0x2, 0xfa, 0x30, 0x0, 0x2f, 0xf9, 0x0,
    0x0, 0xe, 0x90, 0x0, 0x0, 0xe9, 0x0, 0x0,
    0x7, 0x40,

    /* U+04AD "ҭ" */
    0x5f, 0xff, 0xff, 0x81, 0x46, 0xf8, 0x42, 0x0,
    0x2f, 0x50, 0x0, 0x2, 0xf5, 0x0, 0x0, 0x2f,
    0x50, 0x0, 0x2, 0xf7, 0x10, 0x0, 0x2f, 0xf6,
    0x0, 0x0, 0xf, 0x60, 0x0, 0x0, 0xf6, 0x0,
    0x0, 0x7, 0x30,

    /* U+04AE "Ү" */
    0x7f, 0x10, 0xe, 0xa0, 0xf8, 0x4, 0xf3, 0x8,
    0xe0, 0xbb, 0x0, 0x1f, 0x8f, 0x40, 0x0, 0x9f,
    0xd0, 0x0, 0x3, 0xf6, 0x0, 0x0, 0x2f, 0x50,
    0x0, 0x2, 0xf5, 0x0, 0x0, 0x2f, 0x50, 0x0,

    /* U+04AF "ү" */
    0x7f, 0x10, 0xe, 0xa2, 0xf6, 0x3, 0xf4, 0xc,
    0xc0, 0x8e, 0x0, 0x6f, 0x1d, 0x90, 0x1, 0xf8,
    0xf3, 0x0, 0xb, 0xfd, 0x0, 0x0, 0x5f, 0x80,
    0x0, 0x2, 0xf5, 0x0, 0x0, 0x2f, 0x50, 0x0,
    0x2, 0xf5, 0x0,

    /* U+04B0 "Ұ" */
    0x7f, 0x10, 0xe, 0xa1, 0xf8, 0x4, 0xf3, 0x8,
    0xe0, 0xbc, 0x0, 0x1f, 0x6f, 0x50, 0x0, 0xaf,
    0xd0, 0x0, 0x4, 0xf7, 0x0, 0xf, 0xff, 0xff,
    0x20, 0x35, 0xf8, 0x30, 0x0, 0x2f, 0x50, 0x0,

    /* U+04B1 "ұ" */
    0x7f, 0x10, 0xe, 0xa2, 0xf6, 0x3, 0xf4, 0xc,
    0xb0, 0x8e, 0x0, 0x6f, 0x1d, 0x90, 0x1, 0xf8,
    0xf3, 0x0, 0xb, 0xfe, 0x0, 0x0, 0x5f, 0x80,
    0x0, 0xdf, 0xff, 0xf0, 0x2, 0x5f, 0x73, 0x0,
    0x2, 0xf5, 0x0,

    /* U+04B2 "Ҳ" */
    0x3f, 0x40, 0x1f, 0x70, 0xa, 0xc0, 0x9d, 0x0,
    0x2, 0xf7, 0xf5, 0x0, 0x0, 0x8f, 0xc0, 0x0,
    0x0, 0x3f, 0x60, 0x0, 0x0, 0xbe, 0xe0, 0x0,
    0x4, 0xf3, 0xe7, 0x0, 0xd, 0x90, 0x7f, 0x60,
    0x6f, 0x20, 0xe, 0xf0, 0x0, 0x0, 0x7, 0xf0,
    0x0, 0x0, 0x7, 0xf0, 0x0, 0x0, 0x3, 0x80,

    /* U+04B3 "ҳ" */
    0x3f, 0x80, 0x4f, 0x70, 0x8, 0xf2, 0xdc, 0x0,
    0x0, 0xde, 0xf2, 0x0, 0x0, 0x7f, 0xb0, 0x0,
    0x1, 0xed, 0xf3, 0x0, 0xa, 0xf1, 0xcd, 0x30,
    0x5f, 0x60, 0x3f, 0xf0, 0x0, 0x0, 0x6, 0xf0,
    0x0, 0x0, 0x6, 0xf0, 0x0, 0x0, 0x3, 0x80,

    /* U+04B4 "Ҵ" */
    0xff, 0xff, 0x3f, 0x30, 0x4c, 0xd5, 0x3f, 0x30,
    0xa, 0xb0, 0x2f, 0x30, 0xa, 0xb0, 0x2f, 0x30,
    0xa, 0xb0, 0x2f, 0x30, 0xa, 0xb0, 0x2f, 0x30,
    0xa, 0xb0, 0x2f, 0x30, 0xa, 0xd5, 0x6f, 0x70,
    0xa, 0xff, 0xff, 0xf1, 0x0, 0x0, 0x3, 0xf1,
    0x0, 0x0, 0x3, 0xf1, 0x0, 0x0, 0x2, 0x91,

    /* U+04B5 "ҵ" */
    0xff, 0xff, 0x3f, 0x30, 0x4c, 0xd5, 0x3f, 0x30,
    0xa, 0xb0, 0x2f, 0x30, 0xa, 0xb0, 0x2f, 0x30,
    0xa, 0xb0, 0x2f, 0x30, 0xa, 0xd5, 0x6f, 0x70,
    0xa, 0xff, 0xff, 0xf1, 0x0, 0x0, 0x3, 0xf1,
    0x0, 0x0, 0x3, 0xf1, 0x0, 0x0, 0x2, 0x91,

    /* U+04B6 "Ҷ" */
    0x8f, 0x0, 0xf, 0x80, 0x8f, 0x0, 0xf, 0x80,
    0x8f, 0x0, 0xf, 0x80, 0x6f, 0x51, 0x4f, 0x80,
    0x1d, 0xff, 0xff, 0x80, 0x0, 0x34, 0x1f, 0x80,
    0x0, 0x0, 0xf, 0x80, 0x0, 0x0, 0xf, 0xb0,
    0x0, 0x0, 0xf, 0xf2, 0x0, 0x0, 0x4, 0xf2,
    0x0, 0x0, 0x4, 0xf2, 0x0, 0x0, 0x2, 0x81,

    /* U+04B7 "ҷ" */
    0x3f, 0x40, 0x1f, 0x70, 0x3f, 0x40, 0x1f, 0x70,
    0x3f, 0x50, 0x1f, 0x70, 0x1f, 0xa0, 0x4f, 0x70,
    0x7, 0xff, 0xff, 0x70, 0x0, 0x13, 0x1f, 0x90,
    0x0, 0x0, 0x1f, 0xf1, 0x0, 0x0, 0x3, 0xf1,
    0x0, 0x0, 0x3, 0xf1, 0x0, 0x0, 0x1, 0x80,

    /* U+04B8 "Ҹ" */
    0x8f, 0x0, 0xf, 0x88, 0xf0, 0x0, 0xf8, 0x8f,
    0x8, 0xf, 0x86, 0xf5, 0xd4, 0xf8, 0x1d, 0xff,
    0xff, 0x80, 0x3, 0xd1, 0xf8, 0x0, 0xc, 0xf,
    0x80, 0x0, 0x80, 0xf8, 0x0, 0x0, 0xf, 0x80,

    /* U+04B9 "ҹ" */
    0x3f, 0x40, 0x1f, 0x73, 0xf4, 0x1, 0xf7, 0x3f,
    0x59, 0x1f, 0x71, 0xfa, 0xc4, 0xf7, 0x7, 0xff,
    0xff, 0x70, 0x1, 0xc1, 0xf7, 0x0, 0x4, 0x1f,
    0x70,

    /* U+04BA "Һ" */
    0x5f, 0x20, 0x0, 0x5, 0xf2, 0x0, 0x0, 0x5f,
    0x20, 0x0, 0x5, 0xfe, 0xff, 0xb0, 0x5f, 0x95,
    0x7f, 0x75, 0xf2, 0x0, 0xda, 0x5f, 0x20, 0xc,
    0xb5, 0xf2, 0x0, 0xcb, 0x5f, 0x20, 0xc, 0xb0,

    /* U+04BB "һ" */
    0x29, 0x20, 0x0, 0x3, 0xf4, 0x0, 0x0, 0x3f,
    0x40, 0x0, 0x3, 0xf8, 0xef, 0xa0, 0x3f, 0xd5,
    0x9f, 0x53, 0xf6, 0x0, 0xf7, 0x3f, 0x40, 0xf,
    0x73, 0xf4, 0x0, 0xf7, 0x3f, 0x40, 0xf, 0x73,
    0xf4, 0x0, 0xf7,

    /* U+04BC "Ҽ" */
    0x0, 0x2c, 0xfb, 0x0, 0xb, 0xc4, 0xd8, 0x31,
    0xf4, 0x7, 0xce, 0x6f, 0x20, 0x5e, 0xbf, 0xff,
    0xff, 0xf0, 0x4f, 0x42, 0x22, 0x0, 0xf5, 0x0,
    0x0, 0xa, 0xd5, 0x55, 0x0, 0x1b, 0xfe, 0x60,

    /* U+04BD "ҽ" */
    0x0, 0x2c, 0xfc, 0x11, 0xd, 0xb3, 0xda, 0xd6,
    0xf4, 0x7, 0xea, 0xff, 0xff, 0xff, 0x4, 0xf5,
    0x22, 0x20, 0xe, 0xb4, 0x45, 0x0, 0x3c, 0xfe,
    0x70,

    /* U+04BE "Ҿ" */
    0x0, 0x2c, 0xfb, 0x0, 0xb, 0xc4, 0xd8, 0x31,
    0xf4, 0x7, 0xce, 0x6f, 0x20, 0x5e, 0xbf, 0xff,
    0xff, 0xf0, 0x4f, 0x42, 0x22, 0x0, 0xf5, 0x0,
    0x0, 0xa, 0xd5, 0x55, 0x0, 0x1b, 0xfe, 0x60,
    0x0, 0x2f, 0x20, 0x0, 0x2, 0xf2, 0x0, 0x0,
    0x18, 0x10,

    /* U+04BF "ҿ" */
    0x0, 0x2c, 0xfc, 0x11, 0xd, 0xb3, 0xda, 0xd6,
    0xf4, 0x7, 0xea, 0xff, 0xff, 0xff, 0x4, 0xf5,
    0x22, 0x20, 0xe, 0xb4, 0x45, 0x0, 0x3d, 0xfe,
    0x70, 0x0, 0x1f, 0x40, 0x0, 0x1, 0xf4, 0x0,
    0x0, 0x8, 0x20,

    /* U+04C0 "Ӏ" */
    0xdf, 0xff, 0xf0, 0x15, 0xf7, 0x20, 0x2, 0xf5,
    0x0, 0x2, 0xf5, 0x0, 0x2, 0xf5, 0x0, 0x2,
    0xf5, 0x0, 0x2, 0xf5, 0x0, 0x15, 0xf7, 0x20,
    0xdf, 0xff, 0xf0,

    /* U+04C1 "Ӂ" */
    0x4, 0xb0, 0x78, 0x0, 0x0, 0xbf, 0xd1, 0x0,
    0x0, 0x1, 0x0, 0x0, 0xc8, 0x1f, 0x45, 0xf0,
    0x8c, 0x1f, 0x49, 0xb0, 0x3f, 0x1f, 0x4d, 0x70,
    0xf, 0x6f, 0x6f, 0x20, 0xc, 0xff, 0xff, 0x0,
    0xe, 0x8f, 0x8f, 0x20, 0x3f, 0x2f, 0x4e, 0x60,
    0x8d, 0x1f, 0x4a, 0xb0, 0xc9, 0x1f, 0x46, 0xf0,

    /* U+04C2 "ӂ" */
    0x2, 0x50, 0x34, 0x0, 0x1, 0xdf, 0xe3, 0x0,
    0x0, 0x1, 0x0, 0x0, 0xab, 0x1f, 0x47, 0xd0,
    0x5f, 0x1f, 0x4c, 0x80, 0x1f, 0x5f, 0x5f, 0x40,
    0xc, 0xff, 0xff, 0x0, 0x1f, 0x7f, 0x8f, 0x30,
    0x6f, 0x1f, 0x4c, 0x90, 0xba, 0x1f, 0x47, 0xe0,

    /* U+04C3 "Ӄ" */
    0x2f, 0x40, 0x3f, 0x52, 0xf4, 0xd, 0x90, 0x2f,
    0x49, 0xd0, 0x2, 0xf9, 0xf3, 0x0, 0x2f, 0xff,
    0xe7, 0x2, 0xf7, 0x39, 0xf4, 0x2f, 0x40, 0xe,
    0x92, 0xf4, 0x0, 0xbb, 0x2f, 0x40, 0xb, 0xb0,
    0x0, 0x0, 0xe9, 0x0, 0x35, 0xaf, 0x30, 0x6,
    0xfe, 0x60,

    /* U+04C4 "ӄ" */
    0xf, 0x60, 0x8f, 0x30, 0xf6, 0x5f, 0x50, 0xf,
    0x8f, 0x70, 0x0, 0xff, 0xfc, 0x50, 0xf, 0xa6,
    0xbf, 0x30, 0xf6, 0x0, 0xe8, 0xf, 0x60, 0xc,
    0xa0, 0x0, 0x0, 0xe8, 0x0, 0x26, 0xaf, 0x30,
    0x4, 0xfe, 0x50,

    /* U+04C5 "Ӆ" */
    0x2, 0xff, 0xff, 0x80, 0x3, 0xf7, 0x5f, 0x80,
    0x4, 0xf1, 0xf, 0x80, 0x5, 0xf0, 0xf, 0x80,
    0x6, 0xf0, 0xf, 0x80, 0x7, 0xe0, 0xf, 0x80,
    0x8, 0xd0, 0xf, 0x80, 0x3c, 0xb0, 0xf, 0xa0,
    0xbe, 0x40, 0xf, 0xf1, 0x0, 0x0, 0x7, 0xd0,
    0x0, 0x0, 0xd, 0xa0, 0x0, 0x0, 0x8, 0x30,

    /* U+04C6 "ӆ" */
    0x2, 0xff, 0xff, 0x70, 0x3, 0xf6, 0x5f, 0x70,
    0x4, 0xf1, 0x1f, 0x70, 0x5, 0xf0, 0x1f, 0x70,
    0x6, 0xf0, 0x1f, 0x70, 0x1a, 0xd0, 0x1f, 0x80,
    0x9f, 0x50, 0x1f, 0xf2, 0x0, 0x0, 0x3, 0xf0,
    0x0, 0x0, 0x8, 0xb0, 0x0, 0x0, 0x6, 0x40,

    /* U+04C7 "Ӈ" */
    0x5f, 0x20, 0xf, 0x85, 0xf2, 0x0, 0xf8, 0x5f,
    0x20, 0xf, 0x85, 0xf3, 0x11, 0xf8, 0x5f, 0xff,
    0xff, 0x85, 0xf6, 0x44, 0xf8, 0x5f, 0x20, 0xf,
    0x85, 0xf2, 0x0, 0xf8, 0x5f, 0x20, 0xf, 0x80,
    0x0, 0x1, 0xf7, 0x0, 0x67, 0xbf, 0x20, 0x9,
    0xfe, 0x60,

    /* U+04C8 "ӈ" */
    0x3f, 0x30, 0xf, 0x73, 0xf3, 0x0, 0xf7, 0x3f,
    0x30, 0xf, 0x73, 0xff, 0xff, 0xf7, 0x3f, 0x63,
    0x3f, 0x73, 0xf3, 0x0, 0xf7, 0x3f, 0x30, 0xf,
    0x60, 0x0, 0x2, 0xf5, 0x0, 0x56, 0xcf, 0x10,
    0x9, 0xfe, 0x50,

    /* U+04C9 "Ӊ" */
    0x5f, 0x20, 0xf, 0x80, 0x5f, 0x20, 0xf, 0x80,
    0x5f, 0x20, 0xf, 0x80, 0x5f, 0x31, 0x1f, 0x80,
    0x5f, 0xff, 0xff, 0x80, 0x5f, 0x64, 0x4f, 0x80,
    0x5f, 0x20, 0xf, 0x80, 0x5f, 0x20, 0xf, 0xa0,
    0x5f, 0x20, 0xf, 0xf1, 0x0, 0x0, 0x7, 0xd0,
    0x0, 0x0, 0xd, 0xa0, 0x0, 0x0, 0x8, 0x30,

    /* U+04CA "ӊ" */
    0x3f, 0x40, 0x1f, 0x70, 0x3f, 0x40, 0x1f, 0x70,
    0x3f, 0x40, 0x1f, 0x70, 0x3f, 0xff, 0xff, 0x70,
    0x3f, 0x63, 0x4f, 0x70, 0x3f, 0x40, 0x1f, 0x80,
    0x3f, 0x40, 0x1f, 0xf2, 0x0, 0x0, 0x3, 0xf0,
    0x0, 0x0, 0x8, 0xb0, 0x0, 0x0, 0x6, 0x40,

    /* U+04CB "Ӌ" */
    0x8f, 0x0, 0xf, 0x88, 0xf0, 0x0, 0xf8, 0x8f,
    0x0, 0xf, 0x86, 0xf5, 0x14, 0xf8, 0x1d, 0xff,
    0xff, 0x80, 0x3, 0x41, 0xf8, 0x0, 0x0, 0xf,
    0x80, 0x0, 0x3, 0xf8, 0x0, 0x0, 0x9f, 0x80,
    0x0, 0x9, 0xd0, 0x0, 0x0, 0x9d, 0x0, 0x0,
    0x4, 0x60,

    /* U+04CC "ӌ" */
    0x3f, 0x40, 0x1f, 0x73, 0xf4, 0x1, 0xf7, 0x3f,
    0x50, 0x1f, 0x71, 0xfa, 0x4, 0xf7, 0x7, 0xff,
    0xff, 0x70, 0x1, 0x34, 0xf7, 0x0, 0x0, 0xbf,
    0x70, 0x0, 0xb, 0xa0, 0x0, 0x0, 0xba, 0x0,
    0x0, 0x5, 0x50,

    /* U+04CD "Ӎ" */
    0x7f, 0xa0, 0x6f, 0xa0, 0x7f, 0xd0, 0xaf, 0xa0,
    0x7c, 0xf0, 0xdc, 0xa0, 0x7c, 0xd4, 0xfa, 0xa0,
    0x7d, 0xaa, 0xca, 0xa0, 0x7e, 0x6f, 0x9a, 0xa0,
    0x7e, 0x2d, 0x5b, 0xa0, 0x7e, 0x0, 0xb, 0xc0,
    0x7e, 0x0, 0xb, 0xf0, 0x0, 0x0, 0x7, 0xc0,
    0x0, 0x0, 0xd, 0x90, 0x0, 0x0, 0x18, 0x30,

    /* U+04CE "ӎ" */
    0x8f, 0x60, 0x3f, 0xc0, 0x8f, 0xb0, 0x8f, 0xc0,
    0x8c, 0xf0, 0xcc, 0xc0, 0x8a, 0xd4, 0xf8, 0xc0,
    0x8a, 0x9c, 0xc7, 0xc0, 0x8a, 0x5f, 0x77, 0xc0,
    0x8a, 0x1f, 0x38, 0xf1, 0x0, 0x0, 0x5, 0xd0,
    0x0, 0x0, 0xa, 0xa0, 0x0, 0x0, 0x7, 0x30,

    /* U+04CF "ӏ" */
    0xdf, 0xff, 0xf0, 0x15, 0xf7, 0x20, 0x2, 0xf5,
    0x0, 0x2, 0xf5, 0x0, 0x2, 0xf5, 0x0, 0x2,
    0xf5, 0x0, 0x2, 0xf5, 0x0, 0x15, 0xf7, 0x20,
    0xdf, 0xff, 0xf0,

    /* U+04D0 "Ӑ" */
    0x4, 0xb0, 0x78, 0x0, 0x0, 0xbf, 0xd1, 0x0,
    0x0, 0x1, 0x0, 0x0, 0x0, 0x7f, 0xa0, 0x0,
    0x0, 0xbd, 0xe0, 0x0, 0x0, 0xf6, 0xf3, 0x0,
    0x4, 0xf0, 0xe7, 0x0, 0x9, 0xc1, 0xac, 0x0,
    0xd, 0xff, 0xff, 0x10, 0x2f, 0x64, 0x4f, 0x50,
    0x6f, 0x0, 0xd, 0x90, 0xbb, 0x0, 0x9, 0xe0,

    /* U+04D1 "ӑ" */
    0x1, 0xa0, 0x38, 0x0, 0xa, 0xff, 0x40, 0x0,
    0x1, 0x0, 0x0, 0x8e, 0xfe, 0x60, 0x7, 0x64,
    0xaf, 0x20, 0x0, 0x2, 0xf4, 0x8, 0xef, 0xff,
    0x54, 0xf5, 0x2, 0xf5, 0x4f, 0x74, 0xbf, 0x50,
    0xaf, 0xe5, 0xf5,

    /* U+04D2 "Ӓ" */
    0x4, 0x90, 0x76, 0x0, 0x7, 0xd0, 0xaa, 0x0,
    0x0, 0x0, 0x0, 0x0, 0x0, 0x7f, 0xa0, 0x0,
    0x0, 0xbd, 0xe0, 0x0, 0x0, 0xf6, 0xf3, 0x0,
    0x4, 0xf0, 0xe7, 0x0, 0x9, 0xc1, 0xac, 0x0,
    0xd, 0xff, 0xff, 0x10, 0x2f, 0x64, 0x4f, 0x50,
    0x6f, 0x0, 0xd, 0x90, 0xbb, 0x0, 0x9, 0xe0,

    /* U+04D3 "ӓ" */
    0x4, 0xe1, 0x8c, 0x0, 0x2a, 0x5, 0x80, 0x8,
    0xef, 0xe6, 0x0, 0x76, 0x4a, 0xf2, 0x0, 0x0,
    0x2f, 0x40, 0x8e, 0xff, 0xf5, 0x4f, 0x50, 0x2f,
    0x54, 0xf7, 0x4b, 0xf5, 0xa, 0xfe, 0x5f, 0x50,

    /* U+04D4 "Ӕ" */
    0x0, 0xff, 0xff, 0xb0, 0x2f, 0xbe, 0x54, 0x6,
    0xe7, 0xd0, 0x0, 0x9b, 0x7d, 0x10, 0xd, 0x87,
    0xfe, 0x71, 0xff, 0xfd, 0x0, 0x4f, 0x49, 0xd0,
    0x8, 0xd0, 0x7e, 0x54, 0xba, 0x7, 0xff, 0xb0,

    /* U+04D5 "ӕ" */
    0x3e, 0xf8, 0xde, 0x40, 0x16, 0x7f, 0xba, 0xc0,
    0x0, 0xf, 0x44, 0xf0, 0x3d, 0xef, 0xff, 0xf0,
    0xba, 0x2f, 0x51, 0x10, 0xca, 0x7f, 0xb4, 0x50,
    0x5f, 0xd3, 0xcf, 0x90,

    /* U+04D6 "Ӗ" */
    0x3b, 0x7, 0x80, 0xb, 0xfd, 0x20, 0x0, 0x10,
    0x0, 0xff, 0xff, 0xf4, 0xfa, 0x55, 0x51, 0xf7,
    0x0, 0x0, 0xf8, 0x11, 0x10, 0xff, 0xff, 0xf1,
    0xf9, 0x44, 0x40, 0xf7, 0x0, 0x0, 0xfa, 0x55,
    0x51, 0xff, 0xff, 0xf4,

    /* U+04D7 "ӗ" */
    0x1, 0x60, 0x25, 0x0, 0xc, 0xff, 0x40, 0x0,
    0x1, 0x0, 0x0, 0x2c, 0xfe, 0x60, 0xe, 0xc4,
    0x8f, 0x34, 0xf3, 0x0, 0xd8, 0x6f, 0xff, 0xff,
    0x94, 0xf4, 0x22, 0x21, 0xe, 0xc6, 0x57, 0x40,
    0x2b, 0xff, 0xd3,

    /* U+04D8 "Ә" */
    0x1b, 0xff, 0xc3, 0x1, 0xa6, 0x6c, 0xf1, 0x0,
    0x0, 0x1f, 0x70, 0x0, 0x0, 0xda, 0x9f, 0xff,
    0xff, 0xb9, 0xe2, 0x22, 0xda, 0x6f, 0x0, 0xf,
    0x71, 0xfa, 0x4a, 0xf1, 0x4, 0xdf, 0xd4, 0x0,

    /* U+04D9 "ә" */
    0x1c, 0xff, 0xc3, 0x1, 0x85, 0x5c, 0xf1, 0x0,
    0x0, 0xf, 0x75, 0xff, 0xff, 0xf8, 0x4f, 0x32,
    0x3f, 0x71, 0xfa, 0x4a, 0xf2, 0x4, 0xdf, 0xd4,
    0x0,

    /* U+04DA "Ӛ" */
    0x6, 0x60, 0x94, 0x0, 0xaa, 0xd, 0x60, 0x0,
    0x0, 0x0, 0x1, 0xbf, 0xfc, 0x30, 0x1a, 0x66,
    0xcf, 0x10, 0x0, 0x1, 0xf7, 0x0, 0x0, 0xd,
    0xa9, 0xff, 0xff, 0xfb, 0x9e, 0x22, 0x2d, 0xa6,
    0xf0, 0x0, 0xf7, 0x1f, 0xa4, 0xaf, 0x10, 0x4d,
    0xfd, 0x40,

    /* U+04DB "ӛ" */
    0x7, 0xc0, 0xb9, 0x0, 0x58, 0x7, 0x50, 0x1c,
    0xff, 0xc3, 0x1, 0x85, 0x5c, 0xf1, 0x0, 0x0,
    0xf, 0x75, 0xff, 0xff, 0xf8, 0x4f, 0x32, 0x3f,
    0x71, 0xfa, 0x4a, 0xf2, 0x4, 0xdf, 0xd4, 0x0,

    /* U+04DC "Ӝ" */
    0x4, 0x90, 0x76, 0x0, 0x7, 0xd0, 0xaa, 0x0,
    0x0, 0x0, 0x0, 0x0, 0xc8, 0x1f, 0x45, 0xf0,
    0x8c, 0x1f, 0x49, 0xb0, 0x3f, 0x1f, 0x4d, 0x70,
    0xf, 0x6f, 0x6f, 0x20, 0xc, 0xff, 0xff, 0x0,
    0xe, 0x8f, 0x8f, 0x20, 0x3f, 0x2f, 0x4e, 0x60,
    0x8d, 0x1f, 0x4a, 0xb0, 0xc9, 0x1f, 0x46, 0xf0,

    /* U+04DD "ӝ" */
    0x7, 0xd0, 0xaa, 0x0, 0x4, 0x80, 0x66, 0x0,
    0xab, 0x1f, 0x47, 0xd0, 0x5f, 0x1f, 0x4c, 0x80,
    0x1f, 0x5f, 0x5f, 0x40, 0xc, 0xff, 0xff, 0x0,
    0x1f, 0x7f, 0x8f, 0x30, 0x6f, 0x1f, 0x4c, 0x90,
    0xba, 0x1f, 0x47, 0xe0,

    /* U+04DE "Ӟ" */
    0x5, 0x80, 0x76, 0x0, 0x8c, 0xb, 0x90, 0x0,
    0x0, 0x0, 0x1, 0xbe, 0xfd, 0x50, 0xa, 0x76,
    0xcf, 0x10, 0x0, 0x3, 0xf4, 0x0, 0x11, 0x9e,
    0x10, 0x3f, 0xff, 0x50, 0x0, 0x44, 0x9f, 0x30,
    0x0, 0x1, 0xf7, 0x39, 0x66, 0xcf, 0x32, 0xcf,
    0xfd, 0x50,

    /* U+04DF "ӟ" */
    0x7, 0xd0, 0xaa, 0x0, 0x48, 0x6, 0x60, 0xb,
    0xff, 0xd5, 0x0, 0x75, 0x4b, 0xf0, 0x0, 0x0,
    0x9f, 0x0, 0x1f, 0xff, 0x60, 0x0, 0x33, 0x8f,
    0x21, 0x75, 0x4a, 0xf2, 0x1c, 0xff, 0xd6, 0x0,

    /* U+04E0 "Ӡ" */
    0x4f, 0xff, 0xff, 0x21, 0x55, 0x7f, 0xb0, 0x0,
    0x2e, 0xb0, 0x0, 0x1e, 0xd2, 0x0, 0x3, 0xef,
    0xfb, 0x0, 0x0, 0x5, 0xf6, 0x0, 0x0, 0x1f,
    0x76, 0x85, 0x5b, 0xf3, 0x5d, 0xff, 0xc5, 0x0,

    /* U+04E1 "ӡ" */
    0x4f, 0xff, 0xff, 0x31, 0x44, 0x5f, 0xb0, 0x0,
    0xc, 0xc0, 0x0, 0xb, 0xd1, 0x0, 0x3, 0xff,
    0xf6, 0x0, 0x1, 0x2a, 0xf3, 0x0, 0x0, 0x1f,
    0x70, 0x0, 0x2, 0xf6, 0x68, 0x55, 0xdf, 0x15,
    0xdf, 0xfc, 0x30,

    /* U+04E2 "Ӣ" */
    0x3, 0xff, 0xf6, 0x0, 0x2, 0x22, 0x10, 0x5f,
    0x0, 0x7f, 0x85, 0xf0, 0xd, 0xf8, 0x5f, 0x4,
    0xfc, 0x85, 0xf0, 0xa9, 0xc8, 0x5f, 0x1f, 0x3c,
    0x85, 0xf6, 0xd0, 0xc8, 0x5f, 0xc7, 0xc, 0x85,
    0xff, 0x10, 0xc8, 0x5f, 0xa0, 0xc, 0x80,

    /* U+04E3 "ӣ" */
    0x3, 0xff, 0xf6, 0x0, 0x2, 0x22, 0x0, 0x3f,
    0x30, 0x8f, 0x73, 0xf3, 0x1f, 0xf7, 0x3f, 0x38,
    0xce, 0x73, 0xf4, 0xf4, 0xf7, 0x3f, 0xbc, 0xf,
    0x73, 0xff, 0x40, 0xf7, 0x3f, 0xc0, 0xf, 0x70,

    /* U+04E4 "Ӥ" */
    0x4, 0x90, 0x76, 0x0, 0x7d, 0xa, 0xa0, 0x0,
    0x0, 0x0, 0x5, 0xf0, 0x7, 0xf8, 0x5f, 0x0,
    0xdf, 0x85, 0xf0, 0x4f, 0xc8, 0x5f, 0xa, 0x9c,
    0x85, 0xf1, 0xf3, 0xc8, 0x5f, 0x6d, 0xc, 0x85,
    0xfc, 0x70, 0xc8, 0x5f, 0xf1, 0xc, 0x85, 0xfa,
    0x0, 0xc8,

    /* U+04E5 "ӥ" */
    0x7, 0xd0, 0xaa, 0x0, 0x48, 0x6, 0x60, 0x3f,
    0x30, 0x8f, 0x73, 0xf3, 0x1f, 0xf7, 0x3f, 0x38,
    0xce, 0x73, 0xf4, 0xf4, 0xf7, 0x3f, 0xbc, 0xf,
    0x73, 0xff, 0x40, 0xf7, 0x3f, 0xc0, 0xf, 0x70,

    /* U+04E6 "Ӧ" */
    0x4, 0x90, 0x76, 0x0, 0x7d, 0xa, 0xa0, 0x0,
    0x0, 0x0, 0x0, 0x3c, 0xfd, 0x50, 0xe, 0xd6,
    0xbf, 0x25, 0xf3, 0x0, 0xf8, 0x8f, 0x0, 0xc,
    0xb8, 0xf0, 0x0, 0xcc, 0x8f, 0x0, 0xc, 0xb5,
    0xf3, 0x0, 0xf8, 0xe, 0xd6, 0xbf, 0x20, 0x3c,
    0xfd, 0x50,

    /* U+04E7 "ӧ" */
    0x7, 0xd0, 0xaa, 0x0, 0x48, 0x6, 0x60, 0x3,
    0xcf, 0xd5, 0x0, 0xec, 0x4a, 0xf3, 0x5f, 0x20,
    0xf, 0x87, 0xf1, 0x0, 0xea, 0x5f, 0x30, 0xf,
    0x81, 0xec, 0x49, 0xf3, 0x3, 0xcf, 0xd5, 0x0,

    /* U+04E8 "Ө" */
    0x3, 0xcf, 0xd5, 0x0, 0xed, 0x6b, 0xf2, 0x5f,
    0x30, 0xf, 0x88, 0xf1, 0x11, 0xdb, 0x8f, 0xff,
    0xff, 0xc8, 0xf4, 0x44, 0xdb, 0x5f, 0x30, 0xf,
    0x80, 0xed, 0x6b, 0xf2, 0x3, 0xcf, 0xd5, 0x0,

    /* U+04E9 "ө" */
    0x3, 0xcf, 0xd5, 0x0, 0xec, 0x4a, 0xf3, 0x5f,
    0x30, 0x1f, 0x87, 0xff, 0xff, 0xfa, 0x5f, 0x63,
    0x4f, 0x81, 0xec, 0x49, 0xf3, 0x3, 0xcf, 0xd5,
    0x0,

    /* U+04EA "Ӫ" */
    0x4, 0x90, 0x76, 0x0, 0x7d, 0xa, 0xa0, 0x0,
    0x0, 0x0, 0x0, 0x3c, 0xfd, 0x50, 0xe, 0xd6,
    0xbf, 0x25, 0xf3, 0x0, 0xf8, 0x8f, 0x11, 0x1d,
    0xb8, 0xff, 0xff, 0xfc, 0x8f, 0x44, 0x4d, 0xb5,
    0xf3, 0x0, 0xf8, 0xe, 0xd6, 0xbf, 0x20, 0x3c,
    0xfd, 0x50,

    /* U+04EB "ӫ" */
    0x7, 0xd0, 0xaa, 0x0, 0x48, 0x6, 0x60, 0x3,
    0xcf, 0xd5, 0x0, 0xec, 0x4a, 0xf3, 0x5f, 0x30,
    0x1f, 0x87, 0xff, 0xff, 0xfa, 0x5f, 0x63, 0x4f,
    0x81, 0xec, 0x49, 0xf3, 0x3, 0xcf, 0xd5, 0x0,

    /* U+04EC "Ӭ" */
    0x8, 0x50, 0xa2, 0x0, 0xc8, 0x1e, 0x40, 0x0,
    0x0, 0x0, 0x2, 0xcf, 0xfa, 0x10, 0x1a, 0x67,
    0xed, 0x0, 0x0, 0x3, 0xf5, 0x0, 0x0, 0xe,
    0x90, 0x8f, 0xff, 0xfa, 0x2, 0x33, 0x3f, 0x90,
    0x0, 0x4, 0xf5, 0x47, 0x68, 0xfd, 0x3, 0xdf,
    0xfa, 0x10,

    /* U+04ED "ӭ" */
    0x8, 0xb0, 0xc8, 0x0, 0x57, 0x8, 0x50, 0xd,
    0xfe, 0xa1, 0x0, 0x75, 0x7e, 0xc0, 0x0, 0x0,
    0x6f, 0x20, 0x2f, 0xff, 0xf4, 0x0, 0x33, 0x8f,
    0x21, 0x75, 0x7e, 0xc0, 0x1d, 0xfe, 0xa1, 0x0,

    /* U+04EE "Ӯ" */
    0x3, 0xff, 0xf6, 0x0, 0x0, 0x22, 0x21, 0x0,
    0xaf, 0x0, 0xb, 0xd0, 0x3f, 0x60, 0x1f, 0x70,
    0xc, 0xc0, 0x6f, 0x10, 0x6, 0xf2, 0xcb, 0x0,
    0x0, 0xf9, 0xf5, 0x0, 0x0, 0x9f, 0xf0, 0x0,
    0x0, 0x3f, 0x90, 0x0, 0x16, 0xbf, 0x20, 0x0,
    0x3f, 0xe5, 0x0, 0x0,

    /* U+04EF "ӯ" */
    0x3, 0xff, 0xf6, 0x0, 0x2, 0x22, 0x0, 0x7f,
    0x20, 0xd, 0xa1, 0xf7, 0x2, 0xf5, 0xb, 0xd0,
    0x6f, 0x0, 0x5f, 0x2b, 0xa0, 0x0, 0xe8, 0xf4,
    0x0, 0x8, 0xee, 0x0, 0x0, 0x2f, 0x90, 0x0,
    0x3, 0xf3, 0x0, 0x15, 0xdc, 0x0, 0x4, 0xfd,
    0x20, 0x0,

    /* U+04F0 "Ӱ" */
    0x4, 0x90, 0x76, 0x0, 0x7, 0xd0, 0xaa, 0x0,
    0x0, 0x0, 0x0, 0x0, 0xaf, 0x0, 0xb, 0xd0,
    0x3f, 0x60, 0x1f, 0x70, 0xc, 0xc0, 0x6f, 0x10,
    0x6, 0xf2, 0xcb, 0x0, 0x0, 0xf9, 0xf5, 0x0,
    0x0, 0x9f, 0xf0, 0x0, 0x0, 0x3f, 0x90, 0x0,
    0x16, 0xbf, 0x20, 0x0, 0x3f, 0xe5, 0x0, 0x0,

    /* U+04F1 "ӱ" */
    0x7, 0xd0, 0xaa, 0x0, 0x48, 0x6, 0x60, 0x7f,
    0x20, 0xd, 0xa1, 0xf7, 0x2, 0xf5, 0xb, 0xd0,
    0x6f, 0x0, 0x5f, 0x2b, 0xa0, 0x0, 0xe8, 0xf4,
    0x0, 0x8, 0xee, 0x0, 0x0, 0x2f, 0x90, 0x0,
    0x3, 0xf3, 0x0, 0x15, 0xdc, 0x0, 0x4, 0xfd,
    0x20, 0x0,

    /* U+04F2 "Ӳ" */
    0x0, 0xbb, 0x8d, 0x0, 0x4, 0xc3, 0xd1, 0x0,
    0x0, 0x0, 0x0, 0x0, 0xaf, 0x0, 0xb, 0xd0,
    0x3f, 0x60, 0x1f, 0x70, 0xc, 0xc0, 0x6f, 0x10,
    0x6, 0xf2, 0xcb, 0x0, 0x0, 0xf9, 0xf5, 0x0,
    0x0, 0x9f, 0xf0, 0x0, 0x0, 0x3f, 0x90, 0x0,
    0x16, 0xbf, 0x20, 0x0, 0x3f, 0xe5, 0x0, 0x0,

    /* U+04F3 "ӳ" */
    0x0, 0xbb, 0x8d, 0x0, 0x4c, 0x3d, 0x10, 0x0,
    0x0, 0x0, 0x7, 0xf2, 0x0, 0xda, 0x1f, 0x70,
    0x2f, 0x50, 0xbd, 0x6, 0xf0, 0x5, 0xf2, 0xba,
    0x0, 0xe, 0x8f, 0x40, 0x0, 0x8e, 0xe0, 0x0,
    0x2, 0xf9, 0x0, 0x0, 0x3f, 0x30, 0x1, 0x5d,
    0xc0, 0x0, 0x4f, 0xd2, 0x0, 0x0,

    /* U+04F4 "Ӵ" */
    0x4, 0x90, 0x76, 0x0, 0x7d, 0xa, 0xa0, 0x0,
    0x0, 0x0, 0x8, 0xf0, 0x0, 0xf8, 0x8f, 0x0,
    0xf, 0x88, 0xf0, 0x0, 0xf8, 0x6f, 0x51, 0x4f,
    0x81, 0xdf, 0xff, 0xf8, 0x0, 0x34, 0x1f, 0x80,
    0x0, 0x0, 0xf8, 0x0, 0x0, 0xf, 0x80, 0x0,
    0x0, 0xf8,

    /* U+04F5 "ӵ" */
    0x7, 0xd0, 0xaa, 0x0, 0x48, 0x6, 0x60, 0x3f,
    0x40, 0x1f, 0x73, 0xf4, 0x1, 0xf7, 0x3f, 0x50,
    0x1f, 0x71, 0xfa, 0x4, 0xf7, 0x7, 0xff, 0xff,
    0x70, 0x1, 0x31, 0xf7, 0x0, 0x0, 0x1f, 0x70,

    /* U+04F6 "Ӷ" */
    0xef, 0xff, 0xf9, 0xec, 0x55, 0x53, 0xe9, 0x0,
    0x0, 0xe9, 0x0, 0x0, 0xe9, 0x0, 0x0, 0xe9,
    0x0, 0x0, 0xe9, 0x0, 0x0, 0xec, 0x60, 0x0,
    0xef, 0xf1, 0x0, 0x6, 0xf1, 0x0, 0x6, 0xf1,
    0x0, 0x3, 0x80, 0x0,

    /* U+04F7 "ӷ" */
    0x7f, 0xff, 0xf8, 0x7f, 0x44, 0x42, 0x7f, 0x0,
    0x0, 0x7f, 0x0, 0x0, 0x7f, 0x0, 0x0, 0x7f,
    0x30, 0x0, 0x7f, 0xf4, 0x0, 0x1, 0xf4, 0x0,
    0x1, 0xf4, 0x0, 0x0, 0x82, 0x0,

    /* U+04F8 "Ӹ" */
    0x4, 0x90, 0x76, 0x0, 0x7d, 0xa, 0xa0, 0x0,
    0x0, 0x0, 0x8, 0xc0, 0x0, 0x9c, 0x8c, 0x0,
    0x9, 0xc8, 0xc0, 0x0, 0x9c, 0x8f, 0xfb, 0x19,
    0xc8, 0xd4, 0xe9, 0x9c, 0x8c, 0x8, 0xd9, 0xc8,
    0xc0, 0x9d, 0x9c, 0x8d, 0x4e, 0x99, 0xc8, 0xff,
    0xb1, 0x9c,

    /* U+04F9 "ӹ" */
    0x7, 0xd0, 0xaa, 0x0, 0x48, 0x6, 0x60, 0x8c,
    0x0, 0x9, 0xc8, 0xc0, 0x0, 0x9c, 0x8f, 0xeb,
    0x19, 0xc8, 0xc2, 0xda, 0x9c, 0x8c, 0x8, 0xc9,
    0xc8, 0xc2, 0xda, 0x9c, 0x8f, 0xfc, 0x19, 0xc0,

    /* U+04FA "Ӻ" */
    0xe, 0xff, 0xff, 0x90, 0xec, 0x55, 0x53, 0xe,
    0x90, 0x0, 0x0, 0xea, 0x11, 0x0, 0xbf, 0xff,
    0xf0, 0x3, 0xeb, 0x44, 0x0, 0xe, 0x90, 0x0,
    0x0, 0xeb, 0x40, 0x0, 0xe, 0xfc, 0x0, 0x0,
    0x9, 0xc0, 0x0, 0x4, 0xcb, 0x0, 0x0, 0xee,
    0x40, 0x0,

    /* U+04FB "ӻ" */
    0x7, 0xff, 0xff, 0x80, 0x7f, 0x44, 0x42, 0x7,
    0xf0, 0x0, 0x7, 0xff, 0xff, 0x0, 0x19, 0xf3,
    0x30, 0x0, 0x7f, 0x51, 0x0, 0x7, 0xff, 0x40,
    0x0, 0x2, 0xf4, 0x0, 0x2, 0x7f, 0x20, 0x0,
    0x7f, 0xa0, 0x0,

    /* U+04FC "Ӽ" */
    0x3f, 0x40, 0x1f, 0x70, 0xa, 0xc0, 0x9d, 0x0,
    0x2, 0xf7, 0xf5, 0x0, 0x0, 0x8f, 0xc0, 0x0,
    0x0, 0x3f, 0x60, 0x0, 0x0, 0xbe, 0xe0, 0x0,
    0x4, 0xf3, 0xe7, 0x0, 0xd, 0x90, 0x7f, 0x50,
    0x6f, 0x20, 0xe, 0xf1, 0x0, 0x0, 0x4, 0xf1,
    0x0, 0x0, 0x28, 0xf0, 0x0, 0x0, 0x9f, 0x80,

    /* U+04FD "ӽ" */
    0x3f, 0x80, 0x4f, 0x70, 0x8, 0xf2, 0xdc, 0x0,
    0x0, 0xde, 0xf2, 0x0, 0x0, 0x7f, 0xb0, 0x0,
    0x1, 0xee, 0xf3, 0x0, 0xa, 0xf1, 0xcd, 0x50,
    0x5f, 0x60, 0x3f, 0xf0, 0x0, 0x0, 0x5, 0xf0,
    0x0, 0x0, 0x3a, 0xf0, 0x0, 0x0, 0xaf, 0x70,

    /* U+04FE "Ӿ" */
    0x4f, 0x40, 0x1f, 0x70, 0xbc, 0x9, 0xe0, 0x3,
    0xf5, 0xf6, 0x0, 0xa, 0xfd, 0x0, 0x4f, 0xff,
    0xff, 0x71, 0x3c, 0xfe, 0x41, 0x3, 0xf4, 0xf6,
    0x0, 0xca, 0x7, 0xe1, 0x6f, 0x20, 0xe, 0x90,

    /* U+04FF "ӿ" */
    0x3f, 0x70, 0x3f, 0x70, 0x9f, 0x1c, 0xd0, 0x1,
    0xed, 0xf3, 0x2, 0xff, 0xff, 0xf6, 0x3, 0xfe,
    0xf5, 0x10, 0x9f, 0x2d, 0xc0, 0x4f, 0x60, 0x3f,
    0x80,

    /* U+0500 "Ԁ" */
    0x0, 0x0, 0x4f, 0x20, 0x0, 0x4, 0xf2, 0x0,
    0x1, 0x5f, 0x20, 0x6e, 0xff, 0xf2, 0x2f, 0xb4,
    0x7f, 0x26, 0xf1, 0x4, 0xf2, 0x6f, 0x10, 0x4f,
    0x22, 0xfb, 0x58, 0xf2, 0x6, 0xef, 0xff, 0x20,

    /* U+0501 "ԁ" */
    0x0, 0x0, 0xb, 0x50, 0x0, 0x0, 0xf7, 0x0,
    0x0, 0xf, 0x70, 0x5e, 0xf8, 0xf7, 0x1f, 0xc5,
    0xaf, 0x75, 0xf3, 0x1, 0xf7, 0x7f, 0x10, 0xf,
    0x75, 0xf2, 0x0, 0xf7, 0x1f, 0xb4, 0xaf, 0x70,
    0x6e, 0xf7, 0xd7,

    /* U+0502 "Ԃ" */
    0x0, 0x2f, 0x40, 0x0, 0x2, 0xf4, 0x0, 0x0,
    0x2f, 0x40, 0x1, 0xcf, 0xf4, 0x68, 0x7e, 0x6f,
    0x4a, 0xca, 0xa2, 0xf4, 0xac, 0xaa, 0x2f, 0x4a,
    0xc8, 0xe8, 0xf9, 0xd9, 0x1d, 0xf7, 0xee, 0x20,

    /* U+0503 "ԃ" */
    0x0, 0x6, 0x30, 0x0, 0x0, 0xd6, 0x0, 0x0,
    0xd, 0x60, 0x1, 0xdd, 0xe6, 0x0, 0x8d, 0x4f,
    0x60, 0xb, 0x90, 0xe6, 0x25, 0xc8, 0xd, 0x66,
    0xdb, 0x90, 0xe6, 0x6d, 0x8d, 0x4f, 0x99, 0xc2,
    0xde, 0x5d, 0xe4,

    /* U+0504 "Ԅ" */
    0xaf, 0xe3, 0x0, 0x4, 0x5d, 0xc0, 0x0, 0x0,
    0x8d, 0x0, 0x0, 0x1c, 0xa0, 0x0, 0x1f, 0xe2,
    0xa, 0xc0, 0x4c, 0xc0, 0xac, 0x0, 0x6f, 0xa,
    0xb0, 0x4, 0xf6, 0xda, 0x0, 0xb, 0xfd, 0x20,

    /* U+0505 "ԅ" */
    0x8f, 0xe3, 0x0, 0x3, 0x3c, 0xa0, 0x0, 0x0,
    0xb9, 0x0, 0x0, 0xdf, 0x30, 0xa9, 0x1, 0x9d,
    0xb, 0xa0, 0x5, 0xf4, 0xd8, 0x0, 0xb, 0xfd,
    0x20,

    /* U+0506 "Ԇ" */
    0x5d, 0xfe, 0x70, 0x8, 0x85, 0x9f, 0x40, 0x0,
    0x0, 0xf6, 0x0, 0x0, 0x7e, 0x10, 0xe, 0xff,
    0x40, 0x0, 0x23, 0x8f, 0x40, 0x0, 0x0, 0xd9,
    0x0, 0x0, 0xd, 0x90, 0x0, 0x0, 0xdf, 0xf0,
    0x0, 0x0, 0x6f, 0x0, 0x0, 0x6, 0xf0, 0x0,
    0x0, 0x5e,

    /* U+0507 "ԇ" */
    0x6d, 0xfe, 0x90, 0x4, 0x63, 0x6f, 0x40, 0x0,
    0x3, 0xf4, 0x0, 0x9f, 0xfa, 0x0, 0x1, 0x25,
    0xf6, 0x0, 0x0, 0xd, 0x80, 0x0, 0x0, 0xdf,
    0xa0, 0x0, 0x0, 0xba, 0x0, 0x0, 0xb, 0xa0,
    0x0, 0x0, 0x76,

    /* U+0508 "Ԉ" */
    0x9, 0xff, 0xb0, 0x0, 0x9c, 0xcb, 0x0, 0xa,
    0xaa, 0xb0, 0x0, 0xb9, 0xab, 0x13, 0xc, 0x8a,
    0xb7, 0xe0, 0xd7, 0xab, 0x7e, 0xf, 0x6a, 0xb7,
    0xe7, 0xf3, 0x9d, 0xad, 0xfa, 0x3, 0xee, 0x50,

    /* U+0509 "ԉ" */
    0xe, 0xff, 0x60, 0x0, 0xe6, 0xe6, 0x0, 0xf,
    0x3e, 0x63, 0x50, 0xf2, 0xe6, 0x7c, 0x2f, 0x1e,
    0x67, 0xc7, 0xe0, 0xc9, 0xab, 0xe7, 0x5, 0xfe,
    0x40,

    /* U+050A "Ԋ" */
    0x5d, 0xb, 0x60, 0x5, 0xd0, 0xb6, 0x0, 0x5d,
    0xb, 0x60, 0x5, 0xd0, 0xb6, 0x0, 0x5f, 0xff,
    0x67, 0xb5, 0xe3, 0xc6, 0x7b, 0x5d, 0xb, 0x67,
    0xb5, 0xd0, 0xba, 0xaa, 0x5d, 0x4, 0xee, 0x30,

    /* U+050B "ԋ" */
    0x6d, 0xe, 0x50, 0x6, 0xd0, 0xe5, 0x0, 0x6d,
    0xe, 0x50, 0x6, 0xff, 0xf5, 0x8b, 0x6d, 0x2e,
    0x58, 0xb6, 0xd0, 0xd8, 0xaa, 0x6d, 0x6, 0xfe,
    0x40,

    /* U+050C "Ԍ" */
    0x1, 0xaf, 0xfb, 0x0, 0xce, 0x65, 0x70, 0x2f,
    0x50, 0x0, 0x6, 0xf1, 0x0, 0x0, 0x6f, 0x1,
    0xff, 0x96, 0xf1, 0x3, 0xd9, 0x3f, 0x50, 0xe,
    0x70, 0xcd, 0x59, 0xf2, 0x2, 0xbf, 0xe6, 0x0,

    /* U+050D "ԍ" */
    0x2, 0xbf, 0xfb, 0x0, 0xed, 0x55, 0x60, 0x5f,
    0x40, 0x0, 0x6, 0xf1, 0x5f, 0xfa, 0x5f, 0x31,
    0x3f, 0x80, 0xec, 0x58, 0xf3, 0x3, 0xcf, 0xe6,
    0x0,

    /* U+050E "Ԏ" */
    0xef, 0xff, 0xf7, 0x4, 0x5f, 0xb5, 0x20, 0x0,
    0xe8, 0x0, 0x0, 0xe, 0x80, 0x32, 0x0, 0xe8,
    0xc, 0xa0, 0xe, 0x80, 0xca, 0x0, 0xe8, 0xc,
    0xa0, 0xc, 0xd6, 0xf8, 0x0, 0x3d, 0xfb, 0x10,

    /* U+050F "ԏ" */
    0xdf, 0xff, 0xf1, 0x2, 0x4f, 0x73, 0x0, 0x1,
    0xf4, 0x5, 0x40, 0x1f, 0x40, 0xc9, 0x0, 0xf4,
    0xc, 0x80, 0xe, 0xa4, 0xf6, 0x0, 0x5e, 0xfb,
    0x0,

    /* U+0510 "Ԑ" */
    0x4, 0xcf, 0xfb, 0x30, 0xfc, 0x66, 0xc6, 0x2f,
    0x50, 0x0, 0x0, 0xdb, 0x20, 0x0, 0x2, 0xdf,
    0xf9, 0x2, 0xfb, 0x53, 0x20, 0x6f, 0x20, 0x0,
    0x3, 0xfc, 0x66, 0x87, 0x5, 0xdf, 0xfd, 0x60,

    /* U+0511 "ԑ" */
    0x1b, 0xff, 0xc3, 0x9e, 0x43, 0x80, 0x8d, 0x10,
    0x0, 0x1d, 0xff, 0x30, 0xcc, 0x32, 0x0, 0xec,
    0x43, 0x63, 0x4c, 0xff, 0xd3,

    /* U+0512 "Ԓ" */
    0x2, 0xff, 0xfe, 0x0, 0x3f, 0x6b, 0xe0, 0x5,
    0xf0, 0x8e, 0x0, 0x6f, 0x8, 0xe0, 0x8, 0xd0,
    0x8e, 0x0, 0x9b, 0x8, 0xe0, 0xc, 0x90, 0x8e,
    0x3, 0xf5, 0x8, 0xe2, 0xec, 0x0, 0x8f, 0xd0,
    0x0, 0x0, 0x8d, 0x0, 0x0, 0x9f, 0x80, 0x0,
    0x1, 0x20,

    /* U+0513 "ԓ" */
    0x2, 0xff, 0xff, 0x70, 0x3, 0xf6, 0x5f, 0x70,
    0x4, 0xf1, 0x1f, 0x70, 0x5, 0xf0, 0x1f, 0x70,
    0x6, 0xf0, 0x1f, 0x70, 0x1a, 0xd0, 0x1f, 0x80,
    0x9f, 0x50, 0x1f, 0xf2, 0x0, 0x0, 0x2, 0xf2,
    0x0, 0x0, 0x3, 0xf1, 0x0, 0x0, 0x3f, 0xb0,
    0x0, 0x0, 0x2, 0x0,

    /* U+0514 "Ԕ" */
    0x9, 0xff, 0x16, 0xe0, 0xa, 0xcf, 0x5a, 0x90,
    0xb, 0x9a, 0x9e, 0x40, 0xb, 0x85, 0xff, 0x0,
    0xc, 0x82, 0xfd, 0x0, 0xd, 0x77, 0xef, 0x10,
    0xf, 0x5c, 0x8d, 0x60, 0x5f, 0x4f, 0x39, 0xb0,
    0xf9, 0x6e, 0x4, 0xf1,

    /* U+0515 "ԕ" */
    0xe, 0xfe, 0x6, 0xe0, 0xf, 0x6e, 0x6d, 0x70,
    0xf, 0x37, 0xff, 0x0, 0xf, 0x22, 0xfa, 0x0,
    0x2f, 0x8, 0xef, 0x10, 0x6d, 0xf, 0x5c, 0x80,
    0xf6, 0x7d, 0x5, 0xe0,

    /* U+0516 "Ԗ" */
    0x7f, 0xfe, 0x6c, 0xd0, 0x7f, 0x5b, 0xff, 0x40,
    0x7f, 0x4, 0xfb, 0x0, 0x7f, 0x19, 0xf3, 0x0,
    0x7f, 0xff, 0xf3, 0x0, 0x7f, 0x43, 0xfa, 0x0,
    0x7f, 0x0, 0x9f, 0x10, 0x7f, 0x0, 0x2f, 0x80,
    0x7f, 0x0, 0xb, 0xe0,

    /* U+0517 "ԗ" */
    0x6c, 0xde, 0x27, 0xd0, 0x6f, 0x2a, 0x9d, 0x70,
    0x6d, 0x6, 0xef, 0x10, 0x6d, 0x5, 0xfb, 0x0,
    0x6e, 0x6, 0xef, 0x10, 0x6f, 0x3a, 0x8d, 0x80,
    0x6e, 0xee, 0x26, 0xe0, 0x6d, 0x0, 0x0, 0x0,
    0x6d, 0x0, 0x0, 0x0, 0x6d, 0x0, 0x0, 0x0,

    /* U+0518 "Ԙ" */
    0x2, 0xbf, 0xff, 0xff, 0xff, 0xf4, 0xd, 0xe6,
    0x58, 0xf8, 0x55, 0x51, 0x1f, 0x60, 0x4, 0xf4,
    0x0, 0x0, 0xf, 0xc3, 0x14, 0xf4, 0x11, 0x10,
    0x6, 0xff, 0xff, 0xff, 0xff, 0xf1, 0x0, 0xcb,
    0x47, 0xf7, 0x44, 0x40, 0x5, 0xf2, 0x4, 0xf4,
    0x0, 0x0, 0xe, 0x90, 0x4, 0xf8, 0x55, 0x51,
    0x7f, 0x10, 0x4, 0xff, 0xff, 0xf4,

    /* U+0519 "ԙ" */
    0x2d, 0xff, 0xee, 0x4a, 0xc3, 0xf7, 0x8c, 0xab,
    0x2f, 0x24, 0xf5, 0xff, 0xff, 0xff, 0xe, 0x6f,
    0x30, 0x4, 0xf0, 0xc9, 0x23, 0xaa, 0x3, 0xdf,
    0x80,

    /* U+051A "Ԛ" */
    0x3, 0xcf, 0xd5, 0x0, 0xed, 0x6b, 0xf2, 0x5f,
    0x30, 0xf, 0x88, 0xf0, 0x0, 0xcb, 0x8f, 0x0,
    0xc, 0xc8, 0xf0, 0x0, 0xcb, 0x5f, 0x30, 0xf,
    0x80, 0xed, 0x6b, 0xf2, 0x3, 0xcf, 0xf7, 0x0,
    0x0, 0xc, 0xc0, 0x0, 0x0, 0x4f, 0x40,

    /* U+051B "ԛ" */
    0x5, 0xef, 0x7d, 0x71, 0xfc, 0x5b, 0xf7, 0x5f,
    0x30, 0x1f, 0x77, 0xf1, 0x0, 0xf7, 0x5f, 0x30,
    0x1f, 0x71, 0xfc, 0x4a, 0xf7, 0x5, 0xef, 0x7f,
    0x70, 0x0, 0x0, 0xf7, 0x0, 0x0, 0xf, 0x70,
    0x0, 0x0, 0xf7,

    /* U+051C "Ԝ" */
    0xc8, 0x0, 0x5, 0xf0, 0xba, 0x0, 0x6, 0xe0,
    0x9b, 0x2f, 0x67, 0xd0, 0x8c, 0x5f, 0x98, 0xb0,
    0x6d, 0x8b, 0xb9, 0xa0, 0x5e, 0xb6, 0xea, 0x90,
    0x4e, 0xd2, 0xec, 0x80, 0x2f, 0xf0, 0xbf, 0x60,
    0x1f, 0xc0, 0x8f, 0x50,

    /* U+051D "ԝ" */
    0xd8, 0x0, 0x4, 0xf0, 0xb9, 0x2e, 0x56, 0xe0,
    0x9b, 0x5f, 0x97, 0xc0, 0x6d, 0x9b, 0xc9, 0xa0,
    0x4e, 0xc4, 0xfb, 0x70, 0x2f, 0xe0, 0xdf, 0x50,
    0xf, 0xd0, 0xaf, 0x30,

    /* U+051E "Ԟ" */
    0x5f, 0x27, 0x1e, 0x85, 0xf3, 0xce, 0xe0, 0x5f,
    0x22, 0xfe, 0x35, 0xf3, 0xbc, 0x6a, 0x5f, 0xff,
    0x60, 0x5, 0xf5, 0xcd, 0x0, 0x5f, 0x23, 0xf7,
    0x5, 0xf2, 0x9, 0xf1, 0x5f, 0x20, 0x1f, 0xa0,

    /* U+051F "ԟ" */
    0x4f, 0x38, 0x4f, 0x64, 0xf3, 0x9f, 0xc0, 0x4f,
    0x45, 0xff, 0x44, 0xff, 0xfd, 0x32, 0x4f, 0x67,
    0xf4, 0x4, 0xf3, 0xc, 0xd0, 0x4f, 0x30, 0x3f,
    0x70,

    /* U+0520 "Ԡ" */
    0x0, 0x8, 0xff, 0xff, 0xe0, 0x0, 0x0, 0x0,
    0xa, 0xd5, 0x5b, 0xe0, 0x0, 0x0, 0x0, 0xc,
    0xb0, 0x8, 0xe0, 0x0, 0x0, 0x0, 0xe, 0x80,
    0x8, 0xe0, 0x0, 0x0, 0x0, 0xf, 0x60, 0x8,
    0xff, 0xfc, 0x20, 0x0, 0x3f, 0x30, 0x8, 0xe4,
    0x6e, 0xd0, 0x0, 0x7f, 0x0, 0x8, 0xe0, 0x5,
    0xf3, 0x13, 0xdb, 0x0, 0x8, 0xe0, 0x1, 0xf6,
    0x4f, 0xd2, 0x0, 0x8, 0xe0, 0x1, 0xf5, 0x0,
    0x0, 0x0, 0x0, 0x0, 0x5, 0xf3, 0x0, 0x0,
    0x0, 0x0, 0x26, 0x6e, 0xc0, 0x0, 0x0, 0x0,
    0x0, 0x2e, 0xfb, 0x10,

    /* U+0521 "ԡ" */
    0x0, 0xaf, 0xff, 0xf6, 0x0, 0x0, 0x0, 0xc,
    0xb3, 0x4f, 0x60, 0x0, 0x0, 0x0, 0xe8, 0x1,
    0xf7, 0x10, 0x0, 0x0, 0xf, 0x60, 0x1f, 0xff,
    0xf9, 0x0, 0x4, 0xf3, 0x1, 0xf9, 0x47, 0xfa,
    0x3, 0xcd, 0x0, 0x1f, 0x60, 0x8, 0xf0, 0xde,
    0x40, 0x1, 0xf6, 0x0, 0x5f, 0x20, 0x0, 0x0,
    0x0, 0x0, 0x8, 0xf0, 0x0, 0x0, 0x0, 0x4,
    0x68, 0xfa, 0x0, 0x0, 0x0, 0x0, 0x5f, 0xfa,
    0x10,

    /* U+0522 "Ԣ" */
    0xe9, 0x0, 0xf, 0x70, 0x0, 0x0, 0xe9, 0x0,
    0xf, 0x70, 0x0, 0x0, 0xe9, 0x0, 0xf, 0x70,
    0x0, 0x0, 0xe9, 0x11, 0x1f, 0x70, 0x0, 0x0,
    0xef, 0xff, 0xff, 0xff, 0xfb, 0x10, 0xea, 0x44,
    0x4f, 0xa4, 0x6e, 0xd0, 0xe9, 0x0, 0xf, 0x70,
    0x5, 0xf4, 0xe9, 0x0, 0xf, 0x70, 0x1, 0xf6,
    0xe9, 0x0, 0xf, 0x70, 0x1, 0xf6, 0x0, 0x0,
    0x0, 0x0, 0x5, 0xf3, 0x0, 0x0, 0x0, 0x35,
    0x7e, 0xc0, 0x0, 0x0, 0x0, 0x5f, 0xfa, 0x10,

    /* U+0523 "ԣ" */
    0xea, 0x0, 0x2f, 0x50, 0x0, 0x0, 0xea, 0x0,
    0x2f, 0x50, 0x0, 0x0, 0xea, 0x0, 0x3f, 0x61,
    0x0, 0x0, 0xef, 0xff, 0xff, 0xff, 0xf9, 0x0,
    0xeb, 0x33, 0x5f, 0x84, 0x7f, 0xa0, 0xea, 0x0,
    0x2f, 0x50, 0x8, 0xf0, 0xea, 0x0, 0x2f, 0x50,
    0x5, 0xf2, 0x0, 0x0, 0x0, 0x0, 0x8, 0xf0,
    0x0, 0x0, 0x0, 0x46, 0x7f, 0xa0, 0x0, 0x0,
    0x0, 0x5f, 0xfa, 0x10,

    /* U+0524 "Ԥ" */
    0x3f, 0xff, 0xff, 0x50, 0x3f, 0x85, 0x6f, 0x50,
    0x3f, 0x40, 0x2f, 0x50, 0x3f, 0x40, 0x2f, 0x50,
    0x3f, 0x40, 0x2f, 0x50, 0x3f, 0x40, 0x2f, 0x50,
    0x3f, 0x40, 0x2f, 0x50, 0x3f, 0x40, 0x2f, 0x70,
    0x3f, 0x40, 0x2f, 0xf0, 0x0, 0x0, 0x4, 0xf0,
    0x0, 0x0, 0x4, 0xf0, 0x0, 0x0, 0x2, 0x80,

    /* U+0525 "ԥ" */
    0x3f, 0xff, 0xff, 0x70, 0x3f, 0x74, 0x5f, 0x70,
    0x3f, 0x40, 0xf, 0x70, 0x3f, 0x40, 0xf, 0x70,
    0x3f, 0x40, 0xf, 0x70, 0x3f, 0x40, 0xf, 0x80,
    0x3f, 0x40, 0xf, 0xf3, 0x0, 0x0, 0x2, 0xf3,
    0x0, 0x0, 0x2, 0xf3, 0x0, 0x0, 0x1, 0x81,

    /* U+0526 "Ԧ" */
    0x5f, 0x20, 0x0, 0x0, 0x5f, 0x20, 0x0, 0x0,
    0x5f, 0x20, 0x0, 0x0, 0x5f, 0xef, 0xfb, 0x0,
    0x5f, 0x95, 0x7f, 0x70, 0x5f, 0x20, 0xd, 0xa0,
    0x5f, 0x20, 0xc, 0xb0, 0x5f, 0x20, 0xc, 0xc0,
    0x5f, 0x20, 0xc, 0xf3, 0x0, 0x0, 0x2, 0xf3,
    0x0, 0x0, 0x2, 0xf3, 0x0, 0x0, 0x1, 0x81,

    /* U+0527 "ԧ" */
    0x29, 0x20, 0x0, 0x0, 0x3f, 0x40, 0x0, 0x0,
    0x3f, 0x40, 0x0, 0x0, 0x3f, 0x8e, 0xfa, 0x0,
    0x3f, 0xd5, 0x9f, 0x50, 0x3f, 0x60, 0xf, 0x70,
    0x3f, 0x40, 0xf, 0x70, 0x3f, 0x40, 0xf, 0x70,
    0x3f, 0x40, 0xf, 0x90, 0x3f, 0x40, 0xf, 0xf3,
    0x0, 0x0, 0x2, 0xf3, 0x0, 0x0, 0x2, 0xf3,
    0x0, 0x0, 0x1, 0x81,

    /* U+0528 "Ԩ" */
    0x5, 0xf2, 0x0, 0xf8, 0x5, 0xf2, 0x0, 0xf8,
    0x5, 0xf2, 0x0, 0xf8, 0x5, 0xf3, 0x11, 0xf8,
    0x5, 0xff, 0xff, 0xf8, 0x5, 0xf6, 0x44, 0xf8,
    0x5, 0xf2, 0x0, 0xf8, 0x5, 0xf2, 0x0, 0xf8,
    0x5, 0xf2, 0x0, 0xf8, 0x5, 0xf2, 0x0, 0x0,
    0x3a, 0xf1, 0x0, 0x0, 0x9f, 0x90, 0x0, 0x0,

    /* U+0529 "ԩ" */
    0x3, 0xf4, 0x1, 0xf7, 0x3, 0xf4, 0x1, 0xf7,
    0x3, 0xf4, 0x1, 0xf7, 0x3, 0xff, 0xff, 0xf7,
    0x4, 0xf5, 0x12, 0xf7, 0x4, 0xf4, 0x1, 0xf7,
    0x4, 0xf4, 0x1, 0xf7, 0x3, 0xf4, 0x0, 0x0,
    0x28, 0xf2, 0x0, 0x0, 0x8f, 0xa0, 0x0, 0x0,

    /* U+052A "Ԫ" */
    0x0, 0xff, 0xff, 0x30, 0xad, 0x0, 0x5f, 0x30,
    0x1f, 0x88, 0xf3, 0xa, 0xd0, 0xd, 0xa0, 0x2,
    0xf3, 0x4f, 0x30, 0xad, 0x7, 0xf1, 0x0, 0x2f,
    0x24, 0xf3, 0xb, 0xd1, 0xf7, 0x0, 0x4, 0xf1,
    0x4f, 0xff, 0xff, 0xff, 0x10, 0x0, 0x6f, 0x4,
    0xf5, 0x3b, 0xd4, 0xf8, 0x0, 0xa, 0xc0, 0x4f,
    0x30, 0xad, 0x8, 0xf2, 0x6, 0xfa, 0x58, 0xf7,
    0xa, 0xd0, 0xe, 0xb0, 0xef, 0xff, 0xff, 0xf0,
    0xad, 0x0, 0x5f, 0x5e, 0x80, 0x0, 0x6f, 0x0,
    0x0, 0x0, 0x0, 0xe8, 0x0, 0x6, 0xf0, 0x0,
    0x0, 0x0, 0x0, 0x0, 0x0, 0x0, 0x0, 0x0,
    0x0, 0x0,

    /* U+052B "ԫ" */
    0x4, 0xff, 0xff, 0x11, 0xf7, 0x0, 0xe9, 0x4,
    0xf4, 0x8f, 0x11, 0xf7, 0x8, 0xe1, 0x5, 0xf0,
    0x6f, 0x11, 0xf7, 0x2f, 0x60, 0x6, 0xe0, 0x6f,
    0xff, 0xff, 0xff, 0x0, 0x9, 0xc0, 0x6f, 0x33,
    0xf8, 0x4f, 0x70, 0x3e, 0xa4, 0x8f, 0x41, 0xf7,
    0x9, 0xf2, 0xbf, 0xff, 0xff, 0xe1, 0xf7, 0x1,
    0xeb, 0xbb, 0x0, 0x7, 0xe0, 0x0, 0x0, 0x0,
    0x88, 0x0, 0x5, 0xb0, 0x0, 0x0, 0x0,

    /* U+052C "Ԭ" */
    0xa9, 0x4f, 0xff, 0x40, 0xa9, 0x5d, 0x5f, 0x40,
    0xa9, 0x7b, 0x2f, 0x40, 0xaa, 0xa8, 0x2f, 0x40,
    0x8e, 0xe9, 0x9f, 0x40, 0x1b, 0xfd, 0xaf, 0x40,
    0x7, 0xe0, 0x2f, 0x40, 0x3c, 0xb4, 0x5f, 0x70,
    0xef, 0xff, 0xff, 0xf1, 0xe6, 0x0, 0x3, 0xf1,
    0xe6, 0x0, 0x3, 0xf1, 0x73, 0x0, 0x2, 0x80,

    /* U+052D "ԭ" */
    0xc6, 0x6f, 0xff, 0x40, 0xc6, 0x8b, 0x5f, 0x40,
    0xc7, 0xb7, 0x2f, 0x40, 0x9e, 0xfb, 0xef, 0x40,
    0xa, 0xf8, 0x5f, 0x40, 0x2b, 0xb3, 0x5f, 0x70,
    0xef, 0xff, 0xff, 0xf1, 0xe6, 0x0, 0x3, 0xf1,
    0xe6, 0x0, 0x3, 0xf1, 0x62, 0x0, 0x1, 0x60,

    /* U+052E "Ԯ" */
    0x2, 0xff, 0xff, 0x80, 0x3, 0xf7, 0x5f, 0x80,
    0x4, 0xf1, 0xf, 0x80, 0x5, 0xf0, 0xf, 0x80,
    0x6, 0xf0, 0xf, 0x80, 0x7, 0xe0, 0xf, 0x80,
    0x8, 0xd0, 0xf, 0x80, 0x4d, 0xb0, 0xf, 0xb1,
    0xbe, 0x40, 0xf, 0xf3, 0x0, 0x0, 0x3, 0xf3,
    0x0, 0x0, 0x3, 0xf3, 0x0, 0x0, 0x1, 0x81,

    /* U+052F "ԯ" */
    0x2, 0xff, 0xff, 0x70, 0x3, 0xf6, 0x5f, 0x70,
    0x4, 0xf1, 0x1f, 0x70, 0x5, 0xf0, 0x1f, 0x70,
    0x6, 0xf0, 0x1f, 0x70, 0x1a, 0xd0, 0x1f, 0x80,
    0x9f, 0x50, 0x1f, 0xf3, 0x0, 0x0, 0x2, 0xf3,
    0x0, 0x0, 0x2, 0xf3, 0x0, 0x0, 0x1, 0x81,

    /* U+2000 " " */

    /* U+2001 " " */

    /* U+2002 " " */

    /* U+2003 " " */

    /* U+2004 " " */

    /* U+2005 " " */

    /* U+2006 " " */

    /* U+2007 " " */

    /* U+2008 " " */

    /* U+2009 " " */

    /* U+200A " " */

    /* U+200B "​" */

    /* U+200C "‌" */

    /* U+200D "‍" */

    /* U+200E "‎" */

    /* U+200F "‏" */

    /* U+2010 "‐" */
    0x1, 0x11, 0x3, 0xff, 0xf6, 0x4, 0x44, 0x10,

    /* U+2011 "‑" */
    0x1, 0x11, 0x3, 0xff, 0xf6, 0x4, 0x44, 0x10,

    /* U+2012 "‒" */
    0x0, 0x0, 0x0, 0x5, 0xff, 0xff, 0xf8, 0x13,
    0x33, 0x33, 0x10,

    /* U+2013 "–" */
    0x11, 0x11, 0x1c, 0xff, 0xff, 0x34, 0x44, 0x40,

    /* U+2014 "—" */
    0x11, 0x11, 0x11, 0x10, 0xff, 0xff, 0xff, 0xf3,
    0x44, 0x44, 0x44, 0x40,

    /* U+2015 "―" */
    0x11, 0x11, 0x11, 0x10, 0xff, 0xff, 0xff, 0xf3,
    0x44, 0x44, 0x44, 0x40,

    /* U+2016 "‖" */
    0x7b, 0x8, 0xa7, 0xb0, 0x8a, 0x7b, 0x8, 0xa7,
    0xb0, 0x8a, 0x7b, 0x8, 0xa7, 0xb0, 0x8a, 0x7b,
    0x8, 0xa7, 0xb0, 0x8a, 0x7b, 0x8, 0xa7, 0xb0,
    0x8a, 0x7b, 0x8, 0xa7, 0xb0, 0x8a, 0x7b, 0x8,
    0xa0,

    /* U+2017 "‗" */
    0x11, 0x11, 0x11, 0x10, 0xff, 0xff, 0xff, 0xf3,
    0x55, 0x55, 0x55, 0x51, 0xff, 0xff, 0xff, 0xf3,
    0x44, 0x44, 0x44, 0x40,

    /* U+2018 "‘" */
    0xa, 0x80, 0xf5, 0x5f, 0x20, 0x10,

    /* U+2019 "’" */
    0xf, 0x92, 0xf4, 0x5d, 0x0, 0x10,

    /* U+201A "‚" */
    0x9, 0x52, 0xf6, 0x4f, 0x17, 0xb0,

    /* U+201B "‛" */
    0x5f, 0x21, 0xf5, 0xa, 0x80, 0x0,

    /* U+201C "“" */
    0xd, 0x45, 0xc4, 0xf1, 0xb9, 0x9e, 0x1f, 0x61,
    0x10, 0x10,

    /* U+201D "”" */
    0x3f, 0x4b, 0xc6, 0xf0, 0xd7, 0x99, 0x1f, 0x11,
    0x0, 0x10,

    /* U+201E "„" */
    0x9, 0x64, 0x91, 0x1f, 0x79, 0xe0, 0x3f, 0x2c,
    0x90, 0x7c, 0xf, 0x30,

    /* U+201F "‟" */
    0x9e, 0x1f, 0x64, 0xf0, 0xc9, 0xe, 0x46, 0xc0,
    0x10, 0x1,

    /* U+2020 "†" */
    0x2, 0xf3, 0x0, 0xf, 0x10, 0x56, 0xe5, 0x79,
    0xbf, 0xbc, 0x0, 0xe0, 0x0, 0xf, 0x0, 0x0,
    0xf1, 0x0, 0x1f, 0x20, 0x1, 0xf3, 0x0, 0x2f,
    0x30,

    /* U+2021 "‡" */
    0x1, 0xf4, 0x0, 0xf, 0x20, 0x9a, 0xea, 0xb7,
    0x7e, 0x78, 0x0, 0xf3, 0x0, 0xf, 0x20, 0x77,
    0xe7, 0x89, 0xae, 0xab, 0x0, 0xf2, 0x0, 0x1f,
    0x40,

    /* U+2022 "•" */
    0x28, 0x40, 0xdf, 0xf0, 0xef, 0xf1, 0x7f, 0xa0,

    /* U+2023 "‣" */
    0x27, 0x0, 0x2, 0xfd, 0x40, 0x2f, 0xfc, 0x12,
    0xf6, 0x0, 0x11, 0x0, 0x0,

    /* U+2024 "․" */
    0x0, 0x3, 0xf6, 0x3f, 0x60,

    /* U+2025 "‥" */
    0x0, 0x0, 0x0, 0x1, 0xf9, 0x6, 0xf3, 0x1e,
    0x90, 0x6f, 0x30,

    /* U+2026 "…" */
    0x0, 0x0, 0x0, 0x9, 0xf4, 0xf6, 0xcc, 0x9e,
    0x4f, 0x6c, 0xc0,

    /* U+2027 "‧" */
    0x0, 0x3, 0xf6, 0x3f, 0x60,

    /* U+2028 " " */

    /* U+2029 " " */

    /* U+202F " " */

    /* U+2030 "‰" */
    0x6f, 0x60, 0x0, 0xc, 0x5d, 0x0, 0x0, 0xb5,
    0xd2, 0xc6, 0x5, 0xed, 0xc2, 0x0, 0x1b, 0x90,
    0x0, 0x1, 0x4d, 0xa3, 0xe8, 0x7, 0x8d, 0xb5,
    0xf0, 0x77, 0xdb, 0x5f, 0x2, 0xeb, 0x4e, 0x80,

    /* U+2031 "‱" */
    0x8, 0xfe, 0x30, 0x1f, 0x10, 0x0, 0x0, 0x0,
    0x0, 0x0, 0x1, 0xf1, 0x5c, 0x7, 0xb0, 0x0,
    0x0, 0x0, 0x0, 0x0, 0x0, 0x3d, 0x1, 0xe0,
    0xd4, 0x0, 0x0, 0x0, 0x0, 0x0, 0x0, 0x1,
    0xf1, 0x5c, 0x3e, 0x3d, 0xe5, 0x5, 0xed, 0x30,
    0x7e, 0xc1, 0x7, 0xed, 0x3a, 0x8b, 0x62, 0xe0,
    0xe3, 0x4c, 0x1e, 0x18, 0x80, 0x0, 0x1, 0xf1,
    0xe2, 0xd, 0x3f, 0x0, 0xf4, 0xb0, 0x3c, 0x0,
    0x0, 0x6b, 0xe, 0x20, 0xd3, 0xf0, 0xf, 0x4b,
    0x3, 0xc0, 0x0, 0xd, 0x50, 0xb6, 0x1f, 0xe,
    0x34, 0xc1, 0xe1, 0x89, 0x0, 0x3, 0xe0, 0x2,
    0xde, 0x60, 0x5e, 0xe4, 0x8, 0xfd, 0x10,

    /* U+2032 "′" */
    0x8, 0xc0, 0xf, 0x30, 0x7a, 0x0, 0x61, 0x0,

    /* U+2033 "″" */
    0x0, 0xc9, 0x5e, 0x10, 0x3e, 0xd, 0x50, 0xb,
    0x54, 0xc0, 0x0, 0x40, 0x21, 0x0,

    /* U+2034 "‴" */
    0xb, 0xa8, 0xc6, 0xe0, 0x2e, 0x2f, 0x3d, 0x50,
    0xa6, 0x79, 0x5b, 0x0, 0x40, 0x30, 0x21, 0x0,

    /* U+2035 "‵" */
    0x9b, 0x0, 0x1f, 0x20, 0x7, 0x90, 0x0, 0x70,

    /* U+2036 "‶" */
    0xc, 0x95, 0xe0, 0x0, 0x2f, 0x1c, 0x60, 0x0,
    0x88, 0x2d, 0x0, 0x0, 0x30, 0x30,

    /* U+2037 "‷" */
    0xb, 0x99, 0xc6, 0xe0, 0x0, 0x2f, 0x2e, 0x4d,
    0x50, 0x0, 0x89, 0x5b, 0x3d, 0x0, 0x0, 0x30,
    0x40, 0x30,

    /* U+2038 "‸" */
    0x0, 0xd1, 0x0, 0x6a, 0x90, 0xc, 0xb, 0x15,
    0x80, 0x58,

    /* U+2039 "‹" */
    0x0, 0x0, 0x6, 0xd0, 0x3f, 0x50, 0xdb, 0x0,
    0x5f, 0x30, 0x8, 0xe0, 0x0, 0x20,

    /* U+203A "›" */
    0x21, 0x0, 0xbc, 0x0, 0x1e, 0x90, 0x8, 0xf1,
    0x3f, 0x50, 0xa8, 0x0, 0x0, 0x0,

    /* U+203B "※" */
    0x7, 0x20, 0x7d, 0x0, 0x81, 0x8, 0xe3, 0x5a,
    0xb, 0xc1, 0x0, 0x6f, 0x51, 0xcb, 0x0, 0x1b,
    0x24, 0xfe, 0xa0, 0x95, 0x2f, 0x41, 0xdf, 0x50,
    0xd8, 0x0, 0xc, 0xa4, 0xf4, 0x0, 0x0, 0xbb,
    0x0, 0x6e, 0x20, 0x9, 0xc0, 0x5a, 0x7, 0xe1,
    0x6, 0x10, 0x7d, 0x0, 0x71,

    /* U+203C "‼" */
    0xde, 0xb, 0xf0, 0xce, 0xa, 0xf0, 0xbd, 0xa,
    0xf0, 0xbd, 0x9, 0xe0, 0xac, 0x9, 0xe0, 0x9b,
    0x8, 0xd0, 0x22, 0x1, 0x20, 0xcd, 0xa, 0xe0,
    0xbd, 0xa, 0xe0,

    /* U+203D "‽" */
    0x7d, 0xfd, 0x50, 0x7d, 0xc9, 0xf0, 0x9, 0xb3,
    0xf2, 0x8, 0xab, 0xc0, 0x8, 0xfc, 0x10, 0x7,
    0xf0, 0x0, 0x2, 0x50, 0x0, 0x8, 0xf1, 0x0,
    0x8, 0xe1, 0x0,

    /* U+203E "‾" */
    0x3f, 0xff, 0x60, 0x22, 0x21,

    /* U+203F "‿" */
    0x50, 0x0, 0x0, 0x64, 0x90, 0x0, 0x77, 0x4,
    0xcc, 0xc6, 0x0,

    /* U+2040 "⁀" */
    0x4, 0xcc, 0xc6, 0x4, 0x90, 0x0, 0x77, 0x50,
    0x0, 0x0, 0x60,

    /* U+2041 "⁁" */
    0x0, 0x0, 0x10, 0x0, 0x58, 0x0, 0xc, 0x10,
    0x3, 0xa0, 0x0, 0xa3, 0x0, 0x1f, 0x0, 0x8,
    0xb6, 0x0, 0xc0, 0xc0, 0x67, 0x8, 0x40,

    /* U+2042 "⁂" */
    0x0, 0x0, 0x0, 0x5c, 0x0, 0x0, 0x0, 0x0,
    0x0, 0x13, 0x5b, 0x24, 0x0, 0x0, 0x0, 0x0,
    0x4d, 0xff, 0xea, 0x0, 0x0, 0x0, 0x0, 0x1,
    0xed, 0x60, 0x0, 0x0, 0x0, 0x0, 0x8, 0xa4,
    0xe0, 0x0, 0x0, 0x0, 0x8, 0x0, 0x10, 0x10,
    0x53, 0x0, 0x0, 0x1f, 0x0, 0x0, 0x0, 0xa7,
    0x0, 0xc, 0x8f, 0x8c, 0x0, 0x79, 0xca, 0xa5,
    0x6, 0xbf, 0xb6, 0x0, 0x37, 0xfe, 0x73, 0x1,
    0xe8, 0xe1, 0x0, 0x9, 0xad, 0x60, 0x2, 0x90,
    0x92, 0x0, 0x9, 0x25, 0x70,

    /* U+2043 "⁃" */
    0x1, 0x11, 0x3, 0xff, 0xf6, 0x4, 0x44, 0x10,

    /* U+2044 "⁄" */
    0x0, 0x0, 0xf2, 0x0, 0x6, 0xc0, 0x0, 0xc,
    0x50, 0x0, 0x2f, 0x0, 0x0, 0x99, 0x0, 0x0,
    0xe2, 0x0, 0x5, 0xc0, 0x0, 0xc, 0x60, 0x0,
    0x2f, 0x0, 0x0,

    /* U+2045 "⁅" */
    0xcf, 0xf2, 0xc9, 0x20, 0xc8, 0x0, 0xc8, 0x0,
    0xc8, 0x0, 0xcf, 0xf2, 0xc9, 0x20, 0xc8, 0x0,
    0xc8, 0x0, 0xc8, 0x0, 0xcf, 0xf2, 0x12, 0x20,

    /* U+2046 "⁆" */
    0xff, 0xf2, 0x7f, 0x5, 0xf0, 0x5f, 0x5, 0xff,
    0xff, 0x27, 0xf0, 0x5f, 0x5, 0xf0, 0x5f, 0xff,
    0xf2, 0x22,

    /* U+2047 "⁇" */
    0x3b, 0xff, 0xa1, 0x1a, 0xef, 0xc2, 0x2b, 0x66,
    0xf8, 0xb, 0x65, 0xdc, 0x0, 0x0, 0xda, 0x0,
    0x0, 0x9d, 0x0, 0x7, 0xf4, 0x0, 0x4, 0xf7,
    0x0, 0x8f, 0x40, 0x0, 0x4f, 0x70, 0x0, 0xe7,
    0x0, 0x0, 0xba, 0x0, 0x0, 0x10, 0x0, 0x0,
    0x10, 0x0, 0x1, 0xf9, 0x0, 0x0, 0xdc, 0x0,
    0x1, 0xe8, 0x0, 0x0, 0xcb, 0x0,

    /* U+2048 "⁈" */
    0x6d, 0xfe, 0xcf, 0x57, 0x85, 0xaf, 0xf4, 0x0,
    0x2, 0xff, 0x30, 0x0, 0xaf, 0xf3, 0x0, 0xbe,
    0x7f, 0x20, 0x4f, 0x24, 0xf2, 0x1, 0x50, 0x15,
    0x0, 0x6f, 0x36, 0xf4, 0x6, 0xf2, 0x5f, 0x30,

    /* U+2049 "⁉" */
    0x3f, 0xee, 0xfd, 0x40, 0x2f, 0xd5, 0x3a, 0xf0,
    0x1f, 0x70, 0x6, 0xf1, 0x1f, 0x60, 0x2e, 0xc0,
    0xf, 0x62, 0xeb, 0x10, 0xf, 0x57, 0xe0, 0x0,
    0x3, 0x11, 0x20, 0x0, 0x2f, 0x79, 0xe0, 0x0,
    0x2f, 0x69, 0xe0, 0x0,

    /* U+204A "⁊" */
    0x8f, 0xff, 0xff, 0x41, 0x22, 0x27, 0xe0, 0x0,
    0x0, 0xd6, 0x0, 0x0, 0x7e, 0x0, 0x0, 0x1f,
    0x50, 0x0, 0x9, 0xd0, 0x0, 0x2, 0xf4, 0x0,
    0x0,

    /* U+204B "⁋" */
    0x6f, 0xff, 0xf9, 0x6, 0x69, 0xff, 0xf5, 0x66,
    0x9f, 0xff, 0x86, 0x69, 0xff, 0xf9, 0x66, 0x9f,
    0xff, 0x76, 0x69, 0xff, 0xe1, 0x66, 0x98, 0x51,
    0x6, 0x69, 0x40, 0x0, 0x66, 0x94, 0x0, 0x6,
    0x69, 0x40, 0x0, 0x66, 0x94, 0x0, 0x2, 0x24,
    0x10, 0x0,

    /* U+204C "⁌" */
    0x7, 0xef, 0xff, 0xa3, 0xff, 0xfc, 0x4a, 0x6f,
    0xff, 0xb3, 0xa6, 0xff, 0xfb, 0x3a, 0x4f, 0xff,
    0xb3, 0xa0, 0xaf, 0xff, 0xfa, 0x0, 0x12, 0x22,
    0x10,

    /* U+204D "⁍" */
    0x7f, 0xff, 0xf9, 0x7, 0x79, 0xff, 0xf6, 0x76,
    0x8f, 0xff, 0x97, 0x68, 0xff, 0xf9, 0x76, 0x8f,
    0xff, 0x77, 0xff, 0xff, 0xc0, 0x12, 0x22, 0x10,
    0x0,

    /* U+204E "⁎" */
    0x0, 0xf, 0x20, 0x0, 0x30, 0xe2, 0x40, 0xd,
    0xff, 0xfe, 0x20, 0x8, 0xeb, 0x0, 0x2, 0xf2,
    0xe5, 0x0, 0x2, 0x2, 0x0,

    /* U+204F "⁏" */
    0x6f, 0x27, 0xf2, 0x0, 0x0, 0x0, 0x0, 0x3,
    0x91, 0x2f, 0x50, 0xd8, 0x8, 0xb0,

    /* U+2050 "⁐" */
    0x4, 0xcc, 0xc6, 0x4, 0x90, 0x0, 0x77, 0x50,
    0x0, 0x0, 0x50, 0x0, 0x0, 0x0, 0x0, 0x0,
    0x0, 0x0, 0x0, 0x0, 0x0, 0x0, 0x0, 0x0,
    0x0, 0x0, 0x0, 0x0, 0x0, 0x0, 0x0, 0x0,
    0x0, 0x0, 0x0, 0x50, 0x0, 0x0, 0x54, 0x90,
    0x0, 0x77, 0x4, 0xcc, 0xc6, 0x0,

    /* U+2051 "⁑" */
    0x0, 0xf, 0x20, 0x0, 0x20, 0xe2, 0x30, 0xe,
    0xff, 0xef, 0x20, 0x8, 0xeb, 0x0, 0x2, 0xf3,
    0xe5, 0x0, 0x4, 0x4, 0x0, 0x0, 0x7, 0x10,
    0x0, 0x0, 0xf2, 0x0, 0xa, 0x8e, 0x8c, 0x10,
    0x5a, 0xfc, 0x61, 0x0, 0xd8, 0xf2, 0x0, 0x1a,
    0x9, 0x30,

    /* U+2052 "⁒" */
    0x9e, 0x7, 0xc6, 0x90, 0xd6, 0x0, 0x3f, 0x0,
    0xa, 0x90, 0x0, 0xf3, 0x0, 0x6d, 0x0, 0xc,
    0x60, 0x3, 0xf1, 0x79, 0x9a, 0xa, 0xd0,

    /* U+2053 "⁓" */
    0x8, 0xdf, 0xda, 0x63, 0x0, 0x3c, 0x6, 0xa3,
    0x25, 0x8c, 0xff, 0xfe, 0x40, 0x10, 0x0, 0x0,
    0x0, 0x11, 0x0, 0x0,

    /* U+2054 "⁔" */
    0x3, 0xbc, 0xb4, 0x4, 0x91, 0x1, 0x94, 0x60,
    0x0, 0x0, 0x70,

    /* U+2055 "⁕" */
    0x0, 0x5, 0x0, 0x0, 0x73, 0xd2, 0x90, 0x2,
    0xdf, 0xe4, 0x6, 0xff, 0xff, 0xf9, 0x1, 0xdf,
    0xe3, 0x0, 0xa8, 0xd5, 0xd0, 0x1, 0xd, 0x11,
    0x0,

    /* U+2056 "⁖" */
    0x0, 0x0, 0xac, 0x0, 0x0, 0x89, 0x0, 0x0,
    0x0, 0x2c, 0x30, 0x0, 0x3f, 0x40, 0x0, 0x0,
    0x0, 0x0, 0x0, 0x0, 0x0, 0x0, 0x0, 0x8a,
    0x0, 0x0, 0xac,

    /* U+2057 "⁗" */
    0x7, 0xd2, 0xf3, 0xc8, 0x7d, 0x0, 0xe3, 0x99,
    0x4e, 0x1e, 0x40, 0x6a, 0x1e, 0x1b, 0x56, 0xa0,
    0x3, 0x11, 0x20, 0x30, 0x31, 0x0,

    /* U+2058 "⁘" */
    0x0, 0x1f, 0x50, 0x0, 0x0, 0x1b, 0x40, 0x0,
    0x0, 0x0, 0x0, 0x0, 0x89, 0x0, 0x6, 0xa0,
    0xac, 0x0, 0x8, 0xd0, 0x0, 0x0, 0x0, 0x0,
    0x0, 0x0, 0x0, 0x0, 0x0, 0x1b, 0x40, 0x0,
    0x0, 0x1f, 0x50, 0x0,

    /* U+2059 "⁙" */
    0x9e, 0x0, 0xb, 0xc6, 0xb0, 0x0, 0x89, 0x0,
    0x0, 0x0, 0x0, 0x2, 0xc3, 0x0, 0x0, 0x3f,
    0x50, 0x0, 0x0, 0x0, 0x0, 0x0, 0x0, 0x0,
    0x6, 0xb0, 0x0, 0x99, 0x9e, 0x0, 0xb, 0xb0,

    /* U+205A "⁚" */
    0x2f, 0x52, 0xd4, 0x0, 0x0, 0x0, 0x0, 0x0,
    0x0, 0x0, 0x2, 0xd4, 0x2f, 0x50,

    /* U+205B "⁛" */
    0x0, 0x3f, 0x50, 0x0, 0x2, 0xd4, 0x0, 0x0,
    0x0, 0x0, 0x0, 0x0, 0x0, 0x0, 0x9b, 0x0,
    0x9, 0xba, 0xd0, 0x0, 0xad, 0x0, 0x0, 0x0,
    0x0, 0x0, 0x0, 0x0, 0x0, 0x2d, 0x40, 0x0,
    0x3, 0xf5, 0x0,

    /* U+205C "⁜" */
    0x0, 0xf, 0x20, 0x0, 0x5e, 0x1f, 0x2d, 0x80,
    0x5d, 0x1f, 0x2b, 0x70, 0x0, 0xf, 0x20, 0x0,
    0xef, 0xff, 0xff, 0xf1, 0x23, 0x3f, 0x53, 0x30,
    0x0, 0xf, 0x20, 0x0, 0x5e, 0x1f, 0x2d, 0x80,
    0x5d, 0x1f, 0x2c, 0x60, 0x0, 0xb, 0x10, 0x0,

    /* U+205D "⁝" */
    0x3f, 0x52, 0xe5, 0x0, 0x2, 0xd4, 0x3f, 0x50,
    0x0, 0x0, 0x3, 0xe5, 0x3f, 0x50,

    /* U+205E "⁞" */
    0x3f, 0x62, 0xd4, 0x3f, 0x52, 0xd4, 0x0, 0x3,
    0xf5, 0x2d, 0x42, 0xd4, 0x3f, 0x50,

    /* U+20A0 "₠" */
    0x6, 0xef, 0xa0, 0x3, 0xf9, 0x55, 0x0, 0x7f,
    0x0, 0x0, 0x7, 0xf0, 0xbf, 0xfa, 0x5f, 0x5b,
    0xb3, 0x20, 0xaf, 0xff, 0xf8, 0x0, 0x1b, 0xb3,
    0x10, 0x0, 0xbc, 0x32, 0x0, 0xb, 0xff, 0xa0,

    /* U+20A1 "₡" */
    0x0, 0x0, 0xa7, 0x40, 0x7, 0xef, 0xf6, 0x7,
    0xfd, 0x9e, 0x40, 0xf9, 0x92, 0xb0, 0x3f, 0x4b,
    0x38, 0x5, 0xf3, 0xb6, 0x50, 0x4f, 0x68, 0x92,
    0x1, 0xfd, 0x5b, 0x0, 0xa, 0xfa, 0xd8, 0x40,
    0xd, 0xef, 0xd3, 0x0, 0x72, 0x40, 0x0,

    /* U+20A2 "₢" */
    0x0, 0x8e, 0xfe, 0x80, 0xaf, 0x85, 0x76, 0x2f,
    0x70, 0x0, 0x5, 0xf2, 0x38, 0x67, 0x6f, 0x14,
    0xfd, 0x66, 0xf2, 0x4f, 0x20, 0x2f, 0x74, 0xf1,
    0x0, 0xbf, 0xbf, 0x86, 0x0, 0x9e, 0xfe, 0x60,

    /* U+20A3 "₣" */
    0x4, 0xff, 0xff, 0x50, 0x4f, 0x75, 0x51, 0x4,
    0xf2, 0x0, 0x0, 0x4f, 0x41, 0x10, 0x4, 0xff,
    0xff, 0x20, 0x4f, 0x64, 0x40, 0x5f, 0xff, 0xf0,
    0x0, 0x4f, 0x20, 0x0, 0x4, 0xf2, 0x0, 0x0,

    /* U+20A4 "₤" */
    0x0, 0x4d, 0xfe, 0x50, 0xe, 0xc4, 0x62, 0x0,
    0xf7, 0x0, 0x2, 0xff, 0xff, 0x90, 0x0, 0xf7,
    0x0, 0x2, 0xff, 0xff, 0x90, 0x1, 0xf5, 0x0,
    0x0, 0xae, 0x55, 0x53, 0x2f, 0xff, 0xff, 0xb0,

    /* U+20A5 "₥" */
    0x0, 0x0, 0x7, 0x0, 0x0, 0x4, 0xc0, 0x8b,
    0xec, 0xcf, 0x68, 0xe5, 0xfe, 0xbb, 0x8c, 0xf,
    0x88, 0xb8, 0xc1, 0xf4, 0x8c, 0x8c, 0x7f, 0x48,
    0xc8, 0xcd, 0xf4, 0x8c, 0x8f, 0xcf, 0x48, 0xc0,
    0xc5, 0x0, 0x0, 0x7, 0x0, 0x0, 0x0,

    /* U+20A6 "₦" */
    0x2f, 0xd0, 0xf, 0x30, 0x2f, 0xf2, 0xf, 0x30,
    0x2f, 0xb7, 0xf, 0x30, 0xdf, 0xff, 0xef, 0xe1,
    0x2f, 0x1f, 0x1f, 0x30, 0xdf, 0xef, 0xff, 0xe1,
    0x2f, 0x16, 0xbf, 0x30, 0x2f, 0x11, 0xff, 0x30,
    0x2f, 0x10, 0xbf, 0x30,

    /* U+20A7 "₧" */
    0x7f, 0xfd, 0x30, 0x0, 0x7f, 0x5d, 0xc0, 0x0,
    0x7f, 0x7, 0xf0, 0x0, 0x7f, 0x1b, 0xda, 0x0,
    0x7f, 0xff, 0xaf, 0x0, 0x7f, 0x32, 0xff, 0xe2,
    0x7f, 0x0, 0x4f, 0x10, 0x7f, 0x0, 0x2f, 0x10,
    0x7f, 0x0, 0xc, 0xf2,

    /* U+20A8 "₨" */
    0xff, 0xfd, 0x50, 0x0, 0x0, 0x0, 0xf, 0xa6,
    0xcf, 0x10, 0x0, 0x0, 0x0, 0xf8, 0x3, 0xf4,
    0x2, 0xbf, 0xfc, 0x1f, 0x81, 0x9f, 0x10, 0x9f,
    0x55, 0x70, 0xff, 0xff, 0x60, 0x8, 0xf7, 0x0,
    0xf, 0xa8, 0xf2, 0x0, 0x9, 0xff, 0x70, 0xf8,
    0xe, 0xa0, 0x0, 0x1, 0xaf, 0x3f, 0x80, 0x6f,
    0x20, 0x75, 0x37, 0xf4, 0xf8, 0x0, 0xeb, 0x9,
    0xff, 0xe8, 0x0,

    /* U+20A9 "₩" */
    0xc4, 0xf, 0x40, 0xf0, 0xa6, 0x2f, 0x62, 0xe0,
    0x88, 0x5c, 0x94, 0xc0, 0x6a, 0x79, 0xb6, 0xa0,
    0xdf, 0xfe, 0xff, 0xf2, 0x1d, 0xb2, 0xe9, 0x50,
    0xe, 0xd0, 0xcc, 0x30, 0xd, 0xd0, 0x9f, 0x10,
    0xa, 0xb0, 0x7f, 0x0,

    /* U+20AA "₪" */
    0x4f, 0xfe, 0x46, 0x84, 0xa0, 0x4c, 0x68, 0x4a,
    0xa4, 0xd6, 0x84, 0xaa, 0x4e, 0x68, 0x4a, 0xa4,
    0xe6, 0x84, 0xaa, 0x4e, 0x68, 0x4a, 0xa4, 0x96,
    0x84, 0xaa, 0x40, 0xa6, 0x4a, 0xaf, 0xfb, 0x0,

    /* U+20AB "₫" */
    0x0, 0x0, 0xf, 0x70, 0x0, 0xd, 0xff, 0xf3,
    0x0, 0x1, 0x2f, 0x80, 0x5, 0xef, 0x8f, 0x70,
    0x1f, 0xc5, 0xaf, 0x70, 0x5f, 0x30, 0x1f, 0x70,
    0x7f, 0x10, 0xf, 0x70, 0x5f, 0x20, 0xf, 0x70,
    0x1f, 0xb5, 0xaf, 0x70, 0x6, 0xef, 0x7d, 0x70,
    0x11, 0x11, 0x11, 0x10, 0xff, 0xff, 0xff, 0xf3,
    0x44, 0x44, 0x44, 0x40,

    /* U+20AC "€" */
    0x0, 0x3c, 0xff, 0x80, 0x2f, 0xc5, 0x65, 0x8,
    0xf0, 0x0, 0x8, 0xff, 0xff, 0x60, 0xb, 0xb0,
    0x0, 0x8, 0xff, 0xff, 0x60, 0x8, 0xf1, 0x0,
    0x0, 0x1f, 0xc6, 0x65, 0x0, 0x3c, 0xff, 0x60,

    /* U+20AD "₭" */
    0xf, 0x80, 0x2f, 0x70, 0xf8, 0xb, 0xc0, 0xf,
    0x85, 0xf3, 0x0, 0xf8, 0xe8, 0x0, 0xdf, 0xff,
    0xff, 0x41, 0xfb, 0xbd, 0x20, 0xf, 0x83, 0xf6,
    0x0, 0xf8, 0xa, 0xe0, 0xf, 0x80, 0x1f, 0x90,

    /* U+20AE "₮" */
    0x9f, 0xff, 0xff, 0xc3, 0x57, 0xf9, 0x54, 0x0,
    0x2f, 0x9a, 0x0, 0x2, 0xfd, 0x20, 0x2, 0xdf,
    0x77, 0x0, 0x85, 0xfe, 0x50, 0x0, 0xaf, 0x60,
    0x0, 0x99, 0xf5, 0x0, 0x0, 0x2f, 0x50, 0x0,

    /* U+20AF "₯" */
    0x9f, 0xd3, 0x0, 0x3, 0x29, 0xd0, 0x0, 0xf,
    0x2f, 0x10, 0x2, 0xf0, 0xf2, 0x0, 0x4d, 0xf,
    0x10, 0x6, 0xb2, 0xf5, 0xe9, 0x88, 0x6c, 0xc3,
    0xeb, 0x8d, 0x5f, 0x1d, 0xdf, 0x82, 0xfd, 0x60,
    0x0, 0x4a, 0x0, 0x0, 0x6, 0x80, 0x0, 0x0,
    0x96, 0x0,

    /* U+20B0 "₰" */
    0x0, 0x9, 0xfd, 0x20, 0x2, 0xf7, 0xd9, 0x0,
    0x4f, 0x2a, 0xa0, 0x1, 0xf6, 0xd6, 0x0, 0xc,
    0xef, 0x10, 0x1, 0x5f, 0x80, 0x6, 0x96, 0xfc,
    0x0, 0xee, 0xe8, 0xf2, 0x7a, 0x68, 0xf, 0x70,
    0x0, 0x0, 0xcb, 0x0, 0x1, 0x4e, 0xa0, 0x0,
    0x2f, 0xd2,

    /* U+20B1 "₱" */
    0xe, 0xff, 0xd4, 0x0, 0xeb, 0x5c, 0xf0, 0x8f,
    0xed, 0xdf, 0xd8, 0xfe, 0xcd, 0xfc, 0xe, 0xa2,
    0xde, 0x0, 0xef, 0xfe, 0x30, 0xe, 0xb3, 0x0,
    0x0, 0xe9, 0x0, 0x0, 0xe, 0x90, 0x0, 0x0,

    /* U+20B2 "₲" */
    0x0, 0x9, 0x60, 0x0, 0x19, 0xff, 0xd3, 0xc,
    0xfd, 0xa9, 0x13, 0xf6, 0x96, 0x0, 0x7f, 0x9,
    0x61, 0x8, 0xf0, 0x9f, 0xf8, 0x8f, 0x9, 0x8d,
    0x84, 0xf5, 0x96, 0xd8, 0xd, 0xec, 0xae, 0x80,
    0x1a, 0xff, 0xd5, 0x0, 0x8, 0x50, 0x0,

    /* U+20B3 "₳" */
    0x0, 0x6f, 0x80, 0x0, 0x0, 0xad, 0xd0, 0x0,
    0x0, 0xf7, 0xf2, 0x0, 0xce, 0xfe, 0xff, 0xe0,
    0x8, 0xd0, 0xab, 0x0, 0xcf, 0xfe, 0xef, 0xe0,
    0x1f, 0x50, 0x2f, 0x40, 0x6f, 0x10, 0xe, 0x90,
    0xad, 0x0, 0xa, 0xd0,

    /* U+20B4 "₴" */
    0xa, 0xef, 0xd4, 0x0, 0x87, 0x6d, 0xf0, 0x0,
    0x0, 0x7f, 0x1a, 0xee, 0xff, 0xfd, 0x3, 0xcf,
    0xa1, 0xb, 0xff, 0xfe, 0xed, 0x3f, 0x40, 0x0,
    0x1, 0xfc, 0x55, 0x93, 0x4, 0xcf, 0xfc, 0x20,

    /* U+20B5 "₵" */
    0x0, 0x0, 0xe0, 0x0, 0x7, 0xdf, 0xe6, 0x7,
    0xfa, 0xf8, 0x40, 0xf9, 0xe, 0x0, 0x3f, 0x40,
    0xe0, 0x5, 0xf3, 0xe, 0x0, 0x4f, 0x40, 0xe0,
    0x1, 0xf8, 0xe, 0x0, 0xa, 0xf9, 0xf8, 0x40,
    0x9, 0xef, 0xd3, 0x0, 0x0, 0xc0, 0x0,

    /* U+20B6 "₶" */
    0x8, 0xa0, 0xe5, 0x0, 0xa, 0xa0, 0xf5, 0x0,
    0xdf, 0xff, 0xff, 0xf3, 0x5d, 0xc7, 0xf8, 0x51,
    0xd, 0xa2, 0xf5, 0x0, 0xd, 0xa2, 0xf5, 0x0,
    0xd, 0xa2, 0xf5, 0x0, 0xd, 0xa1, 0xfb, 0x50,
    0xd, 0xa0, 0x7f, 0xe1,

    /* U+20B7 "₷" */
    0x0, 0x0, 0x0, 0x2b, 0xff, 0xc3, 0x0, 0x0,
    0x0, 0xde, 0x66, 0x92, 0x0, 0x0, 0x0, 0xe9,
    0x0, 0x0, 0x0, 0x0, 0x0, 0x8f, 0x81, 0x0,
    0x0, 0x0, 0x0, 0x5, 0xdf, 0x91, 0x3d, 0xc0,
    0x0, 0x0, 0x4, 0xeb, 0x97, 0x9c, 0xd9, 0xdb,
    0x0, 0xbe, 0x5e, 0xca, 0x6e, 0x3e, 0x69, 0xf9,
    0x4, 0xdf, 0xff, 0xff, 0xeb, 0x60, 0x0, 0x86,
    0x3c, 0xd, 0x20, 0x0, 0x0, 0x0, 0x0, 0x0,
    0x0, 0x0,

    /* U+20B8 "₸" */
    0xaf, 0xff, 0xff, 0xe3, 0x55, 0x55, 0x55, 0xaf,
    0xff, 0xff, 0xe4, 0x67, 0xf9, 0x65, 0x0, 0x2f,
    0x60, 0x0, 0x2, 0xf6, 0x0, 0x0, 0x2f, 0x60,
    0x0, 0x2, 0xf6, 0x0, 0x0, 0x2f, 0x60, 0x0,

    /* U+20B9 "₹" */
    0x29, 0x99, 0x99, 0x20, 0x45, 0xdc, 0x41, 0x29,
    0x9c, 0xf9, 0x20, 0x44, 0x9f, 0x41, 0x29, 0xaf,
    0x70, 0x1, 0xec, 0x10, 0x0, 0x4, 0xf5, 0x0,
    0x0, 0x8, 0xf2, 0x0, 0x0, 0xd, 0xd0, 0x0,

    /* U+20BA "₺" */
    0x8, 0xf0, 0x0, 0x0, 0x8f, 0x8e, 0x0, 0x6e,
    0xf6, 0x20, 0x5, 0xaf, 0xbd, 0x0, 0x8f, 0xf3,
    0x2, 0x23, 0x8f, 0x0, 0xd9, 0x8, 0xf0, 0x1f,
    0x60, 0x8f, 0x6d, 0xd0, 0x8, 0xfe, 0xa1, 0x0,

    /* U+20BB "₻" */
    0x9f, 0x80, 0x0, 0x0, 0xf5, 0xf0, 0x0, 0x0,
    0xaf, 0xff, 0xfe, 0x70, 0x5, 0xf3, 0x24, 0xf1,
    0x3, 0xfc, 0xb5, 0xd2, 0x5, 0xf6, 0x7b, 0xd0,
    0x2f, 0xf1, 0x0, 0x0, 0x16, 0xfa, 0x35, 0x10,
    0x0, 0x5d, 0xfe, 0x10,

    /* U+20BC "₼" */
    0x0, 0x1f, 0x40, 0x0, 0x1, 0xf4, 0x0, 0x0,
    0x1f, 0x40, 0x0, 0xaf, 0xff, 0xc1, 0x6f, 0x6f,
    0x7e, 0x88, 0xc1, 0xf4, 0x9c, 0x9c, 0xe, 0x38,
    0xc9, 0xc0, 0x0, 0x8c, 0x9c, 0x0, 0x8, 0xc0,

    /* U+20BD "₽" */
    0xd, 0xff, 0xfa, 0x10, 0xdd, 0x57, 0xfa, 0xd,
    0xb0, 0xb, 0xd1, 0xdc, 0x14, 0xeb, 0xdf, 0xff,
    0xfd, 0x23, 0xec, 0x42, 0x0, 0xcf, 0xff, 0x90,
    0x1, 0xdc, 0x21, 0x0, 0xd, 0xb0, 0x0, 0x0,

    /* U+20BE "₾" */
    0x0, 0x1, 0x1, 0x0, 0x0, 0xc2, 0xa0, 0x1,
    0xaf, 0xff, 0x60, 0xdf, 0xe6, 0xd6, 0x4f, 0x5c,
    0x2a, 0x7, 0xf0, 0xc2, 0xa0, 0x7f, 0x0, 0x0,
    0x4, 0xf3, 0x0, 0x0, 0xb, 0xc0, 0x0, 0x3,
    0x6e, 0xd7, 0x54, 0x9f, 0xff, 0xff, 0xc0,

    /* U+20BF "₿" */
    0x6, 0x5, 0x0, 0xc, 0x1b, 0x0, 0xff, 0xff,
    0x80, 0xf9, 0x59, 0xf4, 0xf6, 0x1, 0xf6, 0xf7,
    0x16, 0xf3, 0xff, 0xff, 0x90, 0xf9, 0x47, 0xf6,
    0xf6, 0x0, 0xea, 0xf9, 0x58, 0xf7, 0xff, 0xff,
    0x90, 0xc, 0x1b, 0x0,

    /* U+20C0 "⃀" */
    0x0, 0x8e, 0xfd, 0x30, 0x9f, 0x95, 0x80, 0xf,
    0x90, 0x0, 0x1, 0xf7, 0x0, 0x0, 0xf, 0x90,
    0x0, 0x0, 0x9f, 0x95, 0x72, 0x0, 0x9e, 0xfd,
    0x20, 0x0, 0x0, 0x0, 0x1f, 0xff, 0xff, 0x0,
    0x22, 0x22, 0x20,

    /* U+2100 "℀" */
    0x49, 0x60, 0x18, 0x0, 0x33, 0xd2, 0x7a, 0x0,
    0x9a, 0xe3, 0xd3, 0x0, 0xe6, 0xe7, 0xc0, 0x0,
    0x24, 0x2b, 0x60, 0x0, 0x0, 0x1e, 0x7c, 0xb0,
    0x0, 0x6b, 0xe1, 0x0, 0x0, 0xd5, 0xe0, 0x0,
    0x3, 0xc0, 0x9d, 0xd0,

    /* U+2101 "℁" */
    0x49, 0x70, 0x8, 0x10, 0x22, 0xd2, 0x5c, 0x0,
    0xaa, 0xe3, 0xc5, 0x0, 0xe6, 0xe5, 0xe0, 0x0,
    0x24, 0x1a, 0x70, 0x0, 0x0, 0x1e, 0x7c, 0xb0,
    0x0, 0x79, 0xb8, 0x20, 0x0, 0xd2, 0x6, 0xe1,
    0x5, 0xb0, 0xbd, 0xc0,

    /* U+2102 "ℂ" */
    0x0, 0x49, 0xa9, 0x20, 0x9b, 0x0, 0x10, 0x48,
    0xa0, 0x0, 0x8, 0x2a, 0x0, 0x0, 0xa0, 0xa0,
    0x0, 0x9, 0x1a, 0x0, 0x0, 0x65, 0xa0, 0x0,
    0x0, 0xba, 0x0, 0x0, 0x1, 0xaa, 0xaa, 0x20,

    /* U+2103 "℃" */
    0x6, 0xda, 0x10, 0x2, 0xad, 0xc8, 0x1e, 0x27,
    0x90, 0x2e, 0xd7, 0x88, 0x2d, 0x5, 0xa0, 0x9e,
    0x10, 0x0, 0x9, 0xed, 0x30, 0xea, 0x0, 0x0,
    0x0, 0x0, 0x0, 0xf8, 0x0, 0x0, 0x0, 0x0,
    0x0, 0xf9, 0x0, 0x0, 0x0, 0x0, 0x0, 0xcc,
    0x0, 0x0, 0x0, 0x0, 0x0, 0x6f, 0x93, 0x45,
    0x0, 0x0, 0x0, 0x7, 0xff, 0xf8, 0x0, 0x0,
    0x0, 0x0, 0x1, 0x0,

    /* U+2104 "℄" */
    0x0, 0x35, 0x0, 0x0, 0x1a, 0xd7, 0x0, 0xc,
    0x9a, 0x30, 0x2, 0xb5, 0x90, 0x0, 0x3b, 0x59,
    0x0, 0x0, 0xd6, 0x90, 0x0, 0x5, 0xee, 0xa0,
    0x0, 0x5, 0x90, 0x0, 0x0, 0x5f, 0xdd, 0xb0,

    /* U+2105 "℅" */
    0x3b, 0xc2, 0x35, 0x0, 0xd4, 0x10, 0xc4, 0x0,
    0xf1, 0x3, 0xd0, 0x0, 0xba, 0x7c, 0x60, 0x0,
    0x6, 0x7f, 0x0, 0x0, 0x0, 0x89, 0xad, 0x90,
    0x0, 0xe5, 0xd0, 0xd2, 0x6, 0xb2, 0xd0, 0xe2,
    0xd, 0x40, 0xad, 0xa0,

    /* U+2106 "℆" */
    0x2b, 0xc2, 0x95, 0x0, 0xb6, 0x12, 0xf1, 0x0,
    0xe2, 0x8, 0xa0, 0x0, 0xb6, 0x1e, 0x40, 0x0,
    0x2b, 0xed, 0x0, 0x0, 0x0, 0xbf, 0x10, 0xe0,
    0x1, 0xff, 0x20, 0xf0, 0x8, 0x9e, 0x21, 0xf0,
    0xd, 0x39, 0xeb, 0xd0,

    /* U+2107 "ℇ" */
    0x2, 0xad, 0xd9, 0x20, 0xed, 0x78, 0xd6, 0x2f,
    0x50, 0x0, 0x0, 0xdb, 0x20, 0x0, 0x2, 0xdf,
    0xf9, 0x2, 0xfb, 0x42, 0x10, 0x6f, 0x10, 0x0,
    0x3, 0xf9, 0x32, 0x56, 0x7, 0xef, 0xff, 0x80,
    0x0, 0x11, 0x0,

    /* U+2108 "℈" */
    0x3b, 0xdc, 0x80, 0x3, 0x96, 0x7e, 0xc0, 0x0,
    0x0, 0x3f, 0x50, 0x0, 0x0, 0xda, 0x6, 0xff,
    0xff, 0xc0, 0x12, 0x22, 0xcb, 0x0, 0x0, 0x1f,
    0x82, 0x42, 0x3c, 0xf1, 0x3f, 0xff, 0xc3, 0x0,
    0x1, 0x10, 0x0,

    /* U+2109 "℉" */
    0x2, 0x64, 0x0, 0x25, 0x55, 0x54, 0x1e, 0x8c,
    0x80, 0x6f, 0xff, 0xfd, 0x2c, 0x5, 0xa0, 0x6f,
    0x10, 0x0, 0x7, 0xcb, 0x20, 0x6f, 0x10, 0x0,
    0x0, 0x0, 0x0, 0x6f, 0xff, 0xfa, 0x0, 0x0,
    0x0, 0x6f, 0x65, 0x53, 0x0, 0x0, 0x0, 0x6f,
    0x10, 0x0, 0x0, 0x0, 0x0, 0x6f, 0x10, 0x0,
    0x0, 0x0, 0x0, 0x6f, 0x10, 0x0, 0x0, 0x0,
    0x0, 0x13, 0x0, 0x0,

    /* U+210A "ℊ" */
    0x0, 0x1, 0x95, 0x6a, 0x0, 0x2, 0xe6, 0x1f,
    0x80, 0x1, 0xcc, 0x8, 0xe1, 0x0, 0xe, 0x42,
    0xf7, 0x30, 0x0, 0xa3, 0xbe, 0x30, 0x0, 0x1,
    0x5f, 0x40, 0x0, 0x5, 0x47, 0xb0, 0x0, 0x7,
    0x31, 0xe3, 0x0, 0x0, 0x90, 0x97, 0x0, 0x0,
    0x4, 0x44, 0x0, 0x0, 0x0,

    /* U+210B "ℋ" */
    0x0, 0x0, 0x0, 0x0, 0x10, 0x4, 0x55, 0x0,
    0x0, 0x27, 0x3, 0x50, 0x65, 0x8, 0x0, 0x3,
    0x57, 0x3c, 0x4, 0xa0, 0x81, 0x0, 0x10, 0x53,
    0x87, 0x1e, 0x45, 0x10, 0x0, 0x0, 0x1, 0xf4,
    0xaa, 0x10, 0x0, 0x0, 0x0, 0x1a, 0xd3, 0xf2,
    0x0, 0x0, 0x9, 0x43, 0x4f, 0x67, 0xc0, 0x0,
    0x0, 0x3c, 0x40, 0x9c, 0xb, 0x60, 0x30, 0x0,
    0x4, 0x5, 0xb1, 0x9, 0x34, 0x0, 0x0, 0x0,
    0x32, 0x0, 0x0, 0x20, 0x0, 0x0,

    /* U+210C "ℌ" */
    0x0, 0x6, 0x12, 0x0, 0x1, 0x9b, 0xe5, 0x0,
    0xa, 0x30, 0x1, 0x0, 0xe, 0x42, 0xae, 0x80,
    0xa, 0xc5, 0x4, 0xf0, 0x2, 0xf2, 0x1, 0xf1,
    0x0, 0xa6, 0x0, 0xf1, 0x6, 0x61, 0x1, 0xf0,
    0x5c, 0x30, 0x3, 0xc0, 0x0, 0x1, 0x67, 0x20,
    0x0, 0x1, 0x60, 0x0,

    /* U+210D "ℍ" */
    0x6a, 0x60, 0x6a, 0x5a, 0xa, 0xa, 0x9, 0xa0,
    0xa0, 0xa0, 0x9a, 0xa, 0xa, 0x9, 0xa0, 0xda,
    0xd0, 0x9a, 0xa, 0xa, 0x9, 0xa0, 0xa0, 0xa0,
    0x9a, 0xa, 0xa, 0x9, 0xaa, 0xa0, 0xaa, 0x90,

    /* U+210E "ℎ" */
    0x0, 0x10, 0x0, 0x0, 0x3f, 0x40, 0x0, 0x6,
    0xf1, 0x0, 0x0, 0x8f, 0x15, 0x40, 0xb, 0xee,
    0xef, 0x90, 0xee, 0x10, 0xcd, 0xf, 0x80, 0xc,
    0xc3, 0xf4, 0x0, 0xe9, 0x6f, 0x10, 0x1f, 0x69,
    0xf0, 0x4, 0xf3, 0x0, 0x0, 0x0, 0x0,

    /* U+210F "ℏ" */
    0x0, 0x20, 0x0, 0x0, 0x4f, 0x61, 0x0, 0x6f,
    0xfe, 0xe6, 0x0, 0x8f, 0x15, 0x40, 0xb, 0xee,
    0xef, 0x90, 0xee, 0x10, 0xcd, 0x1f, 0x80, 0xc,
    0xc3, 0xf4, 0x0, 0xe9, 0x6f, 0x10, 0x1f, 0x69,
    0xf0, 0x4, 0xf3, 0x0, 0x0, 0x0, 0x0,

    /* U+2110 "ℐ" */
    0x0, 0x0, 0x0, 0x0, 0x33, 0x52, 0x0, 0x0,
    0x0, 0x77, 0x16, 0x10, 0x0, 0x0, 0xb, 0x50,
    0x75, 0x0, 0x0, 0x0, 0x79, 0x3, 0xd0, 0x10,
    0x0, 0x0, 0xa1, 0xd, 0x70, 0x30, 0x0, 0x0,
    0x51, 0x8f, 0x35, 0x0, 0xc, 0x50, 0x4, 0xfc,
    0x30, 0x0, 0x3a, 0x20, 0xb, 0xe1, 0x0, 0x0,
    0x4, 0x1, 0x9a, 0x10, 0x0, 0x0, 0x0, 0x23,
    0x10, 0x0, 0x0, 0x0,

    /* U+2111 "ℑ" */
    0x2, 0xcb, 0x40, 0x30, 0x94, 0x6c, 0x93, 0x21,
    0x0, 0x1a, 0x0, 0x0, 0x5, 0xd0, 0x0, 0x0,
    0x3f, 0x0, 0x0, 0x2, 0xf0, 0x0, 0x0, 0x2e,
    0x0, 0x76, 0x6, 0x40, 0x16, 0xc8, 0x20, 0x0,

    /* U+2112 "ℒ" */
    0x0, 0x0, 0x34, 0x31, 0x5, 0x42, 0x0, 0x8,
    0x20, 0x0, 0xa2, 0x7, 0x0, 0x64, 0x0, 0x8,
    0x90, 0x41, 0x0, 0xa0, 0x0, 0x2f, 0x31, 0x30,
    0x0, 0x53, 0x0, 0xbc, 0x22, 0x0, 0x0, 0x4,
    0x46, 0xf7, 0x10, 0x0, 0x0, 0x0, 0xb, 0xe0,
    0x0, 0x0, 0x3, 0x34, 0x4f, 0x40, 0x4, 0x0,
    0x13, 0x34, 0x97, 0x44, 0x40, 0x0,

    /* U+2113 "ℓ" */
    0x0, 0x3b, 0xb3, 0x0, 0xd, 0xa7, 0xd0, 0x0,
    0xe7, 0x5e, 0x0, 0xe, 0x7a, 0x90, 0x0, 0xee,
    0xc1, 0x0, 0xef, 0x90, 0x0, 0x0, 0xe7, 0x1,
    0x0, 0xd, 0x90, 0xe1, 0x0, 0x5f, 0xfa, 0x0,
    0x0, 0x1, 0x0,

    /* U+2114 "℔" */
    0x0, 0x1, 0x0, 0x1, 0x0, 0x0, 0x0, 0x0,
    0x7f, 0x20, 0x4f, 0x40, 0x0, 0x0, 0x1f, 0xff,
    0xff, 0xff, 0xff, 0xc0, 0x0, 0x0, 0x6f, 0x10,
    0x4f, 0x33, 0x53, 0x0, 0x0, 0x6f, 0x10, 0x4f,
    0xcf, 0xef, 0xb0, 0x0, 0x6f, 0x10, 0x4f, 0xa0,
    0x6, 0xf5, 0x0, 0x6f, 0x10, 0x4f, 0x40, 0x0,
    0xf9, 0x0, 0x6f, 0x10, 0x4f, 0x50, 0x0, 0xf8,
    0x0, 0x6f, 0x10, 0x4f, 0xc3, 0x2a, 0xf4, 0x0,
    0x6f, 0x10, 0x4f, 0x8f, 0xff, 0x70, 0x0, 0x0,
    0x0, 0x0, 0x0, 0x10, 0x0,

    /* U+2115 "ℕ" */
    0x8, 0x0, 0x0, 0x51, 0xb9, 0x0, 0xa, 0x1c,
    0x65, 0x0, 0xa1, 0xc7, 0x91, 0xa, 0x19, 0x64,
    0x90, 0xa1, 0x90, 0x94, 0x7a, 0x19, 0x1, 0x96,
    0xb1, 0x90, 0x4, 0x6a, 0x19, 0x0, 0x8, 0xa0,

    /* U+2116 "№" */
    0x66, 0x6, 0x0, 0xb, 0xe0, 0xc0, 0x0, 0xbe,
    0x2c, 0x39, 0xb, 0xb4, 0xcb, 0x97, 0xb9, 0x7c,
    0xc3, 0xab, 0x6a, 0xcc, 0x39, 0xb3, 0xdb, 0xab,
    0x6b, 0x1e, 0xb1, 0x50, 0xb1, 0xbc, 0x9f, 0x50,

    /* U+2117 "℗" */
    0x0, 0x7a, 0x82, 0x0, 0xc8, 0x76, 0xc2, 0x66,
    0xa5, 0xd3, 0x99, 0x3a, 0xba, 0xc, 0x84, 0xa2,
    0x1, 0xb2, 0xc7, 0x10, 0xa5, 0x3, 0xbb, 0xb6,
    0x0,

    /* U+2118 "℘" */
    0x0, 0x60, 0x0, 0x0, 0x0, 0x0, 0x74, 0x0,
    0x7, 0xa8, 0x10, 0x1d, 0x0, 0x37, 0x20, 0x6e,
    0x4, 0xc0, 0x36, 0x0, 0x0, 0xd6, 0x3f, 0x46,
    0x0, 0x0, 0xc, 0x70, 0xce, 0x5, 0xd0, 0x0,
    0xf3, 0x7, 0xe7, 0x75, 0x0, 0x7a, 0x1, 0x74,
    0xf4, 0x87, 0x98, 0x0, 0x33, 0x9, 0xa0, 0x0,
    0x0, 0x1, 0x70, 0x5b, 0x0, 0x0, 0x0, 0x5,
    0x8a, 0x20, 0x0, 0x0, 0x0,

    /* U+2119 "ℙ" */
    0xa, 0xaa, 0x97, 0x10, 0x19, 0x92, 0x1a, 0xb0,
    0x19, 0x92, 0x18, 0x73, 0x19, 0x92, 0x18, 0x82,
    0x19, 0x92, 0x2b, 0xa0, 0x19, 0x9a, 0x97, 0x0,
    0x19, 0x92, 0x0, 0x0, 0x19, 0x92, 0x0, 0x0,
    0x1d, 0xd2, 0x0, 0x0,

    /* U+211A "ℚ" */
    0x0, 0x79, 0x82, 0x0, 0xc, 0x10, 0x1e, 0x30,
    0x79, 0x10, 0xa, 0x90, 0x89, 0x10, 0xa, 0x71,
    0x99, 0x10, 0xa, 0x63, 0x99, 0x10, 0xa, 0x62,
    0x99, 0x10, 0xa, 0x90, 0x4c, 0x10, 0xd, 0x70,
    0x6, 0x98, 0xab, 0x0, 0x0, 0x7, 0x69, 0x20,
    0x0, 0x0, 0xb9, 0xd1,

    /* U+211B "ℛ" */
    0x0, 0x0, 0x3, 0x33, 0x36, 0x30, 0x0, 0x2,
    0x31, 0x0, 0x81, 0x95, 0x0, 0x31, 0x6, 0xa,
    0x30, 0x6b, 0x0, 0x30, 0x18, 0x4d, 0x0, 0xb6,
    0x2, 0x10, 0xa1, 0xc8, 0x66, 0x40, 0x0, 0x36,
    0x13, 0xf3, 0x2a, 0x0, 0x3d, 0x30, 0xc, 0xb0,
    0x89, 0x0, 0x68, 0x10, 0x5d, 0x10, 0xe4, 0x22,
    0x14, 0x36, 0x81, 0x0, 0xe7, 0x30,

    /* U+211C "ℜ" */
    0x0, 0x7c, 0x80, 0x5, 0xb8, 0x0, 0x7, 0x12,
    0xdb, 0x63, 0x2f, 0x0, 0x1d, 0x0, 0x3f, 0x40,
    0xe, 0x70, 0xb, 0x90, 0xe, 0x21, 0x54, 0x0,
    0x2, 0xa0, 0xd, 0x76, 0xbc, 0x0, 0x3, 0x0,
    0xe, 0x0, 0xe, 0x0, 0x0, 0x0, 0x3c, 0x0,
    0xf, 0x0, 0x2, 0x92, 0x92, 0x0, 0xf, 0x72,
    0x6, 0x98, 0x0, 0x0, 0x7, 0x60,

    /* U+211D "ℝ" */
    0xa, 0xaa, 0x95, 0x0, 0x19, 0x90, 0xa7, 0x60,
    0x19, 0x90, 0xa0, 0xa0, 0x19, 0x90, 0xa3, 0x80,
    0x19, 0xa9, 0xd9, 0x0, 0x19, 0x99, 0x47, 0x0,
    0x19, 0x92, 0x8a, 0x10, 0x19, 0x90, 0xa4, 0x70,
    0x1d, 0xd0, 0x5b, 0xe0,

    /* U+211E "℞" */
    0x25, 0x55, 0x30, 0x0, 0x5f, 0xef, 0xfb, 0x0,
    0x5f, 0x10, 0x6f, 0x30, 0x5f, 0x10, 0x5f, 0x30,
    0x5f, 0xaa, 0xfc, 0x0, 0x5f, 0xad, 0xe8, 0xa0,
    0x5f, 0x11, 0xef, 0x30, 0x5f, 0x11, 0xef, 0x20,
    0x5f, 0x1a, 0xbb, 0xc0,

    /* U+211F "℟" */
    0x2, 0x0, 0x0, 0x8, 0xcb, 0x40, 0x55, 0x59,
    0x50, 0xff, 0xff, 0xa0, 0xf8, 0xf, 0xf3, 0xf8,
    0x2e, 0xf3, 0xfb, 0x9f, 0xe0, 0xff, 0xff, 0x10,
    0xf8, 0xdf, 0x50, 0xf9, 0xaa, 0xe0, 0xfd, 0x71,
    0xf8, 0x3b, 0x30, 0x23, 0xb, 0x0, 0x0,

    /* U+2120 "℠" */
    0x3a, 0x58, 0x34, 0x7a, 0x31, 0xd8, 0x9b, 0x3c,
    0x3b, 0xaa, 0xc1, 0x3a, 0xb9, 0x8c, 0x6a, 0x27,
    0x43, 0x70,

    /* U+2121 "℡" */
    0x69, 0x59, 0x47, 0x0, 0x4d, 0x69, 0x1c, 0x0,
    0x1c, 0x4d, 0x4c, 0x0, 0x1c, 0x47, 0xc, 0x0,
    0x19, 0x3c, 0x5a, 0xd0,

    /* U+2122 "™" */
    0x5, 0x55, 0x42, 0x15, 0x6, 0xe5, 0xc9, 0x6f,
    0x0, 0xd0, 0xca, 0x9d, 0x0, 0xd0, 0xc7, 0x9d,
    0x0, 0xb0, 0xa1, 0x1b,

    /* U+2123 "℣" */
    0x3, 0x20, 0x0, 0x0, 0x4, 0xab, 0x60, 0x0,
    0x44, 0x4, 0x83, 0x50, 0x8e, 0x8, 0x4c, 0xc0,
    0x3f, 0x3c, 0x1f, 0x70, 0xe, 0x8c, 0x4f, 0x20,
    0xa, 0xf8, 0x8d, 0x0, 0x5, 0xf4, 0xd8, 0x0,
    0x0, 0xf6, 0xf3, 0x0, 0x0, 0xfc, 0xe0, 0x0,
    0x4, 0xef, 0xa0, 0x0, 0x8, 0x53, 0x10, 0x0,
    0xb, 0x0, 0x0, 0x0,

    /* U+2124 "ℤ" */
    0x9, 0xaa, 0xaa, 0x90, 0x0, 0x9, 0x3a, 0x0,
    0x2, 0x98, 0x20, 0x0, 0x93, 0x90, 0x0, 0x38,
    0x91, 0x0, 0xa, 0x38, 0x0, 0x4, 0x6a, 0x10,
    0x0, 0xb4, 0x70, 0x0, 0x4d, 0xdb, 0xaa, 0x80,

    /* U+2125 "℥" */
    0x15, 0x55, 0x55, 0x14, 0xee, 0xef, 0xf2, 0x0,
    0xa, 0xd3, 0x4, 0xef, 0xff, 0xe2, 0x15, 0x58,
    0xfb, 0x0, 0x2, 0xeb, 0x0, 0x2, 0xed, 0x10,
    0x0, 0x4d, 0xff, 0xa0, 0x0, 0x0, 0x6f, 0x50,
    0x0, 0x2, 0xf7, 0x78, 0x66, 0xdf, 0x24, 0xbd,
    0xda, 0x30,

    /* U+2126 "Ω" */
    0x2, 0xad, 0xb3, 0x0, 0xdd, 0x6b, 0xf2, 0x4f,
    0x30, 0xf, 0x77, 0xf0, 0x0, 0xca, 0x7f, 0x0,
    0xb, 0xa5, 0xf0, 0x0, 0xd8, 0x1f, 0x40, 0x1f,
    0x32, 0x9c, 0x9, 0xc2, 0xcf, 0xf1, 0xef, 0xf0,

    /* U+2127 "℧" */
    0x45, 0x50, 0x45, 0x5a, 0xdf, 0x1e, 0xed, 0xb,
    0x80, 0x6d, 0x3, 0xf1, 0x0, 0xf5, 0x6f, 0x0,
    0xc, 0x97, 0xe0, 0x0, 0xca, 0x6f, 0x10, 0xe,
    0x91, 0xfa, 0x27, 0xf4, 0x5, 0xef, 0xf7, 0x0,
    0x0, 0x10, 0x0,

    /* U+2128 "ℨ" */
    0x0, 0x0, 0x0, 0x0, 0x27, 0x34, 0x20, 0x6,
    0xcb, 0xdd, 0x0, 0x0, 0x3, 0xb0, 0x0, 0x0,
    0x81, 0x0, 0x3, 0xed, 0xb1, 0x0, 0x10, 0x2d,
    0x90, 0x0, 0x0, 0x7a, 0x0, 0x0, 0x8, 0x82,
    0x96, 0x0, 0xb2, 0x17, 0xb0, 0x66, 0x0, 0x26,
    0x51, 0x0,

    /* U+2129 "℩" */
    0xac, 0x90, 0x68, 0xf5, 0x0, 0xf7, 0x0, 0xf7,
    0x0, 0xf7, 0x0, 0xf7, 0x0, 0xd5,

    /* U+212A "K" */
    0x39, 0x10, 0x19, 0x45, 0xf2, 0xb, 0xd0, 0x5f,
    0x26, 0xf3, 0x5, 0xf4, 0xf7, 0x0, 0x5f, 0xdf,
    0x10, 0x5, 0xfb, 0xe9, 0x0, 0x5f, 0x26, 0xf3,
    0x5, 0xf2, 0xd, 0xc0, 0x5f, 0x20, 0x4f, 0x60,

    /* U+212B "Å" */
    0x0, 0x7c, 0x90, 0x0, 0x0, 0xc1, 0xd0, 0x0,
    0x0, 0x4b, 0x60, 0x0, 0x0, 0x26, 0x30, 0x0,
    0x0, 0x9f, 0xc0, 0x0, 0x0, 0xdb, 0xf1, 0x0,
    0x2, 0xf3, 0xf5, 0x0, 0x7, 0xe0, 0xba, 0x0,
    0xb, 0xd5, 0xbe, 0x0, 0xf, 0xee, 0xef, 0x30,
    0x5f, 0x10, 0xe, 0x80, 0x9d, 0x0, 0xa, 0xd0,
    0x22, 0x0, 0x1, 0x30,

    /* U+212C "ℬ" */
    0x0, 0x0, 0x13, 0x33, 0x48, 0x50, 0x0, 0x4,
    0x13, 0x1, 0x60, 0x7a, 0x0, 0x40, 0x16, 0xa,
    0x0, 0x4c, 0x3, 0x0, 0x73, 0x78, 0x0, 0x93,
    0x3, 0x26, 0x70, 0xe4, 0x56, 0x0, 0x0, 0x11,
    0x7, 0xe0, 0x2, 0xc0, 0x4c, 0x10, 0x1e, 0x73,
    0x3, 0xf0, 0x88, 0x0, 0xac, 0x31, 0xa, 0x90,
    0x23, 0x48, 0x70, 0x34, 0x87, 0x0,

    /* U+212D "ℭ" */
    0x0, 0x0, 0x46, 0x0, 0x17, 0xc6, 0xf4, 0x2a,
    0x2f, 0x13, 0x9, 0x60, 0xd4, 0x0, 0xb5, 0xb,
    0x30, 0xb, 0x74, 0x50, 0x0, 0x8c, 0x0, 0x0,
    0x2, 0xfa, 0x10, 0x3, 0x3, 0xcf, 0xd7, 0x0,
    0x0, 0x0, 0x0,

    /* U+212E "℮" */
    0x0, 0x37, 0x61, 0x0, 0x85, 0x2, 0x92, 0x3e,
    0x0, 0x7, 0xa6, 0xf8, 0x88, 0xac, 0x5e, 0x0,
    0x0, 0x0, 0xd0, 0x0, 0x24, 0x3, 0x98, 0x87,
    0x0,

    /* U+212F "ℯ" */
    0x0, 0x47, 0x80, 0x8, 0xe0, 0xc0, 0x6f, 0x69,
    0x50, 0x7f, 0x51, 0x40, 0x3c, 0x14, 0x0, 0x1,
    0x20, 0x0,

    /* U+2130 "ℰ" */
    0x0, 0x2, 0x85, 0x20, 0x1, 0xe3, 0x34, 0x0,
    0x4d, 0x13, 0x40, 0x2, 0xd2, 0x32, 0x9, 0xa2,
    0x40, 0x7, 0xd0, 0x34, 0x0, 0xc7, 0x15, 0x3,
    0xa, 0x52, 0x12, 0x10, 0x18, 0x33, 0x20, 0x0,

    /* U+2131 "ℱ" */
    0x0, 0x0, 0x25, 0x68, 0x73, 0x1, 0x10, 0x1,
    0x52, 0x10, 0x5, 0xad, 0xa0, 0x0, 0x50, 0x6,
    0x4, 0x30, 0x0, 0x0, 0x30, 0x4, 0x63, 0xb0,
    0x0, 0x0, 0x3, 0x2, 0x90, 0xd6, 0x38, 0x0,
    0x0, 0x2, 0x43, 0x8f, 0x49, 0x0, 0x0, 0x89,
    0x3, 0xe, 0xb1, 0x80, 0x0, 0xb, 0x60, 0x7,
    0xe1, 0x0, 0x0, 0x0, 0x41, 0x6, 0xb2, 0x0,
    0x0, 0x0, 0x0, 0x13, 0x10, 0x0, 0x0, 0x0,
    0x0,

    /* U+2132 "Ⅎ" */
    0x0, 0x0, 0x29, 0x10, 0x0, 0x4, 0xf2, 0x0,
    0x0, 0x4f, 0x20, 0x12, 0x25, 0xf2, 0xe, 0xff,
    0xff, 0x20, 0x22, 0x26, 0xf2, 0x0, 0x0, 0x4f,
    0x20, 0x44, 0x47, 0xf2, 0x1f, 0xff, 0xff, 0x20,

    /* U+2133 "ℳ" */
    0x0, 0x0, 0x0, 0x0, 0x1, 0x20, 0x3, 0x0,
    0x0, 0x0, 0x0, 0x1, 0x80, 0x4, 0x70, 0x0,
    0x0, 0x0, 0x0, 0x68, 0x3, 0xb1, 0x0, 0x0,
    0x0, 0x0, 0x4c, 0x12, 0x98, 0x0, 0x0, 0x0,
    0x0, 0x47, 0xa1, 0x6e, 0x10, 0x0, 0x0, 0x0,
    0x22, 0xe4, 0x3c, 0x80, 0x0, 0x37, 0x0, 0x3,
    0x6e, 0x34, 0xf1, 0x0, 0xb, 0xb0, 0x4, 0xa,
    0x93, 0x7b, 0x1, 0x0, 0x51, 0x14, 0x0, 0xa8,
    0x6, 0x73, 0x0, 0x0, 0x22, 0x0, 0x1, 0x0,
    0x2, 0x0, 0x0,

    /* U+2134 "ℴ" */
    0x0, 0x7, 0x84, 0x0, 0xb, 0xc0, 0x70, 0x9,
    0xf3, 0x7, 0x0, 0xac, 0x7, 0x50, 0x6, 0x85,
    0x71, 0x0, 0x2, 0x10, 0x0,

    /* U+2135 "ℵ" */
    0x0, 0x0, 0x0, 0x7, 0xb0, 0x0, 0x6b, 0xa,
    0xb0, 0xa, 0x70, 0x3f, 0xa1, 0xe2, 0xd, 0x6d,
    0xe8, 0x4, 0xd0, 0x2e, 0x40, 0x98, 0x0, 0x4e,
    0x1b, 0x50, 0x0, 0x8a, 0x0, 0x0, 0x0, 0x10,

    /* U+2136 "ℶ" */
    0xc, 0xee, 0x90, 0x0, 0x0, 0x1d, 0x60, 0x0,
    0x0, 0x79, 0x0, 0x0, 0x7, 0x90, 0x0, 0x0,
    0x79, 0x0, 0x0, 0x7, 0x90, 0x1f, 0xff, 0xff,
    0x80,

    /* U+2137 "ℷ" */
    0x0, 0x0, 0x0, 0xbc, 0x50, 0x0, 0x6d, 0x0,
    0x2, 0xe0, 0x0, 0x2f, 0x0, 0x4, 0xf1, 0x4,
    0xeb, 0x63, 0xd3, 0x5a, 0x0, 0x0, 0x0,

    /* U+2138 "ℸ" */
    0x1f, 0xff, 0xff, 0x40, 0x0, 0xc, 0x40, 0x0,
    0x0, 0xc4, 0x0, 0x0, 0xc, 0x40, 0x0, 0x0,
    0xc4, 0x0, 0x0, 0xc, 0x40, 0x0, 0x0, 0xc4,
    0x0,

    /* U+2139 "ℹ" */
    0x0, 0x2, 0x0, 0x0, 0x2, 0xfa, 0x0, 0x0,
    0x8, 0x40, 0x0, 0x78, 0x84, 0x0, 0x8, 0xaf,
    0x80, 0x0, 0x0, 0xf8, 0x0, 0x0, 0xf, 0x80,
    0x0, 0x0, 0xf8, 0x0, 0x0, 0x2f, 0xa1, 0x2,
    0xff, 0xff, 0xf8,

    /* U+213A "℺" */
    0x0, 0x4, 0x66, 0x51, 0x0, 0x0, 0x4, 0xef,
    0xff, 0xff, 0x82, 0xa9, 0xf, 0xb4, 0x11, 0x38,
    0xff, 0xe4, 0x3f, 0x10, 0x0, 0x0, 0xda, 0x0,
    0x2f, 0x50, 0x0, 0x1, 0xe7, 0x0, 0xb, 0xfc,
    0x99, 0xbf, 0xe1, 0x0, 0x0, 0x7c, 0xee, 0xd9,
    0x10, 0x0,

    /* U+213B "℻" */
    0x45, 0x15, 0x13, 0x4d, 0x65, 0xe0, 0xca, 0xd8,
    0x8b, 0x2b, 0x5d, 0x4a, 0xd5, 0xc8, 0xb0, 0xa4,
    0x88, 0xa0,

    /* U+213C "ℼ" */
    0x39, 0xaa, 0xaa, 0xa0, 0xa, 0x54, 0xa7, 0x20,
    0x9, 0x83, 0x8a, 0x0, 0x36, 0xa5, 0x4a, 0x0,
    0x63, 0x98, 0x38, 0x0, 0x93, 0x7a, 0x1a, 0x40,
    0xaa, 0x34, 0xba, 0x40,

    /* U+213D "ℽ" */
    0x29, 0x80, 0x1, 0x50, 0xa6, 0x40, 0x64, 0x7,
    0x4a, 0xa, 0x0, 0xa, 0x76, 0x80, 0x0, 0x73,
    0xe2, 0x0, 0x0, 0x9a, 0x0, 0x0, 0x8, 0x50,
    0x0, 0x0, 0x90, 0x0, 0x0, 0x9, 0x0, 0x0,
    0x0, 0x70, 0x0,

    /* U+213E "ℾ" */
    0x8a, 0xaa, 0xa8, 0xa5, 0x40, 0x0, 0xa5, 0x40,
    0x0, 0xa5, 0x40, 0x0, 0xa5, 0x40, 0x0, 0xa5,
    0x40, 0x0, 0xa5, 0x40, 0x0, 0xa5, 0x40, 0x0,
    0xbc, 0x40, 0x0,

    /* U+213F "ℿ" */
    0x6a, 0xaa, 0xaa, 0x5a, 0xa, 0xa, 0x9, 0xa0,
    0xa0, 0xa0, 0x9a, 0xa, 0xa, 0x9, 0xa0, 0xa0,
    0xa0, 0x9a, 0xa, 0xa, 0x9, 0xa0, 0xa0, 0xa0,
    0x9a, 0xa, 0xa, 0x9, 0xaa, 0xa0, 0xaa, 0x90,

    /* U+2140 "⅀" */
    0x5a, 0xaa, 0xaa, 0x90, 0x38, 0x93, 0x0, 0x0,
    0xa, 0x3a, 0x0, 0x0, 0x2, 0x97, 0x40, 0x0,
    0x0, 0x83, 0xb0, 0x0, 0x0, 0xa, 0x65, 0x0,
    0x0, 0x6, 0xc1, 0x0, 0x0, 0xb, 0x30, 0x0,
    0x0, 0x95, 0x0, 0x0, 0x6, 0xa2, 0x22, 0x20,
    0x4b, 0x88, 0x88, 0xb1, 0xaa, 0xaa, 0xaa, 0xb1,

    /* U+2141 "⅁" */
    0x3a, 0xdd, 0x91, 0x6, 0xf7, 0x7e, 0xe0, 0x6f,
    0x0, 0x3f, 0x66, 0xf2, 0x0, 0xea, 0x6f, 0xf4,
    0xc, 0xb0, 0x22, 0x0, 0xda, 0x0, 0x0, 0x2f,
    0x70, 0x63, 0x4d, 0xe1, 0x2e, 0xff, 0xd3, 0x0,
    0x1, 0x10, 0x0,

    /* U+2142 "⅂" */
    0x6, 0x66, 0x66, 0x1, 0xff, 0xff, 0xf0, 0x0,
    0x0, 0x7f, 0x0, 0x0, 0x7, 0xf0, 0x0, 0x0,
    0x7f, 0x0, 0x0, 0x7, 0xf0, 0x0, 0x0, 0x7f,
    0x0, 0x0, 0x7, 0xf0, 0x0, 0x0, 0x7f, 0x0,
    0x0, 0x1, 0x30,

    /* U+2143 "⅃" */
    0x0, 0x0, 0x49, 0x0, 0x0, 0x7, 0xf0, 0x0,
    0x0, 0x7f, 0x0, 0x0, 0x7, 0xf0, 0x0, 0x0,
    0x7f, 0x0, 0x0, 0x7, 0xf0, 0x0, 0x0, 0x7f,
    0x0, 0x55, 0x5a, 0xf0, 0x1f, 0xff, 0xff, 0x0,

    /* U+2144 "⅄" */
    0x0, 0x19, 0x20, 0x0, 0x2, 0xf5, 0x0, 0x0,
    0x2f, 0x50, 0x0, 0x2, 0xf5, 0x0, 0x0, 0x8f,
    0xb0, 0x0, 0xe, 0xaf, 0x20, 0x7, 0xf0, 0xca,
    0x0, 0xe8, 0x5, 0xf2, 0x7f, 0x20, 0xe, 0xa0,

    /* U+2145 "ⅅ" */
    0x1, 0x99, 0x84, 0x0, 0x55, 0x90, 0xa6, 0x9,
    0x55, 0x9, 0xa0, 0xa7, 0x20, 0x9a, 0x9, 0x90,
    0x27, 0xa3, 0x6a, 0x5, 0x4a, 0x64, 0x80, 0x86,
    0x69, 0x55, 0xb, 0xa0, 0xcc, 0xba, 0x70, 0x0,

    /* U+2146 "ⅆ" */
    0x0, 0x0, 0xb, 0xd0, 0x0, 0x0, 0x9, 0x90,
    0x1, 0x78, 0x47, 0x90, 0x9, 0xa2, 0xd7, 0x60,
    0x64, 0x80, 0xb7, 0x20, 0xa4, 0x50, 0xaa, 0x0,
    0xa7, 0x23, 0x8a, 0x0, 0xaa, 0xc, 0x78, 0x0,
    0x5d, 0x99, 0xb4, 0x0,

    /* U+2147 "ⅇ" */
    0x0, 0x28, 0xa7, 0x0, 0x5d, 0x66, 0x87, 0x1b,
    0x92, 0x98, 0x56, 0x4c, 0x9a, 0x40, 0x92, 0xa0,
    0x0, 0x6, 0x97, 0x0, 0x10, 0x9, 0xba, 0xb5,
    0x0,

    /* U+2148 "ⅈ" */
    0x0, 0x0, 0x0, 0x6, 0xb5, 0x0, 0x58, 0x20,
    0x9, 0xa1, 0x2, 0x8a, 0x0, 0x54, 0xa0, 0x8,
    0x38, 0x0, 0xa5, 0x50, 0xa, 0x82, 0x2, 0xdc,
    0x0,

    /* U+2149 "ⅉ" */
    0x0, 0x0, 0x0, 0x0, 0x0, 0xa, 0xc0, 0x0,
    0x0, 0x88, 0x0, 0x0, 0x3a, 0x70, 0x0, 0x8,
    0x38, 0x0, 0x0, 0xa5, 0x50, 0x0, 0x9, 0x82,
    0x0, 0x2, 0x7a, 0x0, 0x0, 0x54, 0xa0, 0x0,
    0x8, 0x38, 0x0, 0x0, 0x96, 0x40, 0x0, 0x1c,
    0xb0, 0x0, 0x7c, 0x91, 0x0, 0x0,

    /* U+214A "⅊" */
    0x0, 0x6, 0x0, 0x0, 0x3, 0x3f, 0x30, 0x0,
    0x2f, 0xbf, 0xcf, 0x60, 0x2e, 0xf, 0x14, 0xf0,
    0x2e, 0xf, 0x11, 0xf0, 0x2e, 0xf, 0x3a, 0xb0,
    0x2e, 0xf, 0xc8, 0x10, 0x2e, 0xf, 0x10, 0x0,
    0x4, 0xf, 0x10, 0x0, 0x0, 0xf, 0xdd, 0x90,

    /* U+214B "⅋" */
    0x27, 0x14, 0x87, 0x0, 0xc, 0xef, 0xbe, 0xb0,
    0x6, 0xfa, 0x5, 0xf0, 0xd, 0xcf, 0x58, 0xe0,
    0x1f, 0x37, 0xff, 0x40, 0x0, 0x9, 0xfc, 0x0,
    0x0, 0x4f, 0x3f, 0x30, 0x0, 0x7d, 0xf, 0x40,
    0x0, 0x1e, 0xfd, 0x0, 0x0, 0x0, 0x10, 0x0,

    /* U+214C "⅌" */
    0x55, 0x41, 0x35, 0xa, 0x67, 0x50, 0x28, 0x11,
    0x45, 0x0, 0xe1, 0x47, 0x83, 0x4d, 0x53, 0x47,
    0x7, 0x82, 0x76, 0x95, 0x26, 0x6, 0x36, 0x30,
    0x10, 0x73, 0x64, 0x0, 0x3, 0x89, 0x10, 0x0,

    /* U+214D "⅍" */
    0x0, 0x51, 0x0, 0x41, 0x1, 0xe8, 0x0, 0xd0,
    0x6, 0x8c, 0x7, 0x70, 0xb, 0xbe, 0x2d, 0x10,
    0x9, 0x5, 0x89, 0x0, 0x0, 0x0, 0xb9, 0xd9,
    0x0, 0x2, 0xc8, 0x91, 0x0, 0x9, 0x50, 0x5d,
    0x0, 0x1d, 0xa, 0xc9, 0x0, 0x1, 0x0, 0x0,

    /* U+214E "ⅎ" */
    0x0, 0x7, 0x40, 0x0, 0xe9, 0x1, 0x1e, 0x97,
    0xff, 0xf9, 0x1, 0x1e, 0x91, 0x22, 0xe9, 0xbf,
    0xff, 0x90,

    /* U+214F "⅏" */
    0x0, 0x9b, 0x20, 0x7b, 0x30, 0x6b, 0x40, 0x4,
    0x93, 0x92, 0xb2, 0xb0, 0xc1, 0xd0, 0x7, 0x50,
    0xc4, 0x80, 0xc2, 0xa0, 0xc0, 0x6, 0x60, 0xb4,
    0x80, 0xc2, 0xa0, 0xc0, 0x4, 0x93, 0x81, 0xb1,
    0xb0, 0xc0, 0xc0, 0x0, 0xcc, 0x20, 0xbc, 0x40,
    0x8b, 0x60, 0xb, 0xbb, 0xcb, 0xba, 0xcb, 0xca,
    0xc7,

    /* U+2190 "←" */
    0x0, 0x10, 0x0, 0x0, 0x48, 0x0, 0x0, 0xb,
    0xb7, 0x77, 0x40, 0x5, 0x0, 0x0,

    /* U+2191 "↑" */
    0xb, 0x17, 0xb9, 0x8, 0x0, 0x80, 0x8, 0x0,
    0x80, 0x8, 0x0, 0x10,

    /* U+2192 "→" */
    0x0, 0x0, 0x10, 0x0, 0x0, 0x2, 0x90, 0x7,
    0x77, 0x7e, 0x40, 0x0, 0x2, 0x30,

    /* U+2193 "↓" */
    0x7, 0x0, 0x80, 0x8, 0x0, 0x80, 0x8, 0x6,
    0xa7, 0x1d, 0x20, 0x0,

    /* U+2194 "↔" */
    0x0, 0x10, 0x1, 0x0, 0x92, 0x0, 0x92, 0x4e,
    0x77, 0x7c, 0x90, 0x22, 0x0, 0x50,

    /* U+2195 "↕" */
    0xb, 0x17, 0xb9, 0x8, 0x0, 0x80, 0x8, 0x6,
    0xa7, 0x1d, 0x20, 0x0,

    /* U+219C "↜" */
    0x28, 0x61, 0x0, 0x0, 0x2f, 0x80, 0x6a, 0xb1,
    0x17, 0x9b, 0x70, 0x26, 0x0, 0x0, 0x0, 0x0,

    /* U+219D "↝" */
    0x0, 0x0, 0x5, 0x76, 0x7, 0xaa, 0x13, 0xe9,
    0x27, 0x2, 0xbb, 0x37, 0x0, 0x0, 0x0, 0x0,

    /* U+219E "↞" */
    0x0, 0x73, 0x50, 0x0, 0x1d, 0xcf, 0xa9, 0x98,
    0x5, 0xaa, 0x51, 0x11, 0x0, 0x20, 0x10, 0x0,

    /* U+21A0 "↠" */
    0x0, 0x0, 0x72, 0x70, 0x19, 0x99, 0xce, 0xea,
    0x1, 0x11, 0x97, 0xc2, 0x0, 0x0, 0x20, 0x10,

    /* U+21A2 "↢" */
    0x2, 0x60, 0x0, 0x36, 0x3e, 0xb9, 0x99, 0xb0,
    0x8, 0x71, 0x11, 0x84, 0x0, 0x20, 0x0, 0x2,

    /* U+21A3 "↣" */
    0x17, 0x0, 0x2, 0x60, 0x7, 0xa9, 0x99, 0xf8,
    0xb, 0x21, 0x12, 0xc2, 0x11, 0x0, 0x1, 0x10,

    /* U+21A4 "↤" */
    0x1, 0x70, 0x0, 0x7, 0x2e, 0xb9, 0x99, 0x9b,
    0x7, 0x81, 0x11, 0x1a, 0x0, 0x20, 0x0, 0x2,

    /* U+21A6 "↦" */
    0x60, 0x0, 0x5, 0x30, 0x99, 0x99, 0x9a, 0xf4,
    0x91, 0x11, 0x15, 0xa0, 0x10, 0x0, 0x1, 0x0,

    /* U+21D0 "⇐" */
    0x0, 0x20, 0x0, 0x0, 0x2, 0xb0, 0x0, 0x0,
    0x2d, 0x99, 0x99, 0x96, 0x1d, 0xa9, 0x99, 0x97,
    0x1, 0xb0, 0x0, 0x0, 0x0, 0x10, 0x0, 0x0,

    /* U+21D1 "⇑" */
    0x1, 0xa1, 0x2, 0xd9, 0xd2, 0x8b, 0xb, 0x80,
    0x90, 0x90, 0x9, 0x9, 0x0, 0x90, 0x90, 0x9,
    0x9, 0x0, 0x30, 0x30,

    /* U+21D2 "⇒" */
    0x0, 0x0, 0x3, 0x0, 0x0, 0x0, 0x7, 0x70,
    0x39, 0x99, 0x99, 0xc6, 0x39, 0x99, 0x99, 0xd6,
    0x0, 0x0, 0x7, 0x60, 0x0, 0x0, 0x2, 0x0,

    /* U+21D3 "⇓" */
    0x7, 0x7, 0x0, 0x90, 0x90, 0x9, 0x9, 0x0,
    0x90, 0x90, 0x19, 0x9, 0x19, 0xd0, 0xd9, 0x9,
    0xf9, 0x0, 0x4, 0x0,

    /* U+21D4 "⇔" */
    0x0, 0x30, 0x2, 0x0, 0x0, 0x59, 0x0, 0x3a,
    0x0, 0x4d, 0x99, 0x99, 0xba, 0x4, 0xe9, 0x99,
    0x9c, 0x90, 0x4, 0x90, 0x3, 0xa0, 0x0, 0x2,
    0x0, 0x20, 0x0,

    /* U+21DA "⇚" */
    0x0, 0x53, 0x0, 0x0, 0x2, 0xf9, 0x99, 0x99,
    0xd, 0x94, 0x44, 0x44, 0xd, 0x95, 0x55, 0x54,
    0x2, 0xf9, 0x99, 0x98, 0x0, 0x53, 0x0, 0x0,

    /* U+21DB "⇛" */
    0x0, 0x0, 0x6, 0x20, 0x29, 0x99, 0x9b, 0xd0,
    0x4, 0x44, 0x44, 0xca, 0x15, 0x55, 0x55, 0xca,
    0x19, 0x99, 0x9b, 0xd0, 0x0, 0x0, 0x6, 0x20,

    /* U+21E6 "⇦" */
    0x0, 0x10, 0x0, 0x0, 0x4, 0x80, 0x0, 0x0,
    0x25, 0x35, 0x55, 0x58, 0x25, 0x35, 0x55, 0x58,
    0x4, 0x80, 0x0, 0x0, 0x0, 0x10, 0x0, 0x0,

    /* U+21E8 "⇨" */
    0x0, 0x0, 0x1, 0x0, 0x0, 0x0, 0x6, 0x70,
    0x65, 0x55, 0x55, 0x16, 0x65, 0x55, 0x55, 0x16,
    0x0, 0x0, 0x6, 0x70, 0x0, 0x0, 0x1, 0x0,

    /* U+2200 "∀" */
    0x66, 0x0, 0x4, 0x80, 0x8e, 0x0, 0xb, 0xb0,
    0x3f, 0x64, 0x4f, 0x60, 0xe, 0xff, 0xff, 0x20,
    0xa, 0xc0, 0x9d, 0x0, 0x5, 0xf1, 0xd8, 0x0,
    0x0, 0xf6, 0xf3, 0x0, 0x0, 0xbd, 0xe0, 0x0,
    0x0, 0x7f, 0xa0, 0x0, 0x0, 0x0, 0x0, 0x0,

    /* U+2201 "∁" */
    0x7, 0xdb, 0x13, 0xf8, 0xda, 0x7f, 0x8, 0xd7,
    0xe0, 0x0, 0x7e, 0x0, 0x7, 0xe0, 0x0, 0x7f,
    0x5, 0xa5, 0xf4, 0xbb, 0xc, 0xff, 0x30, 0x1,
    0x0,

    /* U+2202 "∂" */
    0x0, 0x9d, 0xc5, 0x0, 0xa, 0x6b, 0xf1, 0x0,
    0x0, 0x1f, 0x60, 0x1c, 0xfc, 0xf7, 0xc, 0xd2,
    0x7f, 0x63, 0xf5, 0x4, 0xf3, 0x6f, 0x10, 0x9e,
    0x4, 0xf4, 0x5f, 0x70, 0xb, 0xff, 0x80, 0x0,
    0x1, 0x0, 0x0,

    /* U+2203 "∃" */
    0x15, 0x55, 0x55, 0x22, 0xee, 0xee, 0xf7, 0x0,
    0x0, 0xf, 0x70, 0x11, 0x11, 0xf7, 0xf, 0xff,
    0xff, 0x70, 0x33, 0x33, 0xf7, 0x0, 0x0, 0xf,
    0x71, 0x44, 0x44, 0xf7, 0x4f, 0xff, 0xff, 0x70,

    /* U+2204 "∄" */
    0x15, 0x55, 0x9b, 0x22, 0xee, 0xef, 0xf7, 0x0,
    0x3, 0xdf, 0x70, 0x11, 0xa7, 0xf7, 0xf, 0xff,
    0xff, 0x70, 0x39, 0xa3, 0xf7, 0x0, 0xd3, 0xf,
    0x71, 0x6e, 0x44, 0xf7, 0x4f, 0xff, 0xff, 0x70,
    0xa0, 0x0, 0x0,

    /* U+2205 "∅" */
    0x0, 0x0, 0x0, 0x0, 0x0, 0x0, 0x2b, 0xff,
    0xd6, 0x74, 0x4, 0xfa, 0x32, 0x6f, 0xf2, 0xe,
    0x80, 0x0, 0x8e, 0xf4, 0x4f, 0x0, 0x8, 0xe2,
    0xaa, 0x6d, 0x0, 0x8e, 0x20, 0x7d, 0x5f, 0x8,
    0xe2, 0x0, 0x9b, 0xf, 0xce, 0x20, 0x1, 0xe6,
    0xa, 0xf9, 0x0, 0x3d, 0xc0, 0x1c, 0x7e, 0xff,
    0xf9, 0x0, 0x0, 0x0, 0x23, 0x0, 0x0,

    /* U+2206 "∆" */
    0x0, 0x39, 0x50, 0x0, 0x0, 0x9f, 0xc0, 0x0,
    0x0, 0xe9, 0xf2, 0x0, 0x4, 0xf1, 0xe7, 0x0,
    0x9, 0xc0, 0x9c, 0x0, 0xe, 0x70, 0x3f, 0x20,
    0x4f, 0x10, 0xe, 0x70, 0x9e, 0x44, 0x4b, 0xd0,
    0xdf, 0xff, 0xff, 0xf0,

    /* U+2207 "∇" */
    0x35, 0x55, 0x55, 0x5a, 0xfe, 0xee, 0xfe, 0x5f,
    0x20, 0xe, 0x90, 0xf7, 0x3, 0xf4, 0xa, 0xc0,
    0x9e, 0x0, 0x5f, 0x2e, 0x90, 0x0, 0xf9, 0xf3,
    0x0, 0xa, 0xfe, 0x0, 0x0, 0x5f, 0x80, 0x0,
    0x0, 0x31, 0x0,

    /* U+2208 "∈" */
    0x4, 0xbe, 0xff, 0x54, 0xf9, 0x43, 0x31, 0xba,
    0x0, 0x0, 0xd, 0xff, 0xff, 0xf5, 0xca, 0x33,
    0x33, 0x16, 0xf5, 0x0, 0x0, 0x8, 0xff, 0xff,
    0x50, 0x0, 0x23, 0x31,

    /* U+2209 "∉" */
    0x0, 0x0, 0x23, 0x0, 0x0, 0xa, 0x60, 0x4,
    0xbe, 0xff, 0x54, 0xf9, 0xab, 0x31, 0xba, 0xd,
    0x40, 0xd, 0xff, 0xff, 0xf5, 0xca, 0xb9, 0x33,
    0x16, 0xff, 0x20, 0x0, 0xa, 0xff, 0xff, 0x50,
    0xc5, 0x23, 0x31, 0x9, 0x0, 0x0, 0x0,

    /* U+220A "∊" */
    0x3, 0xbf, 0xff, 0x50, 0xe6, 0x10, 0x0, 0x1f,
    0xdd, 0xdd, 0x40, 0xf4, 0x11, 0x10, 0x5, 0xed,
    0xdd, 0x40, 0x0, 0x22, 0x31,

    /* U+220B "∋" */
    0x4f, 0xfe, 0xb4, 0x1, 0x33, 0x48, 0xf5, 0x0,
    0x0, 0x9, 0xc4, 0xff, 0xff, 0xfe, 0x13, 0x33,
    0x39, 0xd0, 0x0, 0x4, 0xe7, 0x4f, 0xff, 0xf8,
    0x0, 0x33, 0x20, 0x0,

    /* U+220C "∌" */
    0x0, 0x0, 0x3, 0x0, 0x0, 0x1, 0xe0, 0x4f,
    0xfe, 0xda, 0x1, 0x33, 0x4f, 0xf5, 0x0, 0x3,
    0xd9, 0xc4, 0xff, 0xff, 0xfe, 0x13, 0x4f, 0x49,
    0xd0, 0x6, 0xb4, 0xe7, 0x4f, 0xff, 0xf8, 0x0,
    0x6e, 0x20, 0x0, 0x5, 0x50, 0x0, 0x0,

    /* U+220D "∍" */
    0x1f, 0xff, 0xd5, 0x0, 0x0, 0x4, 0xe1, 0x1d,
    0xdd, 0xdf, 0x50, 0x11, 0x13, 0xe2, 0x1d, 0xdd,
    0xf8, 0x0, 0x32, 0x20, 0x0,

    /* U+220E "∎" */
    0x1, 0x11, 0x11, 0x2, 0xff, 0xff, 0xf5, 0x2f,
    0xff, 0xff, 0x52, 0xff, 0xff, 0xf5, 0x2f, 0xff,
    0xff, 0x52, 0xff, 0xff, 0xf5, 0x2f, 0xff, 0xff,
    0x52, 0xff, 0xff, 0xf5, 0x2f, 0xff, 0xff, 0x50,

    /* U+2210 "∐" */
    0x37, 0x0, 0x7, 0x46, 0xf1, 0x0, 0xe9, 0x6f,
    0x10, 0xe, 0x96, 0xf1, 0x0, 0xe9, 0x6f, 0x10,
    0xe, 0x96, 0xf1, 0x0, 0xe9, 0x6f, 0x10, 0xe,
    0x96, 0xf1, 0x0, 0xe9, 0x6f, 0x10, 0xe, 0x96,
    0xf1, 0x0, 0xe9, 0x6f, 0x65, 0x5f, 0x95, 0xff,
    0xff, 0xf8,

    /* U+2212 "−" */
    0x1f, 0xff, 0xff, 0x60, 0x55, 0x55, 0x52,

    /* U+2218 "∘" */
    0x0, 0x0, 0x0, 0x9e, 0xd2, 0x2d, 0x5, 0xa1,
    0xe3, 0x99, 0x4, 0xb9, 0x0,

    /* U+2219 "∙" */
    0x0, 0x2, 0xf9, 0x1b, 0x50,

    /* U+221A "√" */
    0x0, 0x0, 0x1, 0xe1, 0x0, 0x0, 0x6, 0xc0,
    0x0, 0x0, 0xb, 0x70, 0x0, 0x0, 0xf, 0x20,
    0x23, 0x0, 0x5d, 0x0, 0xaf, 0x60, 0xa8, 0x0,
    0x7, 0xb0, 0xf2, 0x0, 0x1, 0xf6, 0xd0, 0x0,
    0x0, 0xbf, 0x80, 0x0, 0x0, 0x5f, 0x30, 0x0,
    0x0, 0x4, 0x0, 0x0,

    /* U+221E "∞" */
    0x1, 0x0, 0x1, 0x0, 0x6f, 0xe4, 0xdf, 0x90,
    0xd3, 0x3f, 0x60, 0xf0, 0xc7, 0x7e, 0xa4, 0xf0,
    0x3c, 0xa1, 0xad, 0x50,

    /* U+2220 "∠" */
    0x0, 0x0, 0x1, 0x0, 0x0, 0x8, 0xc0, 0x0,
    0x6, 0xf3, 0x0, 0x4, 0xf5, 0x0, 0x3, 0xf7,
    0x0, 0x2, 0xeb, 0x22, 0x22, 0xaf, 0xff, 0xff,
    0xe0,

    /* U+2223 "∣" */
    0x2, 0x0, 0xf3, 0xf, 0x30, 0xf3, 0xf, 0x30,
    0xf3, 0xf, 0x30, 0xf3, 0xf, 0x30, 0xf3,

    /* U+2227 "∧" */
    0x0, 0x7, 0x0, 0x0, 0x4, 0xf7, 0x0, 0x0,
    0xcd, 0xe0, 0x0, 0x3f, 0x2e, 0x60, 0xa, 0xa0,
    0x7d, 0x2, 0xf3, 0x1, 0xf5, 0x7b, 0x0, 0x8,
    0xa0,

    /* U+2228 "∨" */
    0x45, 0x0, 0x4, 0x65, 0xf1, 0x0, 0xd8, 0xd,
    0x80, 0x5f, 0x10, 0x6e, 0xc, 0x90, 0x0, 0xe9,
    0xf2, 0x0, 0x7, 0xfa, 0x0, 0x0, 0xc, 0x30,
    0x0,

    /* U+2229 "∩" */
    0x2, 0xbf, 0xe7, 0x0, 0xdb, 0x35, 0xf6, 0x3f,
    0x10, 0x9, 0xc5, 0xe0, 0x0, 0x6d, 0x5e, 0x0,
    0x6, 0xd5, 0xe0, 0x0, 0x6d, 0x5e, 0x0, 0x6,
    0xd2, 0x60, 0x0, 0x26,

    /* U+222A "∪" */
    0x1, 0x0, 0x0, 0x15, 0xe0, 0x0, 0x6d, 0x5e,
    0x0, 0x6, 0xd5, 0xe0, 0x0, 0x6d, 0x5e, 0x0,
    0x6, 0xd4, 0xf0, 0x0, 0x7c, 0x1f, 0x60, 0x1d,
    0x90, 0x6f, 0xef, 0xd1, 0x0, 0x14, 0x30, 0x0,

    /* U+2234 "∴" */
    0x0, 0x1, 0x0, 0x0, 0x1, 0xf3, 0x0, 0x0,
    0x8, 0x10, 0x0, 0x0, 0x0, 0x0, 0x0, 0x0,
    0x0, 0x1, 0xd5, 0x3, 0xd3, 0x1c, 0x50, 0x3c,
    0x30,

    /* U+2235 "∵" */
    0x1, 0x0, 0x0, 0x8, 0xf2, 0x0, 0xfa, 0x38,
    0x0, 0x7, 0x40, 0x0, 0x0, 0x0, 0x0, 0x0,
    0x0, 0x0, 0x4, 0xd5, 0x0, 0x0, 0x3c, 0x50,
    0x0,

    /* U+2236 "∶" */
    0x1, 0x2, 0xf8, 0x8, 0x30, 0x0, 0x0, 0x1,
    0xd6, 0x1c, 0x50,

    /* U+2237 "∷" */
    0x1, 0x0, 0x1, 0x8, 0xf2, 0x2, 0xf8, 0x38,
    0x0, 0x8, 0x30, 0x0, 0x0, 0x0, 0x0, 0x0,
    0x0, 0x6, 0xd1, 0x1, 0xd6, 0x5c, 0x10, 0x1c,
    0x50,

    /* U+2238 "∸" */
    0x0, 0x7, 0x30, 0x0, 0x2, 0xf9, 0x0, 0x0,
    0x2, 0x0, 0x1, 0xee, 0xee, 0xe7, 0x4, 0x44,
    0x44, 0x20,

    /* U+223C "∼" */
    0x0, 0x0, 0x0, 0x0, 0xcf, 0xd7, 0x67, 0x16,
    0x37, 0xcd, 0x50,

    /* U+223D "∽" */
    0x0, 0x0, 0x0, 0x1, 0x95, 0x9f, 0xf6, 0x9,
    0xda, 0x43, 0x60,

    /* U+2241 "≁" */
    0x0, 0x0, 0x21, 0x0, 0x0, 0xd, 0x30, 0x0,
    0x3, 0xc0, 0x0, 0xcf, 0xfb, 0x67, 0x17, 0x4f,
    0xcd, 0x50, 0x7, 0x90, 0x0, 0x0, 0xd3, 0x0,
    0x0, 0x0, 0x0, 0x0,

    /* U+2243 "≃" */
    0x2, 0x41, 0x0, 0x10, 0xfe, 0xfc, 0xaa, 0x1,
    0x1, 0x66, 0x11, 0xff, 0xff, 0xfa, 0x3, 0x33,
    0x33, 0x20,

    /* U+2245 "≅" */
    0x2, 0x41, 0x0, 0x10, 0xfe, 0xfb, 0xb8, 0x2,
    0x2, 0x66, 0x11, 0xff, 0xff, 0xf8, 0x3, 0x33,
    0x33, 0x20, 0x55, 0x55, 0x52, 0x1d, 0xdd, 0xdd,
    0x70,

    /* U+2247 "≇" */
    0x0, 0x0, 0x19, 0x0, 0x24, 0x18, 0x91, 0xf,
    0xef, 0xfd, 0x80, 0x20, 0x5d, 0x61, 0x1f, 0xff,
    0xff, 0x80, 0x34, 0xf4, 0x32, 0x5, 0x8d, 0x55,
    0x21, 0xdf, 0xed, 0xd7, 0x2, 0xe0, 0x0, 0x0,
    0x34, 0x0, 0x0,

    /* U+2248 "≈" */
    0x4, 0x75, 0x0, 0x21, 0xd9, 0xde, 0xd9, 0x0,
    0x0, 0x33, 0x0, 0xcf, 0xd6, 0x58, 0x16, 0x26,
    0xcd, 0x50,

    /* U+2249 "≉" */
    0x0, 0x0, 0x58, 0x0, 0x0, 0xc, 0x50, 0x4,
    0x76, 0xe0, 0x21, 0xd9, 0xef, 0xd9, 0x0, 0x1e,
    0x53, 0x0, 0xcf, 0xf6, 0x58, 0x16, 0xba, 0xcd,
    0x50, 0x1f, 0x10, 0x0, 0x6, 0xa0, 0x0, 0x0,
    0x0, 0x0, 0x0,

    /* U+224A "≊" */
    0x2, 0x41, 0x0, 0x10, 0xfe, 0xfc, 0xb8, 0x3,
    0x32, 0x66, 0x10, 0xff, 0xfa, 0x98, 0x2, 0x3,
    0x77, 0x11, 0xdd, 0xdd, 0xd7, 0x5, 0x55, 0x55,
    0x30,

    /* U+224B "≋" */
    0x5, 0x85, 0x0, 0x31, 0xda, 0xef, 0xe8, 0x1,
    0x30, 0x34, 0x0, 0xef, 0xe7, 0x68, 0x16, 0x27,
    0xcc, 0x40, 0xad, 0xa6, 0x56, 0x17, 0x37, 0xcd,
    0x40,

    /* U+224C "≌" */
    0x0, 0x0, 0x44, 0x1, 0xda, 0xef, 0xe8, 0x4,
    0x74, 0x0, 0x21, 0xff, 0xff, 0xf8, 0x3, 0x33,
    0x33, 0x20, 0x55, 0x55, 0x52, 0x1d, 0xdd, 0xdd,
    0x70,

    /* U+2254 "≔" */
    0x27, 0x13, 0x33, 0x28, 0xf6, 0xff, 0xfc, 0x2,
    0x0, 0x0, 0x3, 0x81, 0x44, 0x43, 0x8f, 0x5e,
    0xee, 0xb0, 0x10, 0x0, 0x0,

    /* U+2255 "≕" */
    0x23, 0x33, 0x17, 0x2c, 0xff, 0xf6, 0xf8, 0x0,
    0x0, 0x2, 0x3, 0x44, 0x41, 0x83, 0xbe, 0xee,
    0x5f, 0x70, 0x0, 0x0, 0x10,

    /* U+2257 "≗" */
    0x0, 0x4b, 0x80, 0x0, 0xe, 0x4b, 0x70, 0x1,
    0xe0, 0x78, 0x0, 0x9, 0xee, 0x20, 0x1, 0x12,
    0x11, 0x1, 0xff, 0xff, 0xf8, 0x1, 0x11, 0x11,
    0x0, 0x55, 0x55, 0x52, 0x1d, 0xdd, 0xdd, 0x60,

    /* U+225F "≟" */
    0x0, 0xa, 0x70, 0x0, 0x0, 0x76, 0x0, 0x0,
    0x8, 0x0, 0x0, 0x11, 0x21, 0x10, 0x1f, 0xff,
    0xff, 0x80, 0x11, 0x11, 0x10, 0x5, 0x55, 0x55,
    0x21, 0xdd, 0xdd, 0xd6,

    /* U+2260 "≠" */
    0x0, 0x0, 0x52, 0x0, 0x0, 0xf, 0x50, 0x1f,
    0xff, 0xff, 0x70, 0x44, 0xe9, 0x41, 0x5, 0x6f,
    0x75, 0x21, 0xef, 0xfe, 0xe6, 0x0, 0xf5, 0x0,
    0x0, 0x4, 0x0, 0x0,

    /* U+2261 "≡" */
    0x1, 0x11, 0x11, 0x1, 0xff, 0xff, 0xf7, 0x3,
    0x33, 0x33, 0x10, 0x66, 0x66, 0x62, 0x1e, 0xee,
    0xee, 0x60, 0x22, 0x22, 0x21, 0x1f, 0xff, 0xff,
    0x70, 0x11, 0x11, 0x10,

    /* U+2262 "≢" */
    0x0, 0x0, 0x27, 0x0, 0x11, 0x18, 0x90, 0x1f,
    0xff, 0xff, 0x70, 0x33, 0x7c, 0x31, 0x6, 0x6c,
    0xa6, 0x21, 0xee, 0xfe, 0xe6, 0x2, 0x8b, 0x22,
    0x11, 0xff, 0xff, 0xf7, 0x5, 0xd1, 0x11, 0x0,
    0x65, 0x0, 0x0,

    /* U+2264 "≤" */
    0x0, 0x0, 0x1, 0x40, 0x0, 0x18, 0xf7, 0x1,
    0x8e, 0x92, 0x1, 0xfd, 0x20, 0x0, 0x3, 0xaf,
    0x92, 0x0, 0x0, 0x28, 0xf8, 0x1, 0x11, 0x12,
    0x41, 0xff, 0xff, 0xfa,

    /* U+2265 "≥" */
    0x5, 0x0, 0x0, 0x0, 0xdd, 0x50, 0x0, 0x0,
    0x5c, 0xd5, 0x0, 0x0, 0x6, 0xf9, 0x0, 0x5c,
    0xe7, 0x10, 0xec, 0x50, 0x0, 0x5, 0x11, 0x11,
    0x11, 0xff, 0xff, 0xfa,

    /* U+226C "≬" */
    0x2, 0x2, 0x0, 0x9e, 0xc0, 0x5, 0xf8, 0x0,
    0xdb, 0xf0, 0x1f, 0x2f, 0x42, 0xf1, 0xd5, 0x1f,
    0x2f, 0x40, 0xcc, 0xf0, 0x5, 0xf8, 0x0, 0xad,
    0xd0,

    /* U+226E "≮" */
    0x0, 0x3, 0x60, 0x0, 0xa, 0x70, 0x0, 0x1f,
    0xf2, 0x5, 0xed, 0x40, 0xce, 0xf4, 0x0, 0x5e,
    0xf5, 0x0, 0x9, 0xbd, 0xd1, 0xe, 0x10, 0x51,
    0x5b, 0x0, 0x0,

    /* U+226F "≯" */
    0x0, 0x6, 0x30, 0x10, 0xe, 0x10, 0xe8, 0x7a,
    0x0, 0x2a, 0xfa, 0x0, 0x2, 0xed, 0xe1, 0x9,
    0xfe, 0x70, 0xcf, 0x70, 0x0, 0xbb, 0x0, 0x0,
    0xb5, 0x0, 0x0,

    /* U+2270 "≰" */
    0x0, 0x0, 0x36, 0x0, 0x0, 0xa, 0x74, 0x0,
    0x1, 0xff, 0x70, 0x18, 0xfc, 0x20, 0x1f, 0xde,
    0x40, 0x0, 0x3b, 0xf9, 0x20, 0x0, 0x89, 0x8f,
    0x80, 0x1e, 0x41, 0x24, 0x1f, 0xff, 0xff, 0xa0,
    0xa6, 0x0, 0x0, 0x3, 0x0, 0x0, 0x0,

    /* U+2271 "≱" */
    0x0, 0x0, 0x45, 0x0, 0x50, 0xc, 0x40, 0xd,
    0xd7, 0xe0, 0x0, 0x5, 0xee, 0x50, 0x0, 0xe,
    0x8f, 0x90, 0x7, 0xfe, 0x71, 0xe, 0xf8, 0x0,
    0x0, 0x6f, 0x21, 0x11, 0x1f, 0xff, 0xff, 0xa0,
    0x83, 0x0, 0x0,

    /* U+2272 "≲" */
    0x0, 0x0, 0x0, 0x20, 0x0, 0x39, 0xe9, 0x7,
    0xdc, 0x72, 0x0, 0xae, 0x94, 0x0, 0x0, 0x16,
    0xce, 0x70, 0x0, 0x0, 0x24, 0xd, 0xfd, 0x86,
    0x81, 0x62, 0x6b, 0xc4,

    /* U+2273 "≳" */
    0x2, 0x0, 0x0, 0x1, 0xfc, 0x61, 0x0, 0x0,
    0x49, 0xeb, 0x40, 0x1, 0x6b, 0xe6, 0xc, 0xfa,
    0x40, 0x0, 0x51, 0x0, 0x0, 0xd, 0xfd, 0x86,
    0x81, 0x62, 0x6b, 0xc4,

    /* U+2274 "≴" */
    0x0, 0x0, 0x14, 0x0, 0x0, 0x7, 0x92, 0x0,
    0x3, 0xef, 0x90, 0x7d, 0xed, 0x20, 0xa, 0xed,
    0x90, 0x0, 0x2, 0xfc, 0xe7, 0x0, 0x6a, 0x2,
    0x50, 0xdf, 0xe8, 0x68, 0x18, 0xe6, 0xbc, 0x40,
    0x56, 0x0, 0x0,

    /* U+2275 "≵" */
    0x0, 0x0, 0x22, 0x0, 0x20, 0xc, 0x40, 0x1f,
    0xc7, 0xe0, 0x0, 0x4, 0xdf, 0xa3, 0x0, 0x1e,
    0xde, 0x60, 0xbf, 0xd4, 0x0, 0x6, 0xc5, 0x0,
    0x0, 0xdf, 0xd8, 0x68, 0x1c, 0xa6, 0xbc, 0x40,
    0x83, 0x0, 0x0,

    /* U+227A "≺" */
    0x0, 0x0, 0x1, 0x10, 0x0, 0x4, 0xd3, 0x0,
    0x3a, 0xf7, 0x0, 0xdf, 0x91, 0x0, 0x5, 0xbf,
    0x80, 0x0, 0x0, 0x3c, 0xe1, 0x0, 0x0, 0x7,
    0x30, 0x0, 0x0, 0x0,

    /* U+227B "≻" */
    0x2, 0x0, 0x0, 0x0, 0xf6, 0x0, 0x0, 0x5,
    0xec, 0x40, 0x0, 0x0, 0x7f, 0xe2, 0x0, 0x6e,
    0xd6, 0x0, 0xcd, 0x50, 0x0, 0xa, 0x0, 0x0,
    0x0, 0x0, 0x0, 0x0,

    /* U+2282 "⊂" */
    0x1, 0x9e, 0xff, 0xa0, 0xdc, 0x53, 0x32, 0x5f,
    0x0, 0x0, 0x7, 0xc0, 0x0, 0x0, 0x6e, 0x0,
    0x0, 0x1, 0xf8, 0x10, 0x0, 0x4, 0xef, 0xff,
    0xa0, 0x0, 0x23, 0x32,

    /* U+2283 "⊃" */
    0x5f, 0xfe, 0xb3, 0x1, 0x33, 0x5a, 0xf3, 0x0,
    0x0, 0xb, 0xa0, 0x0, 0x0, 0x7c, 0x0, 0x0,
    0x9, 0xb0, 0x0, 0x5, 0xf6, 0x5f, 0xff, 0xf7,
    0x1, 0x33, 0x20, 0x0,

    /* U+2284 "⊄" */
    0x0, 0x0, 0x5, 0x0, 0x0, 0x4, 0xc0, 0x1,
    0x9e, 0xff, 0xa0, 0xdc, 0x6f, 0x42, 0x5f, 0x7,
    0x90, 0x7, 0xc0, 0xd3, 0x0, 0x6e, 0x3d, 0x0,
    0x1, 0xfe, 0x70, 0x0, 0x5, 0xff, 0xff, 0xa0,
    0x5b, 0x23, 0x32, 0x7, 0x30, 0x0, 0x0,

    /* U+2285 "⊅" */
    0x0, 0x0, 0x4, 0x0, 0x0, 0x2, 0xe0, 0x5f,
    0xfe, 0xd9, 0x1, 0x33, 0x5f, 0xf3, 0x0, 0x4,
    0xbb, 0xa0, 0x0, 0xb5, 0x7c, 0x0, 0x1e, 0x9,
    0xb0, 0x7, 0x95, 0xf6, 0x5f, 0xff, 0xf7, 0x1,
    0x7d, 0x20, 0x0, 0x5, 0x50, 0x0, 0x0,

    /* U+2286 "⊆" */
    0x1, 0x9d, 0xde, 0xa0, 0xdc, 0x64, 0x43, 0x5e,
    0x0, 0x0, 0x7, 0xc0, 0x0, 0x0, 0x6e, 0x0,
    0x0, 0x1, 0xec, 0x54, 0x43, 0x2, 0xae, 0xff,
    0xa0, 0x33, 0x33, 0x32, 0xf, 0xff, 0xff, 0xb0,

    /* U+2287 "⊇" */
    0x8e, 0xed, 0x92, 0x2, 0x44, 0x5b, 0xe1, 0x0,
    0x0, 0xd, 0x70, 0x0, 0x0, 0xa9, 0x0, 0x0,
    0xd, 0x72, 0x44, 0x5b, 0xf2, 0x9f, 0xfe, 0xa3,
    0x2, 0x33, 0x33, 0x30, 0x9f, 0xff, 0xff, 0x20,

    /* U+2288 "⊈" */
    0x0, 0x0, 0x5, 0x0, 0x19, 0xde, 0xfa, 0xd,
    0xc6, 0xd8, 0x35, 0xe0, 0x1e, 0x0, 0x7c, 0x7,
    0x90, 0x6, 0xe0, 0xd3, 0x0, 0x1e, 0xde, 0x44,
    0x30, 0x2e, 0xff, 0xfa, 0x3, 0xf4, 0x33, 0x20,
    0xff, 0xff, 0xfb, 0x8, 0x30, 0x0, 0x0,

    /* U+2289 "⊉" */
    0x0, 0x0, 0x1, 0x8, 0xee, 0xdb, 0xb0, 0x24,
    0x45, 0xee, 0x10, 0x0, 0x2e, 0xd7, 0x0, 0x8,
    0x8a, 0x90, 0x0, 0xe2, 0xd7, 0x24, 0x7e, 0xbf,
    0x29, 0xff, 0xea, 0x30, 0x24, 0xf4, 0x33, 0x9,
    0xff, 0xff, 0xf2, 0x9, 0x20, 0x0, 0x0,

    /* U+228E "⊎" */
    0x13, 0x0, 0x0, 0x35, 0xd0, 0x0, 0x3f, 0x5d,
    0x0, 0x3, 0xf5, 0xd0, 0x0, 0x3f, 0x5d, 0x5,
    0x13, 0xf5, 0xd3, 0xdb, 0x3e, 0x3f, 0x8, 0x35,
    0xd0, 0xe9, 0x34, 0xd9, 0x3, 0xcf, 0xe9, 0x0,

    /* U+2291 "⊑" */
    0x14, 0x44, 0x44, 0x25, 0xfe, 0xee, 0xe9, 0x5e,
    0x0, 0x0, 0x5, 0xe0, 0x0, 0x0, 0x5e, 0x0,
    0x0, 0x5, 0xf3, 0x33, 0x31, 0x5f, 0xff, 0xff,
    0x90, 0x22, 0x22, 0x21, 0x5f, 0xff, 0xff, 0xa0,

    /* U+2292 "⊒" */
    0x4, 0x44, 0x44, 0x32, 0xee, 0xee, 0xfd, 0x0,
    0x0, 0x7, 0xd0, 0x0, 0x0, 0x7d, 0x0, 0x0,
    0x7, 0xd0, 0x33, 0x33, 0x8d, 0x2f, 0xff, 0xff,
    0xc0, 0x22, 0x22, 0x22, 0x2f, 0xff, 0xff, 0xd0,

    /* U+2293 "⊓" */
    0x14, 0x44, 0x44, 0x35, 0xfe, 0xee, 0xed, 0x5e,
    0x0, 0x6, 0xd5, 0xe0, 0x0, 0x6d, 0x5e, 0x0,
    0x6, 0xd5, 0xe0, 0x0, 0x6d, 0x5e, 0x0, 0x6,
    0xd1, 0x30, 0x0, 0x13,

    /* U+2294 "⊔" */
    0x27, 0x0, 0x3, 0x65, 0xe0, 0x0, 0x6d, 0x5e,
    0x0, 0x6, 0xd5, 0xe0, 0x0, 0x6d, 0x5e, 0x0,
    0x6, 0xd5, 0xe2, 0x22, 0x7d, 0x5f, 0xff, 0xff,
    0xd0, 0x0, 0x0, 0x0,

    /* U+2295 "⊕" */
    0x0, 0x2, 0x30, 0x0, 0x0, 0x3d, 0xfe, 0xf8,
    0x0, 0x3f, 0x60, 0x72, 0xd8, 0xb, 0x80, 0x1e,
    0x2, 0xf1, 0xf4, 0xee, 0xfe, 0x8c, 0x4e, 0x30,
    0x1e, 0x0, 0xd4, 0x9a, 0x1, 0xe0, 0x5e, 0x1,
    0xdb, 0x44, 0x7f, 0x50, 0x1, 0x8d, 0xeb, 0x30,
    0x0,

    /* U+2296 "⊖" */
    0x0, 0x2, 0x30, 0x0, 0x0, 0x3d, 0xfe, 0xf8,
    0x0, 0x3f, 0x60, 0x2, 0xd8, 0xb, 0x80, 0x0,
    0x2, 0xf1, 0xf5, 0xee, 0xee, 0x7c, 0x4e, 0x30,
    0x0, 0x0, 0xd4, 0x9a, 0x0, 0x0, 0x5e, 0x1,
    0xdb, 0x43, 0x7f, 0x50, 0x1, 0x8d, 0xeb, 0x30,
    0x0,

    /* U+2297 "⊗" */
    0x0, 0x2, 0x30, 0x0, 0x0, 0x3d, 0xfe, 0xf8,
    0x0, 0x3f, 0x60, 0x3, 0xd8, 0xb, 0x88, 0x72,
    0xc2, 0xf1, 0xf2, 0xc, 0xe3, 0xc, 0x4e, 0x33,
    0xec, 0x80, 0xd4, 0x9a, 0x63, 0x9, 0x5e, 0x1,
    0xdb, 0x43, 0x7f, 0x50, 0x1, 0x8d, 0xeb, 0x30,
    0x0,

    /* U+2298 "⊘" */
    0x0, 0x2, 0x30, 0x0, 0x0, 0x3d, 0xfe, 0xf8,
    0x0, 0x3f, 0x60, 0x3, 0xd8, 0xb, 0x80, 0x2,
    0xc2, 0xf1, 0xf2, 0x3, 0xe4, 0xc, 0x4e, 0x33,
    0xe3, 0x0, 0xd4, 0x9a, 0x63, 0x0, 0x5e, 0x1,
    0xdb, 0x43, 0x7f, 0x50, 0x1, 0x8d, 0xeb, 0x30,
    0x0,

    /* U+2299 "⊙" */
    0x0, 0x2, 0x30, 0x0, 0x0, 0x3d, 0xfe, 0xf8,
    0x0, 0x3f, 0x60, 0x2, 0xd8, 0xb, 0x80, 0x24,
    0x2, 0xf1, 0xf2, 0xe, 0xf4, 0xc, 0x4e, 0x30,
    0x9d, 0x20, 0xd4, 0x9a, 0x0, 0x0, 0x5e, 0x1,
    0xdb, 0x43, 0x7f, 0x50, 0x1, 0x8d, 0xeb, 0x30,
    0x0,

    /* U+229A "⊚" */
    0x0, 0x2, 0x30, 0x0, 0x0, 0x3d, 0xfe, 0xf8,
    0x0, 0x3f, 0x60, 0x2, 0xd8, 0xb, 0x81, 0xce,
    0x52, 0xf1, 0xf2, 0x85, 0xd, 0xc, 0x4e, 0x37,
    0x84, 0xd0, 0xd4, 0x9a, 0x9, 0xa2, 0x5e, 0x1,
    0xdb, 0x43, 0x7f, 0x50, 0x1, 0x8d, 0xeb, 0x30,
    0x0,

    /* U+229B "⊛" */
    0x0, 0x2, 0x30, 0x0, 0x0, 0x3d, 0xfe, 0xf8,
    0x0, 0x3f, 0x64, 0x82, 0xd8, 0xb, 0x83, 0x4a,
    0x14, 0xf1, 0xf3, 0xbd, 0xec, 0x4c, 0x4e, 0x31,
    0xdd, 0x40, 0xd4, 0x9a, 0x68, 0x3c, 0x5e, 0x1,
    0xdb, 0x43, 0x7f, 0x50, 0x1, 0x8d, 0xeb, 0x30,
    0x0,

    /* U+229C "⊜" */
    0x0, 0x2, 0x30, 0x0, 0x0, 0x3d, 0xfe, 0xf8,
    0x0, 0x3f, 0x60, 0x2, 0xd8, 0xb, 0x9a, 0xaa,
    0xa7, 0xf1, 0xf3, 0x22, 0x22, 0x1c, 0x4e, 0x6f,
    0xff, 0xf6, 0xd4, 0x9a, 0x0, 0x0, 0x5e, 0x1,
    0xdb, 0x43, 0x7f, 0x50, 0x1, 0x8d, 0xeb, 0x30,
    0x0,

    /* U+22A2 "⊢" */
    0x0, 0x0, 0x0, 0x5, 0xe0, 0x0, 0x0, 0x5e,
    0x0, 0x0, 0x5, 0xe0, 0x0, 0x0, 0x5f, 0xbb,
    0xbb, 0x75, 0xf7, 0x77, 0x74, 0x5e, 0x0, 0x0,
    0x5, 0xe0, 0x0, 0x0, 0x4b, 0x0, 0x0, 0x0,

    /* U+22A3 "⊣" */
    0x0, 0x0, 0x0, 0x0, 0x0, 0x0, 0xe6, 0x0,
    0x0, 0xe, 0x60, 0x0, 0x0, 0xe6, 0x7b, 0xbb,
    0xbf, 0x64, 0x77, 0x77, 0xf6, 0x0, 0x0, 0xe,
    0x60, 0x0, 0x0, 0xe6, 0x0, 0x0, 0xb, 0x40,

    /* U+22A4 "⊤" */
    0x12, 0x22, 0x22, 0x27, 0xff, 0xff, 0xfe, 0x0,
    0xe, 0x50, 0x0, 0x0, 0xe5, 0x0, 0x0, 0xe,
    0x50, 0x0, 0x0, 0xe5, 0x0, 0x0, 0xe, 0x50,
    0x0, 0x0, 0xe5, 0x0, 0x0, 0xa, 0x30, 0x0,

    /* U+22A5 "⊥" */
    0x0, 0xd, 0x50, 0x0, 0x0, 0xe5, 0x0, 0x0,
    0xe, 0x50, 0x0, 0x0, 0xe5, 0x0, 0x0, 0xe,
    0x50, 0x0, 0x0, 0xe5, 0x0, 0x14, 0x4e, 0x84,
    0x37, 0xee, 0xee, 0xed,

    /* U+22B4 "⊴" */
    0x0, 0x0, 0x1, 0x30, 0x0, 0x5a, 0xf9, 0x9,
    0xda, 0x58, 0x90, 0x8d, 0xb6, 0x89, 0x0, 0x3,
    0x9f, 0x90, 0x11, 0x11, 0x23, 0x1f, 0xff, 0xff,
    0x90, 0x0, 0x0, 0x0,

    /* U+22B5 "⊵" */
    0x3, 0x0, 0x0, 0x1, 0xfd, 0x71, 0x0, 0x1e,
    0x28, 0xdb, 0x31, 0xe4, 0x9d, 0xa3, 0x1f, 0xc6,
    0x10, 0x0, 0x31, 0x11, 0x10, 0x1f, 0xff, 0xff,
    0x80, 0x0, 0x0, 0x0,

    /* U+22B8 "⊸" */
    0x0, 0x0, 0x0, 0x0, 0x0, 0x5e, 0xe3, 0x8b,
    0xbe, 0x34, 0xb4, 0x77, 0xd6, 0x7a, 0x0, 0x2,
    0xaa, 0x10,

    /* U+22C2 "⋂" */
    0x0, 0x14, 0x40, 0x0, 0x7f, 0xef, 0xe2, 0x1f,
    0x60, 0xb, 0xa4, 0xf0, 0x0, 0x6e, 0x5e, 0x0,
    0x5, 0xe5, 0xe0, 0x0, 0x5e, 0x5e, 0x0, 0x5,
    0xe5, 0xf0, 0x0, 0x5f, 0x5f, 0x0, 0x5, 0xf0,
    0x0, 0x0, 0x0,

    /* U+22C3 "⋃" */
    0x15, 0x0, 0x1, 0x55, 0xf0, 0x0, 0x5f, 0x5f,
    0x0, 0x5, 0xf5, 0xe0, 0x0, 0x5e, 0x5e, 0x0,
    0x5, 0xe5, 0xe0, 0x0, 0x5e, 0x4f, 0x0, 0x7,
    0xd0, 0xea, 0x34, 0xe8, 0x3, 0xcf, 0xe9, 0x0,

    /* U+22C4 "⋄" */
    0x0, 0x1, 0x0, 0x0, 0x3, 0xf6, 0x0, 0x3,
    0xe5, 0xd6, 0x3, 0xf4, 0x2, 0xe5, 0xb, 0xa0,
    0x7d, 0x10, 0xb, 0xdd, 0x10, 0x0, 0x9, 0x10,
    0x0,

    /* U+22C6 "⋆" */
    0x0, 0x5, 0x0, 0x0, 0x0, 0xd1, 0x0, 0x7,
    0xef, 0xe9, 0x0, 0xa, 0xfd, 0x0, 0x0, 0xb4,
    0xb1, 0x0, 0x0, 0x0, 0x0,

    /* U+22C8 "⋈" */
    0x40, 0x0, 0x0, 0x3e, 0x80, 0x0, 0x9e, 0xee,
    0x90, 0x9e, 0xee, 0x2c, 0xdc, 0x3e, 0xe2, 0xbf,
    0xa2, 0xee, 0xcb, 0x1b, 0xce, 0xea, 0x0, 0xb,
    0xe6, 0x0, 0x0, 0x5,

    /* U+22C9 "⋉" */
    0x30, 0x0, 0x0, 0x1e, 0x80, 0x0, 0xb7, 0xee,
    0x80, 0xba, 0xe, 0x3d, 0xda, 0x0, 0xe2, 0xbf,
    0x80, 0xe, 0xca, 0x1d, 0x80, 0xea, 0x0, 0x1d,
    0x66, 0x0, 0x0, 0x12,

    /* U+22CA "⋊" */
    0x10, 0x0, 0x0, 0x37, 0xb0, 0x0, 0x8e, 0xa,
    0xb0, 0x8e, 0xe0, 0xa, 0xdd, 0x3e, 0x0, 0x8f,
    0xb2, 0xe0, 0x8d, 0x1a, 0xce, 0x6d, 0x10, 0xa,
    0xe2, 0x10, 0x0, 0x6,

    /* U+22CD "⋍" */
    0x0, 0x0, 0x34, 0x1, 0xda, 0xef, 0xe8, 0x4,
    0x74, 0x0, 0x21, 0xff, 0xff, 0xf8, 0x3, 0x33,
    0x33, 0x20,

    /* U+22CE "⋎" */
    0x34, 0x0, 0x3, 0x42, 0xf4, 0x1, 0xf4, 0x7,
    0xc0, 0x9a, 0x0, 0xe, 0x6f, 0x20, 0x0, 0x8f,
    0xb0, 0x0, 0x2, 0xf5, 0x0, 0x0, 0x8, 0x10,
    0x0,

    /* U+22D0 "⋐" */
    0x0, 0x58, 0x99, 0x41, 0xdb, 0x65, 0x52, 0x8a,
    0x6e, 0xee, 0x6b, 0x5f, 0x20, 0x0, 0xa6, 0xc9,
    0x55, 0x24, 0xe5, 0x67, 0x73, 0x4, 0xce, 0xee,
    0x60, 0x0, 0x0, 0x0,

    /* U+22D1 "⋑" */
    0x39, 0x98, 0x50, 0x2, 0x55, 0x6a, 0xd1, 0x5e,
    0xee, 0x78, 0x90, 0x0, 0x1f, 0x4c, 0x25, 0x58,
    0xd5, 0xb3, 0x77, 0x65, 0xe5, 0x5e, 0xee, 0xc5,
    0x0, 0x0, 0x0, 0x0,

    /* U+22E2 "⋢" */
    0x14, 0x44, 0x4d, 0x35, 0xfe, 0xef, 0xf9, 0x5e,
    0x0, 0xd3, 0x5, 0xe0, 0x4c, 0x0, 0x5e, 0xa,
    0x60, 0x5, 0xf3, 0xf3, 0x31, 0x5f, 0xff, 0xff,
    0x90, 0x2d, 0x52, 0x21, 0x5f, 0xff, 0xff, 0xa0,
    0x65, 0x0, 0x0,

    /* U+22E3 "⋣" */
    0x4, 0x44, 0x4d, 0x52, 0xee, 0xef, 0xfd, 0x0,
    0x0, 0xbc, 0xd0, 0x0, 0x2e, 0x7d, 0x0, 0x8,
    0x87, 0xd0, 0x33, 0xe5, 0x8d, 0x2f, 0xff, 0xff,
    0xc0, 0x2c, 0x72, 0x22, 0x2f, 0xff, 0xff, 0xd0,
    0x56, 0x0, 0x0
};


/*---------------------
 *  GLYPH DESCRIPTION
 *--------------------*/

static const lv_font_fmt_txt_glyph_dsc_t glyph_dsc[] = {
    {.bitmap_index = 0, .adv_w = 0, .box_w = 0, .box_h = 0, .ofs_x = 0, .ofs_y = 0} /* id = 0 reserved */,
    {.bitmap_index = 0, .adv_w = 115, .box_w = 0, .box_h = 0, .ofs_x = 0, .ofs_y = 0},
    {.bitmap_index = 0, .adv_w = 115, .box_w = 3, .box_h = 9, .ofs_x = 2, .ofs_y = 0},
    {.bitmap_index = 14, .adv_w = 115, .box_w = 5, .box_h = 4, .ofs_x = 1, .ofs_y = 5},
    {.bitmap_index = 24, .adv_w = 115, .box_w = 7, .box_h = 9, .ofs_x = 0, .ofs_y = 0},
    {.bitmap_index = 56, .adv_w = 115, .box_w = 7, .box_h = 11, .ofs_x = 0, .ofs_y = -1},
    {.bitmap_index = 95, .adv_w = 115, .box_w = 8, .box_h = 9, .ofs_x = 0, .ofs_y = 0},
    {.bitmap_index = 131, .adv_w = 115, .box_w = 7, .box_h = 9, .ofs_x = 0, .ofs_y = 0},
    {.bitmap_index = 163, .adv_w = 115, .box_w = 3, .box_h = 4, .ofs_x = 2, .ofs_y = 5},
    {.bitmap_index = 169, .adv_w = 115, .box_w = 4, .box_h = 12, .ofs_x = 2, .ofs_y = -3},
    {.bitmap_index = 193, .adv_w = 115, .box_w = 4, .box_h = 12, .ofs_x = 1, .ofs_y = -3},
    {.bitmap_index = 217, .adv_w = 115, .box_w = 7, .box_h = 6, .ofs_x = 0, .ofs_y = 4},
    {.bitmap_index = 238, .adv_w = 115, .box_w = 7, .box_h = 6, .ofs_x = 0, .ofs_y = 2},
    {.bitmap_index = 259, .adv_w = 115, .box_w = 3, .box_h = 4, .ofs_x = 2, .ofs_y = -2},
    {.bitmap_index = 265, .adv_w = 115, .box_w = 5, .box_h = 3, .ofs_x = 1, .ofs_y = 2},
    {.bitmap_index = 273, .adv_w = 115, .box_w = 3, .box_h = 3, .ofs_x = 2, .ofs_y = 0},
    {.bitmap_index = 278, .adv_w = 115, .box_w = 5, .box_h = 9, .ofs_x = 1, .ofs_y = 0},
    {.bitmap_index = 301, .adv_w = 115, .box_w = 7, .box_h = 9, .ofs_x = 0, .ofs_y = 0},
    {.bitmap_index = 333, .adv_w = 115, .box_w = 7, .box_h = 9, .ofs_x = 0, .ofs_y = 0},
    {.bitmap_index = 365, .adv_w = 115, .box_w = 7, .box_h = 9, .ofs_x = 0, .ofs_y = 0},
    {.bitmap_index = 397, .adv_w = 115, .box_w = 7, .box_h = 9, .ofs_x = 0, .ofs_y = 0},
    {.bitmap_index = 429, .adv_w = 115, .box_w = 7, .box_h = 9, .ofs_x = 0, .ofs_y = 0},
    {.bitmap_index = 461, .adv_w = 115, .box_w = 7, .box_h = 9, .ofs_x = 0, .ofs_y = 0},
    {.bitmap_index = 493, .adv_w = 115, .box_w = 7, .box_h = 9, .ofs_x = 0, .ofs_y = 0},
    {.bitmap_index = 525, .adv_w = 115, .box_w = 7, .box_h = 9, .ofs_x = 0, .ofs_y = 0},
    {.bitmap_index = 557, .adv_w = 115, .box_w = 7, .box_h = 9, .ofs_x = 0, .ofs_y = 0},
    {.bitmap_index = 589, .adv_w = 115, .box_w = 7, .box_h = 9, .ofs_x = 0, .ofs_y = 0},
    {.bitmap_index = 621, .adv_w = 115, .box_w = 3, .box_h = 7, .ofs_x = 2, .ofs_y = 0},
    {.bitmap_index = 632, .adv_w = 115, .box_w = 3, .box_h = 9, .ofs_x = 2, .ofs_y = -2},
    {.bitmap_index = 646, .adv_w = 115, .box_w = 6, .box_h = 7, .ofs_x = 1, .ofs_y = 1},
    {.bitmap_index = 667, .adv_w = 115, .box_w = 7, .box_h = 6, .ofs_x = 0, .ofs_y = 2},
    {.bitmap_index = 688, .adv_w = 115, .box_w = 6, .box_h = 7, .ofs_x = 1, .ofs_y = 1},
    {.bitmap_index = 709, .adv_w = 115, .box_w = 6, .box_h = 9, .ofs_x = 1, .ofs_y = 0},
    {.bitmap_index = 736, .adv_w = 115, .box_w = 8, .box_h = 10, .ofs_x = 0, .ofs_y = -1},
    {.bitmap_index = 776, .adv_w = 115, .box_w = 8, .box_h = 9, .ofs_x = 0, .ofs_y = 0},
    {.bitmap_index = 812, .adv_w = 115, .box_w = 6, .box_h = 9, .ofs_x = 1, .ofs_y = 0},
    {.bitmap_index = 839, .adv_w = 115, .box_w = 7, .box_h = 9, .ofs_x = 0, .ofs_y = 0},
    {.bitmap_index = 871, .adv_w = 115, .box_w = 7, .box_h = 9, .ofs_x = 0, .ofs_y = 0},
    {.bitmap_index = 903, .adv_w = 115, .box_w = 6, .box_h = 9, .ofs_x = 1, .ofs_y = 0},
    {.bitmap_index = 930, .adv_w = 115, .box_w = 6, .box_h = 9, .ofs_x = 1, .ofs_y = 0},
    {.bitmap_index = 957, .adv_w = 115, .box_w = 7, .box_h = 9, .ofs_x = 0, .ofs_y = 0},
    {.bitmap_index = 989, .adv_w = 115, .box_w = 7, .box_h = 9, .ofs_x = 0, .ofs_y = 0},
    {.bitmap_index = 1021, .adv_w = 115, .box_w = 6, .box_h = 9, .ofs_x = 1, .ofs_y = 0},
    {.bitmap_index = 1048, .adv_w = 115, .box_w = 5, .box_h = 9, .ofs_x = 1, .ofs_y = 0},
    {.bitmap_index = 1071, .adv_w = 115, .box_w = 7, .box_h = 9, .ofs_x = 0, .ofs_y = 0},
    {.bitmap_index = 1103, .adv_w = 115, .box_w = 6, .box_h = 9, .ofs_x = 1, .ofs_y = 0},
    {.bitmap_index = 1130, .adv_w = 115, .box_w = 7, .box_h = 9, .ofs_x = 0, .ofs_y = 0},
    {.bitmap_index = 1162, .adv_w = 115, .box_w = 7, .box_h = 9, .ofs_x = 0, .ofs_y = 0},
    {.bitmap_index = 1194, .adv_w = 115, .box_w = 7, .box_h = 9, .ofs_x = 0, .ofs_y = 0},
    {.bitmap_index = 1226, .adv_w = 115, .box_w = 6, .box_h = 9, .ofs_x = 1, .ofs_y = 0},
    {.bitmap_index = 1253, .adv_w = 115, .box_w = 7, .box_h = 11, .ofs_x = 0, .ofs_y = -2},
    {.bitmap_index = 1292, .adv_w = 115, .box_w = 6, .box_h = 9, .ofs_x = 1, .ofs_y = 0},
    {.bitmap_index = 1319, .adv_w = 115, .box_w = 7, .box_h = 9, .ofs_x = 0, .ofs_y = 0},
    {.bitmap_index = 1351, .adv_w = 115, .box_w = 7, .box_h = 9, .ofs_x = 0, .ofs_y = 0},
    {.bitmap_index = 1383, .adv_w = 115, .box_w = 7, .box_h = 9, .ofs_x = 0, .ofs_y = 0},
    {.bitmap_index = 1415, .adv_w = 115, .box_w = 8, .box_h = 9, .ofs_x = 0, .ofs_y = 0},
    {.bitmap_index = 1451, .adv_w = 115, .box_w = 8, .box_h = 9, .ofs_x = 0, .ofs_y = 0},
    {.bitmap_index = 1487, .adv_w = 115, .box_w = 7, .box_h = 9, .ofs_x = 0, .ofs_y = 0},
    {.bitmap_index = 1519, .adv_w = 115, .box_w = 7, .box_h = 9, .ofs_x = 0, .ofs_y = 0},
    {.bitmap_index = 1551, .adv_w = 115, .box_w = 6, .box_h = 9, .ofs_x = 1, .ofs_y = 0},
    {.bitmap_index = 1578, .adv_w = 115, .box_w = 4, .box_h = 12, .ofs_x = 2, .ofs_y = -3},
    {.bitmap_index = 1602, .adv_w = 115, .box_w = 5, .box_h = 9, .ofs_x = 1, .ofs_y = 0},
    {.bitmap_index = 1625, .adv_w = 115, .box_w = 4, .box_h = 12, .ofs_x = 1, .ofs_y = -3},
    {.bitmap_index = 1649, .adv_w = 115, .box_w = 7, .box_h = 6, .ofs_x = 0, .ofs_y = 3},
    {.bitmap_index = 1670, .adv_w = 115, .box_w = 8, .box_h = 3, .ofs_x = 0, .ofs_y = -3},
    {.bitmap_index = 1682, .adv_w = 115, .box_w = 4, .box_h = 2, .ofs_x = 1, .ofs_y = 8},
    {.bitmap_index = 1686, .adv_w = 115, .box_w = 7, .box_h = 7, .ofs_x = 0, .ofs_y = 0},
    {.bitmap_index = 1711, .adv_w = 115, .box_w = 7, .box_h = 10, .ofs_x = 0, .ofs_y = 0},
    {.bitmap_index = 1746, .adv_w = 115, .box_w = 7, .box_h = 7, .ofs_x = 0, .ofs_y = 0},
    {.bitmap_index = 1771, .adv_w = 115, .box_w = 7, .box_h = 10, .ofs_x = 0, .ofs_y = 0},
    {.bitmap_index = 1806, .adv_w = 115, .box_w = 7, .box_h = 7, .ofs_x = 0, .ofs_y = 0},
    {.bitmap_index = 1831, .adv_w = 115, .box_w = 7, .box_h = 10, .ofs_x = 0, .ofs_y = 0},
    {.bitmap_index = 1866, .adv_w = 115, .box_w = 7, .box_h = 10, .ofs_x = 0, .ofs_y = -3},
    {.bitmap_index = 1901, .adv_w = 115, .box_w = 7, .box_h = 10, .ofs_x = 0, .ofs_y = 0},
    {.bitmap_index = 1936, .adv_w = 115, .box_w = 7, .box_h = 10, .ofs_x = 0, .ofs_y = 0},
    {.bitmap_index = 1971, .adv_w = 115, .box_w = 6, .box_h = 13, .ofs_x = 0, .ofs_y = -3},
    {.bitmap_index = 2010, .adv_w = 115, .box_w = 7, .box_h = 10, .ofs_x = 0, .ofs_y = 0},
    {.bitmap_index = 2045, .adv_w = 115, .box_w = 7, .box_h = 10, .ofs_x = 0, .ofs_y = 0},
    {.bitmap_index = 2080, .adv_w = 115, .box_w = 7, .box_h = 7, .ofs_x = 0, .ofs_y = 0},
    {.bitmap_index = 2105, .adv_w = 115, .box_w = 7, .box_h = 7, .ofs_x = 0, .ofs_y = 0},
    {.bitmap_index = 2130, .adv_w = 115, .box_w = 7, .box_h = 7, .ofs_x = 0, .ofs_y = 0},
    {.bitmap_index = 2155, .adv_w = 115, .box_w = 7, .box_h = 10, .ofs_x = 0, .ofs_y = -3},
    {.bitmap_index = 2190, .adv_w = 115, .box_w = 7, .box_h = 10, .ofs_x = 0, .ofs_y = -3},
    {.bitmap_index = 2225, .adv_w = 115, .box_w = 7, .box_h = 7, .ofs_x = 0, .ofs_y = 0},
    {.bitmap_index = 2250, .adv_w = 115, .box_w = 6, .box_h = 7, .ofs_x = 1, .ofs_y = 0},
    {.bitmap_index = 2271, .adv_w = 115, .box_w = 7, .box_h = 9, .ofs_x = 0, .ofs_y = 0},
    {.bitmap_index = 2303, .adv_w = 115, .box_w = 7, .box_h = 7, .ofs_x = 0, .ofs_y = 0},
    {.bitmap_index = 2328, .adv_w = 115, .box_w = 7, .box_h = 7, .ofs_x = 0, .ofs_y = 0},
    {.bitmap_index = 2353, .adv_w = 115, .box_w = 8, .box_h = 7, .ofs_x = 0, .ofs_y = 0},
    {.bitmap_index = 2381, .adv_w = 115, .box_w = 7, .box_h = 7, .ofs_x = 0, .ofs_y = 0},
    {.bitmap_index = 2406, .adv_w = 115, .box_w = 7, .box_h = 10, .ofs_x = 0, .ofs_y = -3},
    {.bitmap_index = 2441, .adv_w = 115, .box_w = 7, .box_h = 7, .ofs_x = 0, .ofs_y = 0},
    {.bitmap_index = 2466, .adv_w = 115, .box_w = 5, .box_h = 12, .ofs_x = 1, .ofs_y = -3},
    {.bitmap_index = 2496, .adv_w = 115, .box_w = 2, .box_h = 13, .ofs_x = 3, .ofs_y = -3},
    {.bitmap_index = 2509, .adv_w = 115, .box_w = 5, .box_h = 12, .ofs_x = 1, .ofs_y = -3},
    {.bitmap_index = 2539, .adv_w = 115, .box_w = 7, .box_h = 2, .ofs_x = 0, .ofs_y = 3},
    {.bitmap_index = 2546, .adv_w = 115, .box_w = 0, .box_h = 0, .ofs_x = 0, .ofs_y = 0},
    {.bitmap_index = 2546, .adv_w = 115, .box_w = 3, .box_h = 10, .ofs_x = 2, .ofs_y = -3},
    {.bitmap_index = 2561, .adv_w = 115, .box_w = 7, .box_h = 9, .ofs_x = 0, .ofs_y = 0},
    {.bitmap_index = 2593, .adv_w = 115, .box_w = 6, .box_h = 9, .ofs_x = 1, .ofs_y = 0},
    {.bitmap_index = 2620, .adv_w = 115, .box_w = 7, .box_h = 7, .ofs_x = 0, .ofs_y = 1},
    {.bitmap_index = 2645, .adv_w = 115, .box_w = 7, .box_h = 9, .ofs_x = 0, .ofs_y = 0},
    {.bitmap_index = 2677, .adv_w = 115, .box_w = 2, .box_h = 13, .ofs_x = 3, .ofs_y = -3},
    {.bitmap_index = 2690, .adv_w = 115, .box_w = 5, .box_h = 10, .ofs_x = 1, .ofs_y = 0},
    {.bitmap_index = 2715, .adv_w = 115, .box_w = 5, .box_h = 2, .ofs_x = 1, .ofs_y = 8},
    {.bitmap_index = 2720, .adv_w = 115, .box_w = 7, .box_h = 7, .ofs_x = 0, .ofs_y = 1},
    {.bitmap_index = 2745, .adv_w = 115, .box_w = 5, .box_h = 5, .ofs_x = 1, .ofs_y = 4},
    {.bitmap_index = 2758, .adv_w = 115, .box_w = 7, .box_h = 7, .ofs_x = 0, .ofs_y = 0},
    {.bitmap_index = 2783, .adv_w = 115, .box_w = 7, .box_h = 4, .ofs_x = 0, .ofs_y = 1},
    {.bitmap_index = 2797, .adv_w = 115, .box_w = 7, .box_h = 7, .ofs_x = 0, .ofs_y = 1},
    {.bitmap_index = 2822, .adv_w = 115, .box_w = 5, .box_h = 2, .ofs_x = 1, .ofs_y = 7},
    {.bitmap_index = 2827, .adv_w = 115, .box_w = 5, .box_h = 4, .ofs_x = 1, .ofs_y = 5},
    {.bitmap_index = 2837, .adv_w = 115, .box_w = 7, .box_h = 8, .ofs_x = 0, .ofs_y = 0},
    {.bitmap_index = 2865, .adv_w = 115, .box_w = 5, .box_h = 6, .ofs_x = 1, .ofs_y = 5},
    {.bitmap_index = 2880, .adv_w = 115, .box_w = 5, .box_h = 6, .ofs_x = 1, .ofs_y = 5},
    {.bitmap_index = 2895, .adv_w = 115, .box_w = 4, .box_h = 2, .ofs_x = 2, .ofs_y = 8},
    {.bitmap_index = 2899, .adv_w = 115, .box_w = 7, .box_h = 10, .ofs_x = 0, .ofs_y = -3},
    {.bitmap_index = 2934, .adv_w = 115, .box_w = 7, .box_h = 12, .ofs_x = 0, .ofs_y = -2},
    {.bitmap_index = 2976, .adv_w = 115, .box_w = 3, .box_h = 3, .ofs_x = 2, .ofs_y = 3},
    {.bitmap_index = 2981, .adv_w = 115, .box_w = 3, .box_h = 4, .ofs_x = 2, .ofs_y = -3},
    {.bitmap_index = 2987, .adv_w = 115, .box_w = 5, .box_h = 6, .ofs_x = 1, .ofs_y = 5},
    {.bitmap_index = 3002, .adv_w = 115, .box_w = 5, .box_h = 5, .ofs_x = 1, .ofs_y = 4},
    {.bitmap_index = 3015, .adv_w = 115, .box_w = 7, .box_h = 7, .ofs_x = 0, .ofs_y = 0},
    {.bitmap_index = 3040, .adv_w = 115, .box_w = 7, .box_h = 10, .ofs_x = 0, .ofs_y = 0},
    {.bitmap_index = 3075, .adv_w = 115, .box_w = 7, .box_h = 10, .ofs_x = 0, .ofs_y = 0},
    {.bitmap_index = 3110, .adv_w = 115, .box_w = 7, .box_h = 10, .ofs_x = 0, .ofs_y = 0},
    {.bitmap_index = 3145, .adv_w = 115, .box_w = 6, .box_h = 10, .ofs_x = 0, .ofs_y = -3},
    {.bitmap_index = 3175, .adv_w = 115, .box_w = 8, .box_h = 12, .ofs_x = 0, .ofs_y = 0},
    {.bitmap_index = 3223, .adv_w = 115, .box_w = 8, .box_h = 12, .ofs_x = 0, .ofs_y = 0},
    {.bitmap_index = 3271, .adv_w = 115, .box_w = 8, .box_h = 12, .ofs_x = 0, .ofs_y = 0},
    {.bitmap_index = 3319, .adv_w = 115, .box_w = 8, .box_h = 12, .ofs_x = 0, .ofs_y = 0},
    {.bitmap_index = 3367, .adv_w = 115, .box_w = 8, .box_h = 12, .ofs_x = 0, .ofs_y = 0},
    {.bitmap_index = 3415, .adv_w = 115, .box_w = 8, .box_h = 13, .ofs_x = 0, .ofs_y = 0},
    {.bitmap_index = 3467, .adv_w = 115, .box_w = 7, .box_h = 9, .ofs_x = 0, .ofs_y = 0},
    {.bitmap_index = 3499, .adv_w = 115, .box_w = 7, .box_h = 12, .ofs_x = 0, .ofs_y = -3},
    {.bitmap_index = 3541, .adv_w = 115, .box_w = 6, .box_h = 12, .ofs_x = 1, .ofs_y = 0},
    {.bitmap_index = 3577, .adv_w = 115, .box_w = 6, .box_h = 12, .ofs_x = 1, .ofs_y = 0},
    {.bitmap_index = 3613, .adv_w = 115, .box_w = 6, .box_h = 12, .ofs_x = 1, .ofs_y = 0},
    {.bitmap_index = 3649, .adv_w = 115, .box_w = 6, .box_h = 12, .ofs_x = 1, .ofs_y = 0},
    {.bitmap_index = 3685, .adv_w = 115, .box_w = 6, .box_h = 12, .ofs_x = 1, .ofs_y = 0},
    {.bitmap_index = 3721, .adv_w = 115, .box_w = 6, .box_h = 12, .ofs_x = 1, .ofs_y = 0},
    {.bitmap_index = 3757, .adv_w = 115, .box_w = 6, .box_h = 12, .ofs_x = 1, .ofs_y = 0},
    {.bitmap_index = 3793, .adv_w = 115, .box_w = 6, .box_h = 12, .ofs_x = 1, .ofs_y = 0},
    {.bitmap_index = 3829, .adv_w = 115, .box_w = 7, .box_h = 9, .ofs_x = 0, .ofs_y = 0},
    {.bitmap_index = 3861, .adv_w = 115, .box_w = 7, .box_h = 12, .ofs_x = 0, .ofs_y = 0},
    {.bitmap_index = 3903, .adv_w = 115, .box_w = 7, .box_h = 12, .ofs_x = 0, .ofs_y = 0},
    {.bitmap_index = 3945, .adv_w = 115, .box_w = 7, .box_h = 12, .ofs_x = 0, .ofs_y = 0},
    {.bitmap_index = 3987, .adv_w = 115, .box_w = 7, .box_h = 12, .ofs_x = 0, .ofs_y = 0},
    {.bitmap_index = 4029, .adv_w = 115, .box_w = 7, .box_h = 12, .ofs_x = 0, .ofs_y = 0},
    {.bitmap_index = 4071, .adv_w = 115, .box_w = 7, .box_h = 12, .ofs_x = 0, .ofs_y = 0},
    {.bitmap_index = 4113, .adv_w = 115, .box_w = 7, .box_h = 7, .ofs_x = 0, .ofs_y = 1},
    {.bitmap_index = 4138, .adv_w = 115, .box_w = 7, .box_h = 11, .ofs_x = 0, .ofs_y = -1},
    {.bitmap_index = 4177, .adv_w = 115, .box_w = 7, .box_h = 12, .ofs_x = 0, .ofs_y = 0},
    {.bitmap_index = 4219, .adv_w = 115, .box_w = 7, .box_h = 12, .ofs_x = 0, .ofs_y = 0},
    {.bitmap_index = 4261, .adv_w = 115, .box_w = 7, .box_h = 12, .ofs_x = 0, .ofs_y = 0},
    {.bitmap_index = 4303, .adv_w = 115, .box_w = 7, .box_h = 12, .ofs_x = 0, .ofs_y = 0},
    {.bitmap_index = 4345, .adv_w = 115, .box_w = 7, .box_h = 12, .ofs_x = 0, .ofs_y = 0},
    {.bitmap_index = 4387, .adv_w = 115, .box_w = 6, .box_h = 9, .ofs_x = 1, .ofs_y = 0},
    {.bitmap_index = 4414, .adv_w = 115, .box_w = 7, .box_h = 10, .ofs_x = 0, .ofs_y = 0},
    {.bitmap_index = 4449, .adv_w = 115, .box_w = 7, .box_h = 10, .ofs_x = 0, .ofs_y = 0},
    {.bitmap_index = 4484, .adv_w = 115, .box_w = 7, .box_h = 10, .ofs_x = 0, .ofs_y = 0},
    {.bitmap_index = 4519, .adv_w = 115, .box_w = 7, .box_h = 10, .ofs_x = 0, .ofs_y = 0},
    {.bitmap_index = 4554, .adv_w = 115, .box_w = 7, .box_h = 10, .ofs_x = 0, .ofs_y = 0},
    {.bitmap_index = 4589, .adv_w = 115, .box_w = 7, .box_h = 10, .ofs_x = 0, .ofs_y = 0},
    {.bitmap_index = 4624, .adv_w = 115, .box_w = 7, .box_h = 11, .ofs_x = 0, .ofs_y = 0},
    {.bitmap_index = 4663, .adv_w = 115, .box_w = 8, .box_h = 7, .ofs_x = 0, .ofs_y = 0},
    {.bitmap_index = 4691, .adv_w = 115, .box_w = 7, .box_h = 10, .ofs_x = 0, .ofs_y = -3},
    {.bitmap_index = 4726, .adv_w = 115, .box_w = 7, .box_h = 10, .ofs_x = 0, .ofs_y = 0},
    {.bitmap_index = 4761, .adv_w = 115, .box_w = 7, .box_h = 10, .ofs_x = 0, .ofs_y = 0},
    {.bitmap_index = 4796, .adv_w = 115, .box_w = 7, .box_h = 10, .ofs_x = 0, .ofs_y = 0},
    {.bitmap_index = 4831, .adv_w = 115, .box_w = 7, .box_h = 10, .ofs_x = 0, .ofs_y = 0},
    {.bitmap_index = 4866, .adv_w = 115, .box_w = 7, .box_h = 10, .ofs_x = 0, .ofs_y = 0},
    {.bitmap_index = 4901, .adv_w = 115, .box_w = 7, .box_h = 10, .ofs_x = 0, .ofs_y = 0},
    {.bitmap_index = 4936, .adv_w = 115, .box_w = 7, .box_h = 10, .ofs_x = 0, .ofs_y = 0},
    {.bitmap_index = 4971, .adv_w = 115, .box_w = 7, .box_h = 10, .ofs_x = 0, .ofs_y = 0},
    {.bitmap_index = 5006, .adv_w = 115, .box_w = 7, .box_h = 10, .ofs_x = 0, .ofs_y = 0},
    {.bitmap_index = 5041, .adv_w = 115, .box_w = 7, .box_h = 10, .ofs_x = 0, .ofs_y = 0},
    {.bitmap_index = 5076, .adv_w = 115, .box_w = 7, .box_h = 10, .ofs_x = 0, .ofs_y = 0},
    {.bitmap_index = 5111, .adv_w = 115, .box_w = 7, .box_h = 10, .ofs_x = 0, .ofs_y = 0},
    {.bitmap_index = 5146, .adv_w = 115, .box_w = 7, .box_h = 10, .ofs_x = 0, .ofs_y = 0},
    {.bitmap_index = 5181, .adv_w = 115, .box_w = 7, .box_h = 10, .ofs_x = 0, .ofs_y = 0},
    {.bitmap_index = 5216, .adv_w = 115, .box_w = 7, .box_h = 10, .ofs_x = 0, .ofs_y = 0},
    {.bitmap_index = 5251, .adv_w = 115, .box_w = 7, .box_h = 6, .ofs_x = 0, .ofs_y = 1},
    {.bitmap_index = 5272, .adv_w = 115, .box_w = 7, .box_h = 9, .ofs_x = 0, .ofs_y = -1},
    {.bitmap_index = 5304, .adv_w = 115, .box_w = 7, .box_h = 10, .ofs_x = 0, .ofs_y = 0},
    {.bitmap_index = 5339, .adv_w = 115, .box_w = 7, .box_h = 10, .ofs_x = 0, .ofs_y = 0},
    {.bitmap_index = 5374, .adv_w = 115, .box_w = 7, .box_h = 10, .ofs_x = 0, .ofs_y = 0},
    {.bitmap_index = 5409, .adv_w = 115, .box_w = 7, .box_h = 10, .ofs_x = 0, .ofs_y = 0},
    {.bitmap_index = 5444, .adv_w = 115, .box_w = 7, .box_h = 13, .ofs_x = 0, .ofs_y = -3},
    {.bitmap_index = 5490, .adv_w = 115, .box_w = 7, .box_h = 13, .ofs_x = 0, .ofs_y = -3},
    {.bitmap_index = 5536, .adv_w = 115, .box_w = 7, .box_h = 13, .ofs_x = 0, .ofs_y = -3},
    {.bitmap_index = 5582, .adv_w = 115, .box_w = 8, .box_h = 11, .ofs_x = 0, .ofs_y = 0},
    {.bitmap_index = 5626, .adv_w = 115, .box_w = 7, .box_h = 9, .ofs_x = 0, .ofs_y = 0},
    {.bitmap_index = 5658, .adv_w = 115, .box_w = 8, .box_h = 12, .ofs_x = 0, .ofs_y = 0},
    {.bitmap_index = 5706, .adv_w = 115, .box_w = 7, .box_h = 10, .ofs_x = 0, .ofs_y = 0},
    {.bitmap_index = 5741, .adv_w = 115, .box_w = 8, .box_h = 12, .ofs_x = 0, .ofs_y = -3},
    {.bitmap_index = 5789, .adv_w = 115, .box_w = 7, .box_h = 10, .ofs_x = 0, .ofs_y = -3},
    {.bitmap_index = 5824, .adv_w = 115, .box_w = 7, .box_h = 12, .ofs_x = 0, .ofs_y = 0},
    {.bitmap_index = 5866, .adv_w = 115, .box_w = 7, .box_h = 10, .ofs_x = 0, .ofs_y = 0},
    {.bitmap_index = 5901, .adv_w = 115, .box_w = 7, .box_h = 12, .ofs_x = 0, .ofs_y = 0},
    {.bitmap_index = 5943, .adv_w = 115, .box_w = 7, .box_h = 10, .ofs_x = 0, .ofs_y = 0},
    {.bitmap_index = 5978, .adv_w = 115, .box_w = 7, .box_h = 12, .ofs_x = 0, .ofs_y = 0},
    {.bitmap_index = 6020, .adv_w = 115, .box_w = 7, .box_h = 10, .ofs_x = 0, .ofs_y = 0},
    {.bitmap_index = 6055, .adv_w = 115, .box_w = 7, .box_h = 12, .ofs_x = 0, .ofs_y = 0},
    {.bitmap_index = 6097, .adv_w = 115, .box_w = 7, .box_h = 10, .ofs_x = 0, .ofs_y = 0},
    {.bitmap_index = 6132, .adv_w = 115, .box_w = 7, .box_h = 12, .ofs_x = 0, .ofs_y = 0},
    {.bitmap_index = 6174, .adv_w = 115, .box_w = 8, .box_h = 10, .ofs_x = 0, .ofs_y = 0},
    {.bitmap_index = 6214, .adv_w = 115, .box_w = 7, .box_h = 9, .ofs_x = 0, .ofs_y = 0},
    {.bitmap_index = 6246, .adv_w = 115, .box_w = 8, .box_h = 10, .ofs_x = 0, .ofs_y = 0},
    {.bitmap_index = 6286, .adv_w = 115, .box_w = 6, .box_h = 11, .ofs_x = 1, .ofs_y = 0},
    {.bitmap_index = 6319, .adv_w = 115, .box_w = 7, .box_h = 9, .ofs_x = 0, .ofs_y = 0},
    {.bitmap_index = 6351, .adv_w = 115, .box_w = 6, .box_h = 12, .ofs_x = 1, .ofs_y = 0},
    {.bitmap_index = 6387, .adv_w = 115, .box_w = 7, .box_h = 10, .ofs_x = 0, .ofs_y = 0},
    {.bitmap_index = 6422, .adv_w = 115, .box_w = 6, .box_h = 12, .ofs_x = 1, .ofs_y = 0},
    {.bitmap_index = 6458, .adv_w = 115, .box_w = 7, .box_h = 10, .ofs_x = 0, .ofs_y = 0},
    {.bitmap_index = 6493, .adv_w = 115, .box_w = 6, .box_h = 12, .ofs_x = 1, .ofs_y = -3},
    {.bitmap_index = 6529, .adv_w = 115, .box_w = 7, .box_h = 10, .ofs_x = 0, .ofs_y = -3},
    {.bitmap_index = 6564, .adv_w = 115, .box_w = 6, .box_h = 12, .ofs_x = 1, .ofs_y = 0},
    {.bitmap_index = 6600, .adv_w = 115, .box_w = 7, .box_h = 10, .ofs_x = 0, .ofs_y = 0},
    {.bitmap_index = 6635, .adv_w = 115, .box_w = 7, .box_h = 12, .ofs_x = 0, .ofs_y = 0},
    {.bitmap_index = 6677, .adv_w = 115, .box_w = 7, .box_h = 13, .ofs_x = 0, .ofs_y = -3},
    {.bitmap_index = 6723, .adv_w = 115, .box_w = 7, .box_h = 12, .ofs_x = 0, .ofs_y = 0},
    {.bitmap_index = 6765, .adv_w = 115, .box_w = 7, .box_h = 13, .ofs_x = 0, .ofs_y = -3},
    {.bitmap_index = 6811, .adv_w = 115, .box_w = 7, .box_h = 12, .ofs_x = 0, .ofs_y = 0},
    {.bitmap_index = 6853, .adv_w = 115, .box_w = 7, .box_h = 13, .ofs_x = 0, .ofs_y = -3},
    {.bitmap_index = 6899, .adv_w = 115, .box_w = 7, .box_h = 12, .ofs_x = 0, .ofs_y = -3},
    {.bitmap_index = 6941, .adv_w = 115, .box_w = 7, .box_h = 13, .ofs_x = 0, .ofs_y = -3},
    {.bitmap_index = 6987, .adv_w = 115, .box_w = 7, .box_h = 12, .ofs_x = 0, .ofs_y = 0},
    {.bitmap_index = 7029, .adv_w = 115, .box_w = 8, .box_h = 13, .ofs_x = -1, .ofs_y = 0},
    {.bitmap_index = 7081, .adv_w = 115, .box_w = 8, .box_h = 9, .ofs_x = 0, .ofs_y = 0},
    {.bitmap_index = 7117, .adv_w = 115, .box_w = 7, .box_h = 10, .ofs_x = 0, .ofs_y = 0},
    {.bitmap_index = 7152, .adv_w = 115, .box_w = 6, .box_h = 12, .ofs_x = 1, .ofs_y = 0},
    {.bitmap_index = 7188, .adv_w = 115, .box_w = 7, .box_h = 10, .ofs_x = 0, .ofs_y = 0},
    {.bitmap_index = 7223, .adv_w = 115, .box_w = 6, .box_h = 11, .ofs_x = 1, .ofs_y = 0},
    {.bitmap_index = 7256, .adv_w = 115, .box_w = 7, .box_h = 9, .ofs_x = 0, .ofs_y = 0},
    {.bitmap_index = 7288, .adv_w = 115, .box_w = 6, .box_h = 12, .ofs_x = 1, .ofs_y = 0},
    {.bitmap_index = 7324, .adv_w = 115, .box_w = 7, .box_h = 10, .ofs_x = 0, .ofs_y = 0},
    {.bitmap_index = 7359, .adv_w = 115, .box_w = 6, .box_h = 12, .ofs_x = 1, .ofs_y = -3},
    {.bitmap_index = 7395, .adv_w = 115, .box_w = 7, .box_h = 13, .ofs_x = 0, .ofs_y = -3},
    {.bitmap_index = 7441, .adv_w = 115, .box_w = 6, .box_h = 12, .ofs_x = 1, .ofs_y = 0},
    {.bitmap_index = 7477, .adv_w = 115, .box_w = 7, .box_h = 7, .ofs_x = 0, .ofs_y = 0},
    {.bitmap_index = 7502, .adv_w = 115, .box_w = 6, .box_h = 9, .ofs_x = 1, .ofs_y = 0},
    {.bitmap_index = 7529, .adv_w = 115, .box_w = 6, .box_h = 13, .ofs_x = 1, .ofs_y = -3},
    {.bitmap_index = 7568, .adv_w = 115, .box_w = 7, .box_h = 12, .ofs_x = 1, .ofs_y = 0},
    {.bitmap_index = 7610, .adv_w = 115, .box_w = 7, .box_h = 13, .ofs_x = 0, .ofs_y = -3},
    {.bitmap_index = 7656, .adv_w = 115, .box_w = 7, .box_h = 12, .ofs_x = 0, .ofs_y = -3},
    {.bitmap_index = 7698, .adv_w = 115, .box_w = 7, .box_h = 13, .ofs_x = 0, .ofs_y = -3},
    {.bitmap_index = 7744, .adv_w = 115, .box_w = 7, .box_h = 7, .ofs_x = 0, .ofs_y = 0},
    {.bitmap_index = 7769, .adv_w = 115, .box_w = 6, .box_h = 12, .ofs_x = 1, .ofs_y = 0},
    {.bitmap_index = 7805, .adv_w = 115, .box_w = 7, .box_h = 13, .ofs_x = 0, .ofs_y = 0},
    {.bitmap_index = 7851, .adv_w = 115, .box_w = 6, .box_h = 12, .ofs_x = 1, .ofs_y = -3},
    {.bitmap_index = 7887, .adv_w = 115, .box_w = 7, .box_h = 13, .ofs_x = 0, .ofs_y = -3},
    {.bitmap_index = 7933, .adv_w = 115, .box_w = 6, .box_h = 9, .ofs_x = 1, .ofs_y = 0},
    {.bitmap_index = 7960, .adv_w = 115, .box_w = 7, .box_h = 10, .ofs_x = 0, .ofs_y = 0},
    {.bitmap_index = 7995, .adv_w = 115, .box_w = 6, .box_h = 9, .ofs_x = 1, .ofs_y = 0},
    {.bitmap_index = 8022, .adv_w = 115, .box_w = 9, .box_h = 10, .ofs_x = 0, .ofs_y = 0},
    {.bitmap_index = 8067, .adv_w = 115, .box_w = 7, .box_h = 9, .ofs_x = 0, .ofs_y = 0},
    {.bitmap_index = 8099, .adv_w = 115, .box_w = 7, .box_h = 10, .ofs_x = 0, .ofs_y = 0},
    {.bitmap_index = 8134, .adv_w = 115, .box_w = 7, .box_h = 12, .ofs_x = 0, .ofs_y = 0},
    {.bitmap_index = 8176, .adv_w = 115, .box_w = 7, .box_h = 10, .ofs_x = 0, .ofs_y = 0},
    {.bitmap_index = 8211, .adv_w = 115, .box_w = 7, .box_h = 12, .ofs_x = 0, .ofs_y = -3},
    {.bitmap_index = 8253, .adv_w = 115, .box_w = 7, .box_h = 10, .ofs_x = 0, .ofs_y = -3},
    {.bitmap_index = 8288, .adv_w = 115, .box_w = 7, .box_h = 12, .ofs_x = 0, .ofs_y = 0},
    {.bitmap_index = 8330, .adv_w = 115, .box_w = 7, .box_h = 10, .ofs_x = 0, .ofs_y = 0},
    {.bitmap_index = 8365, .adv_w = 115, .box_w = 9, .box_h = 9, .ofs_x = -2, .ofs_y = 0},
    {.bitmap_index = 8406, .adv_w = 115, .box_w = 7, .box_h = 12, .ofs_x = 0, .ofs_y = -3},
    {.bitmap_index = 8448, .adv_w = 115, .box_w = 7, .box_h = 10, .ofs_x = 0, .ofs_y = -3},
    {.bitmap_index = 8483, .adv_w = 115, .box_w = 7, .box_h = 11, .ofs_x = 0, .ofs_y = 0},
    {.bitmap_index = 8522, .adv_w = 115, .box_w = 7, .box_h = 9, .ofs_x = 0, .ofs_y = 0},
    {.bitmap_index = 8554, .adv_w = 115, .box_w = 7, .box_h = 12, .ofs_x = 0, .ofs_y = 0},
    {.bitmap_index = 8596, .adv_w = 115, .box_w = 7, .box_h = 10, .ofs_x = 0, .ofs_y = 0},
    {.bitmap_index = 8631, .adv_w = 115, .box_w = 7, .box_h = 12, .ofs_x = 0, .ofs_y = 0},
    {.bitmap_index = 8673, .adv_w = 115, .box_w = 7, .box_h = 10, .ofs_x = 0, .ofs_y = 0},
    {.bitmap_index = 8708, .adv_w = 115, .box_w = 7, .box_h = 9, .ofs_x = 0, .ofs_y = 0},
    {.bitmap_index = 8740, .adv_w = 115, .box_w = 8, .box_h = 7, .ofs_x = 0, .ofs_y = 0},
    {.bitmap_index = 8768, .adv_w = 115, .box_w = 6, .box_h = 12, .ofs_x = 1, .ofs_y = 0},
    {.bitmap_index = 8804, .adv_w = 115, .box_w = 7, .box_h = 10, .ofs_x = 0, .ofs_y = 0},
    {.bitmap_index = 8839, .adv_w = 115, .box_w = 6, .box_h = 12, .ofs_x = 1, .ofs_y = -3},
    {.bitmap_index = 8875, .adv_w = 115, .box_w = 7, .box_h = 10, .ofs_x = 0, .ofs_y = -3},
    {.bitmap_index = 8910, .adv_w = 115, .box_w = 6, .box_h = 12, .ofs_x = 1, .ofs_y = 0},
    {.bitmap_index = 8946, .adv_w = 115, .box_w = 7, .box_h = 10, .ofs_x = 0, .ofs_y = 0},
    {.bitmap_index = 8981, .adv_w = 115, .box_w = 7, .box_h = 12, .ofs_x = 0, .ofs_y = 0},
    {.bitmap_index = 9023, .adv_w = 115, .box_w = 6, .box_h = 10, .ofs_x = 1, .ofs_y = 0},
    {.bitmap_index = 9053, .adv_w = 115, .box_w = 7, .box_h = 12, .ofs_x = 0, .ofs_y = 0},
    {.bitmap_index = 9095, .adv_w = 115, .box_w = 6, .box_h = 10, .ofs_x = 1, .ofs_y = 0},
    {.bitmap_index = 9125, .adv_w = 115, .box_w = 7, .box_h = 12, .ofs_x = 0, .ofs_y = -3},
    {.bitmap_index = 9167, .adv_w = 115, .box_w = 6, .box_h = 10, .ofs_x = 1, .ofs_y = -3},
    {.bitmap_index = 9197, .adv_w = 115, .box_w = 7, .box_h = 12, .ofs_x = 0, .ofs_y = 0},
    {.bitmap_index = 9239, .adv_w = 115, .box_w = 6, .box_h = 10, .ofs_x = 1, .ofs_y = 0},
    {.bitmap_index = 9269, .adv_w = 115, .box_w = 7, .box_h = 12, .ofs_x = 0, .ofs_y = -3},
    {.bitmap_index = 9311, .adv_w = 115, .box_w = 7, .box_h = 12, .ofs_x = 0, .ofs_y = -3},
    {.bitmap_index = 9353, .adv_w = 115, .box_w = 7, .box_h = 12, .ofs_x = 0, .ofs_y = 0},
    {.bitmap_index = 9395, .adv_w = 115, .box_w = 7, .box_h = 10, .ofs_x = 0, .ofs_y = 0},
    {.bitmap_index = 9430, .adv_w = 115, .box_w = 7, .box_h = 9, .ofs_x = 0, .ofs_y = 0},
    {.bitmap_index = 9462, .adv_w = 115, .box_w = 7, .box_h = 9, .ofs_x = 0, .ofs_y = 0},
    {.bitmap_index = 9494, .adv_w = 115, .box_w = 7, .box_h = 12, .ofs_x = 0, .ofs_y = 0},
    {.bitmap_index = 9536, .adv_w = 115, .box_w = 7, .box_h = 10, .ofs_x = 0, .ofs_y = 0},
    {.bitmap_index = 9571, .adv_w = 115, .box_w = 7, .box_h = 11, .ofs_x = 0, .ofs_y = 0},
    {.bitmap_index = 9610, .adv_w = 115, .box_w = 7, .box_h = 9, .ofs_x = 0, .ofs_y = 0},
    {.bitmap_index = 9642, .adv_w = 115, .box_w = 7, .box_h = 12, .ofs_x = 0, .ofs_y = 0},
    {.bitmap_index = 9684, .adv_w = 115, .box_w = 7, .box_h = 10, .ofs_x = 0, .ofs_y = 0},
    {.bitmap_index = 9719, .adv_w = 115, .box_w = 7, .box_h = 13, .ofs_x = 0, .ofs_y = 0},
    {.bitmap_index = 9765, .adv_w = 115, .box_w = 7, .box_h = 11, .ofs_x = 0, .ofs_y = 0},
    {.bitmap_index = 9804, .adv_w = 115, .box_w = 7, .box_h = 12, .ofs_x = 0, .ofs_y = 0},
    {.bitmap_index = 9846, .adv_w = 115, .box_w = 7, .box_h = 10, .ofs_x = 0, .ofs_y = 0},
    {.bitmap_index = 9881, .adv_w = 115, .box_w = 7, .box_h = 12, .ofs_x = 0, .ofs_y = -3},
    {.bitmap_index = 9923, .adv_w = 115, .box_w = 7, .box_h = 10, .ofs_x = 0, .ofs_y = -3},
    {.bitmap_index = 9958, .adv_w = 115, .box_w = 8, .box_h = 12, .ofs_x = 0, .ofs_y = 0},
    {.bitmap_index = 10006, .adv_w = 115, .box_w = 8, .box_h = 10, .ofs_x = 0, .ofs_y = 0},
    {.bitmap_index = 10046, .adv_w = 115, .box_w = 7, .box_h = 12, .ofs_x = 0, .ofs_y = 0},
    {.bitmap_index = 10088, .adv_w = 115, .box_w = 7, .box_h = 13, .ofs_x = 0, .ofs_y = -3},
    {.bitmap_index = 10134, .adv_w = 115, .box_w = 7, .box_h = 12, .ofs_x = 0, .ofs_y = 0},
    {.bitmap_index = 10176, .adv_w = 115, .box_w = 6, .box_h = 12, .ofs_x = 1, .ofs_y = 0},
    {.bitmap_index = 10212, .adv_w = 115, .box_w = 7, .box_h = 10, .ofs_x = 0, .ofs_y = 0},
    {.bitmap_index = 10247, .adv_w = 115, .box_w = 6, .box_h = 12, .ofs_x = 1, .ofs_y = 0},
    {.bitmap_index = 10283, .adv_w = 115, .box_w = 7, .box_h = 10, .ofs_x = 0, .ofs_y = 0},
    {.bitmap_index = 10318, .adv_w = 115, .box_w = 6, .box_h = 12, .ofs_x = 1, .ofs_y = 0},
    {.bitmap_index = 10354, .adv_w = 115, .box_w = 7, .box_h = 10, .ofs_x = 0, .ofs_y = 0},
    {.bitmap_index = 10389, .adv_w = 115, .box_w = 5, .box_h = 10, .ofs_x = 2, .ofs_y = 0},
    {.bitmap_index = 10414, .adv_w = 115, .box_w = 7, .box_h = 10, .ofs_x = 0, .ofs_y = 0},
    {.bitmap_index = 10449, .adv_w = 115, .box_w = 7, .box_h = 9, .ofs_x = 0, .ofs_y = 0},
    {.bitmap_index = 10481, .adv_w = 115, .box_w = 7, .box_h = 9, .ofs_x = 0, .ofs_y = 0},
    {.bitmap_index = 10513, .adv_w = 115, .box_w = 7, .box_h = 10, .ofs_x = 0, .ofs_y = 0},
    {.bitmap_index = 10548, .adv_w = 115, .box_w = 6, .box_h = 9, .ofs_x = 1, .ofs_y = 0},
    {.bitmap_index = 10575, .adv_w = 115, .box_w = 7, .box_h = 10, .ofs_x = 0, .ofs_y = 0},
    {.bitmap_index = 10610, .adv_w = 115, .box_w = 7, .box_h = 9, .ofs_x = 0, .ofs_y = 0},
    {.bitmap_index = 10642, .adv_w = 115, .box_w = 8, .box_h = 12, .ofs_x = 0, .ofs_y = 0},
    {.bitmap_index = 10690, .adv_w = 115, .box_w = 8, .box_h = 10, .ofs_x = 0, .ofs_y = 0},
    {.bitmap_index = 10730, .adv_w = 115, .box_w = 7, .box_h = 9, .ofs_x = 0, .ofs_y = 0},
    {.bitmap_index = 10762, .adv_w = 115, .box_w = 7, .box_h = 9, .ofs_x = 0, .ofs_y = 0},
    {.bitmap_index = 10794, .adv_w = 115, .box_w = 7, .box_h = 9, .ofs_x = 0, .ofs_y = 0},
    {.bitmap_index = 10826, .adv_w = 115, .box_w = 7, .box_h = 10, .ofs_x = 0, .ofs_y = 0},
    {.bitmap_index = 10861, .adv_w = 115, .box_w = 7, .box_h = 10, .ofs_x = 0, .ofs_y = -3},
    {.bitmap_index = 10896, .adv_w = 115, .box_w = 7, .box_h = 9, .ofs_x = 0, .ofs_y = 0},
    {.bitmap_index = 10928, .adv_w = 115, .box_w = 7, .box_h = 9, .ofs_x = 0, .ofs_y = 0},
    {.bitmap_index = 10960, .adv_w = 115, .box_w = 7, .box_h = 9, .ofs_x = 0, .ofs_y = 0},
    {.bitmap_index = 10992, .adv_w = 115, .box_w = 7, .box_h = 12, .ofs_x = 0, .ofs_y = -3},
    {.bitmap_index = 11034, .adv_w = 115, .box_w = 7, .box_h = 13, .ofs_x = 0, .ofs_y = -3},
    {.bitmap_index = 11080, .adv_w = 115, .box_w = 8, .box_h = 12, .ofs_x = 0, .ofs_y = 0},
    {.bitmap_index = 11128, .adv_w = 115, .box_w = 7, .box_h = 12, .ofs_x = 0, .ofs_y = -3},
    {.bitmap_index = 11170, .adv_w = 115, .box_w = 7, .box_h = 10, .ofs_x = 0, .ofs_y = 0},
    {.bitmap_index = 11205, .adv_w = 115, .box_w = 4, .box_h = 9, .ofs_x = 2, .ofs_y = 0},
    {.bitmap_index = 11223, .adv_w = 115, .box_w = 6, .box_h = 9, .ofs_x = 1, .ofs_y = 0},
    {.bitmap_index = 11250, .adv_w = 115, .box_w = 7, .box_h = 9, .ofs_x = 0, .ofs_y = 0},
    {.bitmap_index = 11282, .adv_w = 115, .box_w = 7, .box_h = 10, .ofs_x = 0, .ofs_y = 0},
    {.bitmap_index = 11317, .adv_w = 115, .box_w = 7, .box_h = 10, .ofs_x = 0, .ofs_y = 0},
    {.bitmap_index = 11352, .adv_w = 115, .box_w = 7, .box_h = 10, .ofs_x = 0, .ofs_y = 0},
    {.bitmap_index = 11387, .adv_w = 115, .box_w = 7, .box_h = 9, .ofs_x = 0, .ofs_y = 0},
    {.bitmap_index = 11419, .adv_w = 115, .box_w = 8, .box_h = 12, .ofs_x = -1, .ofs_y = -3},
    {.bitmap_index = 11467, .adv_w = 115, .box_w = 7, .box_h = 10, .ofs_x = 0, .ofs_y = -3},
    {.bitmap_index = 11502, .adv_w = 115, .box_w = 7, .box_h = 9, .ofs_x = 0, .ofs_y = 0},
    {.bitmap_index = 11534, .adv_w = 115, .box_w = 8, .box_h = 11, .ofs_x = 0, .ofs_y = 0},
    {.bitmap_index = 11578, .adv_w = 115, .box_w = 8, .box_h = 10, .ofs_x = 0, .ofs_y = 0},
    {.bitmap_index = 11618, .adv_w = 230, .box_w = 14, .box_h = 9, .ofs_x = 0, .ofs_y = 0},
    {.bitmap_index = 11681, .adv_w = 115, .box_w = 7, .box_h = 10, .ofs_x = 0, .ofs_y = -3},
    {.bitmap_index = 11716, .adv_w = 115, .box_w = 8, .box_h = 9, .ofs_x = -1, .ofs_y = 0},
    {.bitmap_index = 11752, .adv_w = 115, .box_w = 7, .box_h = 13, .ofs_x = 0, .ofs_y = -3},
    {.bitmap_index = 11798, .adv_w = 115, .box_w = 6, .box_h = 11, .ofs_x = 1, .ofs_y = -2},
    {.bitmap_index = 11831, .adv_w = 115, .box_w = 7, .box_h = 9, .ofs_x = 0, .ofs_y = 0},
    {.bitmap_index = 11863, .adv_w = 115, .box_w = 6, .box_h = 7, .ofs_x = 1, .ofs_y = 0},
    {.bitmap_index = 11884, .adv_w = 115, .box_w = 6, .box_h = 9, .ofs_x = 1, .ofs_y = 0},
    {.bitmap_index = 11911, .adv_w = 115, .box_w = 7, .box_h = 13, .ofs_x = 0, .ofs_y = -3},
    {.bitmap_index = 11957, .adv_w = 115, .box_w = 7, .box_h = 12, .ofs_x = 0, .ofs_y = -3},
    {.bitmap_index = 11999, .adv_w = 115, .box_w = 8, .box_h = 9, .ofs_x = -1, .ofs_y = 0},
    {.bitmap_index = 12035, .adv_w = 115, .box_w = 7, .box_h = 10, .ofs_x = 0, .ofs_y = 0},
    {.bitmap_index = 12070, .adv_w = 115, .box_w = 7, .box_h = 12, .ofs_x = 0, .ofs_y = -3},
    {.bitmap_index = 12112, .adv_w = 115, .box_w = 8, .box_h = 12, .ofs_x = 0, .ofs_y = 0},
    {.bitmap_index = 12160, .adv_w = 115, .box_w = 8, .box_h = 10, .ofs_x = 0, .ofs_y = 0},
    {.bitmap_index = 12200, .adv_w = 115, .box_w = 7, .box_h = 9, .ofs_x = 0, .ofs_y = 0},
    {.bitmap_index = 12232, .adv_w = 115, .box_w = 7, .box_h = 9, .ofs_x = 0, .ofs_y = 0},
    {.bitmap_index = 12264, .adv_w = 115, .box_w = 8, .box_h = 9, .ofs_x = 0, .ofs_y = 0},
    {.bitmap_index = 12300, .adv_w = 115, .box_w = 8, .box_h = 10, .ofs_x = 0, .ofs_y = -3},
    {.bitmap_index = 12340, .adv_w = 115, .box_w = 6, .box_h = 9, .ofs_x = 1, .ofs_y = 0},
    {.bitmap_index = 12367, .adv_w = 115, .box_w = 7, .box_h = 7, .ofs_x = 0, .ofs_y = 0},
    {.bitmap_index = 12392, .adv_w = 115, .box_w = 7, .box_h = 9, .ofs_x = 0, .ofs_y = 0},
    {.bitmap_index = 12424, .adv_w = 115, .box_w = 7, .box_h = 9, .ofs_x = 0, .ofs_y = 0},
    {.bitmap_index = 12456, .adv_w = 115, .box_w = 7, .box_h = 10, .ofs_x = 0, .ofs_y = -3},
    {.bitmap_index = 12491, .adv_w = 115, .box_w = 7, .box_h = 10, .ofs_x = 0, .ofs_y = -3},
    {.bitmap_index = 12526, .adv_w = 115, .box_w = 7, .box_h = 9, .ofs_x = 0, .ofs_y = 0},
    {.bitmap_index = 12558, .adv_w = 115, .box_w = 7, .box_h = 9, .ofs_x = 0, .ofs_y = 0},
    {.bitmap_index = 12590, .adv_w = 115, .box_w = 7, .box_h = 7, .ofs_x = 0, .ofs_y = 0},
    {.bitmap_index = 12615, .adv_w = 115, .box_w = 7, .box_h = 9, .ofs_x = 0, .ofs_y = 0},
    {.bitmap_index = 12647, .adv_w = 115, .box_w = 7, .box_h = 10, .ofs_x = 0, .ofs_y = -3},
    {.bitmap_index = 12682, .adv_w = 115, .box_w = 2, .box_h = 10, .ofs_x = 3, .ofs_y = 0},
    {.bitmap_index = 12692, .adv_w = 115, .box_w = 5, .box_h = 10, .ofs_x = 1, .ofs_y = 0},
    {.bitmap_index = 12717, .adv_w = 115, .box_w = 6, .box_h = 10, .ofs_x = 1, .ofs_y = 0},
    {.bitmap_index = 12747, .adv_w = 115, .box_w = 3, .box_h = 9, .ofs_x = 2, .ofs_y = 0},
    {.bitmap_index = 12761, .adv_w = 230, .box_w = 13, .box_h = 12, .ofs_x = 1, .ofs_y = 0},
    {.bitmap_index = 12839, .adv_w = 230, .box_w = 14, .box_h = 10, .ofs_x = 0, .ofs_y = 0},
    {.bitmap_index = 12909, .adv_w = 230, .box_w = 14, .box_h = 10, .ofs_x = 0, .ofs_y = 0},
    {.bitmap_index = 12979, .adv_w = 230, .box_w = 12, .box_h = 9, .ofs_x = 1, .ofs_y = 0},
    {.bitmap_index = 13033, .adv_w = 230, .box_w = 12, .box_h = 13, .ofs_x = 1, .ofs_y = -3},
    {.bitmap_index = 13111, .adv_w = 230, .box_w = 13, .box_h = 13, .ofs_x = 0, .ofs_y = -3},
    {.bitmap_index = 13196, .adv_w = 230, .box_w = 13, .box_h = 9, .ofs_x = 0, .ofs_y = 0},
    {.bitmap_index = 13255, .adv_w = 230, .box_w = 13, .box_h = 13, .ofs_x = 0, .ofs_y = -3},
    {.bitmap_index = 13340, .adv_w = 230, .box_w = 13, .box_h = 13, .ofs_x = 0, .ofs_y = -3},
    {.bitmap_index = 13425, .adv_w = 115, .box_w = 8, .box_h = 12, .ofs_x = 0, .ofs_y = 0},
    {.bitmap_index = 13473, .adv_w = 115, .box_w = 7, .box_h = 10, .ofs_x = 0, .ofs_y = 0},
    {.bitmap_index = 13508, .adv_w = 115, .box_w = 6, .box_h = 12, .ofs_x = 1, .ofs_y = 0},
    {.bitmap_index = 13544, .adv_w = 115, .box_w = 7, .box_h = 10, .ofs_x = 0, .ofs_y = 0},
    {.bitmap_index = 13579, .adv_w = 115, .box_w = 7, .box_h = 12, .ofs_x = 0, .ofs_y = 0},
    {.bitmap_index = 13621, .adv_w = 115, .box_w = 7, .box_h = 10, .ofs_x = 0, .ofs_y = 0},
    {.bitmap_index = 13656, .adv_w = 115, .box_w = 7, .box_h = 12, .ofs_x = 0, .ofs_y = 0},
    {.bitmap_index = 13698, .adv_w = 115, .box_w = 7, .box_h = 10, .ofs_x = 0, .ofs_y = 0},
    {.bitmap_index = 13733, .adv_w = 115, .box_w = 7, .box_h = 14, .ofs_x = 0, .ofs_y = 0},
    {.bitmap_index = 13782, .adv_w = 115, .box_w = 7, .box_h = 12, .ofs_x = 0, .ofs_y = 0},
    {.bitmap_index = 13824, .adv_w = 115, .box_w = 7, .box_h = 15, .ofs_x = 0, .ofs_y = 0},
    {.bitmap_index = 13877, .adv_w = 115, .box_w = 7, .box_h = 13, .ofs_x = 0, .ofs_y = 0},
    {.bitmap_index = 13923, .adv_w = 115, .box_w = 7, .box_h = 15, .ofs_x = 0, .ofs_y = 0},
    {.bitmap_index = 13976, .adv_w = 115, .box_w = 7, .box_h = 13, .ofs_x = 0, .ofs_y = 0},
    {.bitmap_index = 14022, .adv_w = 115, .box_w = 7, .box_h = 15, .ofs_x = 0, .ofs_y = 0},
    {.bitmap_index = 14075, .adv_w = 115, .box_w = 7, .box_h = 13, .ofs_x = 0, .ofs_y = 0},
    {.bitmap_index = 14121, .adv_w = 115, .box_w = 7, .box_h = 7, .ofs_x = 0, .ofs_y = 0},
    {.bitmap_index = 14146, .adv_w = 115, .box_w = 8, .box_h = 14, .ofs_x = 0, .ofs_y = 0},
    {.bitmap_index = 14202, .adv_w = 115, .box_w = 7, .box_h = 12, .ofs_x = 0, .ofs_y = 0},
    {.bitmap_index = 14244, .adv_w = 115, .box_w = 8, .box_h = 13, .ofs_x = 0, .ofs_y = 0},
    {.bitmap_index = 14296, .adv_w = 115, .box_w = 7, .box_h = 11, .ofs_x = 0, .ofs_y = 0},
    {.bitmap_index = 14335, .adv_w = 115, .box_w = 7, .box_h = 11, .ofs_x = 0, .ofs_y = 0},
    {.bitmap_index = 14374, .adv_w = 115, .box_w = 8, .box_h = 9, .ofs_x = 0, .ofs_y = 0},
    {.bitmap_index = 14410, .adv_w = 115, .box_w = 8, .box_h = 9, .ofs_x = 0, .ofs_y = 0},
    {.bitmap_index = 14446, .adv_w = 115, .box_w = 8, .box_h = 10, .ofs_x = 0, .ofs_y = -3},
    {.bitmap_index = 14486, .adv_w = 115, .box_w = 7, .box_h = 12, .ofs_x = 0, .ofs_y = 0},
    {.bitmap_index = 14528, .adv_w = 115, .box_w = 7, .box_h = 13, .ofs_x = 0, .ofs_y = -3},
    {.bitmap_index = 14574, .adv_w = 115, .box_w = 7, .box_h = 12, .ofs_x = 0, .ofs_y = 0},
    {.bitmap_index = 14616, .adv_w = 115, .box_w = 7, .box_h = 13, .ofs_x = 0, .ofs_y = 0},
    {.bitmap_index = 14662, .adv_w = 115, .box_w = 7, .box_h = 12, .ofs_x = 0, .ofs_y = -3},
    {.bitmap_index = 14704, .adv_w = 115, .box_w = 7, .box_h = 10, .ofs_x = 0, .ofs_y = -3},
    {.bitmap_index = 14739, .adv_w = 115, .box_w = 7, .box_h = 14, .ofs_x = 0, .ofs_y = -3},
    {.bitmap_index = 14788, .adv_w = 115, .box_w = 7, .box_h = 12, .ofs_x = 0, .ofs_y = -3},
    {.bitmap_index = 14830, .adv_w = 115, .box_w = 7, .box_h = 12, .ofs_x = 0, .ofs_y = 0},
    {.bitmap_index = 14872, .adv_w = 115, .box_w = 7, .box_h = 13, .ofs_x = 0, .ofs_y = -3},
    {.bitmap_index = 14918, .adv_w = 115, .box_w = 7, .box_h = 13, .ofs_x = 0, .ofs_y = -3},
    {.bitmap_index = 14964, .adv_w = 230, .box_w = 13, .box_h = 9, .ofs_x = 1, .ofs_y = 0},
    {.bitmap_index = 15023, .adv_w = 230, .box_w = 14, .box_h = 9, .ofs_x = 0, .ofs_y = 0},
    {.bitmap_index = 15086, .adv_w = 230, .box_w = 14, .box_h = 10, .ofs_x = 0, .ofs_y = 0},
    {.bitmap_index = 15156, .adv_w = 115, .box_w = 7, .box_h = 12, .ofs_x = 0, .ofs_y = 0},
    {.bitmap_index = 15198, .adv_w = 115, .box_w = 7, .box_h = 13, .ofs_x = 0, .ofs_y = -3},
    {.bitmap_index = 15244, .adv_w = 115, .box_w = 7, .box_h = 9, .ofs_x = 0, .ofs_y = 0},
    {.bitmap_index = 15276, .adv_w = 115, .box_w = 7, .box_h = 12, .ofs_x = 0, .ofs_y = -3},
    {.bitmap_index = 15318, .adv_w = 115, .box_w = 7, .box_h = 12, .ofs_x = 0, .ofs_y = 0},
    {.bitmap_index = 15360, .adv_w = 115, .box_w = 7, .box_h = 10, .ofs_x = 0, .ofs_y = 0},
    {.bitmap_index = 15395, .adv_w = 115, .box_w = 8, .box_h = 14, .ofs_x = 0, .ofs_y = 0},
    {.bitmap_index = 15451, .adv_w = 115, .box_w = 7, .box_h = 14, .ofs_x = 0, .ofs_y = 0},
    {.bitmap_index = 15500, .adv_w = 115, .box_w = 7, .box_h = 12, .ofs_x = 0, .ofs_y = 0},
    {.bitmap_index = 15542, .adv_w = 115, .box_w = 8, .box_h = 10, .ofs_x = 0, .ofs_y = 0},
    {.bitmap_index = 15582, .adv_w = 115, .box_w = 7, .box_h = 13, .ofs_x = 0, .ofs_y = -1},
    {.bitmap_index = 15628, .adv_w = 115, .box_w = 7, .box_h = 11, .ofs_x = 0, .ofs_y = -1},
    {.bitmap_index = 15667, .adv_w = 115, .box_w = 8, .box_h = 12, .ofs_x = 0, .ofs_y = 0},
    {.bitmap_index = 15715, .adv_w = 115, .box_w = 7, .box_h = 10, .ofs_x = 0, .ofs_y = 0},
    {.bitmap_index = 15750, .adv_w = 115, .box_w = 8, .box_h = 12, .ofs_x = 0, .ofs_y = 0},
    {.bitmap_index = 15798, .adv_w = 115, .box_w = 7, .box_h = 10, .ofs_x = 0, .ofs_y = 0},
    {.bitmap_index = 15833, .adv_w = 115, .box_w = 7, .box_h = 12, .ofs_x = 0, .ofs_y = 0},
    {.bitmap_index = 15875, .adv_w = 115, .box_w = 7, .box_h = 10, .ofs_x = 0, .ofs_y = 0},
    {.bitmap_index = 15910, .adv_w = 115, .box_w = 6, .box_h = 12, .ofs_x = 1, .ofs_y = 0},
    {.bitmap_index = 15946, .adv_w = 115, .box_w = 7, .box_h = 10, .ofs_x = 0, .ofs_y = 0},
    {.bitmap_index = 15981, .adv_w = 115, .box_w = 7, .box_h = 12, .ofs_x = 0, .ofs_y = 0},
    {.bitmap_index = 16023, .adv_w = 115, .box_w = 7, .box_h = 10, .ofs_x = 0, .ofs_y = 0},
    {.bitmap_index = 16058, .adv_w = 115, .box_w = 6, .box_h = 12, .ofs_x = 1, .ofs_y = 0},
    {.bitmap_index = 16094, .adv_w = 115, .box_w = 7, .box_h = 10, .ofs_x = 0, .ofs_y = 0},
    {.bitmap_index = 16129, .adv_w = 115, .box_w = 7, .box_h = 12, .ofs_x = 0, .ofs_y = 0},
    {.bitmap_index = 16171, .adv_w = 115, .box_w = 7, .box_h = 10, .ofs_x = 0, .ofs_y = 0},
    {.bitmap_index = 16206, .adv_w = 115, .box_w = 7, .box_h = 12, .ofs_x = 0, .ofs_y = 0},
    {.bitmap_index = 16248, .adv_w = 115, .box_w = 7, .box_h = 10, .ofs_x = 0, .ofs_y = 0},
    {.bitmap_index = 16283, .adv_w = 115, .box_w = 7, .box_h = 12, .ofs_x = 0, .ofs_y = 0},
    {.bitmap_index = 16325, .adv_w = 115, .box_w = 7, .box_h = 10, .ofs_x = 0, .ofs_y = 0},
    {.bitmap_index = 16360, .adv_w = 115, .box_w = 6, .box_h = 12, .ofs_x = 1, .ofs_y = 0},
    {.bitmap_index = 16396, .adv_w = 115, .box_w = 7, .box_h = 10, .ofs_x = 0, .ofs_y = 0},
    {.bitmap_index = 16431, .adv_w = 115, .box_w = 7, .box_h = 12, .ofs_x = 0, .ofs_y = 0},
    {.bitmap_index = 16473, .adv_w = 115, .box_w = 7, .box_h = 10, .ofs_x = 0, .ofs_y = 0},
    {.bitmap_index = 16508, .adv_w = 115, .box_w = 7, .box_h = 12, .ofs_x = 0, .ofs_y = 0},
    {.bitmap_index = 16550, .adv_w = 115, .box_w = 7, .box_h = 10, .ofs_x = 0, .ofs_y = 0},
    {.bitmap_index = 16585, .adv_w = 115, .box_w = 7, .box_h = 12, .ofs_x = 0, .ofs_y = -3},
    {.bitmap_index = 16627, .adv_w = 115, .box_w = 6, .box_h = 10, .ofs_x = 1, .ofs_y = -3},
    {.bitmap_index = 16657, .adv_w = 115, .box_w = 7, .box_h = 12, .ofs_x = 0, .ofs_y = -3},
    {.bitmap_index = 16699, .adv_w = 115, .box_w = 7, .box_h = 12, .ofs_x = 0, .ofs_y = -3},
    {.bitmap_index = 16741, .adv_w = 115, .box_w = 7, .box_h = 12, .ofs_x = 0, .ofs_y = -3},
    {.bitmap_index = 16783, .adv_w = 115, .box_w = 7, .box_h = 11, .ofs_x = 0, .ofs_y = -4},
    {.bitmap_index = 16822, .adv_w = 115, .box_w = 7, .box_h = 12, .ofs_x = 0, .ofs_y = 0},
    {.bitmap_index = 16864, .adv_w = 115, .box_w = 8, .box_h = 13, .ofs_x = -1, .ofs_y = 0},
    {.bitmap_index = 16916, .adv_w = 115, .box_w = 7, .box_h = 12, .ofs_x = 0, .ofs_y = -3},
    {.bitmap_index = 16958, .adv_w = 115, .box_w = 8, .box_h = 11, .ofs_x = 0, .ofs_y = -1},
    {.bitmap_index = 17002, .adv_w = 115, .box_w = 7, .box_h = 9, .ofs_x = 0, .ofs_y = 0},
    {.bitmap_index = 17034, .adv_w = 115, .box_w = 7, .box_h = 10, .ofs_x = 0, .ofs_y = 0},
    {.bitmap_index = 17069, .adv_w = 115, .box_w = 6, .box_h = 12, .ofs_x = 1, .ofs_y = -3},
    {.bitmap_index = 17105, .adv_w = 115, .box_w = 7, .box_h = 10, .ofs_x = 0, .ofs_y = -3},
    {.bitmap_index = 17140, .adv_w = 115, .box_w = 8, .box_h = 12, .ofs_x = 0, .ofs_y = 0},
    {.bitmap_index = 17188, .adv_w = 115, .box_w = 7, .box_h = 10, .ofs_x = 0, .ofs_y = 0},
    {.bitmap_index = 17223, .adv_w = 115, .box_w = 6, .box_h = 12, .ofs_x = 1, .ofs_y = -3},
    {.bitmap_index = 17259, .adv_w = 115, .box_w = 7, .box_h = 10, .ofs_x = 0, .ofs_y = -3},
    {.bitmap_index = 17294, .adv_w = 115, .box_w = 7, .box_h = 14, .ofs_x = 0, .ofs_y = 0},
    {.bitmap_index = 17343, .adv_w = 115, .box_w = 7, .box_h = 12, .ofs_x = 0, .ofs_y = 0},
    {.bitmap_index = 17385, .adv_w = 115, .box_w = 7, .box_h = 14, .ofs_x = 0, .ofs_y = 0},
    {.bitmap_index = 17434, .adv_w = 115, .box_w = 7, .box_h = 12, .ofs_x = 0, .ofs_y = 0},
    {.bitmap_index = 17476, .adv_w = 115, .box_w = 7, .box_h = 12, .ofs_x = 0, .ofs_y = 0},
    {.bitmap_index = 17518, .adv_w = 115, .box_w = 7, .box_h = 10, .ofs_x = 0, .ofs_y = 0},
    {.bitmap_index = 17553, .adv_w = 115, .box_w = 7, .box_h = 14, .ofs_x = 0, .ofs_y = 0},
    {.bitmap_index = 17602, .adv_w = 115, .box_w = 7, .box_h = 11, .ofs_x = 0, .ofs_y = 0},
    {.bitmap_index = 17641, .adv_w = 115, .box_w = 7, .box_h = 11, .ofs_x = 0, .ofs_y = 0},
    {.bitmap_index = 17680, .adv_w = 115, .box_w = 7, .box_h = 12, .ofs_x = 0, .ofs_y = -3},
    {.bitmap_index = 17722, .adv_w = 115, .box_w = 7, .box_h = 11, .ofs_x = 0, .ofs_y = -1},
    {.bitmap_index = 17761, .adv_w = 115, .box_w = 8, .box_h = 8, .ofs_x = 0, .ofs_y = -1},
    {.bitmap_index = 17793, .adv_w = 115, .box_w = 7, .box_h = 10, .ofs_x = 0, .ofs_y = -1},
    {.bitmap_index = 17828, .adv_w = 115, .box_w = 5, .box_h = 10, .ofs_x = 0, .ofs_y = -3},
    {.bitmap_index = 17853, .adv_w = 115, .box_w = 7, .box_h = 10, .ofs_x = 0, .ofs_y = 0},
    {.bitmap_index = 17888, .adv_w = 115, .box_w = 7, .box_h = 10, .ofs_x = 0, .ofs_y = -3},
    {.bitmap_index = 17923, .adv_w = 115, .box_w = 8, .box_h = 11, .ofs_x = 0, .ofs_y = -1},
    {.bitmap_index = 17967, .adv_w = 115, .box_w = 7, .box_h = 11, .ofs_x = 0, .ofs_y = -1},
    {.bitmap_index = 18006, .adv_w = 115, .box_w = 7, .box_h = 13, .ofs_x = 0, .ofs_y = -3},
    {.bitmap_index = 18052, .adv_w = 115, .box_w = 7, .box_h = 9, .ofs_x = 0, .ofs_y = 0},
    {.bitmap_index = 18084, .adv_w = 115, .box_w = 7, .box_h = 11, .ofs_x = 0, .ofs_y = -1},
    {.bitmap_index = 18123, .adv_w = 115, .box_w = 6, .box_h = 10, .ofs_x = 1, .ofs_y = -3},
    {.bitmap_index = 18153, .adv_w = 115, .box_w = 7, .box_h = 10, .ofs_x = 0, .ofs_y = -3},
    {.bitmap_index = 18188, .adv_w = 115, .box_w = 7, .box_h = 9, .ofs_x = 0, .ofs_y = 0},
    {.bitmap_index = 18220, .adv_w = 115, .box_w = 6, .box_h = 7, .ofs_x = 1, .ofs_y = 0},
    {.bitmap_index = 18241, .adv_w = 115, .box_w = 7, .box_h = 9, .ofs_x = 0, .ofs_y = 0},
    {.bitmap_index = 18273, .adv_w = 115, .box_w = 8, .box_h = 9, .ofs_x = 0, .ofs_y = 0},
    {.bitmap_index = 18309, .adv_w = 115, .box_w = 8, .box_h = 9, .ofs_x = 0, .ofs_y = 0},
    {.bitmap_index = 18345, .adv_w = 115, .box_w = 6, .box_h = 11, .ofs_x = 1, .ofs_y = -1},
    {.bitmap_index = 18378, .adv_w = 115, .box_w = 7, .box_h = 13, .ofs_x = 0, .ofs_y = -3},
    {.bitmap_index = 18424, .adv_w = 115, .box_w = 7, .box_h = 12, .ofs_x = -1, .ofs_y = -3},
    {.bitmap_index = 18466, .adv_w = 115, .box_w = 7, .box_h = 13, .ofs_x = 0, .ofs_y = -3},
    {.bitmap_index = 18512, .adv_w = 115, .box_w = 8, .box_h = 12, .ofs_x = 0, .ofs_y = -3},
    {.bitmap_index = 18560, .adv_w = 115, .box_w = 8, .box_h = 10, .ofs_x = 0, .ofs_y = -3},
    {.bitmap_index = 18600, .adv_w = 115, .box_w = 7, .box_h = 9, .ofs_x = 0, .ofs_y = 0},
    {.bitmap_index = 18632, .adv_w = 115, .box_w = 7, .box_h = 7, .ofs_x = 0, .ofs_y = 0},
    {.bitmap_index = 18657, .adv_w = 115, .box_w = 8, .box_h = 9, .ofs_x = 0, .ofs_y = 0},
    {.bitmap_index = 18693, .adv_w = 115, .box_w = 8, .box_h = 10, .ofs_x = 0, .ofs_y = -3},
    {.bitmap_index = 18733, .adv_w = 115, .box_w = 5, .box_h = 9, .ofs_x = 1, .ofs_y = 0},
    {.bitmap_index = 18756, .adv_w = 115, .box_w = 5, .box_h = 7, .ofs_x = 1, .ofs_y = 0},
    {.bitmap_index = 18774, .adv_w = 115, .box_w = 7, .box_h = 9, .ofs_x = 0, .ofs_y = 0},
    {.bitmap_index = 18806, .adv_w = 115, .box_w = 7, .box_h = 10, .ofs_x = 0, .ofs_y = 0},
    {.bitmap_index = 18841, .adv_w = 115, .box_w = 4, .box_h = 4, .ofs_x = 2, .ofs_y = 5},
    {.bitmap_index = 18849, .adv_w = 115, .box_w = 3, .box_h = 3, .ofs_x = 2, .ofs_y = -3},
    {.bitmap_index = 18854, .adv_w = 115, .box_w = 7, .box_h = 9, .ofs_x = 0, .ofs_y = 0},
    {.bitmap_index = 18886, .adv_w = 115, .box_w = 7, .box_h = 7, .ofs_x = 0, .ofs_y = 0},
    {.bitmap_index = 18911, .adv_w = 115, .box_w = 3, .box_h = 3, .ofs_x = 2, .ofs_y = -3},
    {.bitmap_index = 18916, .adv_w = 115, .box_w = 6, .box_h = 7, .ofs_x = 1, .ofs_y = 0},
    {.bitmap_index = 18937, .adv_w = 115, .box_w = 7, .box_h = 7, .ofs_x = 0, .ofs_y = 0},
    {.bitmap_index = 18962, .adv_w = 115, .box_w = 6, .box_h = 7, .ofs_x = 1, .ofs_y = 0},
    {.bitmap_index = 18983, .adv_w = 115, .box_w = 3, .box_h = 9, .ofs_x = 2, .ofs_y = -2},
    {.bitmap_index = 18997, .adv_w = 115, .box_w = 5, .box_h = 9, .ofs_x = 1, .ofs_y = 0},
    {.bitmap_index = 19020, .adv_w = 115, .box_w = 2, .box_h = 3, .ofs_x = 3, .ofs_y = 8},
    {.bitmap_index = 19023, .adv_w = 115, .box_w = 5, .box_h = 4, .ofs_x = 1, .ofs_y = 7},
    {.bitmap_index = 19033, .adv_w = 115, .box_w = 9, .box_h = 10, .ofs_x = -1, .ofs_y = 0},
    {.bitmap_index = 19078, .adv_w = 115, .box_w = 3, .box_h = 3, .ofs_x = 2, .ofs_y = 4},
    {.bitmap_index = 19083, .adv_w = 115, .box_w = 8, .box_h = 11, .ofs_x = -1, .ofs_y = 0},
    {.bitmap_index = 19127, .adv_w = 115, .box_w = 8, .box_h = 10, .ofs_x = -1, .ofs_y = 0},
    {.bitmap_index = 19167, .adv_w = 115, .box_w = 8, .box_h = 10, .ofs_x = -1, .ofs_y = 0},
    {.bitmap_index = 19207, .adv_w = 115, .box_w = 8, .box_h = 10, .ofs_x = -1, .ofs_y = 0},
    {.bitmap_index = 19247, .adv_w = 115, .box_w = 9, .box_h = 10, .ofs_x = -1, .ofs_y = 0},
    {.bitmap_index = 19292, .adv_w = 115, .box_w = 8, .box_h = 10, .ofs_x = -1, .ofs_y = 0},
    {.bitmap_index = 19332, .adv_w = 115, .box_w = 6, .box_h = 11, .ofs_x = 1, .ofs_y = 0},
    {.bitmap_index = 19365, .adv_w = 115, .box_w = 8, .box_h = 9, .ofs_x = 0, .ofs_y = 0},
    {.bitmap_index = 19401, .adv_w = 115, .box_w = 6, .box_h = 9, .ofs_x = 1, .ofs_y = 0},
    {.bitmap_index = 19428, .adv_w = 115, .box_w = 6, .box_h = 9, .ofs_x = 1, .ofs_y = 0},
    {.bitmap_index = 19455, .adv_w = 115, .box_w = 8, .box_h = 9, .ofs_x = 0, .ofs_y = 0},
    {.bitmap_index = 19491, .adv_w = 115, .box_w = 6, .box_h = 9, .ofs_x = 1, .ofs_y = 0},
    {.bitmap_index = 19518, .adv_w = 115, .box_w = 6, .box_h = 9, .ofs_x = 1, .ofs_y = 0},
    {.bitmap_index = 19545, .adv_w = 115, .box_w = 7, .box_h = 9, .ofs_x = 0, .ofs_y = 0},
    {.bitmap_index = 19577, .adv_w = 115, .box_w = 7, .box_h = 9, .ofs_x = 0, .ofs_y = 0},
    {.bitmap_index = 19609, .adv_w = 115, .box_w = 6, .box_h = 9, .ofs_x = 1, .ofs_y = 0},
    {.bitmap_index = 19636, .adv_w = 115, .box_w = 7, .box_h = 9, .ofs_x = 0, .ofs_y = 0},
    {.bitmap_index = 19668, .adv_w = 115, .box_w = 8, .box_h = 9, .ofs_x = 0, .ofs_y = 0},
    {.bitmap_index = 19704, .adv_w = 115, .box_w = 7, .box_h = 9, .ofs_x = 0, .ofs_y = 0},
    {.bitmap_index = 19736, .adv_w = 115, .box_w = 7, .box_h = 9, .ofs_x = 0, .ofs_y = 0},
    {.bitmap_index = 19768, .adv_w = 115, .box_w = 7, .box_h = 9, .ofs_x = 0, .ofs_y = 0},
    {.bitmap_index = 19800, .adv_w = 115, .box_w = 7, .box_h = 9, .ofs_x = 0, .ofs_y = 0},
    {.bitmap_index = 19832, .adv_w = 115, .box_w = 7, .box_h = 9, .ofs_x = 0, .ofs_y = 0},
    {.bitmap_index = 19864, .adv_w = 115, .box_w = 6, .box_h = 9, .ofs_x = 1, .ofs_y = 0},
    {.bitmap_index = 19891, .adv_w = 115, .box_w = 6, .box_h = 9, .ofs_x = 1, .ofs_y = 0},
    {.bitmap_index = 19918, .adv_w = 115, .box_w = 7, .box_h = 9, .ofs_x = 0, .ofs_y = 0},
    {.bitmap_index = 19950, .adv_w = 115, .box_w = 7, .box_h = 9, .ofs_x = 0, .ofs_y = 0},
    {.bitmap_index = 19982, .adv_w = 115, .box_w = 7, .box_h = 9, .ofs_x = 0, .ofs_y = 0},
    {.bitmap_index = 20014, .adv_w = 115, .box_w = 7, .box_h = 9, .ofs_x = 0, .ofs_y = 0},
    {.bitmap_index = 20046, .adv_w = 115, .box_w = 7, .box_h = 9, .ofs_x = 0, .ofs_y = 0},
    {.bitmap_index = 20078, .adv_w = 115, .box_w = 7, .box_h = 9, .ofs_x = 0, .ofs_y = 0},
    {.bitmap_index = 20110, .adv_w = 115, .box_w = 6, .box_h = 12, .ofs_x = 1, .ofs_y = 0},
    {.bitmap_index = 20146, .adv_w = 115, .box_w = 7, .box_h = 12, .ofs_x = 0, .ofs_y = 0},
    {.bitmap_index = 20188, .adv_w = 115, .box_w = 7, .box_h = 11, .ofs_x = 0, .ofs_y = 0},
    {.bitmap_index = 20227, .adv_w = 115, .box_w = 6, .box_h = 11, .ofs_x = 1, .ofs_y = 0},
    {.bitmap_index = 20260, .adv_w = 115, .box_w = 7, .box_h = 13, .ofs_x = 0, .ofs_y = -3},
    {.bitmap_index = 20306, .adv_w = 115, .box_w = 5, .box_h = 11, .ofs_x = 2, .ofs_y = 0},
    {.bitmap_index = 20334, .adv_w = 115, .box_w = 7, .box_h = 11, .ofs_x = 0, .ofs_y = 0},
    {.bitmap_index = 20373, .adv_w = 115, .box_w = 7, .box_h = 7, .ofs_x = 0, .ofs_y = 0},
    {.bitmap_index = 20398, .adv_w = 115, .box_w = 7, .box_h = 13, .ofs_x = 0, .ofs_y = -3},
    {.bitmap_index = 20444, .adv_w = 115, .box_w = 7, .box_h = 10, .ofs_x = 0, .ofs_y = -3},
    {.bitmap_index = 20479, .adv_w = 115, .box_w = 7, .box_h = 10, .ofs_x = 0, .ofs_y = 0},
    {.bitmap_index = 20514, .adv_w = 115, .box_w = 6, .box_h = 7, .ofs_x = 1, .ofs_y = 0},
    {.bitmap_index = 20535, .adv_w = 115, .box_w = 6, .box_h = 13, .ofs_x = 1, .ofs_y = -3},
    {.bitmap_index = 20574, .adv_w = 115, .box_w = 7, .box_h = 10, .ofs_x = 0, .ofs_y = -3},
    {.bitmap_index = 20609, .adv_w = 115, .box_w = 7, .box_h = 10, .ofs_x = 0, .ofs_y = 0},
    {.bitmap_index = 20644, .adv_w = 115, .box_w = 5, .box_h = 7, .ofs_x = 2, .ofs_y = 0},
    {.bitmap_index = 20662, .adv_w = 115, .box_w = 7, .box_h = 7, .ofs_x = 0, .ofs_y = 0},
    {.bitmap_index = 20687, .adv_w = 115, .box_w = 7, .box_h = 10, .ofs_x = 0, .ofs_y = 0},
    {.bitmap_index = 20722, .adv_w = 115, .box_w = 7, .box_h = 10, .ofs_x = 0, .ofs_y = -3},
    {.bitmap_index = 20757, .adv_w = 115, .box_w = 7, .box_h = 7, .ofs_x = 0, .ofs_y = 0},
    {.bitmap_index = 20782, .adv_w = 115, .box_w = 6, .box_h = 13, .ofs_x = 1, .ofs_y = -3},
    {.bitmap_index = 20821, .adv_w = 115, .box_w = 7, .box_h = 7, .ofs_x = 0, .ofs_y = 0},
    {.bitmap_index = 20846, .adv_w = 115, .box_w = 7, .box_h = 7, .ofs_x = 0, .ofs_y = 0},
    {.bitmap_index = 20871, .adv_w = 115, .box_w = 7, .box_h = 10, .ofs_x = 0, .ofs_y = -3},
    {.bitmap_index = 20906, .adv_w = 115, .box_w = 7, .box_h = 10, .ofs_x = 0, .ofs_y = -3},
    {.bitmap_index = 20941, .adv_w = 115, .box_w = 8, .box_h = 7, .ofs_x = 0, .ofs_y = 0},
    {.bitmap_index = 20969, .adv_w = 115, .box_w = 7, .box_h = 7, .ofs_x = 0, .ofs_y = 0},
    {.bitmap_index = 20994, .adv_w = 115, .box_w = 7, .box_h = 7, .ofs_x = 0, .ofs_y = 0},
    {.bitmap_index = 21019, .adv_w = 115, .box_w = 7, .box_h = 10, .ofs_x = 0, .ofs_y = -3},
    {.bitmap_index = 21054, .adv_w = 115, .box_w = 7, .box_h = 10, .ofs_x = 0, .ofs_y = -3},
    {.bitmap_index = 21089, .adv_w = 115, .box_w = 7, .box_h = 13, .ofs_x = 0, .ofs_y = -3},
    {.bitmap_index = 21135, .adv_w = 115, .box_w = 7, .box_h = 7, .ofs_x = 0, .ofs_y = 0},
    {.bitmap_index = 21160, .adv_w = 115, .box_w = 6, .box_h = 10, .ofs_x = 1, .ofs_y = 0},
    {.bitmap_index = 21190, .adv_w = 115, .box_w = 7, .box_h = 10, .ofs_x = 0, .ofs_y = 0},
    {.bitmap_index = 21225, .adv_w = 115, .box_w = 7, .box_h = 11, .ofs_x = 0, .ofs_y = 0},
    {.bitmap_index = 21264, .adv_w = 115, .box_w = 7, .box_h = 11, .ofs_x = 0, .ofs_y = 0},
    {.bitmap_index = 21303, .adv_w = 115, .box_w = 7, .box_h = 11, .ofs_x = 0, .ofs_y = 0},
    {.bitmap_index = 21342, .adv_w = 115, .box_w = 7, .box_h = 12, .ofs_x = 0, .ofs_y = -3},
    {.bitmap_index = 21384, .adv_w = 115, .box_w = 7, .box_h = 13, .ofs_x = 0, .ofs_y = -3},
    {.bitmap_index = 21430, .adv_w = 115, .box_w = 7, .box_h = 10, .ofs_x = 0, .ofs_y = 0},
    {.bitmap_index = 21465, .adv_w = 115, .box_w = 7, .box_h = 9, .ofs_x = 0, .ofs_y = 0},
    {.bitmap_index = 21497, .adv_w = 115, .box_w = 9, .box_h = 10, .ofs_x = -1, .ofs_y = 0},
    {.bitmap_index = 21542, .adv_w = 115, .box_w = 7, .box_h = 12, .ofs_x = 0, .ofs_y = 0},
    {.bitmap_index = 21584, .adv_w = 115, .box_w = 7, .box_h = 10, .ofs_x = 0, .ofs_y = -3},
    {.bitmap_index = 21619, .adv_w = 115, .box_w = 7, .box_h = 7, .ofs_x = 0, .ofs_y = 0},
    {.bitmap_index = 21644, .adv_w = 115, .box_w = 8, .box_h = 10, .ofs_x = 0, .ofs_y = -3},
    {.bitmap_index = 21684, .adv_w = 115, .box_w = 7, .box_h = 9, .ofs_x = 0, .ofs_y = 0},
    {.bitmap_index = 21716, .adv_w = 115, .box_w = 7, .box_h = 10, .ofs_x = 0, .ofs_y = -3},
    {.bitmap_index = 21751, .adv_w = 115, .box_w = 7, .box_h = 9, .ofs_x = 0, .ofs_y = 0},
    {.bitmap_index = 21783, .adv_w = 115, .box_w = 7, .box_h = 10, .ofs_x = 0, .ofs_y = -3},
    {.bitmap_index = 21818, .adv_w = 115, .box_w = 6, .box_h = 9, .ofs_x = 1, .ofs_y = 0},
    {.bitmap_index = 21845, .adv_w = 115, .box_w = 6, .box_h = 10, .ofs_x = 1, .ofs_y = -3},
    {.bitmap_index = 21875, .adv_w = 115, .box_w = 7, .box_h = 9, .ofs_x = 0, .ofs_y = 0},
    {.bitmap_index = 21907, .adv_w = 115, .box_w = 7, .box_h = 13, .ofs_x = 0, .ofs_y = -3},
    {.bitmap_index = 21953, .adv_w = 115, .box_w = 7, .box_h = 9, .ofs_x = 0, .ofs_y = 0},
    {.bitmap_index = 21985, .adv_w = 115, .box_w = 7, .box_h = 13, .ofs_x = 0, .ofs_y = -3},
    {.bitmap_index = 22031, .adv_w = 115, .box_w = 8, .box_h = 7, .ofs_x = 0, .ofs_y = 0},
    {.bitmap_index = 22059, .adv_w = 115, .box_w = 7, .box_h = 10, .ofs_x = 0, .ofs_y = -3},
    {.bitmap_index = 22094, .adv_w = 115, .box_w = 7, .box_h = 7, .ofs_x = 0, .ofs_y = 0},
    {.bitmap_index = 22119, .adv_w = 115, .box_w = 6, .box_h = 13, .ofs_x = 0, .ofs_y = -3},
    {.bitmap_index = 22158, .adv_w = 115, .box_w = 7, .box_h = 9, .ofs_x = 0, .ofs_y = 0},
    {.bitmap_index = 22190, .adv_w = 115, .box_w = 6, .box_h = 7, .ofs_x = 1, .ofs_y = 0},
    {.bitmap_index = 22211, .adv_w = 115, .box_w = 7, .box_h = 7, .ofs_x = 0, .ofs_y = 0},
    {.bitmap_index = 22236, .adv_w = 115, .box_w = 6, .box_h = 9, .ofs_x = 1, .ofs_y = 0},
    {.bitmap_index = 22263, .adv_w = 115, .box_w = 7, .box_h = 13, .ofs_x = 0, .ofs_y = -3},
    {.bitmap_index = 22309, .adv_w = 115, .box_w = 6, .box_h = 9, .ofs_x = 1, .ofs_y = 0},
    {.bitmap_index = 22336, .adv_w = 115, .box_w = 7, .box_h = 9, .ofs_x = 0, .ofs_y = 0},
    {.bitmap_index = 22368, .adv_w = 115, .box_w = 7, .box_h = 10, .ofs_x = 0, .ofs_y = -3},
    {.bitmap_index = 22403, .adv_w = 115, .box_w = 7, .box_h = 10, .ofs_x = 0, .ofs_y = -3},
    {.bitmap_index = 22438, .adv_w = 115, .box_w = 7, .box_h = 9, .ofs_x = 0, .ofs_y = 0},
    {.bitmap_index = 22470, .adv_w = 115, .box_w = 7, .box_h = 9, .ofs_x = 0, .ofs_y = 0},
    {.bitmap_index = 22502, .adv_w = 115, .box_w = 7, .box_h = 9, .ofs_x = 0, .ofs_y = 0},
    {.bitmap_index = 22534, .adv_w = 115, .box_w = 6, .box_h = 12, .ofs_x = 1, .ofs_y = 0},
    {.bitmap_index = 22570, .adv_w = 115, .box_w = 6, .box_h = 12, .ofs_x = 1, .ofs_y = 0},
    {.bitmap_index = 22606, .adv_w = 115, .box_w = 7, .box_h = 9, .ofs_x = 0, .ofs_y = 0},
    {.bitmap_index = 22638, .adv_w = 115, .box_w = 6, .box_h = 12, .ofs_x = 1, .ofs_y = 0},
    {.bitmap_index = 22674, .adv_w = 115, .box_w = 7, .box_h = 9, .ofs_x = 0, .ofs_y = 0},
    {.bitmap_index = 22706, .adv_w = 115, .box_w = 7, .box_h = 9, .ofs_x = 0, .ofs_y = 0},
    {.bitmap_index = 22738, .adv_w = 115, .box_w = 6, .box_h = 9, .ofs_x = 1, .ofs_y = 0},
    {.bitmap_index = 22765, .adv_w = 115, .box_w = 6, .box_h = 12, .ofs_x = 1, .ofs_y = 0},
    {.bitmap_index = 22801, .adv_w = 115, .box_w = 5, .box_h = 9, .ofs_x = 1, .ofs_y = 0},
    {.bitmap_index = 22824, .adv_w = 115, .box_w = 8, .box_h = 9, .ofs_x = 0, .ofs_y = 0},
    {.bitmap_index = 22860, .adv_w = 115, .box_w = 8, .box_h = 9, .ofs_x = 0, .ofs_y = 0},
    {.bitmap_index = 22896, .adv_w = 115, .box_w = 7, .box_h = 9, .ofs_x = 0, .ofs_y = 0},
    {.bitmap_index = 22928, .adv_w = 115, .box_w = 7, .box_h = 12, .ofs_x = 0, .ofs_y = 0},
    {.bitmap_index = 22970, .adv_w = 115, .box_w = 7, .box_h = 12, .ofs_x = 0, .ofs_y = 0},
    {.bitmap_index = 23012, .adv_w = 115, .box_w = 8, .box_h = 12, .ofs_x = 0, .ofs_y = 0},
    {.bitmap_index = 23060, .adv_w = 115, .box_w = 7, .box_h = 11, .ofs_x = 0, .ofs_y = -2},
    {.bitmap_index = 23099, .adv_w = 115, .box_w = 8, .box_h = 9, .ofs_x = 0, .ofs_y = 0},
    {.bitmap_index = 23135, .adv_w = 115, .box_w = 7, .box_h = 9, .ofs_x = 0, .ofs_y = 0},
    {.bitmap_index = 23167, .adv_w = 115, .box_w = 7, .box_h = 9, .ofs_x = 0, .ofs_y = 0},
    {.bitmap_index = 23199, .adv_w = 115, .box_w = 6, .box_h = 9, .ofs_x = 1, .ofs_y = 0},
    {.bitmap_index = 23226, .adv_w = 115, .box_w = 8, .box_h = 12, .ofs_x = 0, .ofs_y = -3},
    {.bitmap_index = 23274, .adv_w = 115, .box_w = 6, .box_h = 9, .ofs_x = 1, .ofs_y = 0},
    {.bitmap_index = 23301, .adv_w = 115, .box_w = 8, .box_h = 9, .ofs_x = 0, .ofs_y = 0},
    {.bitmap_index = 23337, .adv_w = 115, .box_w = 7, .box_h = 9, .ofs_x = 0, .ofs_y = 0},
    {.bitmap_index = 23369, .adv_w = 115, .box_w = 7, .box_h = 9, .ofs_x = 0, .ofs_y = 0},
    {.bitmap_index = 23401, .adv_w = 115, .box_w = 7, .box_h = 12, .ofs_x = 0, .ofs_y = 0},
    {.bitmap_index = 23443, .adv_w = 115, .box_w = 7, .box_h = 9, .ofs_x = 0, .ofs_y = 0},
    {.bitmap_index = 23475, .adv_w = 115, .box_w = 7, .box_h = 9, .ofs_x = 0, .ofs_y = 0},
    {.bitmap_index = 23507, .adv_w = 115, .box_w = 7, .box_h = 9, .ofs_x = 0, .ofs_y = 0},
    {.bitmap_index = 23539, .adv_w = 115, .box_w = 7, .box_h = 9, .ofs_x = 0, .ofs_y = 0},
    {.bitmap_index = 23571, .adv_w = 115, .box_w = 7, .box_h = 9, .ofs_x = 0, .ofs_y = 0},
    {.bitmap_index = 23603, .adv_w = 115, .box_w = 7, .box_h = 9, .ofs_x = 0, .ofs_y = 0},
    {.bitmap_index = 23635, .adv_w = 115, .box_w = 7, .box_h = 9, .ofs_x = 0, .ofs_y = 0},
    {.bitmap_index = 23667, .adv_w = 115, .box_w = 7, .box_h = 9, .ofs_x = 0, .ofs_y = 0},
    {.bitmap_index = 23699, .adv_w = 115, .box_w = 7, .box_h = 9, .ofs_x = 0, .ofs_y = 0},
    {.bitmap_index = 23731, .adv_w = 115, .box_w = 8, .box_h = 9, .ofs_x = 0, .ofs_y = 0},
    {.bitmap_index = 23767, .adv_w = 115, .box_w = 8, .box_h = 9, .ofs_x = 0, .ofs_y = 0},
    {.bitmap_index = 23803, .adv_w = 115, .box_w = 7, .box_h = 9, .ofs_x = 0, .ofs_y = 0},
    {.bitmap_index = 23835, .adv_w = 115, .box_w = 8, .box_h = 11, .ofs_x = 0, .ofs_y = -2},
    {.bitmap_index = 23879, .adv_w = 115, .box_w = 7, .box_h = 9, .ofs_x = 0, .ofs_y = 0},
    {.bitmap_index = 23911, .adv_w = 115, .box_w = 7, .box_h = 9, .ofs_x = 0, .ofs_y = 0},
    {.bitmap_index = 23943, .adv_w = 115, .box_w = 8, .box_h = 11, .ofs_x = 0, .ofs_y = -2},
    {.bitmap_index = 23987, .adv_w = 115, .box_w = 7, .box_h = 9, .ofs_x = 0, .ofs_y = 0},
    {.bitmap_index = 24019, .adv_w = 115, .box_w = 7, .box_h = 9, .ofs_x = 0, .ofs_y = 0},
    {.bitmap_index = 24051, .adv_w = 115, .box_w = 6, .box_h = 9, .ofs_x = 1, .ofs_y = 0},
    {.bitmap_index = 24078, .adv_w = 115, .box_w = 7, .box_h = 9, .ofs_x = 0, .ofs_y = 0},
    {.bitmap_index = 24110, .adv_w = 115, .box_w = 7, .box_h = 9, .ofs_x = 0, .ofs_y = 0},
    {.bitmap_index = 24142, .adv_w = 115, .box_w = 7, .box_h = 9, .ofs_x = 0, .ofs_y = 0},
    {.bitmap_index = 24174, .adv_w = 115, .box_w = 7, .box_h = 7, .ofs_x = 0, .ofs_y = 0},
    {.bitmap_index = 24199, .adv_w = 115, .box_w = 7, .box_h = 11, .ofs_x = 0, .ofs_y = 0},
    {.bitmap_index = 24238, .adv_w = 115, .box_w = 7, .box_h = 7, .ofs_x = 0, .ofs_y = 0},
    {.bitmap_index = 24263, .adv_w = 115, .box_w = 6, .box_h = 7, .ofs_x = 1, .ofs_y = 0},
    {.bitmap_index = 24284, .adv_w = 115, .box_w = 7, .box_h = 9, .ofs_x = 0, .ofs_y = -2},
    {.bitmap_index = 24316, .adv_w = 115, .box_w = 7, .box_h = 7, .ofs_x = 0, .ofs_y = 0},
    {.bitmap_index = 24341, .adv_w = 115, .box_w = 8, .box_h = 7, .ofs_x = 0, .ofs_y = 0},
    {.bitmap_index = 24369, .adv_w = 115, .box_w = 7, .box_h = 7, .ofs_x = 0, .ofs_y = 0},
    {.bitmap_index = 24394, .adv_w = 115, .box_w = 7, .box_h = 7, .ofs_x = 0, .ofs_y = 0},
    {.bitmap_index = 24419, .adv_w = 115, .box_w = 7, .box_h = 10, .ofs_x = 0, .ofs_y = 0},
    {.bitmap_index = 24454, .adv_w = 115, .box_w = 7, .box_h = 7, .ofs_x = 0, .ofs_y = 0},
    {.bitmap_index = 24479, .adv_w = 115, .box_w = 7, .box_h = 7, .ofs_x = 0, .ofs_y = 0},
    {.bitmap_index = 24504, .adv_w = 115, .box_w = 7, .box_h = 7, .ofs_x = 0, .ofs_y = 0},
    {.bitmap_index = 24529, .adv_w = 115, .box_w = 7, .box_h = 7, .ofs_x = 0, .ofs_y = 0},
    {.bitmap_index = 24554, .adv_w = 115, .box_w = 7, .box_h = 7, .ofs_x = 0, .ofs_y = 0},
    {.bitmap_index = 24579, .adv_w = 115, .box_w = 7, .box_h = 7, .ofs_x = 0, .ofs_y = 0},
    {.bitmap_index = 24604, .adv_w = 115, .box_w = 7, .box_h = 10, .ofs_x = 0, .ofs_y = -3},
    {.bitmap_index = 24639, .adv_w = 115, .box_w = 7, .box_h = 7, .ofs_x = 0, .ofs_y = 0},
    {.bitmap_index = 24664, .adv_w = 115, .box_w = 7, .box_h = 7, .ofs_x = 0, .ofs_y = 0},
    {.bitmap_index = 24689, .adv_w = 115, .box_w = 7, .box_h = 10, .ofs_x = 0, .ofs_y = -3},
    {.bitmap_index = 24724, .adv_w = 115, .box_w = 7, .box_h = 13, .ofs_x = 0, .ofs_y = -3},
    {.bitmap_index = 24770, .adv_w = 115, .box_w = 7, .box_h = 7, .ofs_x = 0, .ofs_y = 0},
    {.bitmap_index = 24795, .adv_w = 115, .box_w = 8, .box_h = 9, .ofs_x = 0, .ofs_y = -2},
    {.bitmap_index = 24831, .adv_w = 115, .box_w = 7, .box_h = 7, .ofs_x = 0, .ofs_y = 0},
    {.bitmap_index = 24856, .adv_w = 115, .box_w = 7, .box_h = 7, .ofs_x = 0, .ofs_y = 0},
    {.bitmap_index = 24881, .adv_w = 115, .box_w = 8, .box_h = 10, .ofs_x = 0, .ofs_y = -3},
    {.bitmap_index = 24921, .adv_w = 115, .box_w = 7, .box_h = 7, .ofs_x = 0, .ofs_y = 0},
    {.bitmap_index = 24946, .adv_w = 115, .box_w = 7, .box_h = 7, .ofs_x = 0, .ofs_y = 0},
    {.bitmap_index = 24971, .adv_w = 115, .box_w = 7, .box_h = 7, .ofs_x = 0, .ofs_y = 0},
    {.bitmap_index = 24996, .adv_w = 115, .box_w = 7, .box_h = 7, .ofs_x = 0, .ofs_y = 0},
    {.bitmap_index = 25021, .adv_w = 115, .box_w = 7, .box_h = 7, .ofs_x = 0, .ofs_y = 0},
    {.bitmap_index = 25046, .adv_w = 115, .box_w = 7, .box_h = 7, .ofs_x = 0, .ofs_y = 0},
    {.bitmap_index = 25071, .adv_w = 115, .box_w = 7, .box_h = 10, .ofs_x = 0, .ofs_y = 0},
    {.bitmap_index = 25106, .adv_w = 115, .box_w = 7, .box_h = 10, .ofs_x = 0, .ofs_y = 0},
    {.bitmap_index = 25141, .adv_w = 115, .box_w = 7, .box_h = 13, .ofs_x = 0, .ofs_y = -3},
    {.bitmap_index = 25187, .adv_w = 115, .box_w = 6, .box_h = 10, .ofs_x = 1, .ofs_y = 0},
    {.bitmap_index = 25217, .adv_w = 115, .box_w = 7, .box_h = 7, .ofs_x = 0, .ofs_y = 0},
    {.bitmap_index = 25242, .adv_w = 115, .box_w = 6, .box_h = 7, .ofs_x = 1, .ofs_y = 0},
    {.bitmap_index = 25263, .adv_w = 115, .box_w = 7, .box_h = 10, .ofs_x = 0, .ofs_y = 0},
    {.bitmap_index = 25298, .adv_w = 115, .box_w = 7, .box_h = 10, .ofs_x = 0, .ofs_y = 0},
    {.bitmap_index = 25333, .adv_w = 115, .box_w = 6, .box_h = 13, .ofs_x = 0, .ofs_y = -3},
    {.bitmap_index = 25372, .adv_w = 115, .box_w = 8, .box_h = 7, .ofs_x = 0, .ofs_y = 0},
    {.bitmap_index = 25400, .adv_w = 115, .box_w = 8, .box_h = 7, .ofs_x = 0, .ofs_y = 0},
    {.bitmap_index = 25428, .adv_w = 115, .box_w = 7, .box_h = 10, .ofs_x = 0, .ofs_y = 0},
    {.bitmap_index = 25463, .adv_w = 115, .box_w = 7, .box_h = 10, .ofs_x = 0, .ofs_y = 0},
    {.bitmap_index = 25498, .adv_w = 115, .box_w = 7, .box_h = 10, .ofs_x = 0, .ofs_y = 0},
    {.bitmap_index = 25533, .adv_w = 115, .box_w = 7, .box_h = 13, .ofs_x = 0, .ofs_y = -3},
    {.bitmap_index = 25579, .adv_w = 115, .box_w = 7, .box_h = 9, .ofs_x = 0, .ofs_y = -2},
    {.bitmap_index = 25611, .adv_w = 115, .box_w = 7, .box_h = 9, .ofs_x = 0, .ofs_y = 0},
    {.bitmap_index = 25643, .adv_w = 115, .box_w = 7, .box_h = 7, .ofs_x = 0, .ofs_y = 0},
    {.bitmap_index = 25668, .adv_w = 115, .box_w = 7, .box_h = 9, .ofs_x = 0, .ofs_y = 0},
    {.bitmap_index = 25700, .adv_w = 115, .box_w = 8, .box_h = 8, .ofs_x = 0, .ofs_y = 0},
    {.bitmap_index = 25732, .adv_w = 115, .box_w = 8, .box_h = 9, .ofs_x = 0, .ofs_y = 0},
    {.bitmap_index = 25768, .adv_w = 115, .box_w = 8, .box_h = 7, .ofs_x = 0, .ofs_y = 0},
    {.bitmap_index = 25796, .adv_w = 115, .box_w = 8, .box_h = 9, .ofs_x = 0, .ofs_y = 0},
    {.bitmap_index = 25832, .adv_w = 115, .box_w = 8, .box_h = 7, .ofs_x = 0, .ofs_y = 0},
    {.bitmap_index = 25860, .adv_w = 230, .box_w = 13, .box_h = 9, .ofs_x = 1, .ofs_y = 0},
    {.bitmap_index = 25919, .adv_w = 115, .box_w = 8, .box_h = 7, .ofs_x = 0, .ofs_y = 0},
    {.bitmap_index = 25947, .adv_w = 115, .box_w = 8, .box_h = 9, .ofs_x = 0, .ofs_y = 0},
    {.bitmap_index = 25983, .adv_w = 115, .box_w = 8, .box_h = 7, .ofs_x = 0, .ofs_y = 0},
    {.bitmap_index = 26011, .adv_w = 230, .box_w = 13, .box_h = 9, .ofs_x = 1, .ofs_y = 0},
    {.bitmap_index = 26070, .adv_w = 230, .box_w = 13, .box_h = 7, .ofs_x = 1, .ofs_y = 0},
    {.bitmap_index = 26116, .adv_w = 115, .box_w = 7, .box_h = 14, .ofs_x = 0, .ofs_y = -3},
    {.bitmap_index = 26165, .adv_w = 115, .box_w = 7, .box_h = 12, .ofs_x = 0, .ofs_y = -3},
    {.bitmap_index = 26207, .adv_w = 115, .box_w = 7, .box_h = 9, .ofs_x = 0, .ofs_y = 0},
    {.bitmap_index = 26239, .adv_w = 115, .box_w = 7, .box_h = 13, .ofs_x = 0, .ofs_y = -3},
    {.bitmap_index = 26285, .adv_w = 115, .box_w = 7, .box_h = 9, .ofs_x = 0, .ofs_y = 0},
    {.bitmap_index = 26317, .adv_w = 115, .box_w = 7, .box_h = 7, .ofs_x = 0, .ofs_y = 0},
    {.bitmap_index = 26342, .adv_w = 115, .box_w = 8, .box_h = 9, .ofs_x = 0, .ofs_y = 0},
    {.bitmap_index = 26378, .adv_w = 115, .box_w = 8, .box_h = 7, .ofs_x = 0, .ofs_y = 0},
    {.bitmap_index = 26406, .adv_w = 115, .box_w = 8, .box_h = 12, .ofs_x = 0, .ofs_y = 0},
    {.bitmap_index = 26454, .adv_w = 115, .box_w = 8, .box_h = 10, .ofs_x = 0, .ofs_y = 0},
    {.bitmap_index = 26494, .adv_w = 230, .box_w = 15, .box_h = 12, .ofs_x = 0, .ofs_y = -3},
    {.bitmap_index = 26584, .adv_w = 230, .box_w = 15, .box_h = 10, .ofs_x = 0, .ofs_y = -3},
    {.bitmap_index = 26659, .adv_w = 115, .box_w = 7, .box_h = 11, .ofs_x = 0, .ofs_y = -1},
    {.bitmap_index = 26698, .adv_w = 115, .box_w = 7, .box_h = 9, .ofs_x = 0, .ofs_y = -1},
    {.bitmap_index = 26730, .adv_w = 115, .box_w = 7, .box_h = 14, .ofs_x = 0, .ofs_y = 0},
    {.bitmap_index = 26779, .adv_w = 115, .box_w = 7, .box_h = 12, .ofs_x = 0, .ofs_y = 0},
    {.bitmap_index = 26821, .adv_w = 115, .box_w = 7, .box_h = 11, .ofs_x = 0, .ofs_y = 0},
    {.bitmap_index = 26860, .adv_w = 115, .box_w = 7, .box_h = 9, .ofs_x = 0, .ofs_y = 0},
    {.bitmap_index = 26892, .adv_w = 115, .box_w = 7, .box_h = 12, .ofs_x = 0, .ofs_y = -3},
    {.bitmap_index = 26934, .adv_w = 115, .box_w = 7, .box_h = 10, .ofs_x = 0, .ofs_y = -3},
    {.bitmap_index = 26969, .adv_w = 115, .box_w = 7, .box_h = 9, .ofs_x = 0, .ofs_y = -1},
    {.bitmap_index = 27001, .adv_w = 0, .box_w = 6, .box_h = 3, .ofs_x = -3, .ofs_y = 7},
    {.bitmap_index = 27010, .adv_w = 0, .box_w = 6, .box_h = 3, .ofs_x = -3, .ofs_y = 7},
    {.bitmap_index = 27019, .adv_w = 0, .box_w = 2, .box_h = 3, .ofs_x = -1, .ofs_y = 7},
    {.bitmap_index = 27022, .adv_w = 0, .box_w = 2, .box_h = 3, .ofs_x = -1, .ofs_y = 7},
    {.bitmap_index = 27025, .adv_w = 0, .box_w = 6, .box_h = 3, .ofs_x = -3, .ofs_y = 9},
    {.bitmap_index = 27034, .adv_w = 0, .box_w = 14, .box_h = 14, .ofs_x = -7, .ofs_y = -4},
    {.bitmap_index = 27132, .adv_w = 0, .box_w = 14, .box_h = 14, .ofs_x = -7, .ofs_y = -4},
    {.bitmap_index = 27230, .adv_w = 115, .box_w = 8, .box_h = 15, .ofs_x = 0, .ofs_y = -3},
    {.bitmap_index = 27290, .adv_w = 115, .box_w = 8, .box_h = 13, .ofs_x = 0, .ofs_y = -3},
    {.bitmap_index = 27342, .adv_w = 115, .box_w = 7, .box_h = 9, .ofs_x = 0, .ofs_y = 0},
    {.bitmap_index = 27374, .adv_w = 115, .box_w = 7, .box_h = 10, .ofs_x = 0, .ofs_y = 0},
    {.bitmap_index = 27409, .adv_w = 115, .box_w = 6, .box_h = 9, .ofs_x = 1, .ofs_y = 0},
    {.bitmap_index = 27436, .adv_w = 115, .box_w = 7, .box_h = 10, .ofs_x = 0, .ofs_y = -3},
    {.bitmap_index = 27471, .adv_w = 115, .box_w = 6, .box_h = 11, .ofs_x = 1, .ofs_y = 0},
    {.bitmap_index = 27504, .adv_w = 115, .box_w = 6, .box_h = 9, .ofs_x = 1, .ofs_y = 0},
    {.bitmap_index = 27531, .adv_w = 115, .box_w = 7, .box_h = 9, .ofs_x = 0, .ofs_y = 0},
    {.bitmap_index = 27563, .adv_w = 115, .box_w = 7, .box_h = 7, .ofs_x = 0, .ofs_y = 0},
    {.bitmap_index = 27588, .adv_w = 115, .box_w = 7, .box_h = 12, .ofs_x = 0, .ofs_y = -3},
    {.bitmap_index = 27630, .adv_w = 115, .box_w = 7, .box_h = 10, .ofs_x = 0, .ofs_y = -3},
    {.bitmap_index = 27665, .adv_w = 115, .box_w = 8, .box_h = 12, .ofs_x = 0, .ofs_y = -3},
    {.bitmap_index = 27713, .adv_w = 115, .box_w = 8, .box_h = 10, .ofs_x = 0, .ofs_y = -3},
    {.bitmap_index = 27753, .adv_w = 115, .box_w = 7, .box_h = 12, .ofs_x = 0, .ofs_y = -3},
    {.bitmap_index = 27795, .adv_w = 115, .box_w = 7, .box_h = 10, .ofs_x = 0, .ofs_y = -3},
    {.bitmap_index = 27830, .adv_w = 115, .box_w = 8, .box_h = 12, .ofs_x = 0, .ofs_y = -3},
    {.bitmap_index = 27878, .adv_w = 115, .box_w = 8, .box_h = 10, .ofs_x = 0, .ofs_y = -3},
    {.bitmap_index = 27918, .adv_w = 115, .box_w = 7, .box_h = 9, .ofs_x = 0, .ofs_y = 0},
    {.bitmap_index = 27950, .adv_w = 115, .box_w = 7, .box_h = 7, .ofs_x = 0, .ofs_y = 0},
    {.bitmap_index = 27975, .adv_w = 115, .box_w = 8, .box_h = 9, .ofs_x = -1, .ofs_y = 0},
    {.bitmap_index = 28011, .adv_w = 115, .box_w = 7, .box_h = 10, .ofs_x = 0, .ofs_y = 0},
    {.bitmap_index = 28046, .adv_w = 115, .box_w = 8, .box_h = 9, .ofs_x = 0, .ofs_y = 0},
    {.bitmap_index = 28082, .adv_w = 115, .box_w = 8, .box_h = 7, .ofs_x = 0, .ofs_y = 0},
    {.bitmap_index = 28110, .adv_w = 115, .box_w = 8, .box_h = 12, .ofs_x = 0, .ofs_y = -3},
    {.bitmap_index = 28158, .adv_w = 115, .box_w = 8, .box_h = 10, .ofs_x = 0, .ofs_y = -3},
    {.bitmap_index = 28198, .adv_w = 115, .box_w = 8, .box_h = 9, .ofs_x = 0, .ofs_y = 0},
    {.bitmap_index = 28234, .adv_w = 115, .box_w = 8, .box_h = 7, .ofs_x = 0, .ofs_y = 0},
    {.bitmap_index = 28262, .adv_w = 115, .box_w = 7, .box_h = 12, .ofs_x = 0, .ofs_y = -3},
    {.bitmap_index = 28304, .adv_w = 115, .box_w = 7, .box_h = 10, .ofs_x = 0, .ofs_y = -3},
    {.bitmap_index = 28339, .adv_w = 115, .box_w = 8, .box_h = 10, .ofs_x = 0, .ofs_y = -1},
    {.bitmap_index = 28379, .adv_w = 115, .box_w = 8, .box_h = 7, .ofs_x = 0, .ofs_y = 0},
    {.bitmap_index = 28407, .adv_w = 115, .box_w = 7, .box_h = 12, .ofs_x = 0, .ofs_y = -3},
    {.bitmap_index = 28449, .adv_w = 115, .box_w = 7, .box_h = 10, .ofs_x = 0, .ofs_y = -3},
    {.bitmap_index = 28484, .adv_w = 115, .box_w = 7, .box_h = 12, .ofs_x = 0, .ofs_y = -3},
    {.bitmap_index = 28526, .adv_w = 115, .box_w = 7, .box_h = 10, .ofs_x = 0, .ofs_y = -3},
    {.bitmap_index = 28561, .adv_w = 115, .box_w = 7, .box_h = 9, .ofs_x = 0, .ofs_y = 0},
    {.bitmap_index = 28593, .adv_w = 115, .box_w = 7, .box_h = 10, .ofs_x = 0, .ofs_y = -3},
    {.bitmap_index = 28628, .adv_w = 115, .box_w = 7, .box_h = 9, .ofs_x = 0, .ofs_y = 0},
    {.bitmap_index = 28660, .adv_w = 115, .box_w = 7, .box_h = 10, .ofs_x = 0, .ofs_y = -3},
    {.bitmap_index = 28695, .adv_w = 115, .box_w = 8, .box_h = 12, .ofs_x = 0, .ofs_y = -3},
    {.bitmap_index = 28743, .adv_w = 115, .box_w = 8, .box_h = 10, .ofs_x = 0, .ofs_y = -3},
    {.bitmap_index = 28783, .adv_w = 115, .box_w = 8, .box_h = 12, .ofs_x = 0, .ofs_y = -3},
    {.bitmap_index = 28831, .adv_w = 115, .box_w = 8, .box_h = 10, .ofs_x = 0, .ofs_y = -3},
    {.bitmap_index = 28871, .adv_w = 115, .box_w = 8, .box_h = 12, .ofs_x = 0, .ofs_y = -3},
    {.bitmap_index = 28919, .adv_w = 115, .box_w = 8, .box_h = 10, .ofs_x = 0, .ofs_y = -3},
    {.bitmap_index = 28959, .adv_w = 115, .box_w = 7, .box_h = 9, .ofs_x = 0, .ofs_y = 0},
    {.bitmap_index = 28991, .adv_w = 115, .box_w = 7, .box_h = 7, .ofs_x = 0, .ofs_y = 0},
    {.bitmap_index = 29016, .adv_w = 115, .box_w = 7, .box_h = 9, .ofs_x = 0, .ofs_y = 0},
    {.bitmap_index = 29048, .adv_w = 115, .box_w = 7, .box_h = 10, .ofs_x = 0, .ofs_y = 0},
    {.bitmap_index = 29083, .adv_w = 115, .box_w = 7, .box_h = 9, .ofs_x = 0, .ofs_y = 0},
    {.bitmap_index = 29115, .adv_w = 115, .box_w = 7, .box_h = 7, .ofs_x = 0, .ofs_y = 0},
    {.bitmap_index = 29140, .adv_w = 115, .box_w = 7, .box_h = 12, .ofs_x = 0, .ofs_y = -3},
    {.bitmap_index = 29182, .adv_w = 115, .box_w = 7, .box_h = 10, .ofs_x = 0, .ofs_y = -3},
    {.bitmap_index = 29217, .adv_w = 115, .box_w = 6, .box_h = 9, .ofs_x = 1, .ofs_y = 0},
    {.bitmap_index = 29244, .adv_w = 115, .box_w = 8, .box_h = 12, .ofs_x = 0, .ofs_y = 0},
    {.bitmap_index = 29292, .adv_w = 115, .box_w = 8, .box_h = 10, .ofs_x = 0, .ofs_y = 0},
    {.bitmap_index = 29332, .adv_w = 115, .box_w = 7, .box_h = 12, .ofs_x = 0, .ofs_y = -3},
    {.bitmap_index = 29374, .adv_w = 115, .box_w = 7, .box_h = 10, .ofs_x = 0, .ofs_y = -3},
    {.bitmap_index = 29409, .adv_w = 115, .box_w = 8, .box_h = 12, .ofs_x = 0, .ofs_y = -3},
    {.bitmap_index = 29457, .adv_w = 115, .box_w = 8, .box_h = 10, .ofs_x = 0, .ofs_y = -3},
    {.bitmap_index = 29497, .adv_w = 115, .box_w = 7, .box_h = 12, .ofs_x = 0, .ofs_y = -3},
    {.bitmap_index = 29539, .adv_w = 115, .box_w = 7, .box_h = 10, .ofs_x = 0, .ofs_y = -3},
    {.bitmap_index = 29574, .adv_w = 115, .box_w = 8, .box_h = 12, .ofs_x = 0, .ofs_y = -3},
    {.bitmap_index = 29622, .adv_w = 115, .box_w = 8, .box_h = 10, .ofs_x = 0, .ofs_y = -3},
    {.bitmap_index = 29662, .adv_w = 115, .box_w = 7, .box_h = 12, .ofs_x = 0, .ofs_y = -3},
    {.bitmap_index = 29704, .adv_w = 115, .box_w = 7, .box_h = 10, .ofs_x = 0, .ofs_y = -3},
    {.bitmap_index = 29739, .adv_w = 115, .box_w = 8, .box_h = 12, .ofs_x = 0, .ofs_y = -3},
    {.bitmap_index = 29787, .adv_w = 115, .box_w = 8, .box_h = 10, .ofs_x = 0, .ofs_y = -3},
    {.bitmap_index = 29827, .adv_w = 115, .box_w = 6, .box_h = 9, .ofs_x = 1, .ofs_y = 0},
    {.bitmap_index = 29854, .adv_w = 115, .box_w = 8, .box_h = 12, .ofs_x = 0, .ofs_y = 0},
    {.bitmap_index = 29902, .adv_w = 115, .box_w = 7, .box_h = 10, .ofs_x = 0, .ofs_y = 0},
    {.bitmap_index = 29937, .adv_w = 115, .box_w = 8, .box_h = 12, .ofs_x = 0, .ofs_y = 0},
    {.bitmap_index = 29985, .adv_w = 115, .box_w = 7, .box_h = 9, .ofs_x = 0, .ofs_y = 0},
    {.bitmap_index = 30017, .adv_w = 115, .box_w = 7, .box_h = 9, .ofs_x = 0, .ofs_y = 0},
    {.bitmap_index = 30049, .adv_w = 115, .box_w = 8, .box_h = 7, .ofs_x = 0, .ofs_y = 0},
    {.bitmap_index = 30077, .adv_w = 115, .box_w = 6, .box_h = 12, .ofs_x = 1, .ofs_y = 0},
    {.bitmap_index = 30113, .adv_w = 115, .box_w = 7, .box_h = 10, .ofs_x = 0, .ofs_y = 0},
    {.bitmap_index = 30148, .adv_w = 115, .box_w = 7, .box_h = 9, .ofs_x = 0, .ofs_y = 0},
    {.bitmap_index = 30180, .adv_w = 115, .box_w = 7, .box_h = 7, .ofs_x = 0, .ofs_y = 0},
    {.bitmap_index = 30205, .adv_w = 115, .box_w = 7, .box_h = 12, .ofs_x = 0, .ofs_y = 0},
    {.bitmap_index = 30247, .adv_w = 115, .box_w = 7, .box_h = 9, .ofs_x = 0, .ofs_y = 0},
    {.bitmap_index = 30279, .adv_w = 115, .box_w = 8, .box_h = 12, .ofs_x = 0, .ofs_y = 0},
    {.bitmap_index = 30327, .adv_w = 115, .box_w = 8, .box_h = 9, .ofs_x = 0, .ofs_y = 0},
    {.bitmap_index = 30363, .adv_w = 115, .box_w = 7, .box_h = 12, .ofs_x = 0, .ofs_y = 0},
    {.bitmap_index = 30405, .adv_w = 115, .box_w = 7, .box_h = 9, .ofs_x = 0, .ofs_y = 0},
    {.bitmap_index = 30437, .adv_w = 115, .box_w = 7, .box_h = 9, .ofs_x = 0, .ofs_y = 0},
    {.bitmap_index = 30469, .adv_w = 115, .box_w = 7, .box_h = 10, .ofs_x = 0, .ofs_y = -3},
    {.bitmap_index = 30504, .adv_w = 115, .box_w = 7, .box_h = 11, .ofs_x = 0, .ofs_y = 0},
    {.bitmap_index = 30543, .adv_w = 115, .box_w = 7, .box_h = 9, .ofs_x = 0, .ofs_y = 0},
    {.bitmap_index = 30575, .adv_w = 115, .box_w = 7, .box_h = 12, .ofs_x = 0, .ofs_y = 0},
    {.bitmap_index = 30617, .adv_w = 115, .box_w = 7, .box_h = 9, .ofs_x = 0, .ofs_y = 0},
    {.bitmap_index = 30649, .adv_w = 115, .box_w = 7, .box_h = 12, .ofs_x = 0, .ofs_y = 0},
    {.bitmap_index = 30691, .adv_w = 115, .box_w = 7, .box_h = 9, .ofs_x = 0, .ofs_y = 0},
    {.bitmap_index = 30723, .adv_w = 115, .box_w = 7, .box_h = 9, .ofs_x = 0, .ofs_y = 0},
    {.bitmap_index = 30755, .adv_w = 115, .box_w = 7, .box_h = 7, .ofs_x = 0, .ofs_y = 0},
    {.bitmap_index = 30780, .adv_w = 115, .box_w = 7, .box_h = 12, .ofs_x = 0, .ofs_y = 0},
    {.bitmap_index = 30822, .adv_w = 115, .box_w = 7, .box_h = 9, .ofs_x = 0, .ofs_y = 0},
    {.bitmap_index = 30854, .adv_w = 115, .box_w = 7, .box_h = 12, .ofs_x = 0, .ofs_y = 0},
    {.bitmap_index = 30896, .adv_w = 115, .box_w = 7, .box_h = 9, .ofs_x = 0, .ofs_y = 0},
    {.bitmap_index = 30928, .adv_w = 115, .box_w = 8, .box_h = 11, .ofs_x = 0, .ofs_y = 0},
    {.bitmap_index = 30972, .adv_w = 115, .box_w = 7, .box_h = 12, .ofs_x = 0, .ofs_y = -3},
    {.bitmap_index = 31014, .adv_w = 115, .box_w = 8, .box_h = 12, .ofs_x = 0, .ofs_y = 0},
    {.bitmap_index = 31062, .adv_w = 115, .box_w = 7, .box_h = 12, .ofs_x = 0, .ofs_y = -3},
    {.bitmap_index = 31104, .adv_w = 115, .box_w = 8, .box_h = 12, .ofs_x = 0, .ofs_y = 0},
    {.bitmap_index = 31152, .adv_w = 115, .box_w = 7, .box_h = 13, .ofs_x = 0, .ofs_y = -3},
    {.bitmap_index = 31198, .adv_w = 115, .box_w = 7, .box_h = 12, .ofs_x = 0, .ofs_y = 0},
    {.bitmap_index = 31240, .adv_w = 115, .box_w = 7, .box_h = 9, .ofs_x = 0, .ofs_y = 0},
    {.bitmap_index = 31272, .adv_w = 115, .box_w = 6, .box_h = 12, .ofs_x = 1, .ofs_y = -3},
    {.bitmap_index = 31308, .adv_w = 115, .box_w = 6, .box_h = 10, .ofs_x = 1, .ofs_y = -3},
    {.bitmap_index = 31338, .adv_w = 115, .box_w = 7, .box_h = 12, .ofs_x = 0, .ofs_y = 0},
    {.bitmap_index = 31380, .adv_w = 115, .box_w = 7, .box_h = 9, .ofs_x = 0, .ofs_y = 0},
    {.bitmap_index = 31412, .adv_w = 115, .box_w = 7, .box_h = 12, .ofs_x = 0, .ofs_y = -3},
    {.bitmap_index = 31454, .adv_w = 115, .box_w = 7, .box_h = 10, .ofs_x = 0, .ofs_y = -3},
    {.bitmap_index = 31489, .adv_w = 115, .box_w = 8, .box_h = 12, .ofs_x = 0, .ofs_y = -3},
    {.bitmap_index = 31537, .adv_w = 115, .box_w = 8, .box_h = 10, .ofs_x = 0, .ofs_y = -3},
    {.bitmap_index = 31577, .adv_w = 115, .box_w = 7, .box_h = 9, .ofs_x = 0, .ofs_y = 0},
    {.bitmap_index = 31609, .adv_w = 115, .box_w = 7, .box_h = 7, .ofs_x = 0, .ofs_y = 0},
    {.bitmap_index = 31634, .adv_w = 115, .box_w = 7, .box_h = 9, .ofs_x = 0, .ofs_y = 0},
    {.bitmap_index = 31666, .adv_w = 115, .box_w = 7, .box_h = 10, .ofs_x = 0, .ofs_y = 0},
    {.bitmap_index = 31701, .adv_w = 115, .box_w = 7, .box_h = 9, .ofs_x = 0, .ofs_y = 0},
    {.bitmap_index = 31733, .adv_w = 115, .box_w = 7, .box_h = 10, .ofs_x = 0, .ofs_y = 0},
    {.bitmap_index = 31768, .adv_w = 115, .box_w = 7, .box_h = 9, .ofs_x = 0, .ofs_y = 0},
    {.bitmap_index = 31800, .adv_w = 115, .box_w = 7, .box_h = 7, .ofs_x = 0, .ofs_y = 0},
    {.bitmap_index = 31825, .adv_w = 115, .box_w = 7, .box_h = 12, .ofs_x = 0, .ofs_y = -3},
    {.bitmap_index = 31867, .adv_w = 115, .box_w = 7, .box_h = 10, .ofs_x = 0, .ofs_y = -3},
    {.bitmap_index = 31902, .adv_w = 115, .box_w = 7, .box_h = 9, .ofs_x = 0, .ofs_y = 0},
    {.bitmap_index = 31934, .adv_w = 115, .box_w = 7, .box_h = 7, .ofs_x = 0, .ofs_y = 0},
    {.bitmap_index = 31959, .adv_w = 115, .box_w = 7, .box_h = 9, .ofs_x = 0, .ofs_y = 0},
    {.bitmap_index = 31991, .adv_w = 115, .box_w = 7, .box_h = 7, .ofs_x = 0, .ofs_y = 0},
    {.bitmap_index = 32016, .adv_w = 115, .box_w = 7, .box_h = 9, .ofs_x = 0, .ofs_y = 0},
    {.bitmap_index = 32048, .adv_w = 115, .box_w = 7, .box_h = 7, .ofs_x = 0, .ofs_y = 0},
    {.bitmap_index = 32073, .adv_w = 115, .box_w = 7, .box_h = 9, .ofs_x = 0, .ofs_y = 0},
    {.bitmap_index = 32105, .adv_w = 115, .box_w = 7, .box_h = 7, .ofs_x = 0, .ofs_y = 0},
    {.bitmap_index = 32130, .adv_w = 115, .box_w = 7, .box_h = 9, .ofs_x = 0, .ofs_y = 0},
    {.bitmap_index = 32162, .adv_w = 115, .box_w = 6, .box_h = 7, .ofs_x = 1, .ofs_y = 0},
    {.bitmap_index = 32183, .adv_w = 115, .box_w = 7, .box_h = 12, .ofs_x = 0, .ofs_y = -3},
    {.bitmap_index = 32225, .adv_w = 115, .box_w = 8, .box_h = 11, .ofs_x = 0, .ofs_y = -4},
    {.bitmap_index = 32269, .adv_w = 115, .box_w = 8, .box_h = 9, .ofs_x = 0, .ofs_y = 0},
    {.bitmap_index = 32305, .adv_w = 115, .box_w = 8, .box_h = 7, .ofs_x = 0, .ofs_y = 0},
    {.bitmap_index = 32333, .adv_w = 115, .box_w = 8, .box_h = 9, .ofs_x = 0, .ofs_y = 0},
    {.bitmap_index = 32369, .adv_w = 115, .box_w = 8, .box_h = 10, .ofs_x = 0, .ofs_y = -3},
    {.bitmap_index = 32409, .adv_w = 230, .box_w = 12, .box_h = 9, .ofs_x = 1, .ofs_y = 0},
    {.bitmap_index = 32463, .adv_w = 115, .box_w = 7, .box_h = 7, .ofs_x = 0, .ofs_y = 0},
    {.bitmap_index = 32488, .adv_w = 115, .box_w = 7, .box_h = 11, .ofs_x = 0, .ofs_y = -2},
    {.bitmap_index = 32527, .adv_w = 115, .box_w = 7, .box_h = 10, .ofs_x = 0, .ofs_y = -3},
    {.bitmap_index = 32562, .adv_w = 115, .box_w = 8, .box_h = 9, .ofs_x = 0, .ofs_y = 0},
    {.bitmap_index = 32598, .adv_w = 115, .box_w = 8, .box_h = 7, .ofs_x = 0, .ofs_y = 0},
    {.bitmap_index = 32626, .adv_w = 115, .box_w = 7, .box_h = 9, .ofs_x = 0, .ofs_y = 0},
    {.bitmap_index = 32658, .adv_w = 115, .box_w = 7, .box_h = 7, .ofs_x = 0, .ofs_y = 0},
    {.bitmap_index = 32683, .adv_w = 230, .box_w = 14, .box_h = 12, .ofs_x = 0, .ofs_y = -3},
    {.bitmap_index = 32767, .adv_w = 230, .box_w = 13, .box_h = 10, .ofs_x = 1, .ofs_y = -3},
    {.bitmap_index = 32832, .adv_w = 230, .box_w = 12, .box_h = 12, .ofs_x = 2, .ofs_y = -3},
    {.bitmap_index = 32904, .adv_w = 230, .box_w = 12, .box_h = 10, .ofs_x = 2, .ofs_y = -3},
    {.bitmap_index = 32964, .adv_w = 115, .box_w = 8, .box_h = 12, .ofs_x = 0, .ofs_y = -3},
    {.bitmap_index = 33012, .adv_w = 115, .box_w = 8, .box_h = 10, .ofs_x = 0, .ofs_y = -3},
    {.bitmap_index = 33052, .adv_w = 115, .box_w = 8, .box_h = 12, .ofs_x = 0, .ofs_y = -3},
    {.bitmap_index = 33100, .adv_w = 115, .box_w = 8, .box_h = 13, .ofs_x = 0, .ofs_y = -3},
    {.bitmap_index = 33152, .adv_w = 115, .box_w = 8, .box_h = 12, .ofs_x = -1, .ofs_y = -3},
    {.bitmap_index = 33200, .adv_w = 115, .box_w = 8, .box_h = 10, .ofs_x = -1, .ofs_y = -3},
    {.bitmap_index = 33240, .adv_w = 230, .box_w = 15, .box_h = 12, .ofs_x = 0, .ofs_y = -3},
    {.bitmap_index = 33330, .adv_w = 230, .box_w = 14, .box_h = 9, .ofs_x = 0, .ofs_y = -2},
    {.bitmap_index = 33393, .adv_w = 115, .box_w = 8, .box_h = 12, .ofs_x = 0, .ofs_y = -3},
    {.bitmap_index = 33441, .adv_w = 115, .box_w = 8, .box_h = 10, .ofs_x = 0, .ofs_y = -3},
    {.bitmap_index = 33481, .adv_w = 115, .box_w = 8, .box_h = 12, .ofs_x = 0, .ofs_y = -3},
    {.bitmap_index = 33529, .adv_w = 115, .box_w = 8, .box_h = 10, .ofs_x = 0, .ofs_y = -3},
    {.bitmap_index = 33569, .adv_w = 115, .box_w = 0, .box_h = 0, .ofs_x = 0, .ofs_y = 0},
    {.bitmap_index = 33569, .adv_w = 115, .box_w = 0, .box_h = 0, .ofs_x = 0, .ofs_y = 0},
    {.bitmap_index = 33569, .adv_w = 115, .box_w = 0, .box_h = 0, .ofs_x = 0, .ofs_y = 0},
    {.bitmap_index = 33569, .adv_w = 115, .box_w = 0, .box_h = 0, .ofs_x = 0, .ofs_y = 0},
    {.bitmap_index = 33569, .adv_w = 115, .box_w = 0, .box_h = 0, .ofs_x = 0, .ofs_y = 0},
    {.bitmap_index = 33569, .adv_w = 115, .box_w = 0, .box_h = 0, .ofs_x = 0, .ofs_y = 0},
    {.bitmap_index = 33569, .adv_w = 115, .box_w = 0, .box_h = 0, .ofs_x = 0, .ofs_y = 0},
    {.bitmap_index = 33569, .adv_w = 115, .box_w = 0, .box_h = 0, .ofs_x = 0, .ofs_y = 0},
    {.bitmap_index = 33569, .adv_w = 115, .box_w = 0, .box_h = 0, .ofs_x = 0, .ofs_y = 0},
    {.bitmap_index = 33569, .adv_w = 115, .box_w = 0, .box_h = 0, .ofs_x = 0, .ofs_y = 0},
    {.bitmap_index = 33569, .adv_w = 115, .box_w = 0, .box_h = 0, .ofs_x = 0, .ofs_y = 0},
    {.bitmap_index = 33569, .adv_w = 0, .box_w = 0, .box_h = 0, .ofs_x = 0, .ofs_y = 0},
    {.bitmap_index = 33569, .adv_w = 0, .box_w = 0, .box_h = 0, .ofs_x = 0, .ofs_y = 0},
    {.bitmap_index = 33569, .adv_w = 0, .box_w = 0, .box_h = 0, .ofs_x = 0, .ofs_y = 0},
    {.bitmap_index = 33569, .adv_w = 0, .box_w = 0, .box_h = 0, .ofs_x = 0, .ofs_y = 0},
    {.bitmap_index = 33569, .adv_w = 0, .box_w = 0, .box_h = 0, .ofs_x = 0, .ofs_y = 0},
    {.bitmap_index = 33569, .adv_w = 115, .box_w = 5, .box_h = 3, .ofs_x = 1, .ofs_y = 2},
    {.bitmap_index = 33577, .adv_w = 115, .box_w = 5, .box_h = 3, .ofs_x = 1, .ofs_y = 2},
    {.bitmap_index = 33585, .adv_w = 115, .box_w = 7, .box_h = 3, .ofs_x = 0, .ofs_y = 3},
    {.bitmap_index = 33596, .adv_w = 115, .box_w = 5, .box_h = 3, .ofs_x = 1, .ofs_y = 2},
    {.bitmap_index = 33604, .adv_w = 115, .box_w = 8, .box_h = 3, .ofs_x = 0, .ofs_y = 2},
    {.bitmap_index = 33616, .adv_w = 115, .box_w = 8, .box_h = 3, .ofs_x = 0, .ofs_y = 2},
    {.bitmap_index = 33628, .adv_w = 115, .box_w = 5, .box_h = 13, .ofs_x = 1, .ofs_y = -3},
    {.bitmap_index = 33661, .adv_w = 115, .box_w = 8, .box_h = 5, .ofs_x = 0, .ofs_y = -5},
    {.bitmap_index = 33681, .adv_w = 115, .box_w = 3, .box_h = 4, .ofs_x = 2, .ofs_y = 5},
    {.bitmap_index = 33687, .adv_w = 115, .box_w = 3, .box_h = 4, .ofs_x = 2, .ofs_y = 5},
    {.bitmap_index = 33693, .adv_w = 115, .box_w = 3, .box_h = 4, .ofs_x = 2, .ofs_y = -2},
    {.bitmap_index = 33699, .adv_w = 115, .box_w = 3, .box_h = 4, .ofs_x = 2, .ofs_y = 5},
    {.bitmap_index = 33705, .adv_w = 115, .box_w = 5, .box_h = 4, .ofs_x = 1, .ofs_y = 5},
    {.bitmap_index = 33715, .adv_w = 115, .box_w = 5, .box_h = 4, .ofs_x = 1, .ofs_y = 5},
    {.bitmap_index = 33725, .adv_w = 115, .box_w = 6, .box_h = 4, .ofs_x = 1, .ofs_y = -2},
    {.bitmap_index = 33737, .adv_w = 115, .box_w = 5, .box_h = 4, .ofs_x = 1, .ofs_y = 5},
    {.bitmap_index = 33747, .adv_w = 115, .box_w = 5, .box_h = 10, .ofs_x = 1, .ofs_y = 0},
    {.bitmap_index = 33772, .adv_w = 115, .box_w = 5, .box_h = 10, .ofs_x = 1, .ofs_y = 0},
    {.bitmap_index = 33797, .adv_w = 115, .box_w = 4, .box_h = 4, .ofs_x = 2, .ofs_y = 3},
    {.bitmap_index = 33805, .adv_w = 115, .box_w = 5, .box_h = 5, .ofs_x = 1, .ofs_y = 2},
    {.bitmap_index = 33818, .adv_w = 115, .box_w = 3, .box_h = 3, .ofs_x = 2, .ofs_y = 0},
    {.bitmap_index = 33823, .adv_w = 115, .box_w = 7, .box_h = 3, .ofs_x = 0, .ofs_y = 0},
    {.bitmap_index = 33834, .adv_w = 115, .box_w = 7, .box_h = 3, .ofs_x = 0, .ofs_y = 0},
    {.bitmap_index = 33845, .adv_w = 115, .box_w = 3, .box_h = 3, .ofs_x = 2, .ofs_y = 2},
    {.bitmap_index = 33850, .adv_w = 115, .box_w = 0, .box_h = 0, .ofs_x = 0, .ofs_y = 0},
    {.bitmap_index = 33850, .adv_w = 115, .box_w = 0, .box_h = 0, .ofs_x = 0, .ofs_y = 0},
    {.bitmap_index = 33850, .adv_w = 115, .box_w = 0, .box_h = 0, .ofs_x = 0, .ofs_y = 0},
    {.bitmap_index = 33850, .adv_w = 115, .box_w = 7, .box_h = 9, .ofs_x = 0, .ofs_y = 0},
    {.bitmap_index = 33882, .adv_w = 346, .box_w = 21, .box_h = 9, .ofs_x = 0, .ofs_y = 0},
    {.bitmap_index = 33977, .adv_w = 115, .box_w = 4, .box_h = 4, .ofs_x = 2, .ofs_y = 5},
    {.bitmap_index = 33985, .adv_w = 115, .box_w = 7, .box_h = 4, .ofs_x = 0, .ofs_y = 5},
    {.bitmap_index = 33999, .adv_w = 115, .box_w = 8, .box_h = 4, .ofs_x = 0, .ofs_y = 5},
    {.bitmap_index = 34015, .adv_w = 115, .box_w = 4, .box_h = 4, .ofs_x = 2, .ofs_y = 5},
    {.bitmap_index = 34023, .adv_w = 115, .box_w = 7, .box_h = 4, .ofs_x = 0, .ofs_y = 5},
    {.bitmap_index = 34037, .adv_w = 115, .box_w = 9, .box_h = 4, .ofs_x = -1, .ofs_y = 5},
    {.bitmap_index = 34055, .adv_w = 115, .box_w = 5, .box_h = 4, .ofs_x = 1, .ofs_y = -3},
    {.bitmap_index = 34065, .adv_w = 115, .box_w = 4, .box_h = 7, .ofs_x = 2, .ofs_y = 0},
    {.bitmap_index = 34079, .adv_w = 115, .box_w = 4, .box_h = 7, .ofs_x = 2, .ofs_y = 0},
    {.bitmap_index = 34093, .adv_w = 230, .box_w = 10, .box_h = 9, .ofs_x = 2, .ofs_y = 0},
    {.bitmap_index = 34138, .adv_w = 115, .box_w = 6, .box_h = 9, .ofs_x = 1, .ofs_y = 0},
    {.bitmap_index = 34165, .adv_w = 115, .box_w = 6, .box_h = 9, .ofs_x = 1, .ofs_y = 0},
    {.bitmap_index = 34192, .adv_w = 115, .box_w = 5, .box_h = 2, .ofs_x = 1, .ofs_y = 7},
    {.bitmap_index = 34197, .adv_w = 115, .box_w = 7, .box_h = 3, .ofs_x = 0, .ofs_y = -3},
    {.bitmap_index = 34208, .adv_w = 115, .box_w = 7, .box_h = 3, .ofs_x = 0, .ofs_y = 7},
    {.bitmap_index = 34219, .adv_w = 115, .box_w = 5, .box_h = 9, .ofs_x = 1, .ofs_y = -3},
    {.bitmap_index = 34242, .adv_w = 230, .box_w = 14, .box_h = 11, .ofs_x = 0, .ofs_y = -1},
    {.bitmap_index = 34319, .adv_w = 115, .box_w = 5, .box_h = 3, .ofs_x = 1, .ofs_y = 2},
    {.bitmap_index = 34327, .adv_w = 0, .box_w = 6, .box_h = 9, .ofs_x = -3, .ofs_y = 0},
    {.bitmap_index = 34354, .adv_w = 115, .box_w = 4, .box_h = 12, .ofs_x = 2, .ofs_y = -3},
    {.bitmap_index = 34378, .adv_w = 115, .box_w = 3, .box_h = 12, .ofs_x = 2, .ofs_y = -3},
    {.bitmap_index = 34396, .adv_w = 230, .box_w = 12, .box_h = 9, .ofs_x = 1, .ofs_y = 0},
    {.bitmap_index = 34450, .adv_w = 115, .box_w = 7, .box_h = 9, .ofs_x = 0, .ofs_y = 0},
    {.bitmap_index = 34482, .adv_w = 115, .box_w = 8, .box_h = 9, .ofs_x = 0, .ofs_y = 0},
    {.bitmap_index = 34518, .adv_w = 115, .box_w = 7, .box_h = 7, .ofs_x = 0, .ofs_y = 0},
    {.bitmap_index = 34543, .adv_w = 115, .box_w = 7, .box_h = 12, .ofs_x = 0, .ofs_y = -2},
    {.bitmap_index = 34585, .adv_w = 115, .box_w = 7, .box_h = 7, .ofs_x = 0, .ofs_y = 0},
    {.bitmap_index = 34610, .adv_w = 115, .box_w = 7, .box_h = 7, .ofs_x = 0, .ofs_y = 0},
    {.bitmap_index = 34635, .adv_w = 115, .box_w = 7, .box_h = 6, .ofs_x = 0, .ofs_y = -3},
    {.bitmap_index = 34656, .adv_w = 115, .box_w = 3, .box_h = 9, .ofs_x = 2, .ofs_y = -2},
    {.bitmap_index = 34670, .adv_w = 115, .box_w = 7, .box_h = 13, .ofs_x = 0, .ofs_y = -3},
    {.bitmap_index = 34716, .adv_w = 115, .box_w = 7, .box_h = 12, .ofs_x = 0, .ofs_y = -2},
    {.bitmap_index = 34758, .adv_w = 115, .box_w = 5, .box_h = 9, .ofs_x = 1, .ofs_y = 0},
    {.bitmap_index = 34781, .adv_w = 230, .box_w = 13, .box_h = 3, .ofs_x = 1, .ofs_y = 2},
    {.bitmap_index = 34801, .adv_w = 115, .box_w = 7, .box_h = 3, .ofs_x = 0, .ofs_y = -3},
    {.bitmap_index = 34812, .adv_w = 115, .box_w = 7, .box_h = 7, .ofs_x = 0, .ofs_y = 0},
    {.bitmap_index = 34837, .adv_w = 115, .box_w = 6, .box_h = 9, .ofs_x = 0, .ofs_y = 0},
    {.bitmap_index = 34864, .adv_w = 230, .box_w = 11, .box_h = 4, .ofs_x = 2, .ofs_y = 5},
    {.bitmap_index = 34886, .adv_w = 115, .box_w = 8, .box_h = 9, .ofs_x = 0, .ofs_y = 0},
    {.bitmap_index = 34922, .adv_w = 115, .box_w = 7, .box_h = 9, .ofs_x = 0, .ofs_y = 0},
    {.bitmap_index = 34954, .adv_w = 115, .box_w = 3, .box_h = 9, .ofs_x = 2, .ofs_y = 0},
    {.bitmap_index = 34968, .adv_w = 115, .box_w = 7, .box_h = 10, .ofs_x = 0, .ofs_y = 0},
    {.bitmap_index = 35003, .adv_w = 115, .box_w = 8, .box_h = 10, .ofs_x = 0, .ofs_y = 0},
    {.bitmap_index = 35043, .adv_w = 115, .box_w = 3, .box_h = 9, .ofs_x = 2, .ofs_y = 0},
    {.bitmap_index = 35057, .adv_w = 115, .box_w = 3, .box_h = 9, .ofs_x = 2, .ofs_y = 0},
    {.bitmap_index = 35071, .adv_w = 115, .box_w = 7, .box_h = 9, .ofs_x = 0, .ofs_y = 0},
    {.bitmap_index = 35103, .adv_w = 115, .box_w = 7, .box_h = 11, .ofs_x = 0, .ofs_y = -1},
    {.bitmap_index = 35142, .adv_w = 115, .box_w = 7, .box_h = 9, .ofs_x = 0, .ofs_y = 0},
    {.bitmap_index = 35174, .adv_w = 115, .box_w = 7, .box_h = 9, .ofs_x = 0, .ofs_y = 0},
    {.bitmap_index = 35206, .adv_w = 115, .box_w = 7, .box_h = 9, .ofs_x = 0, .ofs_y = 0},
    {.bitmap_index = 35238, .adv_w = 115, .box_w = 7, .box_h = 11, .ofs_x = 0, .ofs_y = -2},
    {.bitmap_index = 35277, .adv_w = 115, .box_w = 8, .box_h = 9, .ofs_x = 0, .ofs_y = 0},
    {.bitmap_index = 35313, .adv_w = 115, .box_w = 8, .box_h = 9, .ofs_x = 0, .ofs_y = 0},
    {.bitmap_index = 35349, .adv_w = 230, .box_w = 13, .box_h = 9, .ofs_x = 1, .ofs_y = 0},
    {.bitmap_index = 35408, .adv_w = 115, .box_w = 8, .box_h = 9, .ofs_x = 0, .ofs_y = 0},
    {.bitmap_index = 35444, .adv_w = 115, .box_w = 7, .box_h = 9, .ofs_x = 0, .ofs_y = 0},
    {.bitmap_index = 35476, .adv_w = 115, .box_w = 8, .box_h = 13, .ofs_x = 0, .ofs_y = -3},
    {.bitmap_index = 35528, .adv_w = 115, .box_w = 7, .box_h = 9, .ofs_x = 0, .ofs_y = 0},
    {.bitmap_index = 35560, .adv_w = 115, .box_w = 7, .box_h = 9, .ofs_x = 0, .ofs_y = 0},
    {.bitmap_index = 35592, .adv_w = 115, .box_w = 7, .box_h = 9, .ofs_x = 0, .ofs_y = 0},
    {.bitmap_index = 35624, .adv_w = 115, .box_w = 7, .box_h = 12, .ofs_x = 0, .ofs_y = -3},
    {.bitmap_index = 35666, .adv_w = 115, .box_w = 7, .box_h = 12, .ofs_x = 0, .ofs_y = -3},
    {.bitmap_index = 35708, .adv_w = 115, .box_w = 7, .box_h = 9, .ofs_x = 0, .ofs_y = 0},
    {.bitmap_index = 35740, .adv_w = 115, .box_w = 7, .box_h = 11, .ofs_x = 0, .ofs_y = -1},
    {.bitmap_index = 35779, .adv_w = 115, .box_w = 8, .box_h = 9, .ofs_x = 0, .ofs_y = 0},
    {.bitmap_index = 35815, .adv_w = 115, .box_w = 7, .box_h = 9, .ofs_x = 0, .ofs_y = 0},
    {.bitmap_index = 35847, .adv_w = 115, .box_w = 7, .box_h = 11, .ofs_x = 0, .ofs_y = -1},
    {.bitmap_index = 35886, .adv_w = 115, .box_w = 8, .box_h = 9, .ofs_x = 0, .ofs_y = 0},
    {.bitmap_index = 35922, .adv_w = 230, .box_w = 12, .box_h = 11, .ofs_x = 1, .ofs_y = -2},
    {.bitmap_index = 35988, .adv_w = 115, .box_w = 7, .box_h = 9, .ofs_x = 0, .ofs_y = 0},
    {.bitmap_index = 36020, .adv_w = 115, .box_w = 7, .box_h = 9, .ofs_x = 0, .ofs_y = 0},
    {.bitmap_index = 36052, .adv_w = 115, .box_w = 7, .box_h = 9, .ofs_x = 0, .ofs_y = 0},
    {.bitmap_index = 36084, .adv_w = 115, .box_w = 8, .box_h = 9, .ofs_x = 0, .ofs_y = 0},
    {.bitmap_index = 36120, .adv_w = 115, .box_w = 7, .box_h = 9, .ofs_x = 0, .ofs_y = 0},
    {.bitmap_index = 36152, .adv_w = 115, .box_w = 7, .box_h = 9, .ofs_x = 0, .ofs_y = 0},
    {.bitmap_index = 36184, .adv_w = 115, .box_w = 7, .box_h = 11, .ofs_x = 0, .ofs_y = 0},
    {.bitmap_index = 36223, .adv_w = 115, .box_w = 6, .box_h = 12, .ofs_x = 1, .ofs_y = -1},
    {.bitmap_index = 36259, .adv_w = 115, .box_w = 7, .box_h = 10, .ofs_x = 0, .ofs_y = -3},
    {.bitmap_index = 36294, .adv_w = 115, .box_w = 8, .box_h = 9, .ofs_x = 0, .ofs_y = 0},
    {.bitmap_index = 36330, .adv_w = 115, .box_w = 8, .box_h = 9, .ofs_x = 0, .ofs_y = 0},
    {.bitmap_index = 36366, .adv_w = 115, .box_w = 7, .box_h = 9, .ofs_x = 0, .ofs_y = 0},
    {.bitmap_index = 36398, .adv_w = 230, .box_w = 12, .box_h = 10, .ofs_x = 1, .ofs_y = -1},
    {.bitmap_index = 36458, .adv_w = 115, .box_w = 7, .box_h = 9, .ofs_x = 0, .ofs_y = 0},
    {.bitmap_index = 36490, .adv_w = 115, .box_w = 8, .box_h = 9, .ofs_x = 0, .ofs_y = 0},
    {.bitmap_index = 36526, .adv_w = 115, .box_w = 8, .box_h = 9, .ofs_x = 0, .ofs_y = 0},
    {.bitmap_index = 36562, .adv_w = 115, .box_w = 7, .box_h = 10, .ofs_x = 0, .ofs_y = -1},
    {.bitmap_index = 36597, .adv_w = 115, .box_w = 7, .box_h = 10, .ofs_x = 0, .ofs_y = -1},
    {.bitmap_index = 36632, .adv_w = 230, .box_w = 12, .box_h = 10, .ofs_x = 1, .ofs_y = -1},
    {.bitmap_index = 36692, .adv_w = 115, .box_w = 9, .box_h = 10, .ofs_x = -1, .ofs_y = -5},
    {.bitmap_index = 36737, .adv_w = 230, .box_w = 14, .box_h = 10, .ofs_x = 0, .ofs_y = -1},
    {.bitmap_index = 36807, .adv_w = 115, .box_w = 8, .box_h = 11, .ofs_x = 0, .ofs_y = -2},
    {.bitmap_index = 36851, .adv_w = 115, .box_w = 7, .box_h = 9, .ofs_x = 0, .ofs_y = 0},
    {.bitmap_index = 36883, .adv_w = 115, .box_w = 7, .box_h = 11, .ofs_x = 0, .ofs_y = -1},
    {.bitmap_index = 36922, .adv_w = 115, .box_w = 7, .box_h = 11, .ofs_x = 0, .ofs_y = -1},
    {.bitmap_index = 36961, .adv_w = 230, .box_w = 12, .box_h = 10, .ofs_x = 1, .ofs_y = -1},
    {.bitmap_index = 37021, .adv_w = 115, .box_w = 7, .box_h = 9, .ofs_x = 0, .ofs_y = 0},
    {.bitmap_index = 37053, .adv_w = 230, .box_w = 12, .box_h = 9, .ofs_x = 1, .ofs_y = 0},
    {.bitmap_index = 37107, .adv_w = 115, .box_w = 7, .box_h = 10, .ofs_x = 0, .ofs_y = -1},
    {.bitmap_index = 37142, .adv_w = 230, .box_w = 14, .box_h = 11, .ofs_x = 0, .ofs_y = -1},
    {.bitmap_index = 37219, .adv_w = 115, .box_w = 7, .box_h = 9, .ofs_x = 0, .ofs_y = 0},
    {.bitmap_index = 37251, .adv_w = 115, .box_w = 7, .box_h = 9, .ofs_x = 0, .ofs_y = 0},
    {.bitmap_index = 37283, .adv_w = 115, .box_w = 7, .box_h = 7, .ofs_x = 0, .ofs_y = 1},
    {.bitmap_index = 37308, .adv_w = 230, .box_w = 11, .box_h = 11, .ofs_x = 2, .ofs_y = -3},
    {.bitmap_index = 37369, .adv_w = 115, .box_w = 8, .box_h = 9, .ofs_x = 0, .ofs_y = 0},
    {.bitmap_index = 37405, .adv_w = 115, .box_w = 8, .box_h = 11, .ofs_x = 0, .ofs_y = -2},
    {.bitmap_index = 37449, .adv_w = 230, .box_w = 12, .box_h = 9, .ofs_x = 1, .ofs_y = 0},
    {.bitmap_index = 37503, .adv_w = 230, .box_w = 12, .box_h = 9, .ofs_x = 1, .ofs_y = 0},
    {.bitmap_index = 37557, .adv_w = 115, .box_w = 8, .box_h = 9, .ofs_x = 0, .ofs_y = 0},
    {.bitmap_index = 37593, .adv_w = 115, .box_w = 8, .box_h = 9, .ofs_x = 0, .ofs_y = 0},
    {.bitmap_index = 37629, .adv_w = 115, .box_w = 6, .box_h = 13, .ofs_x = 1, .ofs_y = -2},
    {.bitmap_index = 37668, .adv_w = 115, .box_w = 7, .box_h = 5, .ofs_x = 0, .ofs_y = 4},
    {.bitmap_index = 37686, .adv_w = 115, .box_w = 8, .box_h = 5, .ofs_x = 0, .ofs_y = 4},
    {.bitmap_index = 37706, .adv_w = 115, .box_w = 8, .box_h = 5, .ofs_x = -1, .ofs_y = 4},
    {.bitmap_index = 37726, .adv_w = 115, .box_w = 8, .box_h = 13, .ofs_x = 0, .ofs_y = -2},
    {.bitmap_index = 37778, .adv_w = 115, .box_w = 7, .box_h = 9, .ofs_x = 0, .ofs_y = 0},
    {.bitmap_index = 37810, .adv_w = 115, .box_w = 7, .box_h = 12, .ofs_x = 0, .ofs_y = -3},
    {.bitmap_index = 37852, .adv_w = 115, .box_w = 7, .box_h = 9, .ofs_x = 0, .ofs_y = 0},
    {.bitmap_index = 37884, .adv_w = 115, .box_w = 7, .box_h = 10, .ofs_x = 0, .ofs_y = -1},
    {.bitmap_index = 37919, .adv_w = 115, .box_w = 7, .box_h = 12, .ofs_x = 0, .ofs_y = -2},
    {.bitmap_index = 37961, .adv_w = 115, .box_w = 4, .box_h = 7, .ofs_x = 1, .ofs_y = 0},
    {.bitmap_index = 37975, .adv_w = 115, .box_w = 7, .box_h = 9, .ofs_x = 0, .ofs_y = 0},
    {.bitmap_index = 38007, .adv_w = 115, .box_w = 8, .box_h = 13, .ofs_x = 0, .ofs_y = -1},
    {.bitmap_index = 38059, .adv_w = 230, .box_w = 12, .box_h = 9, .ofs_x = 1, .ofs_y = 0},
    {.bitmap_index = 38113, .adv_w = 115, .box_w = 7, .box_h = 10, .ofs_x = 0, .ofs_y = -1},
    {.bitmap_index = 38148, .adv_w = 115, .box_w = 7, .box_h = 7, .ofs_x = 0, .ofs_y = 0},
    {.bitmap_index = 38173, .adv_w = 115, .box_w = 6, .box_h = 6, .ofs_x = 1, .ofs_y = -1},
    {.bitmap_index = 38191, .adv_w = 115, .box_w = 7, .box_h = 9, .ofs_x = 0, .ofs_y = 0},
    {.bitmap_index = 38223, .adv_w = 230, .box_w = 13, .box_h = 10, .ofs_x = 1, .ofs_y = -1},
    {.bitmap_index = 38288, .adv_w = 115, .box_w = 7, .box_h = 9, .ofs_x = 0, .ofs_y = 0},
    {.bitmap_index = 38320, .adv_w = 230, .box_w = 15, .box_h = 10, .ofs_x = 0, .ofs_y = -1},
    {.bitmap_index = 38395, .adv_w = 115, .box_w = 7, .box_h = 6, .ofs_x = 0, .ofs_y = -1},
    {.bitmap_index = 38416, .adv_w = 115, .box_w = 7, .box_h = 9, .ofs_x = 0, .ofs_y = -1},
    {.bitmap_index = 38448, .adv_w = 115, .box_w = 7, .box_h = 7, .ofs_x = 0, .ofs_y = 0},
    {.bitmap_index = 38473, .adv_w = 115, .box_w = 5, .box_h = 9, .ofs_x = 1, .ofs_y = -1},
    {.bitmap_index = 38496, .adv_w = 115, .box_w = 7, .box_h = 7, .ofs_x = 0, .ofs_y = 0},
    {.bitmap_index = 38521, .adv_w = 115, .box_w = 7, .box_h = 10, .ofs_x = 0, .ofs_y = 0},
    {.bitmap_index = 38556, .adv_w = 230, .box_w = 12, .box_h = 7, .ofs_x = 1, .ofs_y = 0},
    {.bitmap_index = 38598, .adv_w = 115, .box_w = 7, .box_h = 5, .ofs_x = 0, .ofs_y = 4},
    {.bitmap_index = 38616, .adv_w = 115, .box_w = 8, .box_h = 7, .ofs_x = 0, .ofs_y = 0},
    {.bitmap_index = 38644, .adv_w = 115, .box_w = 7, .box_h = 10, .ofs_x = 0, .ofs_y = -3},
    {.bitmap_index = 38679, .adv_w = 115, .box_w = 6, .box_h = 9, .ofs_x = 1, .ofs_y = 0},
    {.bitmap_index = 38706, .adv_w = 115, .box_w = 7, .box_h = 9, .ofs_x = 0, .ofs_y = 0},
    {.bitmap_index = 38738, .adv_w = 115, .box_w = 8, .box_h = 12, .ofs_x = 0, .ofs_y = -3},
    {.bitmap_index = 38786, .adv_w = 115, .box_w = 7, .box_h = 10, .ofs_x = 0, .ofs_y = -1},
    {.bitmap_index = 38821, .adv_w = 115, .box_w = 7, .box_h = 10, .ofs_x = 0, .ofs_y = -1},
    {.bitmap_index = 38856, .adv_w = 115, .box_w = 7, .box_h = 9, .ofs_x = 0, .ofs_y = 0},
    {.bitmap_index = 38888, .adv_w = 115, .box_w = 7, .box_h = 9, .ofs_x = 0, .ofs_y = 0},
    {.bitmap_index = 38920, .adv_w = 115, .box_w = 7, .box_h = 9, .ofs_x = 0, .ofs_y = 0},
    {.bitmap_index = 38952, .adv_w = 115, .box_w = 8, .box_h = 9, .ofs_x = 0, .ofs_y = 0},
    {.bitmap_index = 38988, .adv_w = 115, .box_w = 7, .box_h = 7, .ofs_x = 0, .ofs_y = 0},
    {.bitmap_index = 39013, .adv_w = 115, .box_w = 5, .box_h = 10, .ofs_x = 1, .ofs_y = 0},
    {.bitmap_index = 39038, .adv_w = 115, .box_w = 7, .box_h = 13, .ofs_x = 0, .ofs_y = -3},
    {.bitmap_index = 39084, .adv_w = 115, .box_w = 8, .box_h = 10, .ofs_x = 0, .ofs_y = 0},
    {.bitmap_index = 39124, .adv_w = 115, .box_w = 8, .box_h = 10, .ofs_x = 0, .ofs_y = -1},
    {.bitmap_index = 39164, .adv_w = 115, .box_w = 7, .box_h = 9, .ofs_x = 0, .ofs_y = 0},
    {.bitmap_index = 39196, .adv_w = 115, .box_w = 8, .box_h = 10, .ofs_x = -1, .ofs_y = -1},
    {.bitmap_index = 39236, .adv_w = 115, .box_w = 5, .box_h = 7, .ofs_x = 1, .ofs_y = 0},
    {.bitmap_index = 39254, .adv_w = 230, .box_w = 14, .box_h = 7, .ofs_x = 0, .ofs_y = 0},
    {.bitmap_index = 39303, .adv_w = 115, .box_w = 7, .box_h = 4, .ofs_x = 0, .ofs_y = 0},
    {.bitmap_index = 39317, .adv_w = 115, .box_w = 3, .box_h = 8, .ofs_x = 2, .ofs_y = -1},
    {.bitmap_index = 39329, .adv_w = 115, .box_w = 7, .box_h = 4, .ofs_x = 0, .ofs_y = 0},
    {.bitmap_index = 39343, .adv_w = 115, .box_w = 3, .box_h = 8, .ofs_x = 2, .ofs_y = -1},
    {.bitmap_index = 39355, .adv_w = 115, .box_w = 7, .box_h = 4, .ofs_x = 0, .ofs_y = 0},
    {.bitmap_index = 39369, .adv_w = 115, .box_w = 3, .box_h = 8, .ofs_x = 2, .ofs_y = -1},
    {.bitmap_index = 39381, .adv_w = 230, .box_w = 8, .box_h = 4, .ofs_x = 3, .ofs_y = 0},
    {.bitmap_index = 39397, .adv_w = 230, .box_w = 8, .box_h = 4, .ofs_x = 3, .ofs_y = 0},
    {.bitmap_index = 39413, .adv_w = 230, .box_w = 8, .box_h = 4, .ofs_x = 3, .ofs_y = 0},
    {.bitmap_index = 39429, .adv_w = 230, .box_w = 8, .box_h = 4, .ofs_x = 3, .ofs_y = 0},
    {.bitmap_index = 39445, .adv_w = 230, .box_w = 8, .box_h = 4, .ofs_x = 3, .ofs_y = 0},
    {.bitmap_index = 39461, .adv_w = 230, .box_w = 8, .box_h = 4, .ofs_x = 3, .ofs_y = 0},
    {.bitmap_index = 39477, .adv_w = 230, .box_w = 8, .box_h = 4, .ofs_x = 3, .ofs_y = 0},
    {.bitmap_index = 39493, .adv_w = 230, .box_w = 8, .box_h = 4, .ofs_x = 3, .ofs_y = 0},
    {.bitmap_index = 39509, .adv_w = 230, .box_w = 8, .box_h = 6, .ofs_x = 3, .ofs_y = -1},
    {.bitmap_index = 39533, .adv_w = 115, .box_w = 5, .box_h = 8, .ofs_x = 1, .ofs_y = -1},
    {.bitmap_index = 39553, .adv_w = 230, .box_w = 8, .box_h = 6, .ofs_x = 3, .ofs_y = -1},
    {.bitmap_index = 39577, .adv_w = 115, .box_w = 5, .box_h = 8, .ofs_x = 1, .ofs_y = -1},
    {.bitmap_index = 39597, .adv_w = 230, .box_w = 9, .box_h = 6, .ofs_x = 3, .ofs_y = -1},
    {.bitmap_index = 39624, .adv_w = 230, .box_w = 8, .box_h = 6, .ofs_x = 3, .ofs_y = -1},
    {.bitmap_index = 39648, .adv_w = 230, .box_w = 8, .box_h = 6, .ofs_x = 3, .ofs_y = -1},
    {.bitmap_index = 39672, .adv_w = 230, .box_w = 8, .box_h = 6, .ofs_x = 3, .ofs_y = -1},
    {.bitmap_index = 39696, .adv_w = 230, .box_w = 8, .box_h = 6, .ofs_x = 3, .ofs_y = -1},
    {.bitmap_index = 39720, .adv_w = 115, .box_w = 8, .box_h = 10, .ofs_x = 0, .ofs_y = -1},
    {.bitmap_index = 39760, .adv_w = 115, .box_w = 5, .box_h = 10, .ofs_x = 1, .ofs_y = -1},
    {.bitmap_index = 39785, .adv_w = 115, .box_w = 7, .box_h = 10, .ofs_x = 0, .ofs_y = -1},
    {.bitmap_index = 39820, .adv_w = 115, .box_w = 7, .box_h = 9, .ofs_x = 0, .ofs_y = 0},
    {.bitmap_index = 39852, .adv_w = 115, .box_w = 7, .box_h = 10, .ofs_x = 0, .ofs_y = -1},
    {.bitmap_index = 39887, .adv_w = 230, .box_w = 10, .box_h = 11, .ofs_x = 2, .ofs_y = -1},
    {.bitmap_index = 39942, .adv_w = 115, .box_w = 8, .box_h = 9, .ofs_x = 0, .ofs_y = 0},
    {.bitmap_index = 39978, .adv_w = 115, .box_w = 7, .box_h = 10, .ofs_x = 0, .ofs_y = -1},
    {.bitmap_index = 40013, .adv_w = 115, .box_w = 7, .box_h = 8, .ofs_x = 0, .ofs_y = 0},
    {.bitmap_index = 40041, .adv_w = 115, .box_w = 7, .box_h = 11, .ofs_x = 0, .ofs_y = -1},
    {.bitmap_index = 40080, .adv_w = 115, .box_w = 7, .box_h = 6, .ofs_x = 0, .ofs_y = 1},
    {.bitmap_index = 40101, .adv_w = 115, .box_w = 7, .box_h = 8, .ofs_x = 0, .ofs_y = 0},
    {.bitmap_index = 40129, .adv_w = 115, .box_w = 7, .box_h = 11, .ofs_x = 0, .ofs_y = -1},
    {.bitmap_index = 40168, .adv_w = 115, .box_w = 7, .box_h = 6, .ofs_x = 0, .ofs_y = 1},
    {.bitmap_index = 40189, .adv_w = 115, .box_w = 7, .box_h = 9, .ofs_x = 0, .ofs_y = 0},
    {.bitmap_index = 40221, .adv_w = 115, .box_w = 7, .box_h = 12, .ofs_x = 0, .ofs_y = -3},
    {.bitmap_index = 40263, .adv_w = 115, .box_w = 7, .box_h = 2, .ofs_x = 0, .ofs_y = 3},
    {.bitmap_index = 40270, .adv_w = 115, .box_w = 5, .box_h = 5, .ofs_x = 1, .ofs_y = 2},
    {.bitmap_index = 40283, .adv_w = 115, .box_w = 3, .box_h = 3, .ofs_x = 2, .ofs_y = 3},
    {.bitmap_index = 40288, .adv_w = 115, .box_w = 8, .box_h = 11, .ofs_x = 0, .ofs_y = -1},
    {.bitmap_index = 40332, .adv_w = 115, .box_w = 8, .box_h = 5, .ofs_x = 0, .ofs_y = 2},
    {.bitmap_index = 40352, .adv_w = 115, .box_w = 7, .box_h = 7, .ofs_x = 0, .ofs_y = 0},
    {.bitmap_index = 40377, .adv_w = 115, .box_w = 3, .box_h = 10, .ofs_x = 2, .ofs_y = 0},
    {.bitmap_index = 40392, .adv_w = 115, .box_w = 7, .box_h = 7, .ofs_x = 0, .ofs_y = 1},
    {.bitmap_index = 40417, .adv_w = 115, .box_w = 7, .box_h = 7, .ofs_x = 0, .ofs_y = 1},
    {.bitmap_index = 40442, .adv_w = 115, .box_w = 7, .box_h = 8, .ofs_x = 0, .ofs_y = 0},
    {.bitmap_index = 40470, .adv_w = 115, .box_w = 7, .box_h = 9, .ofs_x = 0, .ofs_y = 0},
    {.bitmap_index = 40502, .adv_w = 115, .box_w = 7, .box_h = 7, .ofs_x = 0, .ofs_y = 1},
    {.bitmap_index = 40527, .adv_w = 115, .box_w = 7, .box_h = 7, .ofs_x = 0, .ofs_y = 1},
    {.bitmap_index = 40552, .adv_w = 115, .box_w = 3, .box_h = 7, .ofs_x = 2, .ofs_y = 1},
    {.bitmap_index = 40563, .adv_w = 115, .box_w = 7, .box_h = 7, .ofs_x = 0, .ofs_y = 1},
    {.bitmap_index = 40588, .adv_w = 115, .box_w = 7, .box_h = 5, .ofs_x = 0, .ofs_y = 3},
    {.bitmap_index = 40606, .adv_w = 115, .box_w = 7, .box_h = 3, .ofs_x = 0, .ofs_y = 3},
    {.bitmap_index = 40617, .adv_w = 115, .box_w = 7, .box_h = 3, .ofs_x = 0, .ofs_y = 3},
    {.bitmap_index = 40628, .adv_w = 115, .box_w = 7, .box_h = 8, .ofs_x = 0, .ofs_y = 0},
    {.bitmap_index = 40656, .adv_w = 115, .box_w = 7, .box_h = 5, .ofs_x = 0, .ofs_y = 2},
    {.bitmap_index = 40674, .adv_w = 115, .box_w = 7, .box_h = 7, .ofs_x = 0, .ofs_y = 1},
    {.bitmap_index = 40699, .adv_w = 115, .box_w = 7, .box_h = 10, .ofs_x = 0, .ofs_y = -1},
    {.bitmap_index = 40734, .adv_w = 115, .box_w = 7, .box_h = 5, .ofs_x = 0, .ofs_y = 2},
    {.bitmap_index = 40752, .adv_w = 115, .box_w = 7, .box_h = 10, .ofs_x = 0, .ofs_y = -1},
    {.bitmap_index = 40787, .adv_w = 115, .box_w = 7, .box_h = 7, .ofs_x = 0, .ofs_y = 1},
    {.bitmap_index = 40812, .adv_w = 115, .box_w = 7, .box_h = 7, .ofs_x = 0, .ofs_y = 1},
    {.bitmap_index = 40837, .adv_w = 115, .box_w = 7, .box_h = 7, .ofs_x = 0, .ofs_y = 1},
    {.bitmap_index = 40862, .adv_w = 115, .box_w = 7, .box_h = 6, .ofs_x = 0, .ofs_y = 1},
    {.bitmap_index = 40883, .adv_w = 115, .box_w = 7, .box_h = 6, .ofs_x = 0, .ofs_y = 1},
    {.bitmap_index = 40904, .adv_w = 115, .box_w = 7, .box_h = 9, .ofs_x = 0, .ofs_y = 0},
    {.bitmap_index = 40936, .adv_w = 115, .box_w = 7, .box_h = 8, .ofs_x = 0, .ofs_y = 0},
    {.bitmap_index = 40964, .adv_w = 115, .box_w = 7, .box_h = 8, .ofs_x = 0, .ofs_y = 0},
    {.bitmap_index = 40992, .adv_w = 115, .box_w = 7, .box_h = 8, .ofs_x = 0, .ofs_y = 0},
    {.bitmap_index = 41020, .adv_w = 115, .box_w = 7, .box_h = 10, .ofs_x = 0, .ofs_y = -1},
    {.bitmap_index = 41055, .adv_w = 115, .box_w = 7, .box_h = 8, .ofs_x = 0, .ofs_y = 0},
    {.bitmap_index = 41083, .adv_w = 115, .box_w = 7, .box_h = 8, .ofs_x = 0, .ofs_y = 0},
    {.bitmap_index = 41111, .adv_w = 115, .box_w = 5, .box_h = 10, .ofs_x = 1, .ofs_y = 0},
    {.bitmap_index = 41136, .adv_w = 115, .box_w = 6, .box_h = 9, .ofs_x = 1, .ofs_y = 0},
    {.bitmap_index = 41163, .adv_w = 115, .box_w = 6, .box_h = 9, .ofs_x = 1, .ofs_y = 0},
    {.bitmap_index = 41190, .adv_w = 115, .box_w = 7, .box_h = 11, .ofs_x = 0, .ofs_y = -2},
    {.bitmap_index = 41229, .adv_w = 115, .box_w = 7, .box_h = 10, .ofs_x = 0, .ofs_y = -1},
    {.bitmap_index = 41264, .adv_w = 115, .box_w = 7, .box_h = 8, .ofs_x = 0, .ofs_y = 0},
    {.bitmap_index = 41292, .adv_w = 115, .box_w = 7, .box_h = 8, .ofs_x = 0, .ofs_y = 0},
    {.bitmap_index = 41320, .adv_w = 115, .box_w = 7, .box_h = 10, .ofs_x = 0, .ofs_y = -1},
    {.bitmap_index = 41355, .adv_w = 115, .box_w = 7, .box_h = 10, .ofs_x = 0, .ofs_y = -1},
    {.bitmap_index = 41390, .adv_w = 115, .box_w = 7, .box_h = 8, .ofs_x = 0, .ofs_y = 0},
    {.bitmap_index = 41418, .adv_w = 115, .box_w = 7, .box_h = 8, .ofs_x = 0, .ofs_y = 0},
    {.bitmap_index = 41446, .adv_w = 115, .box_w = 7, .box_h = 8, .ofs_x = 0, .ofs_y = 0},
    {.bitmap_index = 41474, .adv_w = 115, .box_w = 7, .box_h = 8, .ofs_x = 0, .ofs_y = 0},
    {.bitmap_index = 41502, .adv_w = 115, .box_w = 7, .box_h = 11, .ofs_x = 0, .ofs_y = -1},
    {.bitmap_index = 41541, .adv_w = 115, .box_w = 7, .box_h = 11, .ofs_x = 0, .ofs_y = -1},
    {.bitmap_index = 41580, .adv_w = 115, .box_w = 7, .box_h = 9, .ofs_x = 0, .ofs_y = 0},
    {.bitmap_index = 41612, .adv_w = 115, .box_w = 7, .box_h = 9, .ofs_x = 0, .ofs_y = 0},
    {.bitmap_index = 41644, .adv_w = 115, .box_w = 7, .box_h = 11, .ofs_x = 0, .ofs_y = -1},
    {.bitmap_index = 41683, .adv_w = 115, .box_w = 7, .box_h = 11, .ofs_x = 0, .ofs_y = -1},
    {.bitmap_index = 41722, .adv_w = 115, .box_w = 7, .box_h = 9, .ofs_x = 0, .ofs_y = 0},
    {.bitmap_index = 41754, .adv_w = 115, .box_w = 7, .box_h = 9, .ofs_x = 0, .ofs_y = 0},
    {.bitmap_index = 41786, .adv_w = 115, .box_w = 7, .box_h = 9, .ofs_x = 0, .ofs_y = 0},
    {.bitmap_index = 41818, .adv_w = 115, .box_w = 7, .box_h = 8, .ofs_x = 0, .ofs_y = 0},
    {.bitmap_index = 41846, .adv_w = 115, .box_w = 7, .box_h = 8, .ofs_x = 0, .ofs_y = 0},
    {.bitmap_index = 41874, .adv_w = 230, .box_w = 9, .box_h = 9, .ofs_x = 3, .ofs_y = 0},
    {.bitmap_index = 41915, .adv_w = 230, .box_w = 9, .box_h = 9, .ofs_x = 3, .ofs_y = 0},
    {.bitmap_index = 41956, .adv_w = 230, .box_w = 9, .box_h = 9, .ofs_x = 3, .ofs_y = 0},
    {.bitmap_index = 41997, .adv_w = 230, .box_w = 9, .box_h = 9, .ofs_x = 3, .ofs_y = 0},
    {.bitmap_index = 42038, .adv_w = 230, .box_w = 9, .box_h = 9, .ofs_x = 3, .ofs_y = 0},
    {.bitmap_index = 42079, .adv_w = 230, .box_w = 9, .box_h = 9, .ofs_x = 3, .ofs_y = 0},
    {.bitmap_index = 42120, .adv_w = 230, .box_w = 9, .box_h = 9, .ofs_x = 3, .ofs_y = 0},
    {.bitmap_index = 42161, .adv_w = 230, .box_w = 9, .box_h = 9, .ofs_x = 3, .ofs_y = 0},
    {.bitmap_index = 42202, .adv_w = 115, .box_w = 7, .box_h = 9, .ofs_x = 0, .ofs_y = 0},
    {.bitmap_index = 42234, .adv_w = 115, .box_w = 7, .box_h = 9, .ofs_x = 0, .ofs_y = 0},
    {.bitmap_index = 42266, .adv_w = 115, .box_w = 7, .box_h = 9, .ofs_x = 0, .ofs_y = 0},
    {.bitmap_index = 42298, .adv_w = 115, .box_w = 7, .box_h = 8, .ofs_x = 0, .ofs_y = 0},
    {.bitmap_index = 42326, .adv_w = 115, .box_w = 7, .box_h = 8, .ofs_x = 0, .ofs_y = 0},
    {.bitmap_index = 42354, .adv_w = 115, .box_w = 7, .box_h = 8, .ofs_x = 0, .ofs_y = 0},
    {.bitmap_index = 42382, .adv_w = 115, .box_w = 7, .box_h = 5, .ofs_x = 0, .ofs_y = 2},
    {.bitmap_index = 42400, .adv_w = 115, .box_w = 7, .box_h = 10, .ofs_x = 0, .ofs_y = -1},
    {.bitmap_index = 42435, .adv_w = 115, .box_w = 7, .box_h = 9, .ofs_x = 0, .ofs_y = 0},
    {.bitmap_index = 42467, .adv_w = 115, .box_w = 7, .box_h = 7, .ofs_x = 0, .ofs_y = 1},
    {.bitmap_index = 42492, .adv_w = 115, .box_w = 7, .box_h = 6, .ofs_x = 0, .ofs_y = 1},
    {.bitmap_index = 42513, .adv_w = 115, .box_w = 7, .box_h = 8, .ofs_x = 0, .ofs_y = 0},
    {.bitmap_index = 42541, .adv_w = 115, .box_w = 7, .box_h = 8, .ofs_x = 0, .ofs_y = 0},
    {.bitmap_index = 42569, .adv_w = 115, .box_w = 7, .box_h = 8, .ofs_x = 0, .ofs_y = 0},
    {.bitmap_index = 42597, .adv_w = 115, .box_w = 7, .box_h = 5, .ofs_x = 0, .ofs_y = 2},
    {.bitmap_index = 42615, .adv_w = 115, .box_w = 7, .box_h = 7, .ofs_x = 0, .ofs_y = 0},
    {.bitmap_index = 42640, .adv_w = 115, .box_w = 7, .box_h = 8, .ofs_x = 0, .ofs_y = 0},
    {.bitmap_index = 42668, .adv_w = 115, .box_w = 7, .box_h = 8, .ofs_x = 0, .ofs_y = 0},
    {.bitmap_index = 42696, .adv_w = 115, .box_w = 7, .box_h = 10, .ofs_x = 0, .ofs_y = -1},
    {.bitmap_index = 42731, .adv_w = 115, .box_w = 7, .box_h = 10, .ofs_x = 0, .ofs_y = -1}
};

/*---------------------
 *  CHARACTER MAPPING
 *--------------------*/

static const uint8_t glyph_id_ofs_list_4[] = {
    0, 1, 2, 3, 4, 5, 6, 7,
    0, 0, 8, 9, 10, 11, 12, 13,
    0, 0, 0, 0, 14, 15, 16, 17,
    18, 19, 20, 0, 21
};

static const uint16_t unicode_list_13[] = {
    0x0, 0x1, 0x2, 0x3, 0x4, 0x5, 0xc, 0xd,
    0xe, 0x10, 0x12, 0x13, 0x14, 0x16, 0x40, 0x41,
    0x42, 0x43, 0x44, 0x4a, 0x4b, 0x56, 0x58, 0x70,
    0x71, 0x72, 0x73, 0x74, 0x75, 0x76, 0x77, 0x78,
    0x79, 0x7a, 0x7b, 0x7c, 0x7d, 0x7e, 0x80, 0x82,
    0x88, 0x89, 0x8a, 0x8e, 0x90, 0x93, 0x97, 0x98,
    0x99, 0x9a, 0xa4, 0xa5, 0xa6, 0xa7, 0xa8, 0xac,
    0xad, 0xb1, 0xb3, 0xb5, 0xb7, 0xb8, 0xb9, 0xba,
    0xbb, 0xbc, 0xc4, 0xc5, 0xc7, 0xcf, 0xd0, 0xd1,
    0xd2, 0xd4, 0xd5, 0xdc, 0xde, 0xdf, 0xe0, 0xe1,
    0xe2, 0xe3, 0xe4, 0xe5, 0xea, 0xeb, 0xf2, 0xf3,
    0xf4, 0xf5, 0xf6, 0xf7, 0xf8, 0xf9, 0xfe, 0x101,
    0x102, 0x103, 0x104, 0x105, 0x106, 0x107, 0x108, 0x109,
    0x10a, 0x10b, 0x10c, 0x112, 0x113, 0x114, 0x115, 0x124,
    0x125, 0x128, 0x132, 0x133, 0x134, 0x136, 0x138, 0x139,
    0x13a, 0x13d, 0x13e, 0x140, 0x141, 0x152, 0x153
};

/*Collect the unicode lists and glyph_id offsets*/
static const lv_font_fmt_txt_cmap_t cmaps[] =
{
    {
        .range_start = 32, .range_length = 95, .glyph_id_start = 1,
        .unicode_list = NULL, .glyph_id_ofs_list = NULL, .list_length = 0, .type = LV_FONT_FMT_TXT_CMAP_FORMAT0_TINY
    },
    {
        .range_start = 160, .range_length = 13, .glyph_id_start = 96,
        .unicode_list = NULL, .glyph_id_ofs_list = NULL, .list_length = 0, .type = LV_FONT_FMT_TXT_CMAP_FORMAT0_TINY
    },
    {
        .range_start = 174, .range_length = 162, .glyph_id_start = 109,
        .unicode_list = NULL, .glyph_id_ofs_list = NULL, .list_length = 0, .type = LV_FONT_FMT_TXT_CMAP_FORMAT0_TINY
    },
    {
        .range_start = 336, .range_length = 256, .glyph_id_start = 271,
        .unicode_list = NULL, .glyph_id_ofs_list = NULL, .list_length = 0, .type = LV_FONT_FMT_TXT_CMAP_FORMAT0_TINY
    },
    {
        .range_start = 880, .range_length = 29, .glyph_id_start = 527,
        .unicode_list = NULL, .glyph_id_ofs_list = glyph_id_ofs_list_4, .list_length = 29, .type = LV_FONT_FMT_TXT_CMAP_FORMAT0_FULL
    },
    {
        .range_start = 910, .range_length = 20, .glyph_id_start = 549,
        .unicode_list = NULL, .glyph_id_ofs_list = NULL, .list_length = 0, .type = LV_FONT_FMT_TXT_CMAP_FORMAT0_TINY
    },
    {
        .range_start = 931, .range_length = 63, .glyph_id_start = 569,
        .unicode_list = NULL, .glyph_id_ofs_list = NULL, .list_length = 0, .type = LV_FONT_FMT_TXT_CMAP_FORMAT0_TINY
    },
    {
        .range_start = 1008, .range_length = 64, .glyph_id_start = 632,
        .unicode_list = NULL, .glyph_id_ofs_list = NULL, .list_length = 0, .type = LV_FONT_FMT_TXT_CMAP_FORMAT0_TINY
    },
    {
        .range_start = 1072, .range_length = 256, .glyph_id_start = 696,
        .unicode_list = NULL, .glyph_id_ofs_list = NULL, .list_length = 0, .type = LV_FONT_FMT_TXT_CMAP_FORMAT0_TINY
    },
    {
        .range_start = 8192, .range_length = 42, .glyph_id_start = 952,
        .unicode_list = NULL, .glyph_id_ofs_list = NULL, .list_length = 0, .type = LV_FONT_FMT_TXT_CMAP_FORMAT0_TINY
    },
    {
        .range_start = 8239, .range_length = 48, .glyph_id_start = 994,
        .unicode_list = NULL, .glyph_id_ofs_list = NULL, .list_length = 0, .type = LV_FONT_FMT_TXT_CMAP_FORMAT0_TINY
    },
    {
        .range_start = 8352, .range_length = 33, .glyph_id_start = 1042,
        .unicode_list = NULL, .glyph_id_ofs_list = NULL, .list_length = 0, .type = LV_FONT_FMT_TXT_CMAP_FORMAT0_TINY
    },
    {
        .range_start = 8448, .range_length = 80, .glyph_id_start = 1075,
        .unicode_list = NULL, .glyph_id_ofs_list = NULL, .list_length = 0, .type = LV_FONT_FMT_TXT_CMAP_FORMAT0_TINY
    },
    {
        .range_start = 8592, .range_length = 340, .glyph_id_start = 1155,
        .unicode_list = unicode_list_13, .glyph_id_ofs_list = NULL, .list_length = 127, .type = LV_FONT_FMT_TXT_CMAP_SPARSE_TINY
    }
};



/*--------------------
 *  ALL CUSTOM DATA
 *--------------------*/

#if LVGL_VERSION_MAJOR == 8
/*Store all the custom data of the font*/
static  lv_font_fmt_txt_glyph_cache_t cache;
#endif

#if LVGL_VERSION_MAJOR >= 8
static const lv_font_fmt_txt_dsc_t font_dsc = {
#else
static lv_font_fmt_txt_dsc_t font_dsc = {
#endif
    .glyph_bitmap = glyph_bitmap,
    .glyph_dsc = glyph_dsc,
    .cmaps = cmaps,
    .kern_dsc = NULL,
    .kern_scale = 0,
    .cmap_num = 14,
    .bpp = 4,
    .kern_classes = 0,
    .bitmap_format = 0,
#if LVGL_VERSION_MAJOR == 8
    .cache = &cache
#endif
};



/*-----------------
 *  PUBLIC FONT
 *----------------*/

/*Initialize a public general font descriptor*/
#if LVGL_VERSION_MAJOR >= 8
const lv_font_t font_noto_sans_mono_semibold_12 = {
#else
lv_font_t font_noto_sans_mono_semibold_12 = {
#endif
    .get_glyph_dsc = lv_font_get_glyph_dsc_fmt_txt,    /*Function pointer to get glyph's data*/
    .get_glyph_bitmap = lv_font_get_bitmap_fmt_txt,    /*Function pointer to get glyph's bitmap*/
    .line_height = 20,          /*The maximum line height required by the font*/
    .base_line = 5,             /*Baseline measured from the bottom of the line*/
#if !(LVGL_VERSION_MAJOR == 6 && LVGL_VERSION_MINOR == 0)
    .subpx = LV_FONT_SUBPX_NONE,
#endif
#if LV_VERSION_CHECK(7, 4, 0) || LVGL_VERSION_MAJOR >= 8
    .underline_position = -1,
    .underline_thickness = 1,
#endif
    .dsc = &font_dsc,          /*The custom font data. Will be accessed by `get_glyph_bitmap/dsc` */
#if LV_VERSION_CHECK(8, 2, 0) || LVGL_VERSION_MAJOR >= 9
    .fallback = NULL,
#endif
    .user_data = NULL,
};



#endif /*#if FONT_NOTO_SANS_MONO_SEMIBOLD_12*/

