/* Generated by assets/convert_fonts.py. */
/*******************************************************************************
 * Size: 14 px
 * Bpp: 4
 * Opts: --no-compress --no-prefilter --force-fast-kern-format --size 14 --bpp 4 --font fonts/NotoSans/NotoSansMono-SemiBold.ttf -r 0x20-0x024F -r 0x0370-0x052F -r 0x2000-0x2029 -r 0x202F-0x205E -r 0x20A0-0x20CF -r 0x2100-0x214F -r 0x2190-0x21FF -r 0x2200-0x22FF --symbols –—‘’“”…•· --format lvgl -o res_c/font_noto_sans_mono_semibold_14.c
 ******************************************************************************/

#ifdef LV_LVGL_H_INCLUDE_SIMPLE
#include "lvgl.h"
#else
#include "lvgl/lvgl.h"
#endif

#ifndef FONT_NOTO_SANS_MONO_SEMIBOLD_14
#define FONT_NOTO_SANS_MONO_SEMIBOLD_14 1
#endif

#if FONT_NOTO_SANS_MONO_SEMIBOLD_14

/*-----------------
 *    BITMAPS
 *----------------*/

/*Store the image of the glyphs*/
static LV_ATTRIBUTE_LARGE_CONST const uint8_t glyph_bitmap[] = {
    /* U+0020 " " */

    /* U+0021 "!" */
    0xdf, 0x3c, 0xf2, 0xbf, 0x2b, 0xf1, 0xaf, 0x1a,
    0xf0, 0x9f, 0x3, 0x50, 0xdf, 0x3a, 0xe2,

    /* U+0022 "\"" */
    0xf, 0xa4, 0xf6, 0xe, 0x92, 0xf4, 0xd, 0x81,
    0xf3, 0x9, 0x50, 0xb2,

    /* U+0023 "#" */
    0x0, 0xf, 0x44, 0xe0, 0x0, 0x2, 0xf1, 0x7c,
    0x0, 0x0, 0x5f, 0xa, 0xa0, 0x5, 0xff, 0xff,
    0xff, 0xf2, 0x13, 0xba, 0x3f, 0x63, 0x0, 0xd,
    0x73, 0xf1, 0x0, 0xcf, 0xff, 0xff, 0xfb, 0x2,
    0x6f, 0x4a, 0xc3, 0x20, 0x5, 0xe0, 0xb8, 0x0,
    0x0, 0x8b, 0xe, 0x50, 0x0,

    /* U+0024 "$" */
    0x0, 0x4a, 0x0, 0x1, 0xaf, 0xfe, 0xa0, 0xaf,
    0xac, 0x89, 0xd, 0xb4, 0xa0, 0x0, 0xaf, 0xaa,
    0x0, 0x1, 0xaf, 0xfa, 0x20, 0x0, 0x5e, 0xee,
    0x10, 0x4, 0xa5, 0xf4, 0x84, 0x5b, 0xaf, 0x2c,
    0xff, 0xff, 0x60, 0x2, 0x7b, 0x0, 0x0, 0x3,
    0x80, 0x0,

    /* U+0025 "%" */
    0x5e, 0xe5, 0x3, 0xf1, 0xe, 0x55, 0xe0, 0xc9,
    0x0, 0xf5, 0x5f, 0x4f, 0x10, 0x7, 0xff, 0x7c,
    0x90, 0x0, 0x1, 0x14, 0xf1, 0x0, 0x0, 0x0,
    0xc9, 0xbe, 0x90, 0x0, 0x4f, 0x8d, 0x3f, 0x30,
    0xc, 0x99, 0xa0, 0xd6, 0x4, 0xf1, 0x7c, 0xf,
    0x40, 0xc8, 0x1, 0xcf, 0xa0,

    /* U+0026 "&" */
    0x1, 0xcf, 0xc2, 0x0, 0x0, 0x9e, 0x5e, 0xa0,
    0x0, 0xb, 0xc0, 0xca, 0x0, 0x0, 0x7f, 0x8f,
    0x30, 0x0, 0x1, 0xff, 0x60, 0x64, 0x0, 0xce,
    0xf9, 0xf, 0x80, 0x5f, 0x46, 0xfb, 0xf3, 0x8,
    0xf1, 0xa, 0xfc, 0x0, 0x5f, 0xc8, 0xef, 0xe1,
    0x0, 0x8f, 0xfb, 0x5f, 0xb0,

    /* U+0027 "'" */
    0xaf, 0x8, 0xf0, 0x7d, 0x4, 0x90,

    /* U+0028 "(" */
    0x0, 0xad, 0x0, 0x3f, 0x50, 0xa, 0xe0, 0x0,
    0xea, 0x0, 0x2f, 0x60, 0x3, 0xf5, 0x0, 0x4f,
    0x40, 0x3, 0xf5, 0x0, 0x1f, 0x70, 0x0, 0xeb,
    0x0, 0x8, 0xf1, 0x0, 0x1f, 0x80, 0x0, 0x5a,
    0x0,

    /* U+0029 ")" */
    0x7e, 0x10, 0xe, 0xa0, 0x8, 0xf1, 0x3, 0xf5,
    0x0, 0xf8, 0x0, 0xea, 0x0, 0xea, 0x0, 0xf9,
    0x1, 0xf7, 0x5, 0xf3, 0xa, 0xe0, 0x1f, 0x70,
    0x69, 0x0,

    /* U+002A "*" */
    0x0, 0x7d, 0x0, 0x0, 0x6, 0xc0, 0x0, 0xbd,
    0xce, 0xcf, 0x23, 0x6f, 0xf9, 0x51, 0x7, 0xe9,
    0xd0, 0x0, 0xb7, 0x1e, 0x30, 0x0, 0x0, 0x0,
    0x0,

    /* U+002B "+" */
    0x0, 0x5b, 0x0, 0x0, 0x7, 0xe0, 0x0, 0x11,
    0x7e, 0x11, 0xf, 0xff, 0xff, 0xf5, 0x44, 0x9e,
    0x44, 0x10, 0x7, 0xe0, 0x0, 0x0, 0x7e, 0x0,
    0x0,

    /* U+002C "," */
    0x0, 0x10, 0x8, 0xf4, 0xb, 0xf0, 0xe, 0xb0,
    0x1f, 0x50,

    /* U+002D "-" */
    0x89, 0x99, 0x2e, 0xff, 0xf4,

    /* U+002E "." */
    0x24, 0xd, 0xf3, 0xae, 0x20,

    /* U+002F "/" */
    0x0, 0x0, 0xdb, 0x0, 0x3, 0xf5, 0x0, 0x9,
    0xe0, 0x0, 0xf, 0x80, 0x0, 0x6f, 0x20, 0x0,
    0xcc, 0x0, 0x2, 0xf6, 0x0, 0x8, 0xf0, 0x0,
    0xe, 0x90, 0x0, 0x4f, 0x30, 0x0,

    /* U+0030 "0" */
    0x0, 0x9e, 0xfc, 0x20, 0x8, 0xfb, 0x9f, 0xe0,
    0xf, 0xc0, 0x1f, 0xf5, 0x2f, 0x80, 0xbe, 0xf8,
    0x3f, 0x65, 0xf3, 0xfa, 0x3f, 0x7e, 0x90, 0xf9,
    0x2f, 0xfe, 0x1, 0xf8, 0xe, 0xf5, 0x6, 0xf5,
    0x8, 0xfa, 0x8f, 0xe0, 0x0, 0x8e, 0xfc, 0x20,

    /* U+0031 "1" */
    0x3, 0xbf, 0x60, 0x9, 0xff, 0xf6, 0x0, 0x58,
    0x5f, 0x60, 0x0, 0x4, 0xf6, 0x0, 0x0, 0x5f,
    0x60, 0x0, 0x5, 0xf6, 0x0, 0x0, 0x5f, 0x60,
    0x0, 0x5, 0xf6, 0x0, 0x15, 0x9f, 0xa5, 0x15,
    0xff, 0xff, 0xf5,

    /* U+0032 "2" */
    0x2, 0xaf, 0xfc, 0x30, 0xd, 0xfa, 0x9f, 0xf1,
    0x2, 0x10, 0x8, 0xf5, 0x0, 0x0, 0x8, 0xf3,
    0x0, 0x0, 0x1e, 0xd0, 0x0, 0x1, 0xdf, 0x30,
    0x0, 0x1d, 0xf3, 0x0, 0x1, 0xde, 0x30, 0x0,
    0xd, 0xfb, 0x99, 0x97, 0x2f, 0xff, 0xff, 0xfb,

    /* U+0033 "3" */
    0x4b, 0xff, 0xc4, 0xa, 0xd9, 0x9f, 0xf0, 0x0,
    0x0, 0x9f, 0x10, 0x12, 0x4e, 0xb0, 0x8, 0xff,
    0xc1, 0x0, 0x25, 0x7e, 0xe1, 0x0, 0x0, 0x6f,
    0x60, 0x0, 0x7, 0xf6, 0xea, 0x8a, 0xff, 0x19,
    0xef, 0xfb, 0x30,

    /* U+0034 "4" */
    0x0, 0x0, 0xaf, 0x70, 0x0, 0x5, 0xdf, 0x70,
    0x0, 0x1e, 0x6f, 0x70, 0x0, 0xa9, 0x3f, 0x70,
    0x5, 0xf1, 0x3f, 0x70, 0x1f, 0x82, 0x5f, 0x81,
    0x6f, 0xff, 0xff, 0xfc, 0x15, 0x55, 0x7f, 0x93,
    0x0, 0x0, 0x3f, 0x70, 0x0, 0x0, 0x3f, 0x70,

    /* U+0035 "5" */
    0x6f, 0xff, 0xfc, 0x7, 0xf9, 0x88, 0x60, 0x9f,
    0x21, 0x0, 0xa, 0xff, 0xfd, 0x30, 0x47, 0x59,
    0xfe, 0x0, 0x0, 0xa, 0xf4, 0x0, 0x0, 0x8f,
    0x51, 0x0, 0xb, 0xf2, 0xdb, 0x9c, 0xfb, 0x9,
    0xef, 0xe9, 0x0,

    /* U+0036 "6" */
    0x0, 0x19, 0xef, 0xc0, 0x2, 0xee, 0x97, 0x70,
    0xa, 0xe1, 0x10, 0x0, 0xf, 0xbc, 0xff, 0x80,
    0x2f, 0xf9, 0x5c, 0xf4, 0x3f, 0xb0, 0x3, 0xf8,
    0x2f, 0x90, 0x2, 0xf9, 0xe, 0xd0, 0x5, 0xf7,
    0x7, 0xfc, 0x9f, 0xf1, 0x0, 0x7e, 0xfc, 0x30,

    /* U+0037 "7" */
    0x4f, 0xff, 0xff, 0xfa, 0x28, 0x88, 0x8b, 0xf8,
    0x0, 0x0, 0xa, 0xf1, 0x0, 0x0, 0x2f, 0xa0,
    0x0, 0x0, 0x8f, 0x30, 0x0, 0x0, 0xfc, 0x0,
    0x0, 0x7, 0xf5, 0x0, 0x0, 0xe, 0xe0, 0x0,
    0x0, 0x5f, 0x80, 0x0, 0x0, 0xcf, 0x10, 0x0,

    /* U+0038 "8" */
    0x1, 0xae, 0xfc, 0x40, 0xa, 0xfa, 0x8e, 0xf1,
    0xc, 0xe0, 0x8, 0xf2, 0x7, 0xf4, 0xc, 0xd0,
    0x0, 0xaf, 0xed, 0x10, 0x4, 0xfc, 0xbf, 0x90,
    0xe, 0xc0, 0x7, 0xf5, 0x1f, 0x90, 0x3, 0xf7,
    0xd, 0xf8, 0x7d, 0xf3, 0x2, 0xbf, 0xfc, 0x50,

    /* U+0039 "9" */
    0x1, 0xaf, 0xfb, 0x20, 0xc, 0xfb, 0xaf, 0xd0,
    0x2f, 0xa0, 0x6, 0xf5, 0x2f, 0x80, 0x3, 0xf8,
    0xf, 0xd3, 0x2b, 0xf9, 0x6, 0xff, 0xfa, 0xf8,
    0x0, 0x14, 0x25, 0xf6, 0x0, 0x0, 0xc, 0xf1,
    0x3, 0x78, 0xdf, 0x70, 0x6, 0xff, 0xc5, 0x0,

    /* U+003A ":" */
    0xbe, 0x2d, 0xf3, 0x24, 0x0, 0x0, 0x0, 0x2,
    0x40, 0xdf, 0x3a, 0xe2,

    /* U+003B ";" */
    0x6, 0xf6, 0x8, 0xf8, 0x0, 0x40, 0x0, 0x0,
    0x0, 0x0, 0x0, 0x0, 0x8, 0xf5, 0xa, 0xf1,
    0xd, 0xb0, 0x1f, 0x50, 0x1, 0x0,

    /* U+003C "<" */
    0x0, 0x0, 0x7, 0x20, 0x0, 0x5d, 0xf2, 0x4,
    0xcf, 0x81, 0x9, 0xfa, 0x10, 0x0, 0x6f, 0xe6,
    0x0, 0x0, 0x18, 0xfe, 0x70, 0x0, 0x1, 0x8f,
    0x30, 0x0, 0x0, 0x11,

    /* U+003D "=" */
    0x8, 0x88, 0x88, 0x83, 0xf, 0xff, 0xff, 0xf6,
    0x0, 0x0, 0x0, 0x0, 0x8, 0x88, 0x88, 0x83,
    0xf, 0xff, 0xff, 0xf6,

    /* U+003E ">" */
    0x72, 0x0, 0x0, 0xa, 0xf9, 0x10, 0x0, 0x5,
    0xdf, 0x70, 0x0, 0x0, 0x6e, 0xe1, 0x0, 0x3b,
    0xfb, 0x13, 0xbf, 0xb3, 0x0, 0xcb, 0x30, 0x0,
    0x2, 0x0, 0x0, 0x0,

    /* U+003F "?" */
    0x4b, 0xff, 0xc4, 0x7, 0xd9, 0x8e, 0xf1, 0x0,
    0x0, 0x7f, 0x30, 0x0, 0xc, 0xe0, 0x0, 0x2d,
    0xe3, 0x0, 0xc, 0xd1, 0x0, 0x0, 0xa6, 0x0,
    0x0, 0x4, 0x20, 0x0, 0x3, 0xfd, 0x0, 0x0,
    0x2e, 0xa0, 0x0,

    /* U+0040 "@" */
    0x0, 0x7d, 0xfd, 0x60, 0x0, 0x9e, 0x52, 0x5e,
    0x60, 0x3f, 0x3b, 0xfd, 0x7e, 0x9, 0xa8, 0xd3,
    0xf3, 0xf3, 0xc6, 0xc7, 0x1f, 0x2e, 0x4e, 0x4d,
    0x62, 0xf1, 0xe4, 0xe5, 0xb8, 0x6f, 0x4f, 0x1c,
    0x74, 0xfe, 0xaf, 0x90, 0x7d, 0x1, 0x0, 0x10,
    0x0, 0xda, 0x10, 0x15, 0x0, 0x1, 0xbf, 0xff,
    0xb0, 0x0, 0x0, 0x2, 0x0, 0x0,

    /* U+0041 "A" */
    0x0, 0xf, 0xf6, 0x0, 0x0, 0x4, 0xfe, 0xb0,
    0x0, 0x0, 0x9e, 0x8f, 0x0, 0x0, 0xe, 0xa4,
    0xf4, 0x0, 0x2, 0xf6, 0xf, 0x90, 0x0, 0x7f,
    0x98, 0xee, 0x0, 0xc, 0xff, 0xff, 0xf2, 0x1,
    0xf9, 0x0, 0x3f, 0x70, 0x5f, 0x40, 0x0, 0xec,
    0xa, 0xf0, 0x0, 0xa, 0xf1,

    /* U+0042 "B" */
    0xcf, 0xff, 0xd7, 0xc, 0xe8, 0x8d, 0xf5, 0xcd,
    0x0, 0x4f, 0x7c, 0xd0, 0x8, 0xf4, 0xcf, 0xff,
    0xf8, 0xc, 0xe8, 0x8d, 0xf4, 0xcd, 0x0, 0x2f,
    0xbc, 0xd0, 0x1, 0xfb, 0xce, 0x88, 0xdf, 0x6c,
    0xff, 0xfe, 0x70,

    /* U+0043 "C" */
    0x0, 0x2a, 0xef, 0xd6, 0x2, 0xff, 0xb9, 0xc6,
    0xb, 0xf4, 0x0, 0x0, 0xf, 0xc0, 0x0, 0x0,
    0x3f, 0x90, 0x0, 0x0, 0x3f, 0x90, 0x0, 0x0,
    0x1f, 0xb0, 0x0, 0x0, 0xd, 0xf3, 0x0, 0x0,
    0x4, 0xff, 0xa9, 0xc5, 0x0, 0x4c, 0xff, 0xc3,

    /* U+0044 "D" */
    0x4f, 0xff, 0xe9, 0x10, 0x4f, 0xc8, 0xbf, 0xd0,
    0x4f, 0x70, 0x7, 0xf7, 0x4f, 0x70, 0x0, 0xfc,
    0x4f, 0x70, 0x0, 0xed, 0x4f, 0x70, 0x0, 0xed,
    0x4f, 0x70, 0x1, 0xfb, 0x4f, 0x70, 0x8, 0xf6,
    0x4f, 0xc8, 0xcf, 0xc0, 0x4f, 0xff, 0xe8, 0x0,

    /* U+0045 "E" */
    0xcf, 0xff, 0xff, 0x5c, 0xf9, 0x99, 0x93, 0xce,
    0x0, 0x0, 0xc, 0xe0, 0x0, 0x0, 0xcf, 0xff,
    0xff, 0x1c, 0xf9, 0x99, 0x91, 0xce, 0x0, 0x0,
    0xc, 0xe0, 0x0, 0x0, 0xcf, 0x99, 0x99, 0x3c,
    0xff, 0xff, 0xf5,

    /* U+0046 "F" */
    0xcf, 0xff, 0xff, 0x5c, 0xf9, 0x99, 0x93, 0xce,
    0x0, 0x0, 0xc, 0xe0, 0x0, 0x0, 0xcf, 0x99,
    0x99, 0x1c, 0xff, 0xff, 0xf1, 0xce, 0x0, 0x0,
    0xc, 0xe0, 0x0, 0x0, 0xce, 0x0, 0x0, 0xc,
    0xe0, 0x0, 0x0,

    /* U+0047 "G" */
    0x0, 0x5c, 0xff, 0xc3, 0x7, 0xfe, 0xa9, 0xc2,
    0x1f, 0xe1, 0x0, 0x0, 0x5f, 0x70, 0x0, 0x0,
    0x7f, 0x40, 0x8f, 0xfa, 0x7f, 0x40, 0x48, 0xfa,
    0x6f, 0x60, 0x0, 0xfa, 0x1f, 0xd0, 0x0, 0xfa,
    0x9, 0xfd, 0x9a, 0xfa, 0x0, 0x7d, 0xff, 0xc5,

    /* U+0048 "H" */
    0x4f, 0x80, 0x1, 0xfa, 0x4f, 0x80, 0x1, 0xfa,
    0x4f, 0x80, 0x1, 0xfa, 0x4f, 0x80, 0x1, 0xfa,
    0x4f, 0xff, 0xff, 0xfa, 0x4f, 0xc9, 0x99, 0xfa,
    0x4f, 0x80, 0x1, 0xfa, 0x4f, 0x80, 0x1, 0xfa,
    0x4f, 0x80, 0x1, 0xfa, 0x4f, 0x80, 0x1, 0xfa,

    /* U+0049 "I" */
    0xaf, 0xff, 0xff, 0x2, 0x5c, 0xf6, 0x40, 0x0,
    0xaf, 0x0, 0x0, 0xa, 0xf0, 0x0, 0x0, 0xaf,
    0x0, 0x0, 0xa, 0xf0, 0x0, 0x0, 0xaf, 0x0,
    0x0, 0xa, 0xf0, 0x0, 0x25, 0xcf, 0x64, 0xa,
    0xff, 0xff, 0xf0,

    /* U+004A "J" */
    0x0, 0x0, 0xfb, 0x0, 0x0, 0xfb, 0x0, 0x0,
    0xfb, 0x0, 0x0, 0xfb, 0x0, 0x0, 0xfb, 0x0,
    0x0, 0xfb, 0x0, 0x0, 0xfb, 0x0, 0x2, 0xfa,
    0x9a, 0xae, 0xf5, 0x8e, 0xfd, 0x70,

    /* U+004B "K" */
    0x4f, 0x70, 0x7, 0xf6, 0x4f, 0x70, 0x3f, 0xb0,
    0x4f, 0x70, 0xde, 0x10, 0x4f, 0x79, 0xf4, 0x0,
    0x4f, 0xbf, 0xb0, 0x0, 0x4f, 0xff, 0xf2, 0x0,
    0x4f, 0xb2, 0xfb, 0x0, 0x4f, 0x70, 0x8f, 0x50,
    0x4f, 0x70, 0x1e, 0xd0, 0x4f, 0x70, 0x6, 0xf7,

    /* U+004C "L" */
    0x9f, 0x20, 0x0, 0x9, 0xf2, 0x0, 0x0, 0x9f,
    0x20, 0x0, 0x9, 0xf2, 0x0, 0x0, 0x9f, 0x20,
    0x0, 0x9, 0xf2, 0x0, 0x0, 0x9f, 0x20, 0x0,
    0x9, 0xf2, 0x0, 0x0, 0x9f, 0xa9, 0x99, 0x39,
    0xff, 0xff, 0xf5,

    /* U+004D "M" */
    0x6f, 0xf1, 0xa, 0xfc, 0x6f, 0xf5, 0xd, 0xfc,
    0x6f, 0xc8, 0x1f, 0xcc, 0x6f, 0x9b, 0x4f, 0xbc,
    0x6f, 0x7e, 0x8b, 0xbc, 0x6f, 0x4f, 0xd8, 0xcc,
    0x6f, 0x3e, 0xf4, 0xcc, 0x6f, 0x36, 0x91, 0xcc,
    0x6f, 0x30, 0x0, 0xcc, 0x6f, 0x30, 0x0, 0xcc,

    /* U+004E "N" */
    0x4f, 0xf4, 0x0, 0xfa, 0x4f, 0xfa, 0x0, 0xfa,
    0x4f, 0xbf, 0x10, 0xfa, 0x4f, 0x6f, 0x60, 0xfa,
    0x4f, 0x5b, 0xc0, 0xfa, 0x4f, 0x55, 0xf2, 0xfa,
    0x4f, 0x50, 0xf8, 0xea, 0x4f, 0x50, 0x9d, 0xea,
    0x4f, 0x50, 0x3f, 0xfa, 0x4f, 0x50, 0xd, 0xfa,

    /* U+004F "O" */
    0x0, 0x9e, 0xfc, 0x30, 0xb, 0xfb, 0x9f, 0xf2,
    0x2f, 0xb0, 0x5, 0xf8, 0x6f, 0x60, 0x0, 0xfc,
    0x7f, 0x40, 0x0, 0xed, 0x7f, 0x40, 0x0, 0xed,
    0x6f, 0x60, 0x0, 0xfc, 0x2f, 0xb0, 0x5, 0xf8,
    0xb, 0xfb, 0x9f, 0xf2, 0x0, 0x9f, 0xfc, 0x30,

    /* U+0050 "P" */
    0xcf, 0xff, 0xe8, 0xc, 0xf8, 0x9d, 0xf7, 0xce,
    0x0, 0x1f, 0xbc, 0xe0, 0x1, 0xfb, 0xcf, 0x89,
    0xef, 0x5c, 0xff, 0xfd, 0x60, 0xce, 0x0, 0x0,
    0xc, 0xe0, 0x0, 0x0, 0xce, 0x0, 0x0, 0xc,
    0xe0, 0x0, 0x0,

    /* U+0051 "Q" */
    0x0, 0x9e, 0xfc, 0x30, 0xb, 0xfb, 0x9f, 0xf2,
    0x2f, 0xb0, 0x5, 0xf8, 0x6f, 0x60, 0x0, 0xfc,
    0x7f, 0x40, 0x0, 0xed, 0x7f, 0x40, 0x0, 0xed,
    0x6f, 0x60, 0x0, 0xfc, 0x2f, 0xb0, 0x5, 0xf8,
    0xb, 0xfb, 0x9f, 0xf2, 0x0, 0x9f, 0xff, 0x50,
    0x0, 0x0, 0x2f, 0xa0, 0x0, 0x0, 0xa, 0xf2,
    0x0, 0x0, 0x2, 0x84,

    /* U+0052 "R" */
    0xcf, 0xff, 0xb3, 0x0, 0xcf, 0x8a, 0xff, 0x10,
    0xcf, 0x0, 0x8f, 0x50, 0xcf, 0x0, 0x8f, 0x40,
    0xcf, 0x8a, 0xfd, 0x0, 0xcf, 0xff, 0xd1, 0x0,
    0xcf, 0xb, 0xf2, 0x0, 0xcf, 0x2, 0xfa, 0x0,
    0xcf, 0x0, 0x9f, 0x40, 0xcf, 0x0, 0x1f, 0xd0,

    /* U+0053 "S" */
    0x8, 0xef, 0xeb, 0x28, 0xfc, 0x8a, 0xd0, 0xbf,
    0x10, 0x0, 0x8, 0xf6, 0x0, 0x0, 0xb, 0xfc,
    0x50, 0x0, 0x5, 0xdf, 0xb0, 0x0, 0x0, 0x8f,
    0x70, 0x0, 0x5, 0xf8, 0xeb, 0x89, 0xef, 0x38,
    0xdf, 0xfc, 0x50,

    /* U+0054 "T" */
    0x8f, 0xff, 0xff, 0xfe, 0x49, 0x9d, 0xf9, 0x98,
    0x0, 0xa, 0xf1, 0x0, 0x0, 0xa, 0xf1, 0x0,
    0x0, 0xa, 0xf1, 0x0, 0x0, 0xa, 0xf1, 0x0,
    0x0, 0xa, 0xf1, 0x0, 0x0, 0xa, 0xf1, 0x0,
    0x0, 0xa, 0xf1, 0x0, 0x0, 0xa, 0xf1, 0x0,

    /* U+0055 "U" */
    0x4f, 0x80, 0x1, 0xfa, 0x4f, 0x80, 0x1, 0xfa,
    0x4f, 0x80, 0x1, 0xfa, 0x4f, 0x80, 0x1, 0xfa,
    0x4f, 0x80, 0x1, 0xfa, 0x4f, 0x80, 0x1, 0xfa,
    0x3f, 0x80, 0x2, 0xfa, 0x2f, 0xb0, 0x5, 0xf8,
    0xc, 0xfb, 0x9e, 0xf2, 0x1, 0xaf, 0xfc, 0x40,

    /* U+0056 "V" */
    0xaf, 0x10, 0x0, 0xbf, 0x5, 0xf6, 0x0, 0xf,
    0xb0, 0xf, 0xa0, 0x4, 0xf6, 0x0, 0xbe, 0x0,
    0x8f, 0x10, 0x6, 0xf3, 0xc, 0xd0, 0x0, 0x1f,
    0x71, 0xf8, 0x0, 0x0, 0xcc, 0x5f, 0x30, 0x0,
    0x7, 0xf9, 0xe0, 0x0, 0x0, 0x3f, 0xe9, 0x0,
    0x0, 0x0, 0xef, 0x50, 0x0,

    /* U+0057 "W" */
    0xbc, 0x0, 0x0, 0x6f, 0x2a, 0xe0, 0x0, 0x7,
    0xf0, 0x9f, 0xb, 0xf2, 0x8f, 0x7, 0xf0, 0xef,
    0x49, 0xe0, 0x6f, 0x2f, 0xc7, 0xbc, 0x4, 0xf6,
    0xf8, 0xab, 0xb0, 0x3f, 0x9c, 0x5d, 0xca, 0x1,
    0xfc, 0x92, 0xfd, 0x90, 0xf, 0xf6, 0xf, 0xf7,
    0x0, 0xff, 0x30, 0xcf, 0x60,

    /* U+0058 "X" */
    0x2f, 0xa0, 0x3, 0xf8, 0x0, 0x8f, 0x20, 0xce,
    0x0, 0x0, 0xeb, 0x4f, 0x50, 0x0, 0x6, 0xfe,
    0xc0, 0x0, 0x0, 0xc, 0xf3, 0x0, 0x0, 0x1,
    0xef, 0x60, 0x0, 0x0, 0x9f, 0xce, 0x10, 0x0,
    0x2f, 0x82, 0xf9, 0x0, 0xc, 0xe0, 0x9, 0xf2,
    0x5, 0xf6, 0x0, 0x1f, 0xb0,

    /* U+0059 "Y" */
    0x6f, 0x70, 0x1, 0xfc, 0x0, 0xed, 0x0, 0x7f,
    0x40, 0x6, 0xf5, 0xd, 0xd0, 0x0, 0xe, 0xc5,
    0xf5, 0x0, 0x0, 0x7f, 0xdd, 0x0, 0x0, 0x0,
    0xef, 0x50, 0x0, 0x0, 0xa, 0xf1, 0x0, 0x0,
    0x0, 0xaf, 0x10, 0x0, 0x0, 0xa, 0xf1, 0x0,
    0x0, 0x0, 0xaf, 0x10, 0x0,

    /* U+005A "Z" */
    0x7f, 0xff, 0xff, 0x44, 0x88, 0x8e, 0xf2, 0x0,
    0x3, 0xf8, 0x0, 0x0, 0xce, 0x0, 0x0, 0x5f,
    0x60, 0x0, 0xe, 0xc0, 0x0, 0x8, 0xf3, 0x0,
    0x1, 0xfa, 0x0, 0x0, 0xaf, 0xa9, 0x99, 0x2c,
    0xff, 0xff, 0xf4,

    /* U+005B "[" */
    0xbf, 0xf8, 0xbd, 0x42, 0xbc, 0x0, 0xbc, 0x0,
    0xbc, 0x0, 0xbc, 0x0, 0xbc, 0x0, 0xbc, 0x0,
    0xbc, 0x0, 0xbc, 0x0, 0xbc, 0x10, 0xbf, 0xf8,
    0x24, 0x42,

    /* U+005C "\\" */
    0x4f, 0x30, 0x0, 0xe, 0x90, 0x0, 0x8, 0xf0,
    0x0, 0x2, 0xf6, 0x0, 0x0, 0xcc, 0x0, 0x0,
    0x6f, 0x20, 0x0, 0xf, 0x80, 0x0, 0x9, 0xe0,
    0x0, 0x3, 0xf5, 0x0, 0x0, 0xdb,

    /* U+005D "]" */
    0x2f, 0xff, 0x20, 0x59, 0xf2, 0x0, 0x6f, 0x20,
    0x6, 0xf2, 0x0, 0x6f, 0x20, 0x6, 0xf2, 0x0,
    0x6f, 0x20, 0x6, 0xf2, 0x0, 0x6f, 0x20, 0x6,
    0xf2, 0x0, 0x6f, 0x22, 0xff, 0xf2, 0x3, 0x33,
    0x0,

    /* U+005E "^" */
    0x0, 0x3, 0x50, 0x0, 0x0, 0xd, 0xf1, 0x0,
    0x0, 0x4f, 0xe8, 0x0, 0x0, 0xca, 0x6f, 0x10,
    0x3, 0xf2, 0xd, 0x80, 0xb, 0xb0, 0x6, 0xf1,
    0x2f, 0x40, 0x0, 0xe8,

    /* U+005F "_" */
    0x88, 0x88, 0x88, 0x88, 0x3f, 0xff, 0xff, 0xff,
    0xf6,

    /* U+0060 "`" */
    0x58, 0x10, 0x2f, 0xa0, 0x3, 0xf4,

    /* U+0061 "a" */
    0x5, 0xcf, 0xfc, 0x40, 0x5, 0xb8, 0x7d, 0xf1,
    0x0, 0x0, 0x5, 0xf5, 0x3, 0xbe, 0xff, 0xf5,
    0xe, 0xd4, 0x26, 0xf5, 0x2f, 0x80, 0x7, 0xf5,
    0x1f, 0xe7, 0x9f, 0xf5, 0x6, 0xef, 0xc4, 0xf5,

    /* U+0062 "b" */
    0x1f, 0x90, 0x0, 0x0, 0x1f, 0x90, 0x0, 0x0,
    0x1f, 0x90, 0x0, 0x0, 0x1f, 0x9a, 0xfe, 0x60,
    0x1f, 0xfb, 0x8e, 0xf3, 0x1f, 0xd0, 0x4, 0xf9,
    0x1f, 0xa0, 0x0, 0xfb, 0x1f, 0xa0, 0x0, 0xfb,
    0x1f, 0xd0, 0x4, 0xf9, 0x1f, 0xfb, 0x8e, 0xf3,
    0x1f, 0x6a, 0xfe, 0x60,

    /* U+0063 "c" */
    0x5, 0xdf, 0xfc, 0x14, 0xfe, 0x99, 0xb0, 0xbf,
    0x20, 0x0, 0xe, 0xd0, 0x0, 0x0, 0xed, 0x0,
    0x0, 0xc, 0xf2, 0x0, 0x0, 0x6f, 0xe9, 0x9d,
    0x0, 0x6d, 0xff, 0xb0,

    /* U+0064 "d" */
    0x0, 0x0, 0x3, 0xf8, 0x0, 0x0, 0x3, 0xf8,
    0x0, 0x0, 0x3, 0xf8, 0x2, 0xcf, 0xd7, 0xf8,
    0xd, 0xfa, 0x8e, 0xf8, 0x3f, 0xb0, 0x5, 0xf8,
    0x5f, 0x70, 0x2, 0xf8, 0x5f, 0x60, 0x2, 0xf8,
    0x3f, 0xa0, 0x5, 0xf8, 0xd, 0xf9, 0x8e, 0xf8,
    0x2, 0xcf, 0xd3, 0xf8,

    /* U+0065 "e" */
    0x0, 0x8e, 0xfd, 0x40, 0x9, 0xf9, 0x6c, 0xf3,
    0xf, 0xa0, 0x1, 0xf8, 0x3f, 0xff, 0xff, 0xfa,
    0x3f, 0xa3, 0x33, 0x32, 0xf, 0xc0, 0x0, 0x0,
    0x8, 0xfd, 0x88, 0xc5, 0x0, 0x7d, 0xff, 0xc3,

    /* U+0066 "f" */
    0x0, 0x2, 0xcf, 0xfc, 0x0, 0x0, 0xbf, 0xa8,
    0x70, 0x0, 0xd, 0xe0, 0x0, 0x0, 0xce, 0xff,
    0xff, 0x70, 0x7, 0x7e, 0xf7, 0x73, 0x0, 0x0,
    0xde, 0x0, 0x0, 0x0, 0xd, 0xe0, 0x0, 0x0,
    0x0, 0xde, 0x0, 0x0, 0x0, 0xd, 0xe0, 0x0,
    0x0, 0x0, 0xde, 0x0, 0x0, 0x0, 0xd, 0xe0,
    0x0, 0x0,

    /* U+0067 "g" */
    0x2, 0xcf, 0xd3, 0xf8, 0xc, 0xfa, 0x8e, 0xf8,
    0x2f, 0xa0, 0x5, 0xf8, 0x5f, 0x70, 0x2, 0xf8,
    0x5f, 0x70, 0x2, 0xf8, 0x3f, 0xa0, 0x5, 0xf8,
    0xd, 0xfa, 0x8e, 0xf8, 0x2, 0xcf, 0xd7, 0xf7,
    0x0, 0x0, 0x5, 0xf6, 0xc, 0xa8, 0x9f, 0xf1,
    0x9, 0xef, 0xfb, 0x30,

    /* U+0068 "h" */
    0x1f, 0xa0, 0x0, 0x0, 0x1f, 0xa0, 0x0, 0x0,
    0x1f, 0xa0, 0x0, 0x0, 0x1f, 0xa9, 0xfe, 0x80,
    0x1f, 0xfc, 0x8e, 0xf5, 0x1f, 0xe0, 0x4, 0xf8,
    0x1f, 0xa0, 0x2, 0xf9, 0x1f, 0xa0, 0x2, 0xf9,
    0x1f, 0xa0, 0x2, 0xf9, 0x1f, 0xa0, 0x2, 0xf9,
    0x1f, 0xa0, 0x2, 0xf9,

    /* U+0069 "i" */
    0x0, 0x8, 0xf4, 0x0, 0x0, 0xa, 0xf6, 0x0,
    0x0, 0x0, 0x30, 0x0, 0xb, 0xff, 0xf4, 0x0,
    0x3, 0x6b, 0xf4, 0x0, 0x0, 0x7, 0xf4, 0x0,
    0x0, 0x7, 0xf4, 0x0, 0x0, 0x7, 0xf4, 0x0,
    0x0, 0x7, 0xf4, 0x0, 0x3, 0x6b, 0xf9, 0x52,
    0xf, 0xff, 0xff, 0xfa,

    /* U+006A "j" */
    0x0, 0x2, 0xeb, 0x0, 0x3, 0xfd, 0x0, 0x0,
    0x21, 0x3, 0xff, 0xfd, 0x0, 0x46, 0xfd, 0x0,
    0x0, 0xed, 0x0, 0x0, 0xed, 0x0, 0x0, 0xed,
    0x0, 0x0, 0xed, 0x0, 0x0, 0xed, 0x0, 0x0,
    0xed, 0x0, 0x0, 0xfc, 0x4a, 0x9c, 0xf8, 0x3e,
    0xfe, 0x90,

    /* U+006B "k" */
    0xed, 0x0, 0x0, 0x0, 0xed, 0x0, 0x0, 0x0,
    0xed, 0x0, 0x0, 0x0, 0xed, 0x0, 0x8f, 0x70,
    0xed, 0x5, 0xfa, 0x0, 0xec, 0x3f, 0xc0, 0x0,
    0xed, 0xef, 0x30, 0x0, 0xef, 0xdf, 0xc0, 0x0,
    0xee, 0x16, 0xf7, 0x0, 0xed, 0x0, 0xcf, 0x20,
    0xed, 0x0, 0x2f, 0xc0,

    /* U+006C "l" */
    0xb, 0xff, 0xf4, 0x0, 0x2, 0x5b, 0xf4, 0x0,
    0x0, 0x7, 0xf4, 0x0, 0x0, 0x7, 0xf4, 0x0,
    0x0, 0x7, 0xf4, 0x0, 0x0, 0x7, 0xf4, 0x0,
    0x0, 0x7, 0xf4, 0x0, 0x0, 0x7, 0xf4, 0x0,
    0x0, 0x7, 0xf4, 0x0, 0x3, 0x5b, 0xf9, 0x41,
    0xf, 0xff, 0xff, 0xfa,

    /* U+006D "m" */
    0x7d, 0xaf, 0x7b, 0xf6, 0x7f, 0x9d, 0xf8, 0xdc,
    0x7f, 0x19, 0xf0, 0xad, 0x7f, 0x9, 0xf0, 0xae,
    0x7f, 0x9, 0xf0, 0xae, 0x7f, 0x9, 0xf0, 0xae,
    0x7f, 0x9, 0xf0, 0xae, 0x7f, 0x9, 0xf0, 0xae,

    /* U+006E "n" */
    0x1f, 0x7a, 0xff, 0x90, 0x1f, 0xfa, 0x5c, 0xf5,
    0x1f, 0xe0, 0x3, 0xf8, 0x1f, 0xa0, 0x2, 0xf9,
    0x1f, 0xa0, 0x2, 0xf9, 0x1f, 0xa0, 0x2, 0xf9,
    0x1f, 0xa0, 0x2, 0xf9, 0x1f, 0xa0, 0x2, 0xf9,

    /* U+006F "o" */
    0x0, 0x9e, 0xfc, 0x30, 0xb, 0xfa, 0x8e, 0xf2,
    0x2f, 0xa0, 0x4, 0xf8, 0x5f, 0x60, 0x0, 0xfb,
    0x5f, 0x60, 0x0, 0xfb, 0x2f, 0xa0, 0x4, 0xf8,
    0xb, 0xfa, 0x7e, 0xf2, 0x0, 0x9e, 0xfc, 0x40,

    /* U+0070 "p" */
    0x1f, 0x7a, 0xfe, 0x60, 0x1f, 0xf9, 0x5d, 0xf3,
    0x1f, 0xc0, 0x3, 0xf9, 0x1f, 0x90, 0x0, 0xfb,
    0x1f, 0xa0, 0x1, 0xfb, 0x1f, 0xd0, 0x4, 0xf9,
    0x1f, 0xfb, 0x8e, 0xf3, 0x1f, 0xaa, 0xfe, 0x60,
    0x1f, 0x90, 0x0, 0x0, 0x1f, 0x90, 0x0, 0x0,
    0x1f, 0x90, 0x0, 0x0,

    /* U+0071 "q" */
    0x2, 0xcf, 0xd4, 0xf8, 0xc, 0xfa, 0x8e, 0xf8,
    0x2f, 0xb0, 0x6, 0xf8, 0x5f, 0x70, 0x2, 0xf8,
    0x5f, 0x70, 0x2, 0xf8, 0x3f, 0xb0, 0x5, 0xf8,
    0xd, 0xfa, 0x8e, 0xf8, 0x2, 0xcf, 0xd6, 0xf8,
    0x0, 0x0, 0x3, 0xf8, 0x0, 0x0, 0x3, 0xf8,
    0x0, 0x0, 0x3, 0xf8,

    /* U+0072 "r" */
    0xf, 0xff, 0x4b, 0xfe, 0x0, 0x48, 0xfe, 0xd8,
    0x80, 0x0, 0x3f, 0xe0, 0x0, 0x0, 0x3, 0xf9,
    0x0, 0x0, 0x0, 0x3f, 0x80, 0x0, 0x0, 0x3,
    0xf8, 0x0, 0x0, 0x15, 0x9f, 0xc5, 0x20, 0x5,
    0xff, 0xff, 0xf9, 0x0,

    /* U+0073 "s" */
    0x1a, 0xef, 0xea, 0x8, 0xfa, 0x7a, 0xa0, 0xaf,
    0x40, 0x0, 0x2, 0xef, 0xc5, 0x0, 0x0, 0x7d,
    0xfb, 0x0, 0x0, 0xb, 0xf2, 0xbb, 0x88, 0xef,
    0x7, 0xef, 0xfc, 0x40,

    /* U+0074 "t" */
    0x0, 0xf, 0x50, 0x0, 0x0, 0x3f, 0x50, 0x0,
    0x2c, 0xff, 0xff, 0xf4, 0x17, 0xaf, 0xa7, 0x71,
    0x0, 0x6f, 0x50, 0x0, 0x0, 0x6f, 0x50, 0x0,
    0x0, 0x6f, 0x50, 0x0, 0x0, 0x5f, 0x60, 0x0,
    0x0, 0x2f, 0xe8, 0x84, 0x0, 0x6, 0xef, 0xe4,

    /* U+0075 "u" */
    0x2f, 0x90, 0x4, 0xf8, 0x2f, 0x90, 0x4, 0xf8,
    0x2f, 0x90, 0x4, 0xf8, 0x2f, 0x90, 0x4, 0xf8,
    0x2f, 0x90, 0x4, 0xf8, 0x2f, 0xa0, 0x8, 0xf8,
    0xe, 0xf8, 0x8e, 0xf8, 0x4, 0xdf, 0xd3, 0xf8,

    /* U+0076 "v" */
    0x6f, 0x60, 0x0, 0xfc, 0x1f, 0xb0, 0x5, 0xf7,
    0xb, 0xf1, 0xa, 0xf1, 0x5, 0xf5, 0xe, 0xb0,
    0x0, 0xfa, 0x3f, 0x60, 0x0, 0xaf, 0x8f, 0x10,
    0x0, 0x4f, 0xea, 0x0, 0x0, 0xe, 0xf5, 0x0,

    /* U+0077 "w" */
    0xdc, 0x0, 0x0, 0x5f, 0x3a, 0xd0, 0x7b, 0x16,
    0xf1, 0x8f, 0xd, 0xf4, 0x8f, 0x6, 0xf2, 0xfd,
    0x7a, 0xc0, 0x4f, 0x7e, 0x8b, 0xba, 0x1, 0xfb,
    0xb5, 0xed, 0x80, 0xf, 0xf8, 0x2f, 0xf6, 0x0,
    0xdf, 0x40, 0xff, 0x30,

    /* U+0078 "x" */
    0x2f, 0xd0, 0x6, 0xf9, 0x7, 0xf7, 0x1f, 0xe0,
    0x0, 0xcf, 0xbf, 0x40, 0x0, 0x2f, 0xf9, 0x0,
    0x0, 0x3f, 0xfa, 0x0, 0x0, 0xdf, 0xaf, 0x50,
    0x9, 0xf6, 0xe, 0xe1, 0x4f, 0xc0, 0x5, 0xfa,

    /* U+0079 "y" */
    0x6f, 0x60, 0x0, 0xfc, 0xf, 0xc0, 0x5, 0xf6,
    0x9, 0xf2, 0xa, 0xf1, 0x2, 0xf8, 0xe, 0xb0,
    0x0, 0xce, 0x4f, 0x50, 0x0, 0x5f, 0xce, 0x0,
    0x0, 0xe, 0xf9, 0x0, 0x0, 0xa, 0xf3, 0x0,
    0x0, 0xe, 0xd0, 0x0, 0x18, 0xcf, 0x50, 0x0,
    0x2f, 0xe7, 0x0, 0x0,

    /* U+007A "z" */
    0xbf, 0xff, 0xff, 0x34, 0x66, 0x7f, 0xe1, 0x0,
    0xb, 0xf4, 0x0, 0x7, 0xf8, 0x0, 0x3, 0xfc,
    0x0, 0x1, 0xee, 0x10, 0x0, 0xbf, 0xa7, 0x77,
    0x2f, 0xff, 0xff, 0xf5,

    /* U+007B "{" */
    0x0, 0x9, 0xe7, 0x0, 0x5f, 0xb2, 0x0, 0x6f,
    0x20, 0x0, 0x7f, 0x20, 0x0, 0x7f, 0x10, 0x2,
    0xcf, 0x0, 0x1f, 0xf5, 0x0, 0x5, 0xde, 0x0,
    0x0, 0x7f, 0x20, 0x0, 0x7f, 0x20, 0x0, 0x6f,
    0x60, 0x0, 0x1e, 0xf7, 0x0, 0x0, 0x32,

    /* U+007C "|" */
    0x7e, 0x7e, 0x7e, 0x7e, 0x7e, 0x7e, 0x7e, 0x7e,
    0x7e, 0x7e, 0x7e, 0x7e, 0x7e, 0x7e,

    /* U+007D "}" */
    0x1f, 0xc2, 0x0, 0x7, 0xfb, 0x0, 0x0, 0xbd,
    0x0, 0x0, 0xbd, 0x0, 0x0, 0xbd, 0x0, 0x0,
    0x9f, 0x50, 0x0, 0x1c, 0xf7, 0x0, 0x9f, 0x72,
    0x0, 0xbd, 0x0, 0x0, 0xbd, 0x0, 0x2, 0xec,
    0x0, 0x1f, 0xf6, 0x0, 0x3, 0x10, 0x0,

    /* U+007E "~" */
    0x5, 0xec, 0x10, 0x95, 0xd, 0x37, 0xc1, 0xd2,
    0xe, 0x0, 0x7f, 0xa0,

    /* U+00A0 " " */

    /* U+00A1 "¡" */
    0xae, 0x2d, 0xf4, 0x24, 0x9, 0xf0, 0xaf, 0xa,
    0xf0, 0xbf, 0x1b, 0xf1, 0xcf, 0x2d, 0xf3, 0x11,
    0x0,

    /* U+00A2 "¢" */
    0x0, 0xd, 0x40, 0x0, 0x7e, 0xff, 0xf2, 0x6f,
    0xb5, 0x58, 0xc, 0xe0, 0x0, 0x0, 0xec, 0x0,
    0x0, 0xd, 0xe0, 0x0, 0x0, 0x8f, 0x92, 0x25,
    0x10, 0xbf, 0xff, 0xf2, 0x0, 0x2e, 0x61, 0x0,
    0x0, 0xd3, 0x0,

    /* U+00A3 "£" */
    0x0, 0x9f, 0xfc, 0x20, 0x7f, 0xb8, 0xb0, 0xa,
    0xf0, 0x0, 0x0, 0xaf, 0x10, 0x0, 0xdf, 0xff,
    0xf6, 0x3, 0xbf, 0x33, 0x10, 0xa, 0xf0, 0x0,
    0x0, 0xdc, 0x0, 0x0, 0x9f, 0xb8, 0x88, 0x4d,
    0xff, 0xff, 0xf7,

    /* U+00A4 "¤" */
    0x3, 0x0, 0x0, 0x30, 0xd, 0xce, 0xfb, 0xf3,
    0x5, 0xf7, 0x5d, 0xb0, 0x8, 0xb0, 0x5, 0xf0,
    0x9, 0xa0, 0x4, 0xf0, 0x5, 0xf4, 0x1b, 0xc0,
    0xb, 0xef, 0xfe, 0xe2, 0x6, 0x12, 0x30, 0x70,

    /* U+00A5 "¥" */
    0x5f, 0x60, 0x1, 0xfb, 0xd, 0xd0, 0x7, 0xf3,
    0x4, 0xf5, 0xe, 0xb0, 0x0, 0xcd, 0x7f, 0x20,
    0x0, 0x4f, 0xfa, 0x0, 0x9, 0xff, 0xff, 0xf0,
    0x1, 0x2a, 0xf2, 0x20, 0x9, 0xff, 0xff, 0xf0,
    0x1, 0x2a, 0xf2, 0x20, 0x0, 0xa, 0xf0, 0x0,

    /* U+00A6 "¦" */
    0x7e, 0x7e, 0x7e, 0x7e, 0x7e, 0x59, 0x0, 0x0,
    0x59, 0x7e, 0x7e, 0x7e, 0x7e, 0x7e,

    /* U+00A7 "§" */
    0x8, 0xef, 0xe7, 0x5f, 0x73, 0x64, 0x4f, 0x80,
    0x0, 0xb, 0xfe, 0x80, 0x4f, 0x47, 0xfa, 0x7f,
    0x10, 0x8e, 0x1e, 0xe6, 0xd9, 0x0, 0x7e, 0xf4,
    0x0, 0x0, 0xdd, 0x66, 0x34, 0xeb, 0x5d, 0xff,
    0xb2,

    /* U+00A8 "¨" */
    0x2e, 0x50, 0xd9, 0x2f, 0x50, 0xe9,

    /* U+00A9 "©" */
    0x0, 0x8d, 0xdb, 0x30, 0xb, 0x70, 0x3, 0xd3,
    0x4b, 0x1c, 0xe6, 0x4a, 0x76, 0x98, 0x0, 0xe,
    0x76, 0xc4, 0x0, 0xe, 0x4b, 0x97, 0x0, 0x4b,
    0xc, 0x9c, 0xe9, 0xd3, 0x0, 0x8d, 0xda, 0x30,

    /* U+00AA "ª" */
    0x5e, 0xfa, 0x1, 0x11, 0xf3, 0x5c, 0xcf, 0x3e,
    0x51, 0xf3, 0x8e, 0xbb, 0x30,

    /* U+00AB "«" */
    0x0, 0x0, 0x0, 0x0, 0x2e, 0x33, 0xe2, 0xd,
    0xd2, 0xec, 0xa, 0xf3, 0xbf, 0x20, 0xcf, 0x2d,
    0xe1, 0x1, 0xeb, 0x2f, 0xa0, 0x4, 0xf4, 0x5f,
    0x20, 0x1, 0x0, 0x10,

    /* U+00AC "¬" */
    0x11, 0x11, 0x11, 0xf, 0xff, 0xff, 0xf4, 0x44,
    0x44, 0x4f, 0x40, 0x0, 0x0, 0xf4, 0x0, 0x0,
    0xc, 0x30,

    /* U+00AE "®" */
    0x0, 0x8d, 0xdb, 0x30, 0xb, 0x80, 0x3, 0xd2,
    0x4b, 0x3d, 0xc5, 0x4a, 0x76, 0x3b, 0x4b, 0xe,
    0x76, 0x3e, 0xe5, 0xe, 0x4b, 0x3b, 0x78, 0x4b,
    0xb, 0x94, 0x9, 0xd3, 0x0, 0x8d, 0xdb, 0x30,

    /* U+00AF "¯" */
    0x0, 0x0, 0xe, 0xff, 0xf5, 0x33, 0x33, 0x10,

    /* U+00B0 "°" */
    0x3d, 0xe8, 0xd, 0x73, 0xe4, 0xe4, 0xd, 0x55,
    0xff, 0xb0, 0x0, 0x10, 0x0,

    /* U+00B1 "±" */
    0x0, 0x5a, 0x0, 0x0, 0x7, 0xd0, 0x0, 0x11,
    0x7d, 0x11, 0xf, 0xff, 0xff, 0xf5, 0x34, 0x9e,
    0x44, 0x10, 0x7, 0xd0, 0x0, 0x0, 0x7d, 0x0,
    0x5, 0x55, 0x55, 0x52, 0xff, 0xff, 0xff, 0x50,

    /* U+00B2 "²" */
    0x5d, 0xe9, 0x5, 0x45, 0xf1, 0x0, 0x5e, 0x0,
    0x4e, 0x30, 0x5f, 0x52, 0xd, 0xff, 0xf6,

    /* U+00B3 "³" */
    0x6d, 0xe7, 0x5, 0x46, 0xf0, 0x0, 0x5e, 0x0,
    0xef, 0x70, 0x0, 0x2f, 0x26, 0x23, 0xf3, 0xaf,
    0xf8, 0x0,

    /* U+00B4 "´" */
    0x4, 0x83, 0xe, 0xc0, 0x8d, 0x10,

    /* U+00B5 "µ" */
    0x2f, 0x90, 0x4, 0xf8, 0x2f, 0x90, 0x4, 0xf8,
    0x2f, 0x90, 0x4, 0xf8, 0x2f, 0x90, 0x4, 0xf8,
    0x3f, 0x90, 0x4, 0xf8, 0x4f, 0xb0, 0x8, 0xf8,
    0x3f, 0xf8, 0x8e, 0xf8, 0x2f, 0xff, 0xd3, 0xf8,
    0x2f, 0x90, 0x0, 0x0, 0x2f, 0x90, 0x0, 0x0,
    0x2f, 0x90, 0x0, 0x0,

    /* U+00B6 "¶" */
    0x3, 0xcf, 0xff, 0xfa, 0xe, 0xff, 0xf8, 0x6a,
    0x4f, 0xff, 0xf8, 0x5a, 0x6f, 0xff, 0xf8, 0x5a,
    0x5f, 0xff, 0xf8, 0x5a, 0x2f, 0xff, 0xf8, 0x5a,
    0x8, 0xff, 0xf8, 0x5a, 0x0, 0x24, 0x98, 0x5a,
    0x0, 0x0, 0x78, 0x5a, 0x0, 0x0, 0x78, 0x5a,
    0x0, 0x0, 0x78, 0x5a, 0x0, 0x0, 0x78, 0x5a,
    0x0, 0x0, 0x78, 0x5a, 0x0, 0x0, 0x0, 0x0,

    /* U+00B7 "·" */
    0x24, 0xd, 0xf3, 0xae, 0x20,

    /* U+00B8 "¸" */
    0x2, 0x50, 0x7, 0xd3, 0x0, 0xba, 0x3f, 0xe4,

    /* U+00B9 "¹" */
    0x1a, 0xf0, 0xb, 0xaf, 0x0, 0x2, 0xf0, 0x0,
    0x2f, 0x0, 0x2, 0xf0, 0x7, 0xff, 0xf6,

    /* U+00BA "º" */
    0x3e, 0xf8, 0xc, 0x71, 0xf2, 0xe3, 0xd, 0x5c,
    0x71, 0xf2, 0x3d, 0xf8, 0x0,

    /* U+00BB "»" */
    0x0, 0x0, 0x0, 0xa, 0xa0, 0xb8, 0x0, 0x5f,
    0x67, 0xf4, 0x0, 0xaf, 0x3b, 0xe1, 0x8, 0xf4,
    0xaf, 0x24, 0xf8, 0x5f, 0x60, 0xbc, 0xd, 0xa0,
    0x0, 0x10, 0x0, 0x0,

    /* U+00BC "¼" */
    0x6, 0x40, 0x0, 0x0, 0xa, 0xf9, 0x0, 0x7,
    0x40, 0x38, 0x90, 0x4, 0xf1, 0x0, 0x79, 0x0,
    0xd7, 0x0, 0x7, 0x90, 0x8d, 0x0, 0x7, 0xff,
    0xbf, 0x30, 0x0, 0x0, 0xc, 0x90, 0x93, 0x0,
    0x6, 0xe0, 0x9e, 0x50, 0x1, 0xf5, 0x59, 0xb5,
    0x0, 0xab, 0xc, 0xef, 0xf0, 0x4, 0x10, 0x0,
    0xa5, 0x0,

    /* U+00BD "½" */
    0x5, 0x40, 0x0, 0x0, 0xa, 0xf9, 0x0, 0x6,
    0x40, 0x48, 0x90, 0x4, 0xf2, 0x0, 0x79, 0x0,
    0xd7, 0x0, 0x7, 0x90, 0x8d, 0x0, 0x7, 0xff,
    0xbf, 0x30, 0x0, 0x0, 0xc, 0xac, 0xf8, 0x0,
    0x6, 0xe1, 0x33, 0xf0, 0x1, 0xe5, 0x0, 0xa9,
    0x0, 0xab, 0x0, 0xaa, 0x0, 0x5, 0x10, 0x3f,
    0xff, 0x20,

    /* U+00BE "¾" */
    0x5d, 0xe4, 0x0, 0x0, 0x1, 0x19, 0x90, 0xd,
    0x60, 0xc, 0xf3, 0x8, 0xd0, 0x0, 0x7, 0xa2,
    0xf4, 0x0, 0x30, 0x8a, 0xba, 0x0, 0x6, 0xed,
    0x8f, 0x10, 0x0, 0x0, 0xd, 0x70, 0xa3, 0x0,
    0x8, 0xd0, 0xae, 0x50, 0x2, 0xf4, 0x59, 0xb5,
    0x0, 0xba, 0xc, 0xef, 0xf0, 0x4, 0x10, 0x0,
    0xa5, 0x0,

    /* U+00BF "¿" */
    0x0, 0xa, 0xf2, 0x0, 0x0, 0xcf, 0x40, 0x0,
    0x2, 0x40, 0x0, 0x0, 0x4a, 0x0, 0x0, 0xb,
    0xe0, 0x0, 0x1b, 0xf5, 0x0, 0xc, 0xf4, 0x0,
    0x1, 0xf9, 0x0, 0x0, 0x1f, 0xc0, 0x15, 0x40,
    0xaf, 0xff, 0xfb, 0x0, 0x47, 0x74, 0x0,

    /* U+00C0 "À" */
    0x0, 0x68, 0x10, 0x0, 0x0, 0x2, 0xea, 0x0,
    0x0, 0x0, 0x1, 0x71, 0x0, 0x0, 0x0, 0x0,
    0x0, 0x0, 0x0, 0xf, 0xf6, 0x0, 0x0, 0x4,
    0xfe, 0xb0, 0x0, 0x0, 0x9e, 0x8f, 0x0, 0x0,
    0xe, 0xa4, 0xf4, 0x0, 0x2, 0xf6, 0xf, 0x90,
    0x0, 0x7f, 0x98, 0xee, 0x0, 0xc, 0xff, 0xff,
    0xf2, 0x1, 0xf9, 0x0, 0x3f, 0x70, 0x5f, 0x40,
    0x0, 0xec, 0xa, 0xf0, 0x0, 0xa, 0xf1,

    /* U+00C1 "Á" */
    0x0, 0x0, 0x38, 0x40, 0x0, 0x0, 0x1e, 0xb0,
    0x0, 0x0, 0x4, 0x60, 0x0, 0x0, 0x0, 0x0,
    0x0, 0x0, 0x0, 0xf, 0xf6, 0x0, 0x0, 0x4,
    0xfe, 0xb0, 0x0, 0x0, 0x9e, 0x8f, 0x0, 0x0,
    0xe, 0xa4, 0xf4, 0x0, 0x2, 0xf6, 0xf, 0x90,
    0x0, 0x7f, 0x98, 0xee, 0x0, 0xc, 0xff, 0xff,
    0xf2, 0x1, 0xf9, 0x0, 0x3f, 0x70, 0x5f, 0x40,
    0x0, 0xec, 0xa, 0xf0, 0x0, 0xa, 0xf1,

    /* U+00C2 "Â" */
    0x0, 0x6, 0x82, 0x0, 0x0, 0x8, 0xeb, 0xd1,
    0x0, 0x1, 0x71, 0x6, 0x40, 0x0, 0x0, 0x0,
    0x0, 0x0, 0x0, 0xf, 0xf6, 0x0, 0x0, 0x4,
    0xfe, 0xb0, 0x0, 0x0, 0x9e, 0x8f, 0x0, 0x0,
    0xe, 0xa4, 0xf4, 0x0, 0x2, 0xf6, 0xf, 0x90,
    0x0, 0x7f, 0x98, 0xee, 0x0, 0xc, 0xff, 0xff,
    0xf2, 0x1, 0xf9, 0x0, 0x3f, 0x70, 0x5f, 0x40,
    0x0, 0xec, 0xa, 0xf0, 0x0, 0xa, 0xf1,

    /* U+00C3 "Ã" */
    0x0, 0x24, 0x21, 0x30, 0x0, 0x3f, 0xff, 0xf8,
    0x0, 0x1, 0x20, 0x23, 0x0, 0x0, 0x0, 0x0,
    0x0, 0x0, 0x0, 0xf, 0xf6, 0x0, 0x0, 0x4,
    0xfe, 0xb0, 0x0, 0x0, 0x9e, 0x8f, 0x0, 0x0,
    0xe, 0xa4, 0xf4, 0x0, 0x2, 0xf6, 0xf, 0x90,
    0x0, 0x7f, 0x98, 0xee, 0x0, 0xc, 0xff, 0xff,
    0xf2, 0x1, 0xf9, 0x0, 0x3f, 0x70, 0x5f, 0x40,
    0x0, 0xec, 0xa, 0xf0, 0x0, 0xa, 0xf1,

    /* U+00C4 "Ä" */
    0x3, 0xf5, 0xe, 0x90, 0x0, 0x2e, 0x40, 0xd8,
    0x0, 0x0, 0x0, 0x0, 0x0, 0x0, 0x0, 0xff,
    0x60, 0x0, 0x0, 0x4f, 0xeb, 0x0, 0x0, 0x9,
    0xe8, 0xf0, 0x0, 0x0, 0xea, 0x4f, 0x40, 0x0,
    0x2f, 0x60, 0xf9, 0x0, 0x7, 0xf9, 0x8e, 0xe0,
    0x0, 0xcf, 0xff, 0xff, 0x20, 0x1f, 0x90, 0x3,
    0xf7, 0x5, 0xf4, 0x0, 0xe, 0xc0, 0xaf, 0x0,
    0x0, 0xaf, 0x10,

    /* U+00C5 "Å" */
    0x0, 0xc, 0xe4, 0x0, 0x0, 0x5, 0xa4, 0xc0,
    0x0, 0x0, 0x59, 0x3c, 0x0, 0x0, 0x0, 0xce,
    0x40, 0x0, 0x0, 0x0, 0x0, 0x0, 0x0, 0x0,
    0xff, 0x60, 0x0, 0x0, 0x4f, 0xeb, 0x0, 0x0,
    0x9, 0xe8, 0xf0, 0x0, 0x0, 0xea, 0x4f, 0x40,
    0x0, 0x2f, 0x60, 0xf9, 0x0, 0x7, 0xf9, 0x8e,
    0xe0, 0x0, 0xcf, 0xff, 0xff, 0x20, 0x1f, 0x90,
    0x3, 0xf7, 0x5, 0xf4, 0x0, 0xe, 0xc0, 0xaf,
    0x0, 0x0, 0xaf, 0x10,

    /* U+00C6 "Æ" */
    0x0, 0x9f, 0xff, 0xfd, 0x0, 0xdd, 0xed, 0x87,
    0x1, 0xf7, 0xda, 0x0, 0x4, 0xf3, 0xda, 0x0,
    0x8, 0xf0, 0xdf, 0xf9, 0xc, 0xf8, 0xed, 0x74,
    0xf, 0xff, 0xfa, 0x0, 0x3f, 0x50, 0xda, 0x0,
    0x7f, 0x20, 0xdd, 0x87, 0xae, 0x0, 0xdf, 0xfd,

    /* U+00C7 "Ç" */
    0x0, 0x2a, 0xef, 0xd6, 0x2, 0xff, 0xb9, 0xc6,
    0xb, 0xf4, 0x0, 0x0, 0xf, 0xc0, 0x0, 0x0,
    0x3f, 0x90, 0x0, 0x0, 0x3f, 0x90, 0x0, 0x0,
    0x1f, 0xb0, 0x0, 0x0, 0xd, 0xf3, 0x0, 0x0,
    0x4, 0xff, 0xa9, 0xc5, 0x0, 0x4c, 0xff, 0xc3,
    0x0, 0x0, 0xe7, 0x0, 0x0, 0x0, 0x3f, 0x20,
    0x0, 0xa, 0xfb, 0x0,

    /* U+00C8 "È" */
    0x6, 0x81, 0x0, 0x0, 0x1d, 0xb0, 0x0, 0x0,
    0x17, 0x20, 0x0, 0x0, 0x0, 0x0, 0xcf, 0xff,
    0xff, 0x5c, 0xf9, 0x99, 0x93, 0xce, 0x0, 0x0,
    0xc, 0xe0, 0x0, 0x0, 0xcf, 0xff, 0xff, 0x1c,
    0xf9, 0x99, 0x91, 0xce, 0x0, 0x0, 0xc, 0xe0,
    0x0, 0x0, 0xcf, 0x99, 0x99, 0x3c, 0xff, 0xff,
    0xf5,

    /* U+00C9 "É" */
    0x0, 0x2, 0x85, 0x0, 0x0, 0xdc, 0x10, 0x0,
    0x37, 0x0, 0x0, 0x0, 0x0, 0x0, 0xcf, 0xff,
    0xff, 0x5c, 0xf9, 0x99, 0x93, 0xce, 0x0, 0x0,
    0xc, 0xe0, 0x0, 0x0, 0xcf, 0xff, 0xff, 0x1c,
    0xf9, 0x99, 0x91, 0xce, 0x0, 0x0, 0xc, 0xe0,
    0x0, 0x0, 0xcf, 0x99, 0x99, 0x3c, 0xff, 0xff,
    0xf5,

    /* U+00CA "Ê" */
    0x0, 0x68, 0x20, 0x0, 0x6e, 0xae, 0x10, 0x7,
    0x20, 0x55, 0x0, 0x0, 0x0, 0x0, 0xcf, 0xff,
    0xff, 0x5c, 0xf9, 0x99, 0x93, 0xce, 0x0, 0x0,
    0xc, 0xe0, 0x0, 0x0, 0xcf, 0xff, 0xff, 0x1c,
    0xf9, 0x99, 0x91, 0xce, 0x0, 0x0, 0xc, 0xe0,
    0x0, 0x0, 0xcf, 0x99, 0x99, 0x3c, 0xff, 0xff,
    0xf5,

    /* U+00CB "Ë" */
    0x2f, 0x60, 0xda, 0x1, 0xe6, 0xc, 0x90, 0x0,
    0x0, 0x0, 0xc, 0xff, 0xff, 0xf5, 0xcf, 0x99,
    0x99, 0x3c, 0xe0, 0x0, 0x0, 0xce, 0x0, 0x0,
    0xc, 0xff, 0xff, 0xf1, 0xcf, 0x99, 0x99, 0x1c,
    0xe0, 0x0, 0x0, 0xce, 0x0, 0x0, 0xc, 0xf9,
    0x99, 0x93, 0xcf, 0xff, 0xff, 0x50,

    /* U+00CC "Ì" */
    0x6, 0x81, 0x0, 0x0, 0x2e, 0xa0, 0x0, 0x0,
    0x17, 0x10, 0x0, 0x0, 0x0, 0x0, 0xaf, 0xff,
    0xff, 0x2, 0x5c, 0xf6, 0x40, 0x0, 0xaf, 0x0,
    0x0, 0xa, 0xf0, 0x0, 0x0, 0xaf, 0x0, 0x0,
    0xa, 0xf0, 0x0, 0x0, 0xaf, 0x0, 0x0, 0xa,
    0xf0, 0x0, 0x25, 0xcf, 0x64, 0xa, 0xff, 0xff,
    0xf0,

    /* U+00CD "Í" */
    0x0, 0x3, 0x84, 0x0, 0x1, 0xeb, 0x0, 0x0,
    0x46, 0x0, 0x0, 0x0, 0x0, 0x0, 0xaf, 0xff,
    0xff, 0x2, 0x5c, 0xf6, 0x40, 0x0, 0xaf, 0x0,
    0x0, 0xa, 0xf0, 0x0, 0x0, 0xaf, 0x0, 0x0,
    0xa, 0xf0, 0x0, 0x0, 0xaf, 0x0, 0x0, 0xa,
    0xf0, 0x0, 0x25, 0xcf, 0x64, 0xa, 0xff, 0xff,
    0xf0,

    /* U+00CE "Î" */
    0x0, 0x68, 0x20, 0x0, 0x8e, 0xbd, 0x10, 0x17,
    0x10, 0x64, 0x0, 0x0, 0x0, 0x0, 0xaf, 0xff,
    0xff, 0x2, 0x5c, 0xf6, 0x40, 0x0, 0xaf, 0x0,
    0x0, 0xa, 0xf0, 0x0, 0x0, 0xaf, 0x0, 0x0,
    0xa, 0xf0, 0x0, 0x0, 0xaf, 0x0, 0x0, 0xa,
    0xf0, 0x0, 0x25, 0xcf, 0x64, 0xa, 0xff, 0xff,
    0xf0,

    /* U+00CF "Ï" */
    0x3f, 0x50, 0xe9, 0x2, 0xe4, 0xd, 0x80, 0x0,
    0x0, 0x0, 0xa, 0xff, 0xff, 0xf0, 0x25, 0xcf,
    0x64, 0x0, 0xa, 0xf0, 0x0, 0x0, 0xaf, 0x0,
    0x0, 0xa, 0xf0, 0x0, 0x0, 0xaf, 0x0, 0x0,
    0xa, 0xf0, 0x0, 0x0, 0xaf, 0x0, 0x2, 0x5c,
    0xf6, 0x40, 0xaf, 0xff, 0xff, 0x0,

    /* U+00D0 "Ð" */
    0x3f, 0xff, 0xea, 0x10, 0x3f, 0xc8, 0xbf, 0xe1,
    0x3f, 0x80, 0x6, 0xf8, 0x3f, 0x80, 0x0, 0xfd,
    0xff, 0xff, 0x10, 0xde, 0x9f, 0xc8, 0x0, 0xde,
    0x3f, 0x80, 0x0, 0xfc, 0x3f, 0x80, 0x7, 0xf7,
    0x3f, 0xc8, 0xcf, 0xd0, 0x3f, 0xff, 0xe9, 0x10,

    /* U+00D1 "Ñ" */
    0x0, 0x0, 0x0, 0x0, 0x1, 0xdf, 0xff, 0xa0,
    0x1, 0x33, 0x33, 0x0, 0x0, 0x0, 0x0, 0x0,
    0x4f, 0xf4, 0x0, 0xfa, 0x4f, 0xfa, 0x0, 0xfa,
    0x4f, 0xbf, 0x10, 0xfa, 0x4f, 0x6f, 0x60, 0xfa,
    0x4f, 0x5b, 0xc0, 0xfa, 0x4f, 0x55, 0xf2, 0xfa,
    0x4f, 0x50, 0xf8, 0xea, 0x4f, 0x50, 0x9d, 0xea,
    0x4f, 0x50, 0x3f, 0xfa, 0x4f, 0x50, 0xd, 0xfa,

    /* U+00D2 "Ò" */
    0x0, 0x68, 0x10, 0x0, 0x0, 0x2e, 0xa0, 0x0,
    0x0, 0x1, 0x71, 0x0, 0x0, 0x0, 0x0, 0x0,
    0x0, 0x9e, 0xfc, 0x30, 0xb, 0xfb, 0x9f, 0xf2,
    0x2f, 0xb0, 0x5, 0xf8, 0x6f, 0x60, 0x0, 0xfc,
    0x7f, 0x40, 0x0, 0xed, 0x7f, 0x40, 0x0, 0xed,
    0x6f, 0x60, 0x0, 0xfc, 0x2f, 0xb0, 0x5, 0xf8,
    0xb, 0xfb, 0x9f, 0xf2, 0x0, 0x9f, 0xfc, 0x30,

    /* U+00D3 "Ó" */
    0x0, 0x0, 0x38, 0x40, 0x0, 0x1, 0xeb, 0x0,
    0x0, 0x4, 0x60, 0x0, 0x0, 0x0, 0x0, 0x0,
    0x0, 0x9e, 0xfc, 0x30, 0xb, 0xfb, 0x9f, 0xf2,
    0x2f, 0xb0, 0x5, 0xf8, 0x6f, 0x60, 0x0, 0xfc,
    0x7f, 0x40, 0x0, 0xed, 0x7f, 0x40, 0x0, 0xed,
    0x6f, 0x60, 0x0, 0xfc, 0x2f, 0xb0, 0x5, 0xf8,
    0xb, 0xfb, 0x9f, 0xf2, 0x0, 0x9f, 0xfc, 0x30,

    /* U+00D4 "Ô" */
    0x0, 0x6, 0x82, 0x0, 0x0, 0x8e, 0xbd, 0x10,
    0x1, 0x71, 0x6, 0x40, 0x0, 0x0, 0x0, 0x0,
    0x0, 0x9e, 0xfc, 0x30, 0xb, 0xfb, 0x9f, 0xf2,
    0x2f, 0xb0, 0x5, 0xf8, 0x6f, 0x60, 0x0, 0xfc,
    0x7f, 0x40, 0x0, 0xed, 0x7f, 0x40, 0x0, 0xed,
    0x6f, 0x60, 0x0, 0xfc, 0x2f, 0xb0, 0x5, 0xf8,
    0xb, 0xfb, 0x9f, 0xf2, 0x0, 0x9f, 0xfc, 0x30,

    /* U+00D5 "Õ" */
    0x0, 0x0, 0x0, 0x0, 0x2, 0xef, 0xff, 0x90,
    0x1, 0x33, 0x33, 0x0, 0x0, 0x0, 0x0, 0x0,
    0x0, 0x9e, 0xfc, 0x30, 0xb, 0xfb, 0x9f, 0xf2,
    0x2f, 0xb0, 0x5, 0xf8, 0x6f, 0x60, 0x0, 0xfc,
    0x7f, 0x40, 0x0, 0xed, 0x7f, 0x40, 0x0, 0xed,
    0x6f, 0x60, 0x0, 0xfc, 0x2f, 0xb0, 0x5, 0xf8,
    0xb, 0xfb, 0x9f, 0xf2, 0x0, 0x9f, 0xfc, 0x30,

    /* U+00D6 "Ö" */
    0x3, 0xe5, 0xd, 0x80, 0x3, 0xf5, 0xe, 0x90,
    0x0, 0x0, 0x0, 0x0, 0x0, 0x0, 0x0, 0x0,
    0x0, 0x9e, 0xfc, 0x30, 0xb, 0xfb, 0x9f, 0xf2,
    0x2f, 0xb0, 0x5, 0xf8, 0x6f, 0x60, 0x0, 0xfc,
    0x7f, 0x40, 0x0, 0xed, 0x7f, 0x40, 0x0, 0xed,
    0x6f, 0x60, 0x0, 0xfc, 0x2f, 0xb0, 0x5, 0xf8,
    0xb, 0xfb, 0x9f, 0xf2, 0x0, 0x9f, 0xfc, 0x30,

    /* U+00D7 "×" */
    0x0, 0x0, 0x1, 0x9, 0xc0, 0x6, 0xe1, 0x2e,
    0xc7, 0xf7, 0x0, 0x3f, 0xf8, 0x0, 0x5, 0xff,
    0xb0, 0x4, 0xf9, 0x3f, 0xa0, 0x79, 0x0, 0x3c,
    0x0, 0x0, 0x0, 0x0,

    /* U+00D8 "Ø" */
    0x0, 0x0, 0x0, 0x1, 0x0, 0x9, 0xef, 0xca,
    0xc0, 0xb, 0xfb, 0x9f, 0xf5, 0x2, 0xfb, 0x0,
    0xdf, 0x80, 0x6f, 0x60, 0x7e, 0xfc, 0x7, 0xf4,
    0x2f, 0x4e, 0xd0, 0x7f, 0x4c, 0xa0, 0xed, 0x6,
    0xfc, 0xe1, 0xf, 0xc0, 0x2f, 0xf5, 0x5, 0xf8,
    0x0, 0xef, 0xb9, 0xff, 0x20, 0x5f, 0xaf, 0xfc,
    0x30, 0x0, 0x30, 0x0, 0x0, 0x0,

    /* U+00D9 "Ù" */
    0x0, 0x68, 0x10, 0x0, 0x0, 0x2e, 0xa0, 0x0,
    0x0, 0x1, 0x71, 0x0, 0x0, 0x0, 0x0, 0x0,
    0x4f, 0x80, 0x1, 0xfa, 0x4f, 0x80, 0x1, 0xfa,
    0x4f, 0x80, 0x1, 0xfa, 0x4f, 0x80, 0x1, 0xfa,
    0x4f, 0x80, 0x1, 0xfa, 0x4f, 0x80, 0x1, 0xfa,
    0x3f, 0x80, 0x2, 0xfa, 0x2f, 0xb0, 0x5, 0xf8,
    0xc, 0xfb, 0x9e, 0xf2, 0x1, 0xaf, 0xfc, 0x40,

    /* U+00DA "Ú" */
    0x0, 0x0, 0x38, 0x40, 0x0, 0x1, 0xeb, 0x0,
    0x0, 0x4, 0x60, 0x0, 0x0, 0x0, 0x0, 0x0,
    0x4f, 0x80, 0x1, 0xfa, 0x4f, 0x80, 0x1, 0xfa,
    0x4f, 0x80, 0x1, 0xfa, 0x4f, 0x80, 0x1, 0xfa,
    0x4f, 0x80, 0x1, 0xfa, 0x4f, 0x80, 0x1, 0xfa,
    0x3f, 0x80, 0x2, 0xfa, 0x2f, 0xb0, 0x5, 0xf8,
    0xc, 0xfb, 0x9e, 0xf2, 0x1, 0xaf, 0xfc, 0x40,

    /* U+00DB "Û" */
    0x0, 0x6, 0x82, 0x0, 0x0, 0x8e, 0xbd, 0x10,
    0x1, 0x71, 0x6, 0x40, 0x0, 0x0, 0x0, 0x0,
    0x4f, 0x80, 0x1, 0xfa, 0x4f, 0x80, 0x1, 0xfa,
    0x4f, 0x80, 0x1, 0xfa, 0x4f, 0x80, 0x1, 0xfa,
    0x4f, 0x80, 0x1, 0xfa, 0x4f, 0x80, 0x1, 0xfa,
    0x3f, 0x80, 0x2, 0xfa, 0x2f, 0xb0, 0x5, 0xf8,
    0xc, 0xfb, 0x9e, 0xf2, 0x1, 0xaf, 0xfc, 0x40,

    /* U+00DC "Ü" */
    0x3, 0xe5, 0xd, 0x80, 0x3, 0xf5, 0xe, 0x90,
    0x0, 0x0, 0x0, 0x0, 0x0, 0x0, 0x0, 0x0,
    0x4f, 0x80, 0x1, 0xfa, 0x4f, 0x80, 0x1, 0xfa,
    0x4f, 0x80, 0x1, 0xfa, 0x4f, 0x80, 0x1, 0xfa,
    0x4f, 0x80, 0x1, 0xfa, 0x4f, 0x80, 0x1, 0xfa,
    0x3f, 0x80, 0x2, 0xfa, 0x2f, 0xb0, 0x5, 0xf8,
    0xc, 0xfb, 0x9e, 0xf2, 0x1, 0xaf, 0xfc, 0x40,

    /* U+00DD "Ý" */
    0x0, 0x0, 0x39, 0x50, 0x0, 0x0, 0xd, 0xd1,
    0x0, 0x0, 0x6, 0xd2, 0x0, 0x0, 0x0, 0x0,
    0x0, 0x0, 0x6f, 0x70, 0x1, 0xfc, 0x0, 0xed,
    0x0, 0x7f, 0x40, 0x6, 0xf5, 0xd, 0xd0, 0x0,
    0xe, 0xc5, 0xf5, 0x0, 0x0, 0x7f, 0xdd, 0x0,
    0x0, 0x0, 0xef, 0x50, 0x0, 0x0, 0xa, 0xf1,
    0x0, 0x0, 0x0, 0xaf, 0x10, 0x0, 0x0, 0xa,
    0xf1, 0x0, 0x0, 0x0, 0xaf, 0x10, 0x0,

    /* U+00DE "Þ" */
    0xce, 0x0, 0x0, 0xc, 0xf8, 0x86, 0x10, 0xcf,
    0xff, 0xfe, 0x2c, 0xe0, 0x7, 0xf9, 0xce, 0x0,
    0xf, 0xbc, 0xe0, 0x2, 0xfa, 0xcf, 0x89, 0xef,
    0x4c, 0xff, 0xfd, 0x60, 0xce, 0x0, 0x0, 0xc,
    0xe0, 0x0, 0x0,

    /* U+00DF "ß" */
    0x2, 0xbf, 0xfc, 0x40, 0x0, 0xdf, 0x98, 0xef,
    0x10, 0x1f, 0xa0, 0x9, 0xf2, 0x2, 0xf9, 0x3,
    0xeb, 0x0, 0x2f, 0x91, 0xfb, 0x0, 0x2, 0xf9,
    0x3f, 0xa0, 0x0, 0x2f, 0x90, 0xbf, 0xc1, 0x2,
    0xf9, 0x0, 0x7f, 0xb0, 0x2f, 0x90, 0x0, 0xcf,
    0x2, 0xf9, 0x78, 0x7f, 0xd0, 0x2f, 0x96, 0xef,
    0xd3, 0x0,

    /* U+00E0 "à" */
    0x0, 0x8f, 0x50, 0x0, 0x0, 0x8, 0xe1, 0x0,
    0x0, 0x0, 0x31, 0x0, 0x5, 0xcf, 0xfc, 0x40,
    0x5, 0xb8, 0x7d, 0xf1, 0x0, 0x0, 0x5, 0xf5,
    0x3, 0xbe, 0xff, 0xf5, 0xe, 0xd4, 0x26, 0xf5,
    0x2f, 0x80, 0x7, 0xf5, 0x1f, 0xe7, 0x9f, 0xf5,
    0x6, 0xef, 0xc4, 0xf5,

    /* U+00E1 "á" */
    0x0, 0x0, 0x7f, 0x70, 0x0, 0x2, 0xf7, 0x0,
    0x0, 0x2, 0x30, 0x0, 0x5, 0xcf, 0xfc, 0x40,
    0x5, 0xb8, 0x7d, 0xf1, 0x0, 0x0, 0x5, 0xf5,
    0x3, 0xbe, 0xff, 0xf5, 0xe, 0xd4, 0x26, 0xf5,
    0x2f, 0x80, 0x7, 0xf5, 0x1f, 0xe7, 0x9f, 0xf5,
    0x6, 0xef, 0xc4, 0xf5,

    /* U+00E2 "â" */
    0x0, 0xd, 0xf8, 0x0, 0x0, 0xab, 0x4f, 0x40,
    0x0, 0x30, 0x1, 0x30, 0x5, 0xcf, 0xfc, 0x40,
    0x5, 0xb8, 0x7d, 0xf1, 0x0, 0x0, 0x5, 0xf5,
    0x3, 0xbe, 0xff, 0xf5, 0xe, 0xd4, 0x26, 0xf5,
    0x2f, 0x80, 0x7, 0xf5, 0x1f, 0xe7, 0x9f, 0xf5,
    0x6, 0xef, 0xc4, 0xf5,

    /* U+00E3 "ã" */
    0x0, 0xae, 0x62, 0xd0, 0x2, 0xd5, 0xef, 0x70,
    0x1, 0x20, 0x3, 0x0, 0x5, 0xcf, 0xfc, 0x40,
    0x5, 0xb8, 0x7d, 0xf1, 0x0, 0x0, 0x5, 0xf5,
    0x3, 0xbe, 0xff, 0xf5, 0xe, 0xd4, 0x26, 0xf5,
    0x2f, 0x80, 0x7, 0xf5, 0x1f, 0xe7, 0x9f, 0xf5,
    0x6, 0xef, 0xc4, 0xf5,

    /* U+00E4 "ä" */
    0x2, 0xe6, 0xd, 0xa0, 0x1, 0xe6, 0xc, 0xa0,
    0x0, 0x0, 0x0, 0x0, 0x5, 0xcf, 0xfc, 0x40,
    0x5, 0xb8, 0x7d, 0xf1, 0x0, 0x0, 0x5, 0xf5,
    0x3, 0xbe, 0xff, 0xf5, 0xe, 0xd4, 0x26, 0xf5,
    0x2f, 0x80, 0x7, 0xf5, 0x1f, 0xe7, 0x9f, 0xf5,
    0x6, 0xef, 0xc4, 0xf5,

    /* U+00E5 "å" */
    0x0, 0x1b, 0xe6, 0x0, 0x0, 0x4b, 0x2e, 0x0,
    0x0, 0x1c, 0xe7, 0x0, 0x0, 0x0, 0x0, 0x0,
    0x5, 0xcf, 0xfc, 0x40, 0x5, 0xb8, 0x7d, 0xf1,
    0x0, 0x0, 0x5, 0xf5, 0x3, 0xbe, 0xff, 0xf5,
    0xe, 0xd4, 0x26, 0xf5, 0x2f, 0x80, 0x7, 0xf5,
    0x1f, 0xe7, 0x9f, 0xf5, 0x6, 0xef, 0xc4, 0xf5,

    /* U+00E6 "æ" */
    0x2c, 0xfc, 0x6e, 0xe5, 0x0, 0x97, 0xef, 0xac,
    0xe0, 0x0, 0x9, 0xf0, 0x5f, 0x22, 0xcf, 0xff,
    0xff, 0xf3, 0xaf, 0x4a, 0xf3, 0x33, 0xc, 0xb0,
    0xaf, 0x20, 0x0, 0xaf, 0x7f, 0xec, 0x69, 0x3,
    0xef, 0x64, 0xdf, 0xb0,

    /* U+00E7 "ç" */
    0x5, 0xdf, 0xfc, 0x14, 0xfe, 0x99, 0xb0, 0xbf,
    0x20, 0x0, 0xe, 0xd0, 0x0, 0x0, 0xed, 0x0,
    0x0, 0xc, 0xf2, 0x0, 0x0, 0x6f, 0xe9, 0x9d,
    0x0, 0x6d, 0xff, 0xb0, 0x0, 0x2f, 0x50, 0x0,
    0x0, 0x5f, 0x0, 0x0, 0xcf, 0xa0, 0x0,

    /* U+00E8 "è" */
    0x0, 0x8f, 0x50, 0x0, 0x0, 0x8, 0xe1, 0x0,
    0x0, 0x0, 0x31, 0x0, 0x0, 0x8e, 0xfd, 0x40,
    0x9, 0xf9, 0x6c, 0xf3, 0xf, 0xa0, 0x1, 0xf8,
    0x3f, 0xff, 0xff, 0xfa, 0x3f, 0xa3, 0x33, 0x32,
    0xf, 0xc0, 0x0, 0x0, 0x8, 0xfd, 0x88, 0xc5,
    0x0, 0x7d, 0xff, 0xc3,

    /* U+00E9 "é" */
    0x0, 0x0, 0x6f, 0x70, 0x0, 0x2, 0xf7, 0x0,
    0x0, 0x2, 0x30, 0x0, 0x0, 0x8e, 0xfd, 0x40,
    0x9, 0xf9, 0x6c, 0xf3, 0xf, 0xa0, 0x1, 0xf8,
    0x3f, 0xff, 0xff, 0xfa, 0x3f, 0xa3, 0x33, 0x32,
    0xf, 0xc0, 0x0, 0x0, 0x8, 0xfd, 0x88, 0xc5,
    0x0, 0x7d, 0xff, 0xc3,

    /* U+00EA "ê" */
    0x0, 0xd, 0xf8, 0x0, 0x0, 0xab, 0x4f, 0x40,
    0x0, 0x30, 0x1, 0x30, 0x0, 0x8e, 0xfd, 0x40,
    0x9, 0xf9, 0x6c, 0xf3, 0xf, 0xa0, 0x1, 0xf8,
    0x3f, 0xff, 0xff, 0xfa, 0x3f, 0xa3, 0x33, 0x32,
    0xf, 0xc0, 0x0, 0x0, 0x8, 0xfd, 0x88, 0xc5,
    0x0, 0x7d, 0xff, 0xc3,

    /* U+00EB "ë" */
    0x2, 0xe6, 0xd, 0xa0, 0x1, 0xe6, 0xc, 0xa0,
    0x0, 0x0, 0x0, 0x0, 0x0, 0x8e, 0xfd, 0x40,
    0x9, 0xf9, 0x6c, 0xf3, 0xf, 0xa0, 0x1, 0xf8,
    0x3f, 0xff, 0xff, 0xfa, 0x3f, 0xa3, 0x33, 0x32,
    0xf, 0xc0, 0x0, 0x0, 0x8, 0xfd, 0x88, 0xc5,
    0x0, 0x7d, 0xff, 0xc3,

    /* U+00EC "ì" */
    0x0, 0x9f, 0x40, 0x0, 0x0, 0x9, 0xe1, 0x0,
    0x0, 0x0, 0x20, 0x0, 0xb, 0xff, 0xf4, 0x0,
    0x3, 0x6b, 0xf4, 0x0, 0x0, 0x7, 0xf4, 0x0,
    0x0, 0x7, 0xf4, 0x0, 0x0, 0x7, 0xf4, 0x0,
    0x0, 0x7, 0xf4, 0x0, 0x3, 0x6b, 0xf9, 0x52,
    0xf, 0xff, 0xff, 0xfa,

    /* U+00ED "í" */
    0x0, 0x0, 0x8f, 0x50, 0x0, 0x4, 0xf5, 0x0,
    0x0, 0x1, 0x10, 0x0, 0xb, 0xff, 0xf4, 0x0,
    0x3, 0x6b, 0xf4, 0x0, 0x0, 0x7, 0xf4, 0x0,
    0x0, 0x7, 0xf4, 0x0, 0x0, 0x7, 0xf4, 0x0,
    0x0, 0x7, 0xf4, 0x0, 0x3, 0x6b, 0xf9, 0x52,
    0xf, 0xff, 0xff, 0xfa,

    /* U+00EE "î" */
    0x0, 0x1e, 0xf6, 0x0, 0x0, 0xc9, 0x4e, 0x40,
    0x0, 0x20, 0x1, 0x10, 0xb, 0xff, 0xf4, 0x0,
    0x3, 0x6b, 0xf4, 0x0, 0x0, 0x7, 0xf4, 0x0,
    0x0, 0x7, 0xf4, 0x0, 0x0, 0x7, 0xf4, 0x0,
    0x0, 0x7, 0xf4, 0x0, 0x3, 0x6b, 0xf9, 0x52,
    0xf, 0xff, 0xff, 0xfa,

    /* U+00EF "ï" */
    0x3, 0xf5, 0xe, 0x90, 0x2, 0xe5, 0xd, 0x80,
    0x0, 0x0, 0x0, 0x0, 0xb, 0xff, 0xf4, 0x0,
    0x3, 0x6b, 0xf4, 0x0, 0x0, 0x7, 0xf4, 0x0,
    0x0, 0x7, 0xf4, 0x0, 0x0, 0x7, 0xf4, 0x0,
    0x0, 0x7, 0xf4, 0x0, 0x3, 0x6b, 0xf9, 0x52,
    0xf, 0xff, 0xff, 0xfa,

    /* U+00F0 "ð" */
    0x0, 0x0, 0x0, 0x0, 0x0, 0x6e, 0x6a, 0xb0,
    0x0, 0x1d, 0xfe, 0x10, 0x0, 0x9e, 0xaf, 0x50,
    0x0, 0x21, 0xa, 0xe0, 0x2, 0xcf, 0xfc, 0xf6,
    0xd, 0xf6, 0x4c, 0xfa, 0x4f, 0x80, 0x1, 0xfb,
    0x5f, 0x60, 0x0, 0xfb, 0x3f, 0x90, 0x2, 0xf8,
    0xc, 0xf7, 0x6d, 0xf2, 0x1, 0xaf, 0xfc, 0x30,

    /* U+00F1 "ñ" */
    0x0, 0xae, 0x62, 0xd0, 0x2, 0xd5, 0xef, 0x70,
    0x1, 0x20, 0x3, 0x0, 0x1f, 0x7a, 0xff, 0x90,
    0x1f, 0xfa, 0x5c, 0xf5, 0x1f, 0xe0, 0x3, 0xf8,
    0x1f, 0xa0, 0x2, 0xf9, 0x1f, 0xa0, 0x2, 0xf9,
    0x1f, 0xa0, 0x2, 0xf9, 0x1f, 0xa0, 0x2, 0xf9,
    0x1f, 0xa0, 0x2, 0xf9,

    /* U+00F2 "ò" */
    0x0, 0xaf, 0x40, 0x0, 0x0, 0xa, 0xd0, 0x0,
    0x0, 0x0, 0x31, 0x0, 0x0, 0x9e, 0xfc, 0x30,
    0xb, 0xfa, 0x8e, 0xf2, 0x2f, 0xa0, 0x4, 0xf8,
    0x5f, 0x60, 0x0, 0xfb, 0x5f, 0x60, 0x0, 0xfb,
    0x2f, 0xa0, 0x4, 0xf8, 0xb, 0xfa, 0x7e, 0xf2,
    0x0, 0x9e, 0xfc, 0x40,

    /* U+00F3 "ó" */
    0x0, 0x0, 0x8f, 0x50, 0x0, 0x3, 0xf6, 0x0,
    0x0, 0x2, 0x20, 0x0, 0x0, 0x9e, 0xfc, 0x30,
    0xb, 0xfa, 0x8e, 0xf2, 0x2f, 0xa0, 0x4, 0xf8,
    0x5f, 0x60, 0x0, 0xfb, 0x5f, 0x60, 0x0, 0xfb,
    0x2f, 0xa0, 0x4, 0xf8, 0xb, 0xfa, 0x7e, 0xf2,
    0x0, 0x9e, 0xfc, 0x40,

    /* U+00F4 "ô" */
    0x0, 0x1e, 0xf6, 0x0, 0x0, 0xca, 0x5f, 0x30,
    0x1, 0x30, 0x2, 0x20, 0x0, 0x9e, 0xfc, 0x30,
    0xb, 0xfa, 0x8e, 0xf2, 0x2f, 0xa0, 0x4, 0xf8,
    0x5f, 0x60, 0x0, 0xfb, 0x5f, 0x60, 0x0, 0xfb,
    0x2f, 0xa0, 0x4, 0xf8, 0xb, 0xfa, 0x7e, 0xf2,
    0x0, 0x9e, 0xfc, 0x40,

    /* U+00F5 "õ" */
    0x0, 0xce, 0x54, 0xb0, 0x4, 0xc6, 0xef, 0x60,
    0x1, 0x20, 0x13, 0x0, 0x0, 0x9e, 0xfc, 0x30,
    0xb, 0xfa, 0x8e, 0xf2, 0x2f, 0xa0, 0x4, 0xf8,
    0x5f, 0x60, 0x0, 0xfb, 0x5f, 0x60, 0x0, 0xfb,
    0x2f, 0xa0, 0x4, 0xf8, 0xb, 0xfa, 0x7e, 0xf2,
    0x0, 0x9e, 0xfc, 0x40,

    /* U+00F6 "ö" */
    0x3, 0xf5, 0xe, 0x90, 0x2, 0xe5, 0xd, 0x80,
    0x0, 0x0, 0x0, 0x0, 0x0, 0x9e, 0xfc, 0x30,
    0xb, 0xfa, 0x8e, 0xf2, 0x2f, 0xa0, 0x4, 0xf8,
    0x5f, 0x60, 0x0, 0xfb, 0x5f, 0x60, 0x0, 0xfb,
    0x2f, 0xa0, 0x4, 0xf8, 0xb, 0xfa, 0x7e, 0xf2,
    0x0, 0x9e, 0xfc, 0x40,

    /* U+00F7 "÷" */
    0x0, 0x0, 0x0, 0x0, 0x8, 0xe0, 0x0, 0x0,
    0x8e, 0x0, 0x1, 0x11, 0x11, 0x10, 0xff, 0xff,
    0xff, 0x54, 0x44, 0x44, 0x41, 0x0, 0x8e, 0x0,
    0x0, 0x8, 0xe0, 0x0,

    /* U+00F8 "ø" */
    0x0, 0x0, 0x0, 0x10, 0x0, 0x9e, 0xfc, 0xf3,
    0xb, 0xfa, 0x8f, 0xf2, 0x2f, 0xa0, 0x6f, 0xf8,
    0x5f, 0x62, 0xf5, 0xfb, 0x5f, 0x7c, 0x90, 0xfb,
    0x2f, 0xed, 0x4, 0xf8, 0xb, 0xfb, 0x7e, 0xf2,
    0xb, 0xde, 0xfc, 0x40, 0x1, 0x0, 0x0, 0x0,

    /* U+00F9 "ù" */
    0x0, 0x9f, 0x40, 0x0, 0x0, 0x9, 0xe1, 0x0,
    0x0, 0x0, 0x20, 0x0, 0x2f, 0x90, 0x4, 0xf8,
    0x2f, 0x90, 0x4, 0xf8, 0x2f, 0x90, 0x4, 0xf8,
    0x2f, 0x90, 0x4, 0xf8, 0x2f, 0x90, 0x4, 0xf8,
    0x2f, 0xa0, 0x8, 0xf8, 0xe, 0xf8, 0x8e, 0xf8,
    0x4, 0xdf, 0xd3, 0xf8,

    /* U+00FA "ú" */
    0x0, 0x0, 0x8f, 0x50, 0x0, 0x4, 0xf5, 0x0,
    0x0, 0x1, 0x10, 0x0, 0x2f, 0x90, 0x4, 0xf8,
    0x2f, 0x90, 0x4, 0xf8, 0x2f, 0x90, 0x4, 0xf8,
    0x2f, 0x90, 0x4, 0xf8, 0x2f, 0x90, 0x4, 0xf8,
    0x2f, 0xa0, 0x8, 0xf8, 0xe, 0xf8, 0x8e, 0xf8,
    0x4, 0xdf, 0xd3, 0xf8,

    /* U+00FB "û" */
    0x0, 0x1e, 0xf6, 0x0, 0x0, 0xc9, 0x4e, 0x40,
    0x0, 0x20, 0x1, 0x10, 0x2f, 0x90, 0x4, 0xf8,
    0x2f, 0x90, 0x4, 0xf8, 0x2f, 0x90, 0x4, 0xf8,
    0x2f, 0x90, 0x4, 0xf8, 0x2f, 0x90, 0x4, 0xf8,
    0x2f, 0xa0, 0x8, 0xf8, 0xe, 0xf8, 0x8e, 0xf8,
    0x4, 0xdf, 0xd3, 0xf8,

    /* U+00FC "ü" */
    0x3, 0xf5, 0xe, 0x90, 0x2, 0xe5, 0xd, 0x80,
    0x0, 0x0, 0x0, 0x0, 0x2f, 0x90, 0x4, 0xf8,
    0x2f, 0x90, 0x4, 0xf8, 0x2f, 0x90, 0x4, 0xf8,
    0x2f, 0x90, 0x4, 0xf8, 0x2f, 0x90, 0x4, 0xf8,
    0x2f, 0xa0, 0x8, 0xf8, 0xe, 0xf8, 0x8e, 0xf8,
    0x4, 0xdf, 0xd3, 0xf8,

    /* U+00FD "ý" */
    0x0, 0x0, 0x8f, 0x50, 0x0, 0x4, 0xf5, 0x0,
    0x0, 0x1, 0x10, 0x0, 0x6f, 0x60, 0x0, 0xfc,
    0xf, 0xc0, 0x5, 0xf6, 0x9, 0xf2, 0xa, 0xf1,
    0x2, 0xf8, 0xe, 0xb0, 0x0, 0xce, 0x4f, 0x50,
    0x0, 0x5f, 0xce, 0x0, 0x0, 0xe, 0xf9, 0x0,
    0x0, 0xa, 0xf3, 0x0, 0x0, 0xe, 0xd0, 0x0,
    0x18, 0xcf, 0x50, 0x0, 0x2f, 0xe7, 0x0, 0x0,

    /* U+00FE "þ" */
    0x1f, 0x90, 0x0, 0x0, 0x1f, 0x90, 0x0, 0x0,
    0x1f, 0x90, 0x0, 0x0, 0x1f, 0xaa, 0xfe, 0x60,
    0x1f, 0xfb, 0x8e, 0xf3, 0x1f, 0xd0, 0x4, 0xf9,
    0x1f, 0xa0, 0x0, 0xfb, 0x1f, 0xa0, 0x0, 0xfb,
    0x1f, 0xd0, 0x4, 0xf9, 0x1f, 0xfb, 0x8e, 0xf3,
    0x1f, 0xaa, 0xfe, 0x60, 0x1f, 0x90, 0x0, 0x0,
    0x1f, 0x90, 0x0, 0x0, 0x1f, 0x90, 0x0, 0x0,

    /* U+00FF "ÿ" */
    0x3, 0xf5, 0xe, 0x90, 0x2, 0xe5, 0xd, 0x80,
    0x0, 0x0, 0x0, 0x0, 0x6f, 0x60, 0x0, 0xfc,
    0xf, 0xc0, 0x5, 0xf6, 0x9, 0xf2, 0xa, 0xf1,
    0x2, 0xf8, 0xe, 0xb0, 0x0, 0xce, 0x4f, 0x50,
    0x0, 0x5f, 0xce, 0x0, 0x0, 0xe, 0xf9, 0x0,
    0x0, 0xa, 0xf3, 0x0, 0x0, 0xe, 0xd0, 0x0,
    0x18, 0xcf, 0x50, 0x0, 0x2f, 0xe7, 0x0, 0x0,

    /* U+0100 "Ā" */
    0x0, 0x0, 0x0, 0x0, 0x0, 0xe, 0xff, 0xf4,
    0x0, 0x0, 0x33, 0x33, 0x10, 0x0, 0x0, 0x0,
    0x0, 0x0, 0x0, 0xf, 0xf6, 0x0, 0x0, 0x4,
    0xfe, 0xb0, 0x0, 0x0, 0x9e, 0x8f, 0x0, 0x0,
    0xe, 0xa4, 0xf4, 0x0, 0x2, 0xf6, 0xf, 0x90,
    0x0, 0x7f, 0x98, 0xee, 0x0, 0xc, 0xff, 0xff,
    0xf2, 0x1, 0xf9, 0x0, 0x3f, 0x70, 0x5f, 0x40,
    0x0, 0xec, 0xa, 0xf0, 0x0, 0xa, 0xf1,

    /* U+0101 "ā" */
    0x0, 0xdf, 0xff, 0x60, 0x0, 0x34, 0x44, 0x10,
    0x5, 0xcf, 0xfc, 0x40, 0x5, 0xb8, 0x7d, 0xf1,
    0x0, 0x0, 0x5, 0xf5, 0x3, 0xbe, 0xff, 0xf5,
    0xe, 0xd4, 0x26, 0xf5, 0x2f, 0x80, 0x7, 0xf5,
    0x1f, 0xe7, 0x9f, 0xf5, 0x6, 0xef, 0xc4, 0xf5,

    /* U+0102 "Ă" */
    0x0, 0x70, 0x4, 0x30, 0x0, 0xe, 0x51, 0xd5,
    0x0, 0x0, 0x5f, 0xfb, 0x0, 0x0, 0x0, 0x12,
    0x0, 0x0, 0x0, 0xf, 0xf6, 0x0, 0x0, 0x4,
    0xfe, 0xb0, 0x0, 0x0, 0x9e, 0x8f, 0x0, 0x0,
    0xe, 0xa4, 0xf4, 0x0, 0x2, 0xf6, 0xf, 0x90,
    0x0, 0x7f, 0x98, 0xee, 0x0, 0xc, 0xff, 0xff,
    0xf2, 0x1, 0xf9, 0x0, 0x3f, 0x70, 0x5f, 0x40,
    0x0, 0xec, 0xa, 0xf0, 0x0, 0xa, 0xf1,

    /* U+0103 "ă" */
    0x0, 0xe4, 0xa, 0x80, 0x0, 0x6f, 0xfd, 0x10,
    0x0, 0x1, 0x20, 0x0, 0x5, 0xcf, 0xfc, 0x40,
    0x5, 0xb8, 0x7d, 0xf1, 0x0, 0x0, 0x5, 0xf5,
    0x3, 0xbe, 0xff, 0xf5, 0xe, 0xd4, 0x26, 0xf5,
    0x2f, 0x80, 0x7, 0xf5, 0x1f, 0xe7, 0x9f, 0xf5,
    0x6, 0xef, 0xc4, 0xf5,

    /* U+0104 "Ą" */
    0x0, 0xf, 0xf6, 0x0, 0x0, 0x4, 0xfe, 0xb0,
    0x0, 0x0, 0x9e, 0x8f, 0x0, 0x0, 0xe, 0xa4,
    0xf4, 0x0, 0x2, 0xf6, 0xf, 0x90, 0x0, 0x7f,
    0x98, 0xee, 0x0, 0xc, 0xff, 0xff, 0xf2, 0x1,
    0xf9, 0x0, 0x3f, 0x70, 0x5f, 0x40, 0x0, 0xec,
    0xa, 0xf0, 0x0, 0xa, 0xf1, 0x0, 0x0, 0x0,
    0x7b, 0x0, 0x0, 0x0, 0xf, 0x71, 0x0, 0x0,
    0x0, 0x9f, 0x80,

    /* U+0105 "ą" */
    0x5, 0xcf, 0xfc, 0x40, 0x5, 0xb8, 0x7d, 0xf1,
    0x0, 0x0, 0x5, 0xf5, 0x3, 0xbe, 0xff, 0xf5,
    0xe, 0xd4, 0x26, 0xf5, 0x2f, 0x80, 0x7, 0xf5,
    0x1f, 0xe7, 0x9f, 0xf5, 0x6, 0xef, 0xc4, 0xf5,
    0x0, 0x0, 0x9, 0x90, 0x0, 0x0, 0xf, 0x61,
    0x0, 0x0, 0xa, 0xf7,

    /* U+0106 "Ć" */
    0x0, 0x0, 0x5, 0x82, 0x0, 0x0, 0x3f, 0x80,
    0x0, 0x0, 0x55, 0x0, 0x0, 0x0, 0x0, 0x0,
    0x0, 0x2a, 0xef, 0xd6, 0x2, 0xff, 0xb9, 0xc6,
    0xb, 0xf4, 0x0, 0x0, 0xf, 0xc0, 0x0, 0x0,
    0x3f, 0x90, 0x0, 0x0, 0x3f, 0x90, 0x0, 0x0,
    0x1f, 0xb0, 0x0, 0x0, 0xd, 0xf3, 0x0, 0x0,
    0x4, 0xff, 0xa9, 0xc5, 0x0, 0x4c, 0xff, 0xc3,

    /* U+0107 "ć" */
    0x0, 0x3, 0xfb, 0x0, 0x0, 0xcb, 0x0, 0x0,
    0x13, 0x0, 0x0, 0x5d, 0xff, 0xc1, 0x4f, 0xe9,
    0x9b, 0xb, 0xf2, 0x0, 0x0, 0xed, 0x0, 0x0,
    0xe, 0xd0, 0x0, 0x0, 0xcf, 0x20, 0x0, 0x6,
    0xfe, 0x99, 0xd0, 0x6, 0xdf, 0xfb, 0x0,

    /* U+0108 "Ĉ" */
    0x0, 0x0, 0x77, 0x0, 0x0, 0xb, 0xcc, 0xa0,
    0x0, 0x37, 0x0, 0x72, 0x0, 0x0, 0x0, 0x0,
    0x0, 0x2a, 0xef, 0xd6, 0x2, 0xff, 0xb9, 0xc6,
    0xb, 0xf4, 0x0, 0x0, 0xf, 0xc0, 0x0, 0x0,
    0x3f, 0x90, 0x0, 0x0, 0x3f, 0x90, 0x0, 0x0,
    0x1f, 0xb0, 0x0, 0x0, 0xd, 0xf3, 0x0, 0x0,
    0x4, 0xff, 0xa9, 0xc5, 0x0, 0x4c, 0xff, 0xc3,

    /* U+0109 "ĉ" */
    0x0, 0xaf, 0xc0, 0x0, 0x6e, 0x3d, 0x80, 0x3,
    0x10, 0x4, 0x0, 0x5d, 0xff, 0xc1, 0x4f, 0xe9,
    0x9b, 0xb, 0xf2, 0x0, 0x0, 0xed, 0x0, 0x0,
    0xe, 0xd0, 0x0, 0x0, 0xcf, 0x20, 0x0, 0x6,
    0xfe, 0x99, 0xd0, 0x6, 0xdf, 0xfb, 0x0,

    /* U+010A "Ċ" */
    0x0, 0x0, 0xdd, 0x0, 0x0, 0x1, 0xff, 0x0,
    0x0, 0x0, 0x11, 0x0, 0x0, 0x0, 0x0, 0x0,
    0x0, 0x2a, 0xef, 0xd6, 0x2, 0xff, 0xb9, 0xc6,
    0xb, 0xf4, 0x0, 0x0, 0xf, 0xc0, 0x0, 0x0,
    0x3f, 0x90, 0x0, 0x0, 0x3f, 0x90, 0x0, 0x0,
    0x1f, 0xb0, 0x0, 0x0, 0xd, 0xf3, 0x0, 0x0,
    0x4, 0xff, 0xa9, 0xc5, 0x0, 0x4c, 0xff, 0xc3,

    /* U+010B "ċ" */
    0x0, 0x5f, 0x70, 0x0, 0x7, 0xf9, 0x0, 0x0,
    0x3, 0x0, 0x0, 0x5d, 0xff, 0xc1, 0x4f, 0xe9,
    0x9b, 0xb, 0xf2, 0x0, 0x0, 0xed, 0x0, 0x0,
    0xe, 0xd0, 0x0, 0x0, 0xcf, 0x20, 0x0, 0x6,
    0xfe, 0x99, 0xd0, 0x6, 0xdf, 0xfb, 0x0,

    /* U+010C "Č" */
    0x0, 0x37, 0x0, 0x72, 0x0, 0xa, 0xcd, 0xa0,
    0x0, 0x0, 0x77, 0x0, 0x0, 0x0, 0x0, 0x0,
    0x0, 0x2a, 0xef, 0xd6, 0x2, 0xff, 0xb9, 0xc6,
    0xb, 0xf4, 0x0, 0x0, 0xf, 0xc0, 0x0, 0x0,
    0x3f, 0x90, 0x0, 0x0, 0x3f, 0x90, 0x0, 0x0,
    0x1f, 0xb0, 0x0, 0x0, 0xd, 0xf3, 0x0, 0x0,
    0x4, 0xff, 0xa9, 0xc5, 0x0, 0x4c, 0xff, 0xc3,

    /* U+010D "č" */
    0xa, 0xb1, 0xac, 0x0, 0xc, 0xfe, 0x10, 0x0,
    0x14, 0x20, 0x0, 0x5d, 0xff, 0xc1, 0x4f, 0xe9,
    0x9b, 0xb, 0xf2, 0x0, 0x0, 0xed, 0x0, 0x0,
    0xe, 0xd0, 0x0, 0x0, 0xcf, 0x20, 0x0, 0x6,
    0xfe, 0x99, 0xd0, 0x6, 0xdf, 0xfb, 0x0,

    /* U+010E "Ď" */
    0x3, 0x60, 0x17, 0x20, 0x0, 0xbc, 0xd9, 0x0,
    0x0, 0x18, 0x70, 0x0, 0x0, 0x0, 0x0, 0x0,
    0x4f, 0xff, 0xe9, 0x10, 0x4f, 0xc8, 0xbf, 0xd0,
    0x4f, 0x70, 0x7, 0xf7, 0x4f, 0x70, 0x0, 0xfc,
    0x4f, 0x70, 0x0, 0xed, 0x4f, 0x70, 0x0, 0xed,
    0x4f, 0x70, 0x1, 0xfb, 0x4f, 0x70, 0x8, 0xf6,
    0x4f, 0xc8, 0xcf, 0xc0, 0x4f, 0xff, 0xe8, 0x0,

    /* U+010F "ď" */
    0x0, 0x0, 0xd, 0xd6, 0xf2, 0x0, 0x0, 0xd,
    0xd9, 0xb0, 0x0, 0x0, 0xd, 0xd3, 0x10, 0x4,
    0xef, 0x9c, 0xd0, 0x0, 0x1f, 0xf8, 0xbf, 0xd0,
    0x0, 0x5f, 0x70, 0xf, 0xd0, 0x0, 0x7f, 0x40,
    0xc, 0xd0, 0x0, 0x7f, 0x40, 0xc, 0xd0, 0x0,
    0x5f, 0x70, 0xe, 0xd0, 0x0, 0x1f, 0xf8, 0xbf,
    0xd0, 0x0, 0x4, 0xef, 0x7a, 0xd0, 0x0,

    /* U+0110 "Đ" */
    0x3f, 0xff, 0xea, 0x10, 0x3f, 0xc8, 0xbf, 0xe1,
    0x3f, 0x80, 0x6, 0xf8, 0x3f, 0x80, 0x0, 0xfd,
    0xff, 0xff, 0x10, 0xde, 0x9f, 0xc8, 0x0, 0xde,
    0x3f, 0x80, 0x0, 0xfc, 0x3f, 0x80, 0x7, 0xf7,
    0x3f, 0xc8, 0xcf, 0xd0, 0x3f, 0xff, 0xe9, 0x10,

    /* U+0111 "đ" */
    0x0, 0x0, 0x3, 0xf8, 0x0, 0x0, 0x6f, 0xff,
    0xf6, 0x0, 0x1, 0x35, 0xf9, 0x10, 0x2c, 0xfe,
    0x7f, 0x80, 0xd, 0xfa, 0x8e, 0xf8, 0x3, 0xfb,
    0x0, 0x5f, 0x80, 0x5f, 0x70, 0x2, 0xf8, 0x5,
    0xf6, 0x0, 0x2f, 0x80, 0x3f, 0xa0, 0x5, 0xf8,
    0x0, 0xdf, 0x98, 0xef, 0x80, 0x2, 0xcf, 0xd3,
    0xf8, 0x0,

    /* U+0112 "Ē" */
    0x0, 0x0, 0x0, 0x0, 0xdf, 0xff, 0x60, 0x3,
    0x33, 0x31, 0x0, 0x0, 0x0, 0x0, 0xcf, 0xff,
    0xff, 0x5c, 0xf9, 0x99, 0x93, 0xce, 0x0, 0x0,
    0xc, 0xe0, 0x0, 0x0, 0xcf, 0xff, 0xff, 0x1c,
    0xf9, 0x99, 0x91, 0xce, 0x0, 0x0, 0xc, 0xe0,
    0x0, 0x0, 0xcf, 0x99, 0x99, 0x3c, 0xff, 0xff,
    0xf5,

    /* U+0113 "ē" */
    0x0, 0xcf, 0xff, 0x60, 0x0, 0x34, 0x44, 0x10,
    0x0, 0x8e, 0xfd, 0x40, 0x9, 0xf9, 0x6c, 0xf3,
    0xf, 0xa0, 0x1, 0xf8, 0x3f, 0xff, 0xff, 0xfa,
    0x3f, 0xa3, 0x33, 0x32, 0xf, 0xc0, 0x0, 0x0,
    0x8, 0xfd, 0x88, 0xc5, 0x0, 0x7d, 0xff, 0xc3,

    /* U+0114 "Ĕ" */
    0x7, 0x0, 0x44, 0x0, 0xd6, 0x1c, 0x60, 0x4,
    0xff, 0xc0, 0x0, 0x1, 0x20, 0x0, 0xcf, 0xff,
    0xff, 0x5c, 0xf9, 0x99, 0x93, 0xce, 0x0, 0x0,
    0xc, 0xe0, 0x0, 0x0, 0xcf, 0xff, 0xff, 0x1c,
    0xf9, 0x99, 0x91, 0xce, 0x0, 0x0, 0xc, 0xe0,
    0x0, 0x0, 0xcf, 0x99, 0x99, 0x3c, 0xff, 0xff,
    0xf5,

    /* U+0115 "ĕ" */
    0x0, 0xe4, 0xa, 0x80, 0x0, 0x6f, 0xfd, 0x10,
    0x0, 0x1, 0x20, 0x0, 0x0, 0x8e, 0xfd, 0x40,
    0x9, 0xf9, 0x6c, 0xf3, 0xf, 0xa0, 0x1, 0xf8,
    0x3f, 0xff, 0xff, 0xfa, 0x3f, 0xa3, 0x33, 0x32,
    0xf, 0xc0, 0x0, 0x0, 0x8, 0xfd, 0x88, 0xc5,
    0x0, 0x7d, 0xff, 0xc3,

    /* U+0116 "Ė" */
    0x0, 0x9f, 0x30, 0x0, 0xb, 0xf4, 0x0, 0x0,
    0x2, 0x0, 0x0, 0x0, 0x0, 0x0, 0xcf, 0xff,
    0xff, 0x5c, 0xf9, 0x99, 0x93, 0xce, 0x0, 0x0,
    0xc, 0xe0, 0x0, 0x0, 0xcf, 0xff, 0xff, 0x1c,
    0xf9, 0x99, 0x91, 0xce, 0x0, 0x0, 0xc, 0xe0,
    0x0, 0x0, 0xcf, 0x99, 0x99, 0x3c, 0xff, 0xff,
    0xf5,

    /* U+0117 "ė" */
    0x0, 0x9, 0xf3, 0x0, 0x0, 0xb, 0xf5, 0x0,
    0x0, 0x0, 0x20, 0x0, 0x0, 0x8e, 0xfd, 0x40,
    0x9, 0xf9, 0x6c, 0xf3, 0xf, 0xa0, 0x1, 0xf8,
    0x3f, 0xff, 0xff, 0xfa, 0x3f, 0xa3, 0x33, 0x32,
    0xf, 0xc0, 0x0, 0x0, 0x8, 0xfd, 0x88, 0xc5,
    0x0, 0x7d, 0xff, 0xc3,

    /* U+0118 "Ę" */
    0xcf, 0xff, 0xff, 0x5c, 0xf9, 0x99, 0x93, 0xce,
    0x0, 0x0, 0xc, 0xf9, 0x99, 0x91, 0xcf, 0xff,
    0xff, 0x1c, 0xe0, 0x0, 0x0, 0xce, 0x0, 0x0,
    0xc, 0xe0, 0x0, 0x0, 0xcf, 0x99, 0x99, 0x3c,
    0xff, 0xff, 0xf5, 0x0, 0x2, 0xd2, 0x0, 0x0,
    0x8c, 0x20, 0x0, 0x4, 0xee, 0x0,

    /* U+0119 "ę" */
    0x0, 0x8e, 0xfd, 0x40, 0x9, 0xf9, 0x6c, 0xf3,
    0xf, 0xa0, 0x1, 0xf8, 0x3f, 0xff, 0xff, 0xfa,
    0x3f, 0xa3, 0x33, 0x32, 0xf, 0xc0, 0x0, 0x0,
    0x8, 0xfd, 0x88, 0xc5, 0x0, 0x7d, 0xff, 0xf3,
    0x0, 0x0, 0xe, 0x30, 0x0, 0x0, 0x4f, 0x20,
    0x0, 0x0, 0x1c, 0xf2,

    /* U+011A "Ě" */
    0x7, 0x20, 0x55, 0x0, 0x6e, 0xbe, 0x10, 0x0,
    0x68, 0x20, 0x0, 0x0, 0x0, 0x0, 0xcf, 0xff,
    0xff, 0x5c, 0xf9, 0x99, 0x93, 0xce, 0x0, 0x0,
    0xc, 0xe0, 0x0, 0x0, 0xcf, 0xff, 0xff, 0x1c,
    0xf9, 0x99, 0x91, 0xce, 0x0, 0x0, 0xc, 0xe0,
    0x0, 0x0, 0xcf, 0x99, 0x99, 0x3c, 0xff, 0xff,
    0xf5,

    /* U+011B "ě" */
    0x0, 0xd8, 0x2d, 0x80, 0x0, 0x2f, 0xfb, 0x0,
    0x0, 0x2, 0x41, 0x0, 0x0, 0x8e, 0xfd, 0x40,
    0x9, 0xf9, 0x6c, 0xf3, 0xf, 0xa0, 0x1, 0xf8,
    0x3f, 0xff, 0xff, 0xfa, 0x3f, 0xa3, 0x33, 0x32,
    0xf, 0xc0, 0x0, 0x0, 0x8, 0xfd, 0x88, 0xc5,
    0x0, 0x7d, 0xff, 0xc3,

    /* U+011C "Ĝ" */
    0x0, 0x4, 0x84, 0x0, 0x0, 0x3f, 0x9f, 0x40,
    0x0, 0x64, 0x3, 0x70, 0x0, 0x0, 0x0, 0x0,
    0x0, 0x5c, 0xff, 0xc3, 0x7, 0xfe, 0xa9, 0xc2,
    0x1f, 0xe1, 0x0, 0x0, 0x5f, 0x70, 0x0, 0x0,
    0x7f, 0x40, 0x8f, 0xfa, 0x7f, 0x40, 0x48, 0xfa,
    0x6f, 0x60, 0x0, 0xfa, 0x1f, 0xd0, 0x0, 0xfa,
    0x9, 0xfd, 0x9a, 0xfa, 0x0, 0x7d, 0xff, 0xc5,

    /* U+011D "ĝ" */
    0x0, 0x1e, 0xf6, 0x0, 0x0, 0xca, 0x5f, 0x30,
    0x1, 0x30, 0x2, 0x20, 0x2, 0xcf, 0xd3, 0xf8,
    0xc, 0xfa, 0x8e, 0xf8, 0x2f, 0xa0, 0x5, 0xf8,
    0x5f, 0x70, 0x2, 0xf8, 0x5f, 0x70, 0x2, 0xf8,
    0x3f, 0xa0, 0x5, 0xf8, 0xd, 0xfa, 0x8e, 0xf8,
    0x2, 0xcf, 0xd7, 0xf7, 0x0, 0x0, 0x5, 0xf6,
    0xc, 0xa8, 0x9f, 0xf1, 0x9, 0xef, 0xfb, 0x30,

    /* U+011E "Ğ" */
    0x0, 0x54, 0x3, 0x60, 0x0, 0x5f, 0xff, 0x50,
    0x0, 0x0, 0x20, 0x0, 0x0, 0x0, 0x0, 0x0,
    0x0, 0x5c, 0xff, 0xc3, 0x7, 0xfe, 0xa9, 0xc2,
    0x1f, 0xe1, 0x0, 0x0, 0x5f, 0x70, 0x0, 0x0,
    0x7f, 0x40, 0x8f, 0xfa, 0x7f, 0x40, 0x48, 0xfa,
    0x6f, 0x60, 0x0, 0xfa, 0x1f, 0xd0, 0x0, 0xfa,
    0x9, 0xfd, 0x9a, 0xfa, 0x0, 0x7d, 0xff, 0xc5,

    /* U+011F "ğ" */
    0x0, 0xcf, 0xff, 0x30, 0x0, 0x2, 0x20, 0x0,
    0x0, 0x0, 0x0, 0x0, 0x2, 0xcf, 0xd3, 0xf8,
    0xc, 0xfa, 0x8e, 0xf8, 0x2f, 0xa0, 0x5, 0xf8,
    0x5f, 0x70, 0x2, 0xf8, 0x5f, 0x70, 0x2, 0xf8,
    0x3f, 0xa0, 0x5, 0xf8, 0xd, 0xfa, 0x8e, 0xf8,
    0x2, 0xcf, 0xd7, 0xf7, 0x0, 0x0, 0x5, 0xf6,
    0xc, 0xa8, 0x9f, 0xf1, 0x9, 0xef, 0xfb, 0x30,

    /* U+0120 "Ġ" */
    0x0, 0x5, 0xf7, 0x0, 0x0, 0x7, 0xf9, 0x0,
    0x0, 0x0, 0x30, 0x0, 0x0, 0x0, 0x0, 0x0,
    0x0, 0x5c, 0xff, 0xc3, 0x7, 0xfe, 0xa9, 0xc2,
    0x1f, 0xe1, 0x0, 0x0, 0x5f, 0x70, 0x0, 0x0,
    0x7f, 0x40, 0x8f, 0xfa, 0x7f, 0x40, 0x48, 0xfa,
    0x6f, 0x60, 0x0, 0xfa, 0x1f, 0xd0, 0x0, 0xfa,
    0x9, 0xfd, 0x9a, 0xfa, 0x0, 0x7d, 0xff, 0xc5,

    /* U+0121 "ġ" */
    0x0, 0xb, 0xe2, 0x0, 0x0, 0xd, 0xf3, 0x0,
    0x0, 0x1, 0x20, 0x0, 0x2, 0xcf, 0xd3, 0xf8,
    0xc, 0xfa, 0x8e, 0xf8, 0x2f, 0xa0, 0x5, 0xf8,
    0x5f, 0x70, 0x2, 0xf8, 0x5f, 0x70, 0x2, 0xf8,
    0x3f, 0xa0, 0x5, 0xf8, 0xd, 0xfa, 0x8e, 0xf8,
    0x2, 0xcf, 0xd7, 0xf7, 0x0, 0x0, 0x5, 0xf6,
    0xc, 0xa8, 0x9f, 0xf1, 0x9, 0xef, 0xfb, 0x30,

    /* U+0122 "Ģ" */
    0x0, 0x5c, 0xff, 0xc3, 0x7, 0xfe, 0xa9, 0xc2,
    0x1f, 0xe1, 0x0, 0x0, 0x5f, 0x70, 0x0, 0x0,
    0x7f, 0x40, 0x8f, 0xfa, 0x7f, 0x40, 0x48, 0xfa,
    0x6f, 0x60, 0x0, 0xfa, 0x1f, 0xd0, 0x0, 0xfa,
    0x9, 0xfd, 0x9a, 0xfa, 0x0, 0x7d, 0xff, 0xc5,
    0x0, 0x0, 0x52, 0x0, 0x0, 0x4, 0xf2, 0x0,
    0x0, 0x8, 0xa0, 0x0,

    /* U+0123 "ģ" */
    0x0, 0x1, 0xf2, 0x0, 0x0, 0x8, 0xe0, 0x0,
    0x0, 0x4, 0x30, 0x0, 0x2, 0xcf, 0xd3, 0xf8,
    0xc, 0xfa, 0x8e, 0xf8, 0x2f, 0xa0, 0x5, 0xf8,
    0x5f, 0x70, 0x2, 0xf8, 0x5f, 0x70, 0x2, 0xf8,
    0x3f, 0xa0, 0x5, 0xf8, 0xd, 0xfa, 0x8e, 0xf8,
    0x2, 0xcf, 0xd7, 0xf7, 0x0, 0x0, 0x5, 0xf6,
    0xc, 0xa8, 0x9f, 0xf1, 0x9, 0xef, 0xfb, 0x30,

    /* U+0124 "Ĥ" */
    0x0, 0x6, 0x82, 0x0, 0x0, 0x8e, 0xbd, 0x10,
    0x1, 0x71, 0x6, 0x40, 0x0, 0x0, 0x0, 0x0,
    0x4f, 0x80, 0x1, 0xfa, 0x4f, 0x80, 0x1, 0xfa,
    0x4f, 0x80, 0x1, 0xfa, 0x4f, 0x80, 0x1, 0xfa,
    0x4f, 0xff, 0xff, 0xfa, 0x4f, 0xc9, 0x99, 0xfa,
    0x4f, 0x80, 0x1, 0xfa, 0x4f, 0x80, 0x1, 0xfa,
    0x4f, 0x80, 0x1, 0xfa, 0x4f, 0x80, 0x1, 0xfa,

    /* U+0125 "ĥ" */
    0x1, 0x86, 0x0, 0x0, 0x0, 0xbd, 0xf4, 0x0,
    0x0, 0x7d, 0x16, 0xe1, 0x0, 0x0, 0x0, 0x0,
    0x0, 0x0, 0x1, 0xfa, 0x0, 0x0, 0x0, 0x1f,
    0xa0, 0x0, 0x0, 0x1, 0xfa, 0x0, 0x0, 0x0,
    0x1f, 0xa9, 0xfe, 0x80, 0x1, 0xff, 0xc8, 0xef,
    0x50, 0x1f, 0xe0, 0x4, 0xf8, 0x1, 0xfa, 0x0,
    0x2f, 0x90, 0x1f, 0xa0, 0x2, 0xf9, 0x1, 0xfa,
    0x0, 0x2f, 0x90, 0x1f, 0xa0, 0x2, 0xf9, 0x1,
    0xfa, 0x0, 0x2f, 0x90,

    /* U+0126 "Ħ" */
    0x2f, 0xa0, 0x3, 0xf9, 0xf, 0xff, 0xff, 0xff,
    0xf6, 0x5f, 0xb3, 0x36, 0xfa, 0x12, 0xf9, 0x0,
    0x3f, 0x80, 0x2f, 0xff, 0xff, 0xf8, 0x2, 0xfd,
    0x99, 0xaf, 0x80, 0x2f, 0x90, 0x3, 0xf8, 0x2,
    0xf9, 0x0, 0x3f, 0x80, 0x2f, 0x90, 0x3, 0xf8,
    0x2, 0xf9, 0x0, 0x3f, 0x80,

    /* U+0127 "ħ" */
    0x1f, 0xa0, 0x0, 0x0, 0xff, 0xff, 0xd0, 0x0,
    0x4f, 0xb3, 0x20, 0x0, 0x1f, 0xa9, 0xfe, 0x80,
    0x1f, 0xfc, 0x8e, 0xf5, 0x1f, 0xe0, 0x4, 0xf8,
    0x1f, 0xb0, 0x2, 0xf9, 0x1f, 0xa0, 0x2, 0xf9,
    0x1f, 0xa0, 0x2, 0xf9, 0x1f, 0xa0, 0x2, 0xf9,
    0x1f, 0xa0, 0x2, 0xf9,

    /* U+0128 "Ĩ" */
    0x0, 0x0, 0x0, 0x2, 0xef, 0xff, 0x90, 0x13,
    0x33, 0x30, 0x0, 0x0, 0x0, 0x0, 0xaf, 0xff,
    0xff, 0x2, 0x5c, 0xf6, 0x40, 0x0, 0xaf, 0x0,
    0x0, 0xa, 0xf0, 0x0, 0x0, 0xaf, 0x0, 0x0,
    0xa, 0xf0, 0x0, 0x0, 0xaf, 0x0, 0x0, 0xa,
    0xf0, 0x0, 0x25, 0xcf, 0x64, 0xa, 0xff, 0xff,
    0xf0,

    /* U+0129 "ĩ" */
    0x0, 0xce, 0x54, 0xb0, 0x4, 0xc6, 0xef, 0x60,
    0x1, 0x20, 0x13, 0x0, 0xb, 0xff, 0xf4, 0x0,
    0x3, 0x6b, 0xf4, 0x0, 0x0, 0x7, 0xf4, 0x0,
    0x0, 0x7, 0xf4, 0x0, 0x0, 0x7, 0xf4, 0x0,
    0x0, 0x7, 0xf4, 0x0, 0x3, 0x6b, 0xf9, 0x52,
    0xf, 0xff, 0xff, 0xfa,

    /* U+012A "Ī" */
    0x0, 0x0, 0x0, 0x0, 0xef, 0xff, 0x40, 0x3,
    0x33, 0x31, 0x0, 0x0, 0x0, 0x0, 0xaf, 0xff,
    0xff, 0x2, 0x5c, 0xf6, 0x40, 0x0, 0xaf, 0x0,
    0x0, 0xa, 0xf0, 0x0, 0x0, 0xaf, 0x0, 0x0,
    0xa, 0xf0, 0x0, 0x0, 0xaf, 0x0, 0x0, 0xa,
    0xf0, 0x0, 0x25, 0xcf, 0x64, 0xa, 0xff, 0xff,
    0xf0,

    /* U+012B "ī" */
    0x0, 0xef, 0xff, 0x40, 0x0, 0x44, 0x44, 0x10,
    0xb, 0xff, 0xf4, 0x0, 0x3, 0x6b, 0xf4, 0x0,
    0x0, 0x7, 0xf4, 0x0, 0x0, 0x7, 0xf4, 0x0,
    0x0, 0x7, 0xf4, 0x0, 0x0, 0x7, 0xf4, 0x0,
    0x3, 0x6b, 0xf9, 0x52, 0xf, 0xff, 0xff, 0xfa,

    /* U+012C "Ĭ" */
    0x7, 0x0, 0x43, 0x0, 0xe5, 0x1d, 0x50, 0x5,
    0xff, 0xb0, 0x0, 0x1, 0x20, 0x0, 0xaf, 0xff,
    0xff, 0x2, 0x5c, 0xf6, 0x40, 0x0, 0xaf, 0x0,
    0x0, 0xa, 0xf0, 0x0, 0x0, 0xaf, 0x0, 0x0,
    0xa, 0xf0, 0x0, 0x0, 0xaf, 0x0, 0x0, 0xa,
    0xf0, 0x0, 0x25, 0xcf, 0x64, 0xa, 0xff, 0xff,
    0xf0,

    /* U+012D "ĭ" */
    0x0, 0xf3, 0xb, 0x60, 0x0, 0x7f, 0xfc, 0x0,
    0x0, 0x1, 0x20, 0x0, 0xb, 0xff, 0xf4, 0x0,
    0x3, 0x6b, 0xf4, 0x0, 0x0, 0x7, 0xf4, 0x0,
    0x0, 0x7, 0xf4, 0x0, 0x0, 0x7, 0xf4, 0x0,
    0x0, 0x7, 0xf4, 0x0, 0x3, 0x6b, 0xf9, 0x52,
    0xf, 0xff, 0xff, 0xfa,

    /* U+012E "Į" */
    0xaf, 0xff, 0xff, 0x2, 0x5c, 0xf6, 0x40, 0x0,
    0xaf, 0x0, 0x0, 0xa, 0xf0, 0x0, 0x0, 0xaf,
    0x0, 0x0, 0xa, 0xf0, 0x0, 0x0, 0xaf, 0x0,
    0x0, 0xa, 0xf0, 0x0, 0x25, 0xcf, 0x64, 0xa,
    0xff, 0xff, 0xf0, 0x0, 0x9, 0x90, 0x0, 0x1,
    0xf5, 0x10, 0x0, 0xb, 0xf5, 0x0,

    /* U+012F "į" */
    0x0, 0x8, 0xf4, 0x0, 0x0, 0xa, 0xf6, 0x0,
    0x0, 0x0, 0x30, 0x0, 0xb, 0xff, 0xf4, 0x0,
    0x3, 0x6b, 0xf4, 0x0, 0x0, 0x7, 0xf4, 0x0,
    0x0, 0x7, 0xf4, 0x0, 0x0, 0x7, 0xf4, 0x0,
    0x0, 0x7, 0xf4, 0x0, 0x3, 0x6b, 0xf9, 0x52,
    0xf, 0xff, 0xff, 0xfa, 0x0, 0x0, 0x2d, 0x20,
    0x0, 0x0, 0x8c, 0x20, 0x0, 0x0, 0x4e, 0xe0,

    /* U+0130 "İ" */
    0x0, 0xbf, 0x20, 0x0, 0xd, 0xf3, 0x0, 0x0,
    0x12, 0x0, 0x0, 0x0, 0x0, 0x0, 0xaf, 0xff,
    0xff, 0x2, 0x5c, 0xf6, 0x40, 0x0, 0xaf, 0x0,
    0x0, 0xa, 0xf0, 0x0, 0x0, 0xaf, 0x0, 0x0,
    0xa, 0xf0, 0x0, 0x0, 0xaf, 0x0, 0x0, 0xa,
    0xf0, 0x0, 0x25, 0xcf, 0x64, 0xa, 0xff, 0xff,
    0xf0,

    /* U+0131 "ı" */
    0xb, 0xff, 0xf4, 0x0, 0x3, 0x6b, 0xf4, 0x0,
    0x0, 0x7, 0xf4, 0x0, 0x0, 0x7, 0xf4, 0x0,
    0x0, 0x7, 0xf4, 0x0, 0x0, 0x7, 0xf4, 0x0,
    0x3, 0x6b, 0xf9, 0x52, 0xf, 0xff, 0xff, 0xfa,

    /* U+0132 "Ĳ" */
    0xbf, 0x0, 0x9f, 0x2b, 0xf0, 0x9, 0xf2, 0xbf,
    0x0, 0x9f, 0x2b, 0xf0, 0x9, 0xf2, 0xbf, 0x0,
    0x9f, 0x2b, 0xf0, 0x9, 0xf2, 0xbf, 0x0, 0x9f,
    0x13, 0x40, 0xc, 0xf0, 0x8a, 0x9c, 0xfb, 0x8,
    0xef, 0xea, 0x10,

    /* U+0133 "ĳ" */
    0x9f, 0x30, 0xce, 0x1b, 0xf4, 0xe, 0xf2, 0x2,
    0x0, 0x12, 0x9, 0xf2, 0xb, 0xf0, 0x9f, 0x20,
    0xbf, 0x9, 0xf2, 0xb, 0xf0, 0x9f, 0x20, 0xbf,
    0x9, 0xf2, 0xb, 0xf0, 0x9f, 0x20, 0xbf, 0x9,
    0xf2, 0xb, 0xf0, 0x9f, 0x20, 0xbf, 0x0, 0x0,
    0xd, 0xf0, 0x3a, 0x8b, 0xfb, 0x3, 0xdf, 0xfa,
    0x10,

    /* U+0134 "Ĵ" */
    0x0, 0x1, 0x87, 0x0, 0x0, 0xc, 0xbe, 0x80,
    0x0, 0x46, 0x1, 0x71, 0x0, 0x0, 0x0, 0x0,
    0x0, 0x0, 0xfb, 0x0, 0x0, 0x0, 0xfb, 0x0,
    0x0, 0x0, 0xfb, 0x0, 0x0, 0x0, 0xfb, 0x0,
    0x0, 0x0, 0xfb, 0x0, 0x0, 0x0, 0xfb, 0x0,
    0x0, 0x0, 0xfb, 0x0, 0x0, 0x2, 0xfa, 0x0,
    0x9a, 0xae, 0xf5, 0x0, 0x8e, 0xfd, 0x70, 0x0,

    /* U+0135 "ĵ" */
    0x0, 0x6, 0xfe, 0x10, 0x0, 0x4e, 0x49, 0xc0,
    0x0, 0x11, 0x0, 0x20, 0x3, 0xff, 0xfd, 0x0,
    0x0, 0x46, 0xfd, 0x0, 0x0, 0x0, 0xed, 0x0,
    0x0, 0x0, 0xed, 0x0, 0x0, 0x0, 0xed, 0x0,
    0x0, 0x0, 0xed, 0x0, 0x0, 0x0, 0xed, 0x0,
    0x0, 0x0, 0xed, 0x0, 0x0, 0x0, 0xfc, 0x0,
    0x4a, 0x9c, 0xf8, 0x0, 0x3e, 0xfe, 0x90, 0x0,

    /* U+0136 "Ķ" */
    0x4f, 0x70, 0x7, 0xf6, 0x4f, 0x70, 0x3f, 0xb0,
    0x4f, 0x70, 0xde, 0x10, 0x4f, 0x79, 0xf4, 0x0,
    0x4f, 0xbf, 0xb0, 0x0, 0x4f, 0xff, 0xf2, 0x0,
    0x4f, 0xb2, 0xfb, 0x0, 0x4f, 0x70, 0x8f, 0x50,
    0x4f, 0x70, 0x1e, 0xd0, 0x4f, 0x70, 0x6, 0xf7,
    0x0, 0x2, 0x50, 0x0, 0x0, 0xa, 0xd0, 0x0,
    0x0, 0xd, 0x40, 0x0,

    /* U+0137 "ķ" */
    0xed, 0x0, 0x0, 0x0, 0xed, 0x0, 0x0, 0x0,
    0xed, 0x0, 0x0, 0x0, 0xed, 0x0, 0x8f, 0x70,
    0xed, 0x5, 0xfa, 0x0, 0xec, 0x3f, 0xc0, 0x0,
    0xed, 0xef, 0x30, 0x0, 0xef, 0xdf, 0xc0, 0x0,
    0xee, 0x16, 0xf7, 0x0, 0xed, 0x0, 0xcf, 0x20,
    0xed, 0x0, 0x2f, 0xc0, 0x0, 0x15, 0x10, 0x0,
    0x0, 0x5f, 0x10, 0x0, 0x0, 0x99, 0x0, 0x0,

    /* U+0138 "ĸ" */
    0xed, 0x0, 0x8f, 0x70, 0xed, 0x5, 0xfa, 0x0,
    0xec, 0x3f, 0xc0, 0x0, 0xed, 0xef, 0x30, 0x0,
    0xef, 0xdf, 0xc0, 0x0, 0xee, 0x16, 0xf7, 0x0,
    0xed, 0x0, 0xcf, 0x20, 0xed, 0x0, 0x2f, 0xc0,

    /* U+0139 "Ĺ" */
    0x2, 0x84, 0x0, 0x0, 0xdb, 0x10, 0x0, 0x36,
    0x0, 0x0, 0x0, 0x0, 0x0, 0x0, 0x9f, 0x20,
    0x0, 0x9, 0xf2, 0x0, 0x0, 0x9f, 0x20, 0x0,
    0x9, 0xf2, 0x0, 0x0, 0x9f, 0x20, 0x0, 0x9,
    0xf2, 0x0, 0x0, 0x9f, 0x20, 0x0, 0x9, 0xf2,
    0x0, 0x0, 0x9f, 0xa9, 0x99, 0x39, 0xff, 0xff,
    0xf5,

    /* U+013A "ĺ" */
    0x0, 0x0, 0x38, 0x40, 0x0, 0x0, 0xce, 0x10,
    0x0, 0x6, 0xe2, 0x0, 0x0, 0x0, 0x0, 0x0,
    0xb, 0xff, 0xf4, 0x0, 0x2, 0x5b, 0xf4, 0x0,
    0x0, 0x7, 0xf4, 0x0, 0x0, 0x7, 0xf4, 0x0,
    0x0, 0x7, 0xf4, 0x0, 0x0, 0x7, 0xf4, 0x0,
    0x0, 0x7, 0xf4, 0x0, 0x0, 0x7, 0xf4, 0x0,
    0x0, 0x7, 0xf4, 0x0, 0x3, 0x5b, 0xf9, 0x41,
    0xf, 0xff, 0xff, 0xfa,

    /* U+013B "Ļ" */
    0x9f, 0x20, 0x0, 0x9, 0xf2, 0x0, 0x0, 0x9f,
    0x20, 0x0, 0x9, 0xf2, 0x0, 0x0, 0x9f, 0x20,
    0x0, 0x9, 0xf2, 0x0, 0x0, 0x9f, 0x20, 0x0,
    0x9, 0xf2, 0x0, 0x0, 0x9f, 0xa9, 0x99, 0x39,
    0xff, 0xff, 0xf5, 0x0, 0x15, 0x20, 0x0, 0x5,
    0xf2, 0x0, 0x0, 0x99, 0x0, 0x0,

    /* U+013C "ļ" */
    0xb, 0xff, 0xf4, 0x0, 0x2, 0x5b, 0xf4, 0x0,
    0x0, 0x7, 0xf4, 0x0, 0x0, 0x7, 0xf4, 0x0,
    0x0, 0x7, 0xf4, 0x0, 0x0, 0x7, 0xf4, 0x0,
    0x0, 0x7, 0xf4, 0x0, 0x0, 0x7, 0xf4, 0x0,
    0x0, 0x7, 0xf4, 0x0, 0x3, 0x5b, 0xf9, 0x41,
    0xf, 0xff, 0xff, 0xfa, 0x0, 0x1, 0x51, 0x0,
    0x0, 0x8, 0xe0, 0x0, 0x0, 0xb, 0x60, 0x0,

    /* U+013D "Ľ" */
    0x9f, 0x20, 0x7f, 0x19, 0xf2, 0xa, 0x90, 0x9f,
    0x20, 0x41, 0x9, 0xf2, 0x0, 0x0, 0x9f, 0x20,
    0x0, 0x9, 0xf2, 0x0, 0x0, 0x9f, 0x20, 0x0,
    0x9, 0xf2, 0x0, 0x0, 0x9f, 0xa9, 0x99, 0x39,
    0xff, 0xff, 0xf5,

    /* U+013E "ľ" */
    0xb, 0xff, 0xf4, 0x8f, 0x0, 0x25, 0xbf, 0x4b,
    0x80, 0x0, 0x7, 0xf4, 0x40, 0x0, 0x0, 0x7f,
    0x40, 0x0, 0x0, 0x7, 0xf4, 0x0, 0x0, 0x0,
    0x7f, 0x40, 0x0, 0x0, 0x7, 0xf4, 0x0, 0x0,
    0x0, 0x7f, 0x40, 0x0, 0x0, 0x7, 0xf4, 0x0,
    0x0, 0x35, 0xbf, 0x94, 0x10, 0xf, 0xff, 0xff,
    0xfa, 0x0,

    /* U+013F "Ŀ" */
    0x9f, 0x20, 0x0, 0x9, 0xf2, 0x0, 0x0, 0x9f,
    0x20, 0x0, 0x9, 0xf2, 0x8, 0xf4, 0x9f, 0x20,
    0xbf, 0x69, 0xf2, 0x1, 0x40, 0x9f, 0x20, 0x0,
    0x9, 0xf2, 0x0, 0x0, 0x9f, 0xa9, 0x99, 0x39,
    0xff, 0xff, 0xf5,

    /* U+0140 "ŀ" */
    0xb, 0xff, 0xf4, 0x0, 0x0, 0x1, 0x4a, 0xf4,
    0x0, 0x0, 0x0, 0x7, 0xf4, 0x0, 0x0, 0x0,
    0x7, 0xf4, 0x0, 0x0, 0x0, 0x7, 0xf4, 0x7,
    0xf4, 0x0, 0x7, 0xf4, 0xa, 0xf7, 0x0, 0x7,
    0xf4, 0x1, 0x40, 0x0, 0x7, 0xf4, 0x0, 0x0,
    0x0, 0x7, 0xf4, 0x0, 0x0, 0x4, 0x6b, 0xfa,
    0x52, 0x0, 0xf, 0xff, 0xff, 0xfa, 0x0,

    /* U+0141 "Ł" */
    0x0, 0xfb, 0x0, 0x0, 0x0, 0xfb, 0x0, 0x0,
    0x0, 0xfb, 0x0, 0x0, 0x0, 0xfb, 0x82, 0x0,
    0x0, 0xff, 0xe4, 0x0, 0x1b, 0xfd, 0x10, 0x0,
    0xc, 0xfb, 0x0, 0x0, 0x0, 0xfb, 0x0, 0x0,
    0x0, 0xfe, 0x99, 0x98, 0x0, 0xff, 0xff, 0xfe,

    /* U+0142 "ł" */
    0xb, 0xff, 0xf4, 0x0, 0x2, 0x5b, 0xf4, 0x0,
    0x0, 0x7, 0xf4, 0x0, 0x0, 0x7, 0xf4, 0x0,
    0x0, 0x7, 0xfd, 0xb0, 0x0, 0x9, 0xfd, 0x30,
    0x0, 0xcf, 0xf4, 0x0, 0x0, 0x89, 0xf4, 0x0,
    0x0, 0x7, 0xf4, 0x0, 0x3, 0x5b, 0xf9, 0x41,
    0xf, 0xff, 0xff, 0xfa,

    /* U+0143 "Ń" */
    0x0, 0x0, 0x28, 0x40, 0x0, 0x0, 0xdc, 0x10,
    0x0, 0x3, 0x70, 0x0, 0x0, 0x0, 0x0, 0x0,
    0x4f, 0xf4, 0x0, 0xfa, 0x4f, 0xfa, 0x0, 0xfa,
    0x4f, 0xbf, 0x10, 0xfa, 0x4f, 0x6f, 0x60, 0xfa,
    0x4f, 0x5b, 0xc0, 0xfa, 0x4f, 0x55, 0xf2, 0xfa,
    0x4f, 0x50, 0xf8, 0xea, 0x4f, 0x50, 0x9d, 0xea,
    0x4f, 0x50, 0x3f, 0xfa, 0x4f, 0x50, 0xd, 0xfa,

    /* U+0144 "ń" */
    0x0, 0x0, 0x7f, 0x70, 0x0, 0x3, 0xf6, 0x0,
    0x0, 0x1, 0x10, 0x0, 0x1f, 0x7a, 0xff, 0x90,
    0x1f, 0xfa, 0x5c, 0xf5, 0x1f, 0xe0, 0x3, 0xf8,
    0x1f, 0xa0, 0x2, 0xf9, 0x1f, 0xa0, 0x2, 0xf9,
    0x1f, 0xa0, 0x2, 0xf9, 0x1f, 0xa0, 0x2, 0xf9,
    0x1f, 0xa0, 0x2, 0xf9,

    /* U+0145 "Ņ" */
    0x4f, 0xf4, 0x0, 0xfa, 0x4f, 0xfa, 0x0, 0xfa,
    0x4f, 0xbf, 0x10, 0xfa, 0x4f, 0x6f, 0x60, 0xfa,
    0x4f, 0x5b, 0xc0, 0xfa, 0x4f, 0x55, 0xf2, 0xfa,
    0x4f, 0x50, 0xf8, 0xea, 0x4f, 0x50, 0x9d, 0xea,
    0x4f, 0x50, 0x3f, 0xfa, 0x4f, 0x50, 0xd, 0xfa,
    0x0, 0x3, 0x40, 0x0, 0x0, 0xc, 0xb0, 0x0,
    0x0, 0xf, 0x30, 0x0,

    /* U+0146 "ņ" */
    0x1f, 0x7a, 0xff, 0x90, 0x1f, 0xfa, 0x5c, 0xf5,
    0x1f, 0xe0, 0x3, 0xf8, 0x1f, 0xa0, 0x2, 0xf9,
    0x1f, 0xa0, 0x2, 0xf9, 0x1f, 0xa0, 0x2, 0xf9,
    0x1f, 0xa0, 0x2, 0xf9, 0x1f, 0xa0, 0x2, 0xf9,
    0x0, 0x2, 0x50, 0x0, 0x0, 0xa, 0xc0, 0x0,
    0x0, 0xe, 0x40, 0x0,

    /* U+0147 "Ň" */
    0x0, 0x72, 0x5, 0x50, 0x0, 0x6e, 0xbd, 0x10,
    0x0, 0x6, 0x82, 0x0, 0x0, 0x0, 0x0, 0x0,
    0x4f, 0xf4, 0x0, 0xfa, 0x4f, 0xfa, 0x0, 0xfa,
    0x4f, 0xbf, 0x10, 0xfa, 0x4f, 0x6f, 0x60, 0xfa,
    0x4f, 0x5b, 0xc0, 0xfa, 0x4f, 0x55, 0xf2, 0xfa,
    0x4f, 0x50, 0xf8, 0xea, 0x4f, 0x50, 0x9d, 0xea,
    0x4f, 0x50, 0x3f, 0xfa, 0x4f, 0x50, 0xd, 0xfa,

    /* U+0148 "ň" */
    0x0, 0xd8, 0x2d, 0x70, 0x0, 0x1e, 0xfa, 0x0,
    0x0, 0x1, 0x20, 0x0, 0x1f, 0x7a, 0xff, 0x90,
    0x1f, 0xfa, 0x5c, 0xf5, 0x1f, 0xe0, 0x3, 0xf8,
    0x1f, 0xa0, 0x2, 0xf9, 0x1f, 0xa0, 0x2, 0xf9,
    0x1f, 0xa0, 0x2, 0xf9, 0x1f, 0xa0, 0x2, 0xf9,
    0x1f, 0xa0, 0x2, 0xf9,

    /* U+0149 "ŉ" */
    0xa, 0xf2, 0x0, 0x0, 0x0, 0xd, 0xd0, 0x0,
    0x0, 0x0, 0xf, 0x7f, 0x76, 0xef, 0x90, 0x18,
    0x1f, 0xdb, 0x5c, 0xf5, 0x0, 0xf, 0xf1, 0x3,
    0xf8, 0x0, 0xf, 0xd0, 0x2, 0xf9, 0x0, 0xf,
    0xd0, 0x2, 0xf9, 0x0, 0xf, 0xd0, 0x2, 0xf9,
    0x0, 0xf, 0xd0, 0x2, 0xf9, 0x0, 0xf, 0xd0,
    0x2, 0xf9,

    /* U+014A "Ŋ" */
    0x4f, 0xf4, 0x0, 0xfa, 0x4f, 0xfa, 0x0, 0xfa,
    0x4f, 0xbf, 0x10, 0xfa, 0x4f, 0x6f, 0x60, 0xfa,
    0x4f, 0x5b, 0xc0, 0xfa, 0x4f, 0x55, 0xf2, 0xfa,
    0x4f, 0x50, 0xf8, 0xea, 0x4f, 0x50, 0x9e, 0xea,
    0x4f, 0x50, 0x3f, 0xfb, 0x4f, 0x50, 0xd, 0xfc,
    0x0, 0x0, 0x0, 0xe9, 0x0, 0x1, 0x16, 0xf6,
    0x0, 0x8, 0xff, 0xb0, 0x0, 0x1, 0x42, 0x0,

    /* U+014B "ŋ" */
    0x1f, 0x7a, 0xff, 0x90, 0x1f, 0xfa, 0x5c, 0xf5,
    0x1f, 0xe0, 0x3, 0xf8, 0x1f, 0xa0, 0x2, 0xf9,
    0x1f, 0xa0, 0x2, 0xf9, 0x1f, 0xa0, 0x3, 0xf9,
    0x1f, 0xa0, 0x4, 0xfa, 0x1f, 0xa0, 0x4, 0xfa,
    0x0, 0x0, 0x2, 0xf9, 0x0, 0x0, 0x6a, 0xf7,
    0x0, 0x0, 0xcf, 0xb0,

    /* U+014C "Ō" */
    0x0, 0x0, 0x0, 0x0, 0x0, 0xef, 0xff, 0x40,
    0x0, 0x33, 0x33, 0x10, 0x0, 0x0, 0x0, 0x0,
    0x0, 0x9e, 0xfc, 0x30, 0xb, 0xfb, 0x9f, 0xf2,
    0x2f, 0xb0, 0x5, 0xf8, 0x6f, 0x60, 0x0, 0xfc,
    0x7f, 0x40, 0x0, 0xed, 0x7f, 0x40, 0x0, 0xed,
    0x6f, 0x60, 0x0, 0xfc, 0x2f, 0xb0, 0x5, 0xf8,
    0xb, 0xfb, 0x9f, 0xf2, 0x0, 0x9f, 0xfc, 0x30,

    /* U+014D "ō" */
    0x0, 0xef, 0xff, 0x40, 0x0, 0x44, 0x44, 0x10,
    0x0, 0x9e, 0xfc, 0x30, 0xb, 0xfa, 0x8e, 0xf2,
    0x2f, 0xa0, 0x4, 0xf8, 0x5f, 0x60, 0x0, 0xfb,
    0x5f, 0x60, 0x0, 0xfb, 0x2f, 0xa0, 0x4, 0xf8,
    0xb, 0xfa, 0x7e, 0xf2, 0x0, 0x9e, 0xfc, 0x40,

    /* U+014E "Ŏ" */
    0x0, 0x71, 0x6, 0x30, 0x0, 0xaf, 0xfd, 0x20,
    0x0, 0x1, 0x20, 0x0, 0x0, 0x0, 0x0, 0x0,
    0x0, 0x9e, 0xfc, 0x30, 0xb, 0xfb, 0x9f, 0xf2,
    0x2f, 0xb0, 0x5, 0xf8, 0x6f, 0x60, 0x0, 0xfc,
    0x7f, 0x40, 0x0, 0xed, 0x7f, 0x40, 0x0, 0xed,
    0x6f, 0x60, 0x0, 0xfc, 0x2f, 0xb0, 0x5, 0xf8,
    0xb, 0xfb, 0x9f, 0xf2, 0x0, 0x9f, 0xfc, 0x30,

    /* U+014F "ŏ" */
    0x0, 0xf3, 0xb, 0x60, 0x0, 0x7f, 0xfc, 0x0,
    0x0, 0x1, 0x20, 0x0, 0x0, 0x9e, 0xfc, 0x30,
    0xb, 0xfa, 0x8e, 0xf2, 0x2f, 0xa0, 0x4, 0xf8,
    0x5f, 0x60, 0x0, 0xfb, 0x5f, 0x60, 0x0, 0xfb,
    0x2f, 0xa0, 0x4, 0xf8, 0xb, 0xfa, 0x7e, 0xf2,
    0x0, 0x9e, 0xfc, 0x40,

    /* U+0150 "Ő" */
    0x0, 0x4f, 0x6c, 0xd0, 0x0, 0xd8, 0x5e, 0x20,
    0x0, 0x40, 0x31, 0x0, 0x0, 0x0, 0x0, 0x0,
    0x0, 0x9e, 0xfc, 0x30, 0xb, 0xfb, 0x9f, 0xf2,
    0x2f, 0xb0, 0x5, 0xf8, 0x6f, 0x60, 0x0, 0xfc,
    0x7f, 0x40, 0x0, 0xed, 0x7f, 0x40, 0x0, 0xed,
    0x6f, 0x60, 0x0, 0xfc, 0x2f, 0xb0, 0x5, 0xf8,
    0xb, 0xfb, 0x9f, 0xf2, 0x0, 0x9f, 0xfc, 0x30,

    /* U+0151 "ő" */
    0x0, 0x4f, 0x6c, 0xd0, 0x0, 0xd8, 0x5e, 0x20,
    0x0, 0x40, 0x31, 0x0, 0x0, 0x9e, 0xfc, 0x30,
    0xb, 0xfa, 0x8e, 0xf2, 0x2f, 0xa0, 0x4, 0xf8,
    0x5f, 0x60, 0x0, 0xfb, 0x5f, 0x60, 0x0, 0xfb,
    0x2f, 0xa0, 0x4, 0xf8, 0xb, 0xfa, 0x7e, 0xf2,
    0x0, 0x9e, 0xfc, 0x40,

    /* U+0152 "Œ" */
    0x2, 0xcf, 0xff, 0xff, 0x10, 0xdf, 0xbe, 0xfb,
    0xb0, 0x3f, 0x90, 0xbf, 0x0, 0x6, 0xf4, 0xb,
    0xf8, 0x70, 0x8f, 0x30, 0xbf, 0xfd, 0x8, 0xf3,
    0xb, 0xf0, 0x0, 0x7f, 0x40, 0xbf, 0x0, 0x4,
    0xf8, 0xb, 0xf0, 0x0, 0xd, 0xfb, 0xef, 0xbb,
    0x0, 0x3d, 0xff, 0xff, 0xf1,

    /* U+0153 "œ" */
    0x9, 0xfc, 0x3d, 0xf5, 0x5, 0xf7, 0xdf, 0xa9,
    0xe0, 0x9d, 0x7, 0xf3, 0x2f, 0x2b, 0xb0, 0x5f,
    0xff, 0xf3, 0xbb, 0x5, 0xf4, 0x22, 0x9, 0xd0,
    0x6f, 0x40, 0x0, 0x4f, 0x6c, 0xfc, 0x49, 0x0,
    0x9f, 0xc3, 0xdf, 0xb0,

    /* U+0154 "Ŕ" */
    0x0, 0x3, 0x95, 0x0, 0x0, 0xd, 0xd1, 0x0,
    0x0, 0x6d, 0x20, 0x0, 0x0, 0x0, 0x0, 0x0,
    0xcf, 0xff, 0xb3, 0x0, 0xcf, 0x8a, 0xff, 0x10,
    0xcf, 0x0, 0x8f, 0x50, 0xcf, 0x0, 0x8f, 0x40,
    0xcf, 0x8a, 0xfd, 0x0, 0xcf, 0xff, 0xd1, 0x0,
    0xcf, 0xb, 0xf2, 0x0, 0xcf, 0x2, 0xfa, 0x0,
    0xcf, 0x0, 0x9f, 0x40, 0xcf, 0x0, 0x1f, 0xd0,

    /* U+0155 "ŕ" */
    0x0, 0x0, 0x2f, 0xc0, 0x0, 0x0, 0xc, 0xb0,
    0x0, 0x0, 0x0, 0x20, 0x0, 0x0, 0xff, 0xf4,
    0xbf, 0xe0, 0x4, 0x8f, 0xed, 0x88, 0x0, 0x3,
    0xfe, 0x0, 0x0, 0x0, 0x3f, 0x90, 0x0, 0x0,
    0x3, 0xf8, 0x0, 0x0, 0x0, 0x3f, 0x80, 0x0,
    0x1, 0x59, 0xfc, 0x52, 0x0, 0x5f, 0xff, 0xff,
    0x90, 0x0,

    /* U+0156 "Ŗ" */
    0xcf, 0xff, 0xc3, 0x0, 0xcf, 0x8a, 0xff, 0x10,
    0xcf, 0x0, 0x7f, 0x50, 0xcf, 0x1, 0xbf, 0x20,
    0xcf, 0xff, 0xf8, 0x0, 0xcf, 0x8e, 0xc0, 0x0,
    0xcf, 0x7, 0xf4, 0x0, 0xcf, 0x1, 0xfd, 0x0,
    0xcf, 0x0, 0x8f, 0x50, 0xcf, 0x0, 0x1f, 0xd0,
    0x0, 0x15, 0x10, 0x0, 0x0, 0x6f, 0x10, 0x0,
    0x0, 0x98, 0x0, 0x0,

    /* U+0157 "ŗ" */
    0xf, 0xff, 0x4b, 0xfe, 0x0, 0x48, 0xfe, 0xd8,
    0x80, 0x0, 0x3f, 0xe0, 0x0, 0x0, 0x3, 0xf9,
    0x0, 0x0, 0x0, 0x3f, 0x80, 0x0, 0x0, 0x3,
    0xf8, 0x0, 0x0, 0x15, 0x9f, 0xc5, 0x20, 0x5,
    0xff, 0xff, 0xf9, 0x0, 0x0, 0x5, 0x20, 0x0,
    0x0, 0x4, 0xf3, 0x0, 0x0, 0x0, 0x8a, 0x0,
    0x0, 0x0,

    /* U+0158 "Ř" */
    0x19, 0x10, 0x65, 0x0, 0x9, 0xd9, 0xe1, 0x0,
    0x0, 0xef, 0x50, 0x0, 0x0, 0x0, 0x0, 0x0,
    0xcf, 0xff, 0xb3, 0x0, 0xcf, 0x8a, 0xff, 0x10,
    0xcf, 0x0, 0x8f, 0x50, 0xcf, 0x0, 0x8f, 0x40,
    0xcf, 0x8a, 0xfd, 0x0, 0xcf, 0xff, 0xd1, 0x0,
    0xcf, 0xb, 0xf2, 0x0, 0xcf, 0x2, 0xfa, 0x0,
    0xcf, 0x0, 0x9f, 0x40, 0xcf, 0x0, 0x1f, 0xd0,

    /* U+0159 "ř" */
    0x0, 0x7c, 0x29, 0xd0, 0x0, 0x0, 0xaf, 0xe1,
    0x0, 0x0, 0x0, 0x21, 0x0, 0x0, 0xff, 0xf4,
    0xbf, 0xe0, 0x4, 0x8f, 0xed, 0x88, 0x0, 0x3,
    0xfe, 0x0, 0x0, 0x0, 0x3f, 0x90, 0x0, 0x0,
    0x3, 0xf8, 0x0, 0x0, 0x0, 0x3f, 0x80, 0x0,
    0x1, 0x59, 0xfc, 0x52, 0x0, 0x5f, 0xff, 0xff,
    0x90, 0x0,

    /* U+015A "Ś" */
    0x0, 0x1, 0x86, 0x0, 0x0, 0xbd, 0x20, 0x0,
    0x27, 0x10, 0x0, 0x0, 0x0, 0x0, 0x8, 0xef,
    0xeb, 0x28, 0xfc, 0x8a, 0xd0, 0xbf, 0x10, 0x0,
    0x8, 0xf6, 0x0, 0x0, 0xb, 0xfc, 0x50, 0x0,
    0x5, 0xdf, 0xb0, 0x0, 0x0, 0x8f, 0x70, 0x0,
    0x5, 0xf8, 0xeb, 0x89, 0xef, 0x38, 0xdf, 0xfc,
    0x50,

    /* U+015B "ś" */
    0x0, 0x7, 0xf6, 0x0, 0x2, 0xf7, 0x0, 0x0,
    0x22, 0x0, 0x1, 0xae, 0xfe, 0xa0, 0x8f, 0xa7,
    0xaa, 0xa, 0xf4, 0x0, 0x0, 0x2e, 0xfc, 0x50,
    0x0, 0x7, 0xdf, 0xb0, 0x0, 0x0, 0xbf, 0x2b,
    0xb8, 0x8e, 0xf0, 0x7e, 0xff, 0xc4, 0x0,

    /* U+015C "Ŝ" */
    0x0, 0x58, 0x30, 0x0, 0x4f, 0x9e, 0x20, 0x7,
    0x30, 0x46, 0x0, 0x0, 0x0, 0x0, 0x8, 0xef,
    0xeb, 0x28, 0xfc, 0x8a, 0xd0, 0xbf, 0x10, 0x0,
    0x8, 0xf6, 0x0, 0x0, 0xb, 0xfc, 0x50, 0x0,
    0x5, 0xdf, 0xb0, 0x0, 0x0, 0x8f, 0x70, 0x0,
    0x5, 0xf8, 0xeb, 0x89, 0xef, 0x38, 0xdf, 0xfc,
    0x50,

    /* U+015D "ŝ" */
    0x1, 0xef, 0x70, 0x0, 0xbb, 0x4f, 0x40, 0x3,
    0x0, 0x23, 0x1, 0xae, 0xfe, 0xa0, 0x8f, 0xa7,
    0xaa, 0xa, 0xf4, 0x0, 0x0, 0x2e, 0xfc, 0x50,
    0x0, 0x7, 0xdf, 0xb0, 0x0, 0x0, 0xbf, 0x2b,
    0xb8, 0x8e, 0xf0, 0x7e, 0xff, 0xc4, 0x0,

    /* U+015E "Ş" */
    0x8, 0xef, 0xeb, 0x28, 0xfc, 0x8a, 0xd0, 0xbf,
    0x10, 0x0, 0x8, 0xf6, 0x0, 0x0, 0xb, 0xfc,
    0x50, 0x0, 0x5, 0xdf, 0xb0, 0x0, 0x0, 0x8f,
    0x70, 0x0, 0x5, 0xf8, 0xeb, 0x89, 0xef, 0x38,
    0xdf, 0xfc, 0x50, 0x0, 0x8c, 0x10, 0x0, 0x0,
    0xc9, 0x0, 0x3, 0xfe, 0x40, 0x0,

    /* U+015F "ş" */
    0x1a, 0xef, 0xea, 0x8, 0xfa, 0x7a, 0xa0, 0xaf,
    0x40, 0x0, 0x2, 0xef, 0xc5, 0x0, 0x0, 0x7d,
    0xfb, 0x0, 0x0, 0xb, 0xf2, 0xbb, 0x88, 0xef,
    0x7, 0xdf, 0xfc, 0x40, 0x0, 0x7c, 0x20, 0x0,
    0x0, 0xba, 0x0, 0x2, 0xfe, 0x50, 0x0,

    /* U+0160 "Š" */
    0x7, 0x30, 0x46, 0x0, 0x4f, 0xae, 0x20, 0x0,
    0x58, 0x30, 0x0, 0x0, 0x0, 0x0, 0x8, 0xef,
    0xeb, 0x28, 0xfc, 0x8a, 0xd0, 0xbf, 0x10, 0x0,
    0x8, 0xf6, 0x0, 0x0, 0xb, 0xfc, 0x50, 0x0,
    0x5, 0xdf, 0xb0, 0x0, 0x0, 0x8f, 0x70, 0x0,
    0x5, 0xf8, 0xeb, 0x89, 0xef, 0x38, 0xdf, 0xfc,
    0x50,

    /* U+0161 "š" */
    0x1d, 0x72, 0xd7, 0x0, 0x2f, 0xfa, 0x0, 0x0,
    0x24, 0x0, 0x1, 0xae, 0xfe, 0xa0, 0x8f, 0xa7,
    0xaa, 0xa, 0xf4, 0x0, 0x0, 0x2e, 0xfc, 0x50,
    0x0, 0x7, 0xdf, 0xb0, 0x0, 0x0, 0xbf, 0x2b,
    0xb8, 0x8e, 0xf0, 0x7e, 0xff, 0xc4, 0x0,

    /* U+0162 "Ţ" */
    0x8f, 0xff, 0xff, 0xfe, 0x49, 0x9d, 0xf9, 0x98,
    0x0, 0xa, 0xf1, 0x0, 0x0, 0xa, 0xf1, 0x0,
    0x0, 0xa, 0xf1, 0x0, 0x0, 0xa, 0xf1, 0x0,
    0x0, 0xa, 0xf1, 0x0, 0x0, 0xa, 0xf1, 0x0,
    0x0, 0xa, 0xf1, 0x0, 0x0, 0xa, 0xf1, 0x0,
    0x0, 0x8, 0xb1, 0x0, 0x0, 0x0, 0xc9, 0x0,
    0x0, 0x3f, 0xe4, 0x0,

    /* U+0163 "ţ" */
    0x0, 0x7, 0x20, 0x0, 0x0, 0x1f, 0x50, 0x0,
    0x0, 0x4f, 0x50, 0x0, 0x2d, 0xff, 0xff, 0xf4,
    0x17, 0xaf, 0xa7, 0x71, 0x0, 0x6f, 0x50, 0x0,
    0x0, 0x6f, 0x50, 0x0, 0x0, 0x6f, 0x50, 0x0,
    0x0, 0x5f, 0x60, 0x0, 0x0, 0x2f, 0xe8, 0x84,
    0x0, 0x6, 0xef, 0xe4, 0x0, 0x0, 0x9b, 0x10,
    0x0, 0x0, 0xc, 0x80, 0x0, 0x4, 0xfe, 0x40,

    /* U+0164 "Ť" */
    0x1, 0x71, 0x6, 0x40, 0x0, 0x7e, 0xbd, 0x10,
    0x0, 0x6, 0x82, 0x0, 0x0, 0x0, 0x0, 0x0,
    0x8f, 0xff, 0xff, 0xfe, 0x49, 0x9d, 0xf9, 0x98,
    0x0, 0xa, 0xf1, 0x0, 0x0, 0xa, 0xf1, 0x0,
    0x0, 0xa, 0xf1, 0x0, 0x0, 0xa, 0xf1, 0x0,
    0x0, 0xa, 0xf1, 0x0, 0x0, 0xa, 0xf1, 0x0,
    0x0, 0xa, 0xf1, 0x0, 0x0, 0xa, 0xf1, 0x0,

    /* U+0165 "ť" */
    0x0, 0x0, 0x0, 0xf8, 0x0, 0xa, 0x33, 0xf1,
    0x0, 0x2f, 0x51, 0x30, 0x2c, 0xff, 0xff, 0xf4,
    0x17, 0xaf, 0xa7, 0x71, 0x0, 0x6f, 0x50, 0x0,
    0x0, 0x6f, 0x50, 0x0, 0x0, 0x6f, 0x50, 0x0,
    0x0, 0x5f, 0x60, 0x0, 0x0, 0x2f, 0xe8, 0x84,
    0x0, 0x6, 0xef, 0xe4,

    /* U+0166 "Ŧ" */
    0x8f, 0xff, 0xff, 0xfe, 0x49, 0x9d, 0xf9, 0x98,
    0x0, 0xa, 0xf1, 0x0, 0x1, 0x2b, 0xf3, 0x20,
    0x8, 0xff, 0xff, 0xf0, 0x2, 0x5c, 0xf6, 0x40,
    0x0, 0xa, 0xf1, 0x0, 0x0, 0xa, 0xf1, 0x0,
    0x0, 0xa, 0xf1, 0x0, 0x0, 0xa, 0xf1, 0x0,

    /* U+0167 "ŧ" */
    0x0, 0xf, 0x50, 0x0, 0x0, 0x3f, 0x50, 0x0,
    0x2c, 0xff, 0xff, 0xf4, 0x17, 0xaf, 0xa7, 0x71,
    0x0, 0x6f, 0x50, 0x0, 0x4f, 0xff, 0xff, 0xf6,
    0x3, 0x8f, 0x73, 0x31, 0x0, 0x5f, 0x60, 0x0,
    0x0, 0x2f, 0xe8, 0x83, 0x0, 0x6, 0xef, 0xe4,

    /* U+0168 "Ũ" */
    0x0, 0x0, 0x0, 0x0, 0x2, 0xef, 0xff, 0x90,
    0x1, 0x33, 0x33, 0x0, 0x0, 0x0, 0x0, 0x0,
    0x4f, 0x80, 0x1, 0xfa, 0x4f, 0x80, 0x1, 0xfa,
    0x4f, 0x80, 0x1, 0xfa, 0x4f, 0x80, 0x1, 0xfa,
    0x4f, 0x80, 0x1, 0xfa, 0x4f, 0x80, 0x1, 0xfa,
    0x3f, 0x80, 0x2, 0xfa, 0x2f, 0xb0, 0x5, 0xf8,
    0xc, 0xfb, 0x9e, 0xf2, 0x1, 0xaf, 0xfc, 0x40,

    /* U+0169 "ũ" */
    0x0, 0xce, 0x54, 0xb0, 0x4, 0xc6, 0xef, 0x60,
    0x1, 0x20, 0x13, 0x0, 0x2f, 0x90, 0x4, 0xf8,
    0x2f, 0x90, 0x4, 0xf8, 0x2f, 0x90, 0x4, 0xf8,
    0x2f, 0x90, 0x4, 0xf8, 0x2f, 0x90, 0x4, 0xf8,
    0x2f, 0xa0, 0x8, 0xf8, 0xe, 0xf8, 0x8e, 0xf8,
    0x4, 0xdf, 0xd3, 0xf8,

    /* U+016A "Ū" */
    0x0, 0x0, 0x0, 0x0, 0x0, 0xef, 0xff, 0x40,
    0x0, 0x33, 0x33, 0x10, 0x0, 0x0, 0x0, 0x0,
    0x4f, 0x80, 0x1, 0xfa, 0x4f, 0x80, 0x1, 0xfa,
    0x4f, 0x80, 0x1, 0xfa, 0x4f, 0x80, 0x1, 0xfa,
    0x4f, 0x80, 0x1, 0xfa, 0x4f, 0x80, 0x1, 0xfa,
    0x3f, 0x80, 0x2, 0xfa, 0x2f, 0xb0, 0x5, 0xf8,
    0xc, 0xfb, 0x9e, 0xf2, 0x1, 0xaf, 0xfc, 0x40,

    /* U+016B "ū" */
    0x0, 0xef, 0xff, 0x40, 0x0, 0x44, 0x44, 0x10,
    0x2f, 0x90, 0x4, 0xf8, 0x2f, 0x90, 0x4, 0xf8,
    0x2f, 0x90, 0x4, 0xf8, 0x2f, 0x90, 0x4, 0xf8,
    0x2f, 0x90, 0x4, 0xf8, 0x2f, 0xa0, 0x8, 0xf8,
    0xe, 0xf8, 0x8e, 0xf8, 0x4, 0xdf, 0xd3, 0xf8,

    /* U+016C "Ŭ" */
    0x0, 0x71, 0x6, 0x30, 0x0, 0xaf, 0xfd, 0x20,
    0x0, 0x1, 0x20, 0x0, 0x0, 0x0, 0x0, 0x0,
    0x4f, 0x80, 0x1, 0xfa, 0x4f, 0x80, 0x1, 0xfa,
    0x4f, 0x80, 0x1, 0xfa, 0x4f, 0x80, 0x1, 0xfa,
    0x4f, 0x80, 0x1, 0xfa, 0x4f, 0x80, 0x1, 0xfa,
    0x3f, 0x80, 0x2, 0xfa, 0x2f, 0xb0, 0x5, 0xf8,
    0xc, 0xfb, 0x9e, 0xf2, 0x1, 0xaf, 0xfc, 0x40,

    /* U+016D "ŭ" */
    0x0, 0xf3, 0xb, 0x60, 0x0, 0x7f, 0xfc, 0x0,
    0x0, 0x1, 0x20, 0x0, 0x2f, 0x90, 0x4, 0xf8,
    0x2f, 0x90, 0x4, 0xf8, 0x2f, 0x90, 0x4, 0xf8,
    0x2f, 0x90, 0x4, 0xf8, 0x2f, 0x90, 0x4, 0xf8,
    0x2f, 0xa0, 0x8, 0xf8, 0xe, 0xf8, 0x8e, 0xf8,
    0x4, 0xdf, 0xd3, 0xf8,

    /* U+016E "Ů" */
    0x0, 0xc, 0xe4, 0x0, 0x0, 0x5a, 0x4c, 0x0,
    0x0, 0x59, 0x3c, 0x0, 0x0, 0xc, 0xe4, 0x0,
    0x0, 0x0, 0x0, 0x0, 0x4f, 0x80, 0x1, 0xfa,
    0x4f, 0x80, 0x1, 0xfa, 0x4f, 0x80, 0x1, 0xfa,
    0x4f, 0x80, 0x1, 0xfa, 0x4f, 0x80, 0x1, 0xfa,
    0x4f, 0x80, 0x1, 0xfa, 0x3f, 0x80, 0x2, 0xfa,
    0x2f, 0xb0, 0x5, 0xf8, 0xc, 0xfb, 0x9e, 0xf2,
    0x1, 0xaf, 0xfc, 0x40,

    /* U+016F "ů" */
    0x0, 0x1c, 0xd5, 0x0, 0x0, 0x69, 0x3c, 0x0,
    0x0, 0x1d, 0xe5, 0x0, 0x0, 0x0, 0x0, 0x0,
    0x2f, 0x90, 0x4, 0xf8, 0x2f, 0x90, 0x4, 0xf8,
    0x2f, 0x90, 0x4, 0xf8, 0x2f, 0x90, 0x4, 0xf8,
    0x2f, 0x90, 0x4, 0xf8, 0x2f, 0xa0, 0x8, 0xf8,
    0xe, 0xf8, 0x8e, 0xf8, 0x4, 0xdf, 0xd3, 0xf8,

    /* U+0170 "Ű" */
    0x0, 0x4f, 0x6c, 0xd0, 0x0, 0xd8, 0x5e, 0x20,
    0x0, 0x40, 0x31, 0x0, 0x0, 0x0, 0x0, 0x0,
    0x4f, 0x80, 0x1, 0xfa, 0x4f, 0x80, 0x1, 0xfa,
    0x4f, 0x80, 0x1, 0xfa, 0x4f, 0x80, 0x1, 0xfa,
    0x4f, 0x80, 0x1, 0xfa, 0x4f, 0x80, 0x1, 0xfa,
    0x3f, 0x80, 0x2, 0xfa, 0x2f, 0xb0, 0x5, 0xf8,
    0xc, 0xfb, 0x9e, 0xf2, 0x1, 0xaf, 0xfc, 0x40,

    /* U+0171 "ű" */
    0x0, 0x4f, 0x6c, 0xd0, 0x0, 0xd8, 0x5e, 0x20,
    0x0, 0x40, 0x31, 0x0, 0x2f, 0x90, 0x4, 0xf8,
    0x2f, 0x90, 0x4, 0xf8, 0x2f, 0x90, 0x4, 0xf8,
    0x2f, 0x90, 0x4, 0xf8, 0x2f, 0x90, 0x4, 0xf8,
    0x2f, 0xa0, 0x8, 0xf8, 0xe, 0xf8, 0x8e, 0xf8,
    0x4, 0xdf, 0xd3, 0xf8,

    /* U+0172 "Ų" */
    0x4f, 0x80, 0x1, 0xfa, 0x4f, 0x80, 0x1, 0xfa,
    0x4f, 0x80, 0x1, 0xfa, 0x4f, 0x80, 0x1, 0xfa,
    0x4f, 0x80, 0x1, 0xfa, 0x4f, 0x80, 0x1, 0xfa,
    0x3f, 0x80, 0x2, 0xfa, 0x2f, 0xb0, 0x5, 0xf8,
    0xc, 0xfb, 0x9e, 0xf2, 0x1, 0xaf, 0xfe, 0x40,
    0x0, 0x7, 0xc0, 0x0, 0x0, 0xe, 0x81, 0x0,
    0x0, 0x8, 0xf8, 0x0,

    /* U+0173 "ų" */
    0x2f, 0x90, 0x4, 0xf8, 0x2f, 0x90, 0x4, 0xf8,
    0x2f, 0x90, 0x4, 0xf8, 0x2f, 0x90, 0x4, 0xf8,
    0x2f, 0x90, 0x4, 0xf8, 0x2f, 0xa0, 0x8, 0xf8,
    0xe, 0xf8, 0x8e, 0xf8, 0x4, 0xdf, 0xd3, 0xf8,
    0x0, 0x0, 0x7, 0xb0, 0x0, 0x0, 0xd, 0x81,
    0x0, 0x0, 0x8, 0xf9,

    /* U+0174 "Ŵ" */
    0x0, 0x6, 0x82, 0x0, 0x0, 0x8, 0xeb, 0xd1,
    0x0, 0x1, 0x71, 0x6, 0x40, 0x0, 0x0, 0x0,
    0x0, 0x0, 0xbc, 0x0, 0x0, 0x6f, 0x2a, 0xe0,
    0x0, 0x7, 0xf0, 0x9f, 0xb, 0xf2, 0x8f, 0x7,
    0xf0, 0xef, 0x49, 0xe0, 0x6f, 0x2f, 0xc7, 0xbc,
    0x4, 0xf6, 0xf8, 0xab, 0xb0, 0x3f, 0x9c, 0x5d,
    0xca, 0x1, 0xfc, 0x92, 0xfd, 0x90, 0xf, 0xf6,
    0xf, 0xf7, 0x0, 0xff, 0x30, 0xcf, 0x60,

    /* U+0175 "ŵ" */
    0x0, 0x1e, 0xf7, 0x0, 0x0, 0xc, 0x94, 0xe4,
    0x0, 0x0, 0x20, 0x1, 0x10, 0xd, 0xc0, 0x0,
    0x5, 0xf3, 0xad, 0x7, 0xb1, 0x6f, 0x18, 0xf0,
    0xdf, 0x48, 0xf0, 0x6f, 0x2f, 0xd7, 0xac, 0x4,
    0xf7, 0xe8, 0xbb, 0xa0, 0x1f, 0xbb, 0x5e, 0xd8,
    0x0, 0xff, 0x82, 0xff, 0x60, 0xd, 0xf4, 0xf,
    0xf3, 0x0,

    /* U+0176 "Ŷ" */
    0x0, 0x7, 0x92, 0x0, 0x0, 0x5, 0xfd, 0xb0,
    0x0, 0x1, 0xe5, 0x1d, 0x60, 0x0, 0x0, 0x0,
    0x0, 0x0, 0x6f, 0x70, 0x1, 0xfc, 0x0, 0xed,
    0x0, 0x7f, 0x40, 0x6, 0xf5, 0xd, 0xd0, 0x0,
    0xe, 0xc5, 0xf5, 0x0, 0x0, 0x7f, 0xdd, 0x0,
    0x0, 0x0, 0xef, 0x50, 0x0, 0x0, 0xa, 0xf1,
    0x0, 0x0, 0x0, 0xaf, 0x10, 0x0, 0x0, 0xa,
    0xf1, 0x0, 0x0, 0x0, 0xaf, 0x10, 0x0,

    /* U+0177 "ŷ" */
    0x0, 0x1e, 0xf6, 0x0, 0x0, 0xc9, 0x4e, 0x40,
    0x0, 0x20, 0x1, 0x10, 0x6f, 0x60, 0x0, 0xfc,
    0xf, 0xc0, 0x5, 0xf6, 0x9, 0xf2, 0xa, 0xf1,
    0x2, 0xf8, 0xe, 0xb0, 0x0, 0xce, 0x4f, 0x50,
    0x0, 0x5f, 0xce, 0x0, 0x0, 0xe, 0xf9, 0x0,
    0x0, 0xa, 0xf3, 0x0, 0x0, 0xe, 0xd0, 0x0,
    0x18, 0xcf, 0x50, 0x0, 0x2f, 0xe7, 0x0, 0x0,

    /* U+0178 "Ÿ" */
    0x3, 0xf5, 0xe, 0x90, 0x0, 0x2e, 0x40, 0xd8,
    0x0, 0x0, 0x0, 0x0, 0x0, 0x6, 0xf7, 0x0,
    0x1f, 0xc0, 0xe, 0xd0, 0x7, 0xf4, 0x0, 0x6f,
    0x50, 0xdd, 0x0, 0x0, 0xec, 0x5f, 0x50, 0x0,
    0x7, 0xfd, 0xd0, 0x0, 0x0, 0xe, 0xf5, 0x0,
    0x0, 0x0, 0xaf, 0x10, 0x0, 0x0, 0xa, 0xf1,
    0x0, 0x0, 0x0, 0xaf, 0x10, 0x0, 0x0, 0xa,
    0xf1, 0x0, 0x0,

    /* U+0179 "Ź" */
    0x0, 0x2, 0x85, 0x0, 0x0, 0xcc, 0x10, 0x0,
    0x27, 0x0, 0x0, 0x0, 0x0, 0x0, 0x7f, 0xff,
    0xff, 0x44, 0x88, 0x8e, 0xf2, 0x0, 0x3, 0xf8,
    0x0, 0x0, 0xce, 0x0, 0x0, 0x5f, 0x60, 0x0,
    0xe, 0xc0, 0x0, 0x8, 0xf3, 0x0, 0x1, 0xfa,
    0x0, 0x0, 0xaf, 0xa9, 0x99, 0x2c, 0xff, 0xff,
    0xf4,

    /* U+017A "ź" */
    0x0, 0x6, 0xf7, 0x0, 0x2, 0xf6, 0x0, 0x0,
    0x11, 0x0, 0xb, 0xff, 0xff, 0xf3, 0x46, 0x67,
    0xfe, 0x10, 0x0, 0xbf, 0x40, 0x0, 0x7f, 0x80,
    0x0, 0x3f, 0xc0, 0x0, 0x1e, 0xe1, 0x0, 0xb,
    0xfa, 0x77, 0x72, 0xff, 0xff, 0xff, 0x50,

    /* U+017B "Ż" */
    0x0, 0x8f, 0x40, 0x0, 0xa, 0xf6, 0x0, 0x0,
    0x2, 0x0, 0x0, 0x0, 0x0, 0x0, 0x7f, 0xff,
    0xff, 0x44, 0x88, 0x8e, 0xf2, 0x0, 0x3, 0xf8,
    0x0, 0x0, 0xce, 0x0, 0x0, 0x5f, 0x60, 0x0,
    0xe, 0xc0, 0x0, 0x8, 0xf3, 0x0, 0x1, 0xfa,
    0x0, 0x0, 0xaf, 0xa9, 0x99, 0x2c, 0xff, 0xff,
    0xf4,

    /* U+017C "ż" */
    0x0, 0x9f, 0x30, 0x0, 0xb, 0xf5, 0x0, 0x0,
    0x2, 0x0, 0xb, 0xff, 0xff, 0xf3, 0x46, 0x67,
    0xfe, 0x10, 0x0, 0xbf, 0x40, 0x0, 0x7f, 0x80,
    0x0, 0x3f, 0xc0, 0x0, 0x1e, 0xe1, 0x0, 0xb,
    0xfa, 0x77, 0x72, 0xff, 0xff, 0xff, 0x50,

    /* U+017D "Ž" */
    0x7, 0x20, 0x45, 0x0, 0x5f, 0xae, 0x20, 0x0,
    0x58, 0x30, 0x0, 0x0, 0x0, 0x0, 0x7f, 0xff,
    0xff, 0x44, 0x88, 0x8e, 0xf2, 0x0, 0x3, 0xf8,
    0x0, 0x0, 0xce, 0x0, 0x0, 0x5f, 0x60, 0x0,
    0xe, 0xc0, 0x0, 0x8, 0xf3, 0x0, 0x1, 0xfa,
    0x0, 0x0, 0xaf, 0xa9, 0x99, 0x2c, 0xff, 0xff,
    0xf4,

    /* U+017E "ž" */
    0xc, 0x92, 0xd8, 0x0, 0x1e, 0xfa, 0x0, 0x0,
    0x12, 0x0, 0xb, 0xff, 0xff, 0xf3, 0x46, 0x67,
    0xfe, 0x10, 0x0, 0xbf, 0x40, 0x0, 0x7f, 0x80,
    0x0, 0x3f, 0xc0, 0x0, 0x1e, 0xe1, 0x0, 0xb,
    0xfa, 0x77, 0x72, 0xff, 0xff, 0xff, 0x50,

    /* U+017F "ſ" */
    0x4, 0xdf, 0xe4, 0xe, 0xf8, 0x91, 0x1f, 0xa0,
    0x0, 0x1f, 0xa0, 0x0, 0x1f, 0xa0, 0x0, 0x1f,
    0xa0, 0x0, 0x1f, 0xa0, 0x0, 0x1f, 0xa0, 0x0,
    0x1f, 0xa0, 0x0, 0x1f, 0xa0, 0x0, 0x1f, 0xa0,
    0x0,

    /* U+0180 "ƀ" */
    0x2f, 0x90, 0x0, 0x0, 0xff, 0xff, 0xf3, 0x0,
    0x4f, 0xb3, 0x30, 0x0, 0x1f, 0x9a, 0xfe, 0x60,
    0x1f, 0xfb, 0x8e, 0xf3, 0x1f, 0xd0, 0x4, 0xf9,
    0x1f, 0xa0, 0x0, 0xfb, 0x1f, 0xa0, 0x0, 0xfb,
    0x1f, 0xd0, 0x4, 0xf9, 0x1f, 0xfb, 0x8e, 0xf3,
    0x1f, 0x6a, 0xfe, 0x60,

    /* U+0181 "Ɓ" */
    0x4e, 0xff, 0xfe, 0xa1, 0xc, 0xde, 0xf8, 0xcf,
    0x90, 0xc8, 0xbe, 0x0, 0xfb, 0x0, 0xb, 0xe0,
    0x4f, 0x80, 0x0, 0xbf, 0xff, 0xb0, 0x0, 0xb,
    0xf8, 0xbf, 0x70, 0x0, 0xbe, 0x0, 0xef, 0x0,
    0xb, 0xe0, 0xe, 0xf0, 0x0, 0xbf, 0x8b, 0xfa,
    0x0, 0xb, 0xff, 0xfa, 0x10,

    /* U+0182 "Ƃ" */
    0xff, 0xff, 0xff, 0xf, 0xe9, 0x99, 0x80, 0xfd,
    0x0, 0x0, 0xf, 0xd2, 0x10, 0x0, 0xff, 0xff,
    0xf8, 0xe, 0xe5, 0x6c, 0xf5, 0xed, 0x0, 0x3f,
    0x9e, 0xd0, 0x4, 0xf9, 0xee, 0x78, 0xef, 0x4e,
    0xff, 0xfd, 0x60,

    /* U+0183 "ƃ" */
    0x1f, 0xff, 0xff, 0xf0, 0x1f, 0xc6, 0x66, 0x60,
    0x1f, 0x90, 0x0, 0x0, 0x1f, 0x9a, 0xfe, 0x60,
    0x1f, 0xfb, 0x8e, 0xf3, 0x1f, 0xd0, 0x4, 0xf9,
    0x1f, 0xa0, 0x0, 0xfb, 0x1f, 0xa0, 0x0, 0xfb,
    0x1f, 0xd0, 0x4, 0xf9, 0x1f, 0xfb, 0x8e, 0xf3,
    0x1f, 0x6a, 0xfe, 0x60,

    /* U+0184 "Ƅ" */
    0xce, 0x0, 0x0, 0xc, 0xe0, 0x0, 0x0, 0xce,
    0x0, 0x0, 0xc, 0xe2, 0x20, 0x0, 0xcf, 0xff,
    0xfa, 0xc, 0xf5, 0x5b, 0xf7, 0xce, 0x0, 0xf,
    0xbc, 0xf1, 0x1, 0xfa, 0x7f, 0xd8, 0xdf, 0x40,
    0x8e, 0xfd, 0x60,

    /* U+0185 "ƅ" */
    0x1f, 0x90, 0x0, 0x0, 0x1f, 0x90, 0x0, 0x0,
    0x1f, 0x90, 0x0, 0x0, 0x1f, 0x9a, 0xfe, 0x60,
    0x1f, 0xfb, 0x8e, 0xf3, 0x1f, 0xd0, 0x4, 0xf9,
    0x1f, 0xa0, 0x0, 0xfb, 0x1f, 0xa0, 0x0, 0xfb,
    0xe, 0xd0, 0x4, 0xf8, 0x8, 0xfb, 0x8e, 0xf2,
    0x0, 0x8e, 0xfc, 0x40,

    /* U+0186 "Ɔ" */
    0x2c, 0xff, 0xc6, 0x0, 0xd, 0xa9, 0xef, 0x80,
    0x0, 0x0, 0xc, 0xf2, 0x0, 0x0, 0x5, 0xf7,
    0x0, 0x0, 0x2, 0xf9, 0x0, 0x0, 0x2, 0xf9,
    0x0, 0x0, 0x4, 0xf7, 0x0, 0x0, 0xc, 0xf3,
    0xe, 0xa9, 0xdf, 0xb0, 0xa, 0xef, 0xe8, 0x0,

    /* U+0187 "Ƈ" */
    0x0, 0x0, 0x0, 0x0, 0x10, 0x0, 0x0, 0x0,
    0x1e, 0xf3, 0x0, 0x0, 0x0, 0x8f, 0x62, 0x0,
    0x0, 0x0, 0xac, 0x0, 0x0, 0x2a, 0xef, 0xfc,
    0x0, 0x2, 0xff, 0xb9, 0xc6, 0x0, 0xb, 0xf4,
    0x0, 0x0, 0x0, 0xf, 0xc0, 0x0, 0x0, 0x0,
    0x3f, 0x90, 0x0, 0x0, 0x0, 0x3f, 0x90, 0x0,
    0x0, 0x0, 0x1f, 0xb0, 0x0, 0x0, 0x0, 0xd,
    0xf3, 0x0, 0x0, 0x0, 0x4, 0xff, 0xa9, 0xc5,
    0x0, 0x0, 0x4c, 0xff, 0xc3, 0x0,

    /* U+0188 "ƈ" */
    0x0, 0x0, 0x9, 0xf9, 0x0, 0x0, 0x2f, 0xb5,
    0x0, 0x0, 0x4f, 0x30, 0x5, 0xdf, 0xff, 0x20,
    0x4f, 0xe9, 0x9b, 0x0, 0xbf, 0x20, 0x0, 0x0,
    0xed, 0x0, 0x0, 0x0, 0xed, 0x0, 0x0, 0x0,
    0xcf, 0x20, 0x0, 0x0, 0x6f, 0xe9, 0x9d, 0x0,
    0x6, 0xdf, 0xfb, 0x0,

    /* U+0189 "Ɖ" */
    0x3f, 0xff, 0xea, 0x10, 0x3f, 0xc8, 0xbf, 0xe1,
    0x3f, 0x80, 0x6, 0xf8, 0x3f, 0x80, 0x0, 0xfd,
    0xff, 0xff, 0x10, 0xde, 0x9f, 0xc8, 0x0, 0xde,
    0x3f, 0x80, 0x0, 0xfc, 0x3f, 0x80, 0x7, 0xf7,
    0x3f, 0xc8, 0xcf, 0xd0, 0x3f, 0xff, 0xe9, 0x10,

    /* U+018A "Ɗ" */
    0x4e, 0xff, 0xfd, 0x50, 0xce, 0xef, 0x9e, 0xf4,
    0xd8, 0xcf, 0x2, 0xfa, 0x0, 0xcf, 0x0, 0xee,
    0x0, 0xcf, 0x0, 0xcf, 0x0, 0xcf, 0x0, 0xcf,
    0x0, 0xcf, 0x0, 0xed, 0x0, 0xcf, 0x2, 0xfa,
    0x0, 0xcf, 0x9e, 0xf3, 0x0, 0xcf, 0xfc, 0x40,

    /* U+018B "Ƌ" */
    0xa, 0xff, 0xff, 0xf3, 0x5, 0x99, 0x9c, 0xf3,
    0x0, 0x0, 0x8, 0xf3, 0x0, 0x37, 0x8c, 0xf3,
    0x8, 0xff, 0xff, 0xf3, 0x2f, 0xd2, 0x8, 0xf3,
    0x5f, 0x60, 0x8, 0xf3, 0x4f, 0x80, 0x8, 0xf3,
    0xe, 0xf9, 0x8c, 0xf3, 0x3, 0xcf, 0xff, 0xf3,

    /* U+018C "ƌ" */
    0x9, 0xff, 0xff, 0xf8, 0x3, 0x66, 0x68, 0xf8,
    0x0, 0x0, 0x3, 0xf8, 0x2, 0xcf, 0xd7, 0xf8,
    0xd, 0xfa, 0x8e, 0xf8, 0x3f, 0xb0, 0x5, 0xf8,
    0x5f, 0x70, 0x2, 0xf8, 0x5f, 0x60, 0x2, 0xf8,
    0x3f, 0xa0, 0x5, 0xf8, 0xd, 0xf9, 0x8e, 0xf8,
    0x2, 0xcf, 0xd3, 0xf8,

    /* U+018D "ƍ" */
    0x1, 0xae, 0xfd, 0x50, 0xd, 0xf9, 0x7d, 0xf4,
    0x3f, 0x90, 0x2, 0xfa, 0x5f, 0x60, 0x0, 0xfb,
    0x3f, 0x90, 0x5, 0xf8, 0xc, 0xf7, 0x6f, 0xc0,
    0x1, 0xbf, 0xf8, 0x0, 0x0, 0x5, 0xee, 0x20,
    0x0, 0x0, 0x1f, 0x90, 0xb, 0xa6, 0x8f, 0x90,
    0x8, 0xdf, 0xfa, 0x10,

    /* U+018E "Ǝ" */
    0xff, 0xff, 0xff, 0x38, 0x99, 0x9c, 0xf3, 0x0,
    0x0, 0x8f, 0x30, 0x0, 0x8, 0xf3, 0xbf, 0xff,
    0xff, 0x36, 0x99, 0x9c, 0xf3, 0x0, 0x0, 0x8f,
    0x30, 0x0, 0x8, 0xf3, 0x89, 0x99, 0xcf, 0x3f,
    0xff, 0xff, 0xf3,

    /* U+018F "Ə" */
    0x8, 0xdf, 0xfa, 0x20, 0xd, 0x98, 0xaf, 0xe1,
    0x0, 0x0, 0x4, 0xf7, 0x1, 0x11, 0x11, 0xfb,
    0x8f, 0xff, 0xff, 0xfd, 0x8f, 0x54, 0x44, 0xfd,
    0x6f, 0x30, 0x0, 0xfb, 0x2f, 0x80, 0x6, 0xf7,
    0xb, 0xf9, 0x8f, 0xe1, 0x1, 0xaf, 0xfb, 0x20,

    /* U+0190 "Ɛ" */
    0x1, 0xae, 0xfe, 0xa3, 0xd, 0xfb, 0x9a, 0xf8,
    0xf, 0xb0, 0x0, 0x0, 0xa, 0xf6, 0x22, 0x10,
    0x0, 0x9f, 0xff, 0x80, 0xb, 0xf9, 0x65, 0x20,
    0x4f, 0x80, 0x0, 0x0, 0x4f, 0x90, 0x0, 0x0,
    0xe, 0xfb, 0x89, 0xcc, 0x2, 0xae, 0xff, 0xd7,

    /* U+0191 "Ƒ" */
    0x0, 0xf, 0xff, 0xfe, 0x0, 0xf, 0xe9, 0x98,
    0x0, 0xf, 0xc0, 0x0, 0x0, 0xf, 0xe9, 0x96,
    0x0, 0xf, 0xff, 0xfb, 0x0, 0xf, 0xc0, 0x0,
    0x0, 0xf, 0xc0, 0x0, 0x0, 0xf, 0xc0, 0x0,
    0x0, 0xf, 0xc0, 0x0, 0x0, 0xf, 0xc0, 0x0,
    0xe8, 0xf, 0xc0, 0x0, 0xdd, 0x8f, 0x90, 0x0,
    0x4d, 0xfb, 0x10, 0x0,

    /* U+0192 "ƒ" */
    0x0, 0x0, 0xaf, 0xfc, 0x0, 0x0, 0x7f, 0xc8,
    0x70, 0x0, 0x9, 0xf2, 0x0, 0x0, 0x6d, 0xff,
    0xff, 0x70, 0x4, 0x7c, 0xf9, 0x73, 0x0, 0x0,
    0x9f, 0x20, 0x0, 0x0, 0x9, 0xf2, 0x0, 0x0,
    0x0, 0x9f, 0x20, 0x0, 0x0, 0x9, 0xf2, 0x0,
    0x0, 0x0, 0x9f, 0x20, 0x0, 0x0, 0x9, 0xf2,
    0x0, 0x9, 0xb0, 0x9f, 0x20, 0x0, 0x8f, 0x7e,
    0xf0, 0x0, 0x1, 0xcf, 0xe5, 0x0, 0x0,

    /* U+0193 "Ɠ" */
    0x0, 0x0, 0x0, 0x0, 0x10, 0x0, 0x0, 0x4,
    0xff, 0x0, 0x0, 0x0, 0xcd, 0x60, 0x0, 0x0,
    0xe, 0x90, 0x0, 0x5c, 0xff, 0xf8, 0x0, 0x7f,
    0xea, 0x9c, 0x20, 0x1f, 0xe1, 0x0, 0x0, 0x5,
    0xf7, 0x0, 0x0, 0x0, 0x7f, 0x40, 0x8f, 0xfa,
    0x7, 0xf4, 0x4, 0x8f, 0xa0, 0x6f, 0x60, 0x0,
    0xfa, 0x1, 0xfd, 0x0, 0xf, 0xa0, 0x9, 0xfd,
    0x9a, 0xfa, 0x0, 0x7, 0xdf, 0xfc, 0x50,

    /* U+0194 "Ɣ" */
    0x7f, 0x40, 0x0, 0xed, 0x1, 0xfa, 0x0, 0x4f,
    0x60, 0xa, 0xf1, 0xa, 0xf0, 0x0, 0x3f, 0x60,
    0xf9, 0x0, 0x0, 0xdb, 0x5f, 0x30, 0x0, 0x7,
    0xfb, 0xc0, 0x0, 0x0, 0x1f, 0xf6, 0x0, 0x0,
    0x0, 0xaf, 0x0, 0x0, 0x0, 0xe, 0xf3, 0x0,
    0x0, 0x6, 0xfb, 0xb0, 0x0, 0x0, 0xba, 0x4f,
    0x0, 0x0, 0xb, 0xc7, 0xf1, 0x0, 0x0, 0x3e,
    0xf7, 0x0, 0x0,

    /* U+0195 "ƕ" */
    0x5f, 0x20, 0x0, 0x0, 0x5f, 0x20, 0x0, 0x0,
    0x5f, 0x20, 0x0, 0x0, 0x5f, 0xaf, 0x80, 0x9d,
    0x5f, 0xbc, 0xf0, 0x9d, 0x5f, 0x37, 0xf0, 0x9d,
    0x5f, 0x27, 0xf0, 0x9d, 0x5f, 0x27, 0xf0, 0x9d,
    0x5f, 0x27, 0xf0, 0x9d, 0x5f, 0x26, 0xf8, 0xeb,
    0x5f, 0x20, 0xbf, 0xd3,

    /* U+0196 "Ɩ" */
    0x8f, 0x50, 0x8, 0xf5, 0x0, 0x8f, 0x50, 0x8,
    0xf5, 0x0, 0x8f, 0x50, 0x8, 0xf5, 0x0, 0x8f,
    0x50, 0x7, 0xf6, 0x0, 0x4f, 0xe9, 0x90, 0x8e,
    0xfb,

    /* U+0197 "Ɨ" */
    0xaf, 0xff, 0xff, 0x2, 0x5c, 0xf6, 0x40, 0x0,
    0xaf, 0x0, 0x0, 0xa, 0xf0, 0x0, 0x6f, 0xff,
    0xfc, 0x3, 0x8d, 0xf8, 0x60, 0x0, 0xaf, 0x0,
    0x0, 0xa, 0xf0, 0x0, 0x25, 0xcf, 0x63, 0xa,
    0xff, 0xff, 0xf0,

    /* U+0198 "Ƙ" */
    0x4f, 0x70, 0x3, 0xdf, 0x14, 0xf7, 0x2, 0xfd,
    0x60, 0x4f, 0x70, 0xce, 0x10, 0x4, 0xf7, 0x8f,
    0x50, 0x0, 0x4f, 0xbf, 0xb0, 0x0, 0x4, 0xff,
    0xff, 0x20, 0x0, 0x4f, 0xb2, 0xfb, 0x0, 0x4,
    0xf7, 0x8, 0xf5, 0x0, 0x4f, 0x70, 0x1e, 0xd0,
    0x4, 0xf7, 0x0, 0x6f, 0x70,

    /* U+0199 "ƙ" */
    0x4e, 0xf3, 0x0, 0x0, 0xdf, 0x82, 0x0, 0x0,
    0xed, 0x0, 0x0, 0x0, 0xed, 0x0, 0x8f, 0x70,
    0xed, 0x5, 0xfa, 0x0, 0xec, 0x3f, 0xc0, 0x0,
    0xed, 0xef, 0x30, 0x0, 0xef, 0xdf, 0xc0, 0x0,
    0xee, 0x16, 0xf7, 0x0, 0xed, 0x0, 0xcf, 0x20,
    0xed, 0x0, 0x2f, 0xc0,

    /* U+019A "ƚ" */
    0xb, 0xff, 0xf4, 0x0, 0x2, 0x5b, 0xf4, 0x0,
    0x0, 0x7, 0xf4, 0x0, 0x0, 0x7, 0xf4, 0x0,
    0x0, 0x18, 0xf5, 0x10, 0x5, 0xff, 0xff, 0xf2,
    0x1, 0x49, 0xf7, 0x40, 0x0, 0x7, 0xf4, 0x0,
    0x0, 0x7, 0xf4, 0x0, 0x3, 0x5a, 0xf9, 0x41,
    0xf, 0xff, 0xff, 0xfa,

    /* U+019B "ƛ" */
    0xf, 0xf9, 0x0, 0x0, 0x0, 0x8b, 0xfa, 0xb1,
    0x0, 0x2, 0xcf, 0xf7, 0x0, 0x0, 0x16, 0xbf,
    0x20, 0x0, 0x0, 0xe, 0xf7, 0x0, 0x0, 0x6,
    0xfe, 0xc0, 0x0, 0x0, 0xcd, 0x8f, 0x10, 0x0,
    0x3f, 0x73, 0xf6, 0x0, 0x9, 0xf1, 0xe, 0xc0,
    0x0, 0xfb, 0x0, 0x9f, 0x71, 0x6f, 0x50, 0x2,
    0xdf, 0x20,

    /* U+019C "Ɯ" */
    0x6f, 0x29, 0xf0, 0xbc, 0x6f, 0x29, 0xf0, 0xbc,
    0x6f, 0x29, 0xf0, 0xbc, 0x6f, 0x29, 0xf0, 0xbc,
    0x6f, 0x29, 0xf0, 0xbc, 0x6f, 0x29, 0xf0, 0xbc,
    0x6f, 0x29, 0xf0, 0xbc, 0x6f, 0x2a, 0xf0, 0xcc,
    0x4f, 0xae, 0xf9, 0xfc, 0xd, 0xe4, 0xed, 0x9c,

    /* U+019D "Ɲ" */
    0x4, 0xff, 0x40, 0xf, 0xa0, 0x4f, 0xfa, 0x0,
    0xfa, 0x4, 0xfa, 0xf1, 0xf, 0xa0, 0x4f, 0x6f,
    0x60, 0xfa, 0x4, 0xf5, 0xbc, 0xf, 0xa0, 0x4f,
    0x65, 0xf2, 0xfa, 0x4, 0xf7, 0xf, 0x8e, 0xa0,
    0x4f, 0x70, 0x9e, 0xea, 0x4, 0xf7, 0x3, 0xff,
    0xa0, 0x4f, 0x70, 0xd, 0xfa, 0x4, 0xf5, 0x0,
    0x0, 0x1, 0x7f, 0x40, 0x0, 0x0, 0xcf, 0xd0,
    0x0, 0x0, 0x2, 0x40, 0x0, 0x0, 0x0,

    /* U+019E "ƞ" */
    0x1f, 0x7a, 0xff, 0x90, 0x1f, 0xfa, 0x5c, 0xf5,
    0x1f, 0xe0, 0x3, 0xf8, 0x1f, 0xa0, 0x2, 0xf9,
    0x1f, 0xa0, 0x2, 0xf9, 0x1f, 0xa0, 0x4, 0xfa,
    0x1f, 0xa0, 0x4, 0xfa, 0x1f, 0xa0, 0x4, 0xfa,
    0x0, 0x0, 0x2, 0xf9, 0x0, 0x0, 0x2, 0xf9,
    0x0, 0x0, 0x2, 0xf9,

    /* U+019F "Ɵ" */
    0x0, 0x9e, 0xfc, 0x30, 0xb, 0xfb, 0x9f, 0xf2,
    0x2f, 0xb0, 0x5, 0xf8, 0x6f, 0x60, 0x0, 0xfc,
    0x7f, 0xff, 0xff, 0xfd, 0x7f, 0xa8, 0x88, 0xfd,
    0x6f, 0x60, 0x0, 0xfc, 0x2f, 0xb0, 0x5, 0xf8,
    0xb, 0xfb, 0x9f, 0xf2, 0x0, 0x9f, 0xfc, 0x30,

    /* U+01A0 "Ơ" */
    0x0, 0x0, 0x0, 0x0, 0x10, 0x0, 0x0, 0x0,
    0xca, 0x0, 0x0, 0x0, 0xb, 0xc0, 0x9, 0xef,
    0xc5, 0xe7, 0xb, 0xfb, 0x9f, 0xfa, 0x2, 0xfb,
    0x0, 0x5f, 0x80, 0x6f, 0x60, 0x0, 0xfc, 0x7,
    0xf4, 0x0, 0xe, 0xd0, 0x7f, 0x40, 0x0, 0xed,
    0x6, 0xf6, 0x0, 0xf, 0xc0, 0x2f, 0xb0, 0x5,
    0xf8, 0x0, 0xbf, 0xb9, 0xff, 0x20, 0x0, 0x9f,
    0xfc, 0x30, 0x0,

    /* U+01A1 "ơ" */
    0x0, 0x0, 0x0, 0x6, 0x20, 0x0, 0x0, 0x2,
    0xf7, 0x0, 0x0, 0x0, 0xf, 0x60, 0x9, 0xef,
    0xca, 0xe1, 0xb, 0xfa, 0x8e, 0xf4, 0x2, 0xfa,
    0x0, 0x4f, 0x80, 0x5f, 0x60, 0x0, 0xfb, 0x5,
    0xf6, 0x0, 0xf, 0xb0, 0x2f, 0xa0, 0x4, 0xf8,
    0x0, 0xbf, 0xa7, 0xef, 0x20, 0x0, 0x9e, 0xfc,
    0x40, 0x0,

    /* U+01A2 "Ƣ" */
    0x0, 0x1a, 0xef, 0xea, 0x14, 0xcf, 0xfb, 0x20,
    0x1, 0xef, 0xb8, 0xbf, 0xef, 0xa8, 0xbf, 0xd0,
    0x9, 0xf7, 0x0, 0x7, 0xf9, 0x0, 0xb, 0xf3,
    0xe, 0xf0, 0x0, 0x0, 0xfd, 0x0, 0x7, 0xf5,
    0xf, 0xd0, 0x0, 0x0, 0xdf, 0x0, 0x6, 0xf5,
    0xf, 0xd0, 0x0, 0x0, 0xdf, 0x0, 0x6, 0xf5,
    0xe, 0xf0, 0x0, 0x0, 0xfd, 0x0, 0x6, 0xf5,
    0x9, 0xf7, 0x0, 0x7, 0xf9, 0x0, 0x6, 0xf5,
    0x1, 0xef, 0xb8, 0xbf, 0xe1, 0x0, 0x6, 0xf5,
    0x0, 0x1a, 0xef, 0xe9, 0x10, 0x0, 0x6, 0xf5,

    /* U+01A3 "ƣ" */
    0x9, 0xfd, 0x5e, 0xf4, 0x4f, 0x9e, 0xf8, 0xfb,
    0x7f, 0x8, 0xf0, 0xcc, 0x9f, 0x7, 0xf1, 0xcc,
    0x9f, 0x7, 0xf1, 0xcc, 0x7f, 0x8, 0xf0, 0xcc,
    0x3f, 0x9d, 0xb0, 0xcc, 0x8, 0xfd, 0x20, 0xcc,
    0x0, 0x0, 0x0, 0xcc, 0x0, 0x0, 0x0, 0xcc,
    0x0, 0x0, 0x0, 0xcc,

    /* U+01A4 "Ƥ" */
    0x6, 0xef, 0xff, 0xe9, 0x0, 0xfc, 0xfd, 0x8c,
    0xf7, 0xf, 0x6f, 0xb0, 0x1f, 0xb0, 0x0, 0xfb,
    0x1, 0xfb, 0x0, 0xf, 0xd8, 0xdf, 0x60, 0x0,
    0xff, 0xfe, 0x70, 0x0, 0xf, 0xb0, 0x0, 0x0,
    0x0, 0xfb, 0x0, 0x0, 0x0, 0xf, 0xb0, 0x0,
    0x0, 0x0, 0xfb, 0x0, 0x0,

    /* U+01A5 "ƥ" */
    0x7, 0xee, 0x0, 0x0, 0xf, 0xe8, 0x0, 0x0,
    0x1f, 0x90, 0x0, 0x0, 0x1f, 0xaa, 0xfe, 0x60,
    0x1f, 0xfb, 0x8e, 0xf3, 0x1f, 0xd0, 0x4, 0xf9,
    0x1f, 0xa0, 0x0, 0xfb, 0x1f, 0xa0, 0x0, 0xfb,
    0x1f, 0xd0, 0x4, 0xf9, 0x1f, 0xfb, 0x8e, 0xf3,
    0x1f, 0xaa, 0xfe, 0x60, 0x1f, 0x90, 0x0, 0x0,
    0x1f, 0x90, 0x0, 0x0, 0x1f, 0x90, 0x0, 0x0,

    /* U+01A6 "Ʀ" */
    0xce, 0x0, 0x0, 0x0, 0xcf, 0xff, 0xb3, 0x0,
    0xcf, 0x8a, 0xfe, 0x0, 0xce, 0x0, 0x9f, 0x40,
    0xce, 0x0, 0x7f, 0x50, 0xce, 0x2, 0xdf, 0x10,
    0xcf, 0xff, 0xf5, 0x0, 0xcf, 0x8e, 0xc0, 0x0,
    0xce, 0x6, 0xf5, 0x0, 0xce, 0x0, 0xde, 0x0,
    0x0, 0x0, 0x4f, 0x80, 0x0, 0x0, 0x7, 0x70,

    /* U+01A7 "Ƨ" */
    0x8, 0xdf, 0xfb, 0x20, 0x9, 0xb8, 0xaf, 0xe0,
    0x0, 0x0, 0xb, 0xf2, 0x0, 0x0, 0x2e, 0xe0,
    0x0, 0x29, 0xff, 0x40, 0x6, 0xff, 0x81, 0x0,
    0xf, 0xd1, 0x0, 0x0, 0x1f, 0xb0, 0x0, 0x0,
    0xd, 0xfa, 0x89, 0xd5, 0x1, 0xae, 0xfe, 0xb2,

    /* U+01A8 "ƨ" */
    0x5c, 0xff, 0xc4, 0x5, 0xb8, 0x8e, 0xe0, 0x0,
    0x1, 0xdf, 0x0, 0x2a, 0xff, 0x70, 0x5f, 0xf9,
    0x20, 0xb, 0xf2, 0x0, 0x0, 0x9f, 0xa8, 0x9d,
    0x21, 0xae, 0xfe, 0xb1,

    /* U+01A9 "Ʃ" */
    0xbf, 0xff, 0xfe, 0x9, 0xfb, 0x88, 0x70, 0xc,
    0xf2, 0x0, 0x0, 0x1e, 0xe1, 0x0, 0x0, 0x2f,
    0xc0, 0x0, 0x7, 0xf7, 0x0, 0x3, 0xfa, 0x0,
    0x1, 0xed, 0x0, 0x0, 0xaf, 0x97, 0x77, 0x2c,
    0xff, 0xff, 0xf4,

    /* U+01AA "ƪ" */
    0xb, 0xfe, 0x60, 0x0, 0x5f, 0x3b, 0xf0, 0x0,
    0x1d, 0xff, 0xf1, 0x0, 0x0, 0x1a, 0xf1, 0x0,
    0x0, 0x9, 0xf1, 0x0, 0x0, 0x9, 0xf1, 0x0,
    0x0, 0x9, 0xf1, 0x0, 0x0, 0x9, 0xf1, 0x0,
    0x0, 0x9, 0xf1, 0x0, 0x0, 0x9, 0xf1, 0x0,
    0x0, 0x9, 0xf1, 0x0, 0x0, 0x9, 0xf2, 0x0,
    0x0, 0x7, 0xfb, 0x77, 0x0, 0x0, 0xbf, 0xf8,

    /* U+01AB "ƫ" */
    0x0, 0x7, 0x20, 0x0, 0x0, 0x1f, 0x50, 0x0,
    0x0, 0x4f, 0x50, 0x0, 0x2d, 0xff, 0xff, 0xf4,
    0x17, 0xaf, 0xa7, 0x71, 0x0, 0x6f, 0x50, 0x0,
    0x0, 0x6f, 0x50, 0x0, 0x0, 0x6f, 0x50, 0x0,
    0x0, 0x5f, 0x60, 0x0, 0x0, 0x2f, 0xe8, 0x84,
    0x0, 0x6, 0xef, 0xf7, 0x0, 0x0, 0x2, 0xf6,
    0x0, 0x0, 0x38, 0xf5, 0x0, 0x0, 0x7f, 0xb0,

    /* U+01AC "Ƭ" */
    0x6, 0xef, 0xff, 0xff, 0xf0, 0xfd, 0x9d, 0xfa,
    0x98, 0xf, 0x60, 0x9f, 0x20, 0x0, 0x0, 0x9,
    0xf2, 0x0, 0x0, 0x0, 0x9f, 0x20, 0x0, 0x0,
    0x9, 0xf2, 0x0, 0x0, 0x0, 0x9f, 0x20, 0x0,
    0x0, 0x9, 0xf2, 0x0, 0x0, 0x0, 0x9f, 0x20,
    0x0, 0x0, 0x9, 0xf2, 0x0,

    /* U+01AD "ƭ" */
    0x0, 0x9, 0xff, 0x30, 0x0, 0x4f, 0xc8, 0x20,
    0x0, 0x6f, 0x50, 0x0, 0x2c, 0xff, 0xff, 0xf4,
    0x17, 0xaf, 0xa7, 0x71, 0x0, 0x6f, 0x50, 0x0,
    0x0, 0x6f, 0x50, 0x0, 0x0, 0x6f, 0x50, 0x0,
    0x0, 0x5f, 0x60, 0x0, 0x0, 0x2f, 0xe8, 0x84,
    0x0, 0x6, 0xef, 0xe4,

    /* U+01AE "Ʈ" */
    0x8f, 0xff, 0xff, 0xfe, 0x49, 0x9d, 0xf9, 0x98,
    0x0, 0xa, 0xf1, 0x0, 0x0, 0xa, 0xf1, 0x0,
    0x0, 0xa, 0xf1, 0x0, 0x0, 0xa, 0xf1, 0x0,
    0x0, 0xa, 0xf1, 0x0, 0x0, 0xa, 0xf1, 0x0,
    0x0, 0xa, 0xf1, 0x0, 0x0, 0xa, 0xf1, 0x0,
    0x0, 0xa, 0xf1, 0x0, 0x0, 0xa, 0xf3, 0x0,
    0x0, 0x5, 0xff, 0x90, 0x0, 0x0, 0x47, 0x30,

    /* U+01AF "Ư" */
    0x0, 0x0, 0x0, 0x1, 0x30, 0x0, 0x0, 0x0,
    0xdb, 0x0, 0x0, 0x0, 0xb, 0xb4, 0xf8, 0x0,
    0x1f, 0xf5, 0x4f, 0x80, 0x1, 0xfb, 0x4, 0xf8,
    0x0, 0x1f, 0xa0, 0x4f, 0x80, 0x1, 0xfa, 0x4,
    0xf8, 0x0, 0x1f, 0xa0, 0x4f, 0x80, 0x1, 0xfa,
    0x3, 0xf8, 0x0, 0x2f, 0xa0, 0x2f, 0xb0, 0x5,
    0xf8, 0x0, 0xcf, 0xb9, 0xef, 0x20, 0x1, 0xaf,
    0xfc, 0x40, 0x0,

    /* U+01B0 "ư" */
    0x0, 0x0, 0x0, 0x0, 0x0, 0x0, 0x0, 0x0,
    0x6, 0xd0, 0x0, 0x0, 0x0, 0x7, 0xf1, 0x0,
    0x0, 0x0, 0x8, 0xe0, 0x2f, 0x90, 0x4, 0xff,
    0x40, 0x2f, 0x90, 0x4, 0xf8, 0x0, 0x2f, 0x90,
    0x4, 0xf8, 0x0, 0x2f, 0x90, 0x4, 0xf8, 0x0,
    0x2f, 0x90, 0x4, 0xf8, 0x0, 0x2f, 0xa0, 0x8,
    0xf8, 0x0, 0xe, 0xf8, 0x8e, 0xf8, 0x0, 0x4,
    0xdf, 0xd3, 0xf8, 0x0,

    /* U+01B1 "Ʊ" */
    0xcf, 0xf9, 0x3f, 0xff, 0x25, 0x7f, 0x71, 0xfb,
    0x61, 0xa, 0xc0, 0x6, 0xf1, 0x1, 0xf7, 0x0,
    0x1f, 0x70, 0x4f, 0x40, 0x0, 0xeb, 0x5, 0xf4,
    0x0, 0xe, 0xc0, 0x5f, 0x50, 0x0, 0xfb, 0x2,
    0xfa, 0x0, 0x4f, 0x80, 0xb, 0xfa, 0x9e, 0xf2,
    0x0, 0x9, 0xef, 0xc3, 0x0,

    /* U+01B2 "Ʋ" */
    0x2f, 0x90, 0x9f, 0xd1, 0x2f, 0x90, 0x6b, 0xf8,
    0x2f, 0x90, 0x2, 0xf9, 0x2f, 0x90, 0x3, 0xf8,
    0x2f, 0x90, 0x4, 0xf6, 0x2f, 0x90, 0x7, 0xf3,
    0x2f, 0x90, 0xb, 0xf0, 0x1f, 0xb0, 0x3f, 0x90,
    0xd, 0xfa, 0xee, 0x10, 0x3, 0xdf, 0xc3, 0x0,

    /* U+01B3 "Ƴ" */
    0x6f, 0x70, 0x0, 0xcf, 0x50, 0xed, 0x0, 0x7f,
    0x72, 0x6, 0xf5, 0xe, 0xb0, 0x0, 0xe, 0xc5,
    0xf4, 0x0, 0x0, 0x7f, 0xdd, 0x0, 0x0, 0x0,
    0xef, 0x50, 0x0, 0x0, 0xa, 0xf1, 0x0, 0x0,
    0x0, 0xaf, 0x10, 0x0, 0x0, 0xa, 0xf1, 0x0,
    0x0, 0x0, 0xaf, 0x10, 0x0,

    /* U+01B4 "ƴ" */
    0x9f, 0x40, 0x0, 0xcf, 0x52, 0xfa, 0x0, 0x6f,
    0x61, 0xc, 0xf0, 0xc, 0xc0, 0x0, 0x5f, 0x51,
    0xf7, 0x0, 0x0, 0xeb, 0x6f, 0x10, 0x0, 0x8,
    0xfc, 0xb0, 0x0, 0x0, 0x2f, 0xf6, 0x0, 0x0,
    0x0, 0xcf, 0x10, 0x0, 0x0, 0x2f, 0xa0, 0x0,
    0x2, 0x8d, 0xf3, 0x0, 0x0, 0x4f, 0xe5, 0x0,
    0x0, 0x0,

    /* U+01B5 "Ƶ" */
    0x7f, 0xff, 0xff, 0x44, 0x88, 0x8e, 0xf2, 0x0,
    0x3, 0xf8, 0x1, 0x22, 0xcf, 0x30, 0x7f, 0xff,
    0xff, 0x12, 0x5f, 0xd5, 0x50, 0x8, 0xf3, 0x0,
    0x1, 0xfa, 0x0, 0x0, 0xaf, 0xa9, 0x99, 0x2c,
    0xff, 0xff, 0xf4,

    /* U+01B6 "ƶ" */
    0xbf, 0xff, 0xff, 0x34, 0x66, 0x7f, 0xe1, 0x0,
    0xb, 0xf5, 0x7, 0xff, 0xff, 0xe0, 0x17, 0xfc,
    0x33, 0x1, 0xee, 0x10, 0x0, 0xbf, 0xa7, 0x77,
    0x2f, 0xff, 0xff, 0xf5,

    /* U+01B7 "Ʒ" */
    0x2f, 0xff, 0xff, 0xf2, 0x19, 0x99, 0xcf, 0xd0,
    0x0, 0x3, 0xfc, 0x10, 0x0, 0x4f, 0xc0, 0x0,
    0x0, 0xef, 0xc9, 0x20, 0x0, 0x67, 0x9f, 0xf3,
    0x0, 0x0, 0x4, 0xf8, 0x0, 0x0, 0x5, 0xf8,
    0x7c, 0x97, 0x9f, 0xf3, 0x4c, 0xef, 0xeb, 0x30,

    /* U+01B8 "Ƹ" */
    0xc, 0xff, 0xff, 0xf9, 0x7, 0xfe, 0x99, 0x95,
    0x0, 0x7f, 0x90, 0x0, 0x0, 0x6, 0xfa, 0x0,
    0x0, 0x7b, 0xff, 0x50, 0xc, 0xfb, 0x77, 0x20,
    0x2f, 0xb0, 0x0, 0x0, 0x2f, 0xc0, 0x0, 0x0,
    0xc, 0xfb, 0x88, 0xad, 0x0, 0x8d, 0xff, 0xd8,

    /* U+01B9 "ƹ" */
    0xd, 0xff, 0xff, 0xf9, 0x8, 0xfc, 0x66, 0x64,
    0x0, 0x8f, 0x60, 0x0, 0x0, 0x7, 0xf7, 0x0,
    0x0, 0x49, 0xff, 0x30, 0x7, 0xfe, 0xa9, 0x20,
    0xf, 0xd0, 0x0, 0x0, 0x2f, 0xa0, 0x0, 0x0,
    0xf, 0xd0, 0x0, 0x0, 0x9, 0xfc, 0x88, 0xac,
    0x0, 0x7d, 0xff, 0xd7,

    /* U+01BA "ƺ" */
    0x1f, 0xff, 0xff, 0xf2, 0x6, 0x66, 0xcf, 0xb0,
    0x0, 0x9, 0xf7, 0x0, 0x0, 0xaf, 0xd7, 0x10,
    0x0, 0x7a, 0xbf, 0xf2, 0x0, 0x0, 0x5, 0xf7,
    0x0, 0x2, 0x3a, 0xf5, 0x9, 0xff, 0xff, 0xa0,
    0x3f, 0xa5, 0x41, 0x0, 0x2f, 0xb6, 0x68, 0x80,
    0x6, 0xdf, 0xfd, 0x60,

    /* U+01BB "ƻ" */
    0x2, 0xaf, 0xfc, 0x30, 0xd, 0xea, 0x9f, 0xf1,
    0x1, 0x0, 0x8, 0xf5, 0x0, 0x0, 0x8, 0xf4,
    0xe, 0xff, 0xff, 0xf9, 0x3, 0x34, 0xef, 0x42,
    0x0, 0x1d, 0xf3, 0x0, 0x1, 0xde, 0x30, 0x0,
    0xd, 0xfb, 0x99, 0x97, 0x2f, 0xff, 0xff, 0xfb,

    /* U+01BC "Ƽ" */
    0x4f, 0xff, 0xff, 0xf3, 0x29, 0xfe, 0x99, 0x91,
    0x0, 0xfc, 0x0, 0x0, 0x0, 0xfe, 0x85, 0x0,
    0x0, 0xff, 0xff, 0xb0, 0x0, 0x0, 0x1b, 0xf5,
    0x0, 0x0, 0x5, 0xf8, 0x0, 0x0, 0x7, 0xf6,
    0xd, 0xa8, 0xaf, 0xe1, 0x9, 0xef, 0xeb, 0x20,

    /* U+01BD "ƽ" */
    0x1f, 0xff, 0xff, 0xf1, 0x6, 0xee, 0x66, 0x60,
    0x0, 0xdc, 0x0, 0x0, 0x0, 0xdf, 0xfe, 0x80,
    0x0, 0x34, 0x5c, 0xf4, 0x0, 0x0, 0x5, 0xf6,
    0x2c, 0x86, 0x8e, 0xf2, 0x1b, 0xef, 0xfb, 0x30,

    /* U+01BE "ƾ" */
    0x0, 0xf, 0x50, 0x0, 0x0, 0x3f, 0x50, 0x0,
    0x2c, 0xff, 0xff, 0xf4, 0x17, 0xaf, 0xa7, 0x71,
    0x0, 0x5f, 0x60, 0x0, 0x0, 0x2f, 0xf9, 0x10,
    0x0, 0x4, 0xcf, 0xd0, 0x0, 0x0, 0xa, 0xf2,
    0xc, 0x97, 0x8e, 0xe0, 0x8, 0xef, 0xfb, 0x30,

    /* U+01BF "ƿ" */
    0xf9, 0x9f, 0xf9, 0xf, 0xf9, 0x5c, 0xf6, 0xfe,
    0x0, 0x2f, 0xbf, 0xc0, 0x1, 0xfc, 0xfc, 0x0,
    0x5f, 0x9f, 0xc0, 0x3e, 0xf2, 0xfe, 0xcf, 0xf5,
    0xf, 0xfb, 0x71, 0x0, 0xfc, 0x0, 0x0, 0xf,
    0xc0, 0x0, 0x0, 0xfc, 0x0, 0x0, 0x0,

    /* U+01C0 "ǀ" */
    0x7e, 0x7e, 0x7e, 0x7e, 0x7e, 0x7e, 0x7e, 0x7e,
    0x7e, 0x7e, 0x7e,

    /* U+01C1 "ǁ" */
    0x5f, 0x0, 0x9c, 0x5f, 0x0, 0x9c, 0x5f, 0x0,
    0x9c, 0x5f, 0x0, 0x9c, 0x5f, 0x0, 0x9c, 0x5f,
    0x0, 0x9c, 0x5f, 0x0, 0x9c, 0x5f, 0x0, 0x9c,
    0x5f, 0x0, 0x9c, 0x5f, 0x0, 0x9c, 0x5f, 0x0,
    0x9c,

    /* U+01C2 "ǂ" */
    0x0, 0x7e, 0x0, 0x0, 0x7, 0xe0, 0x0, 0x0,
    0x7e, 0x0, 0xa, 0xff, 0xff, 0xf0, 0x24, 0xae,
    0x44, 0x0, 0x8, 0xe0, 0x0, 0xaf, 0xff, 0xff,
    0x2, 0x39, 0xe3, 0x30, 0x0, 0x7e, 0x0, 0x0,
    0x7, 0xe0, 0x0, 0x0, 0x7e, 0x0, 0x0,

    /* U+01C3 "ǃ" */
    0xdf, 0x3c, 0xf2, 0xbf, 0x2b, 0xf1, 0xaf, 0x1a,
    0xf0, 0x9f, 0x3, 0x50, 0xdf, 0x3a, 0xe2,

    /* U+01C4 "Ǆ" */
    0x0, 0x0, 0x0, 0x0, 0x7, 0x30, 0x36, 0x0,
    0x0, 0x0, 0x0, 0x0, 0x3f, 0xaf, 0x30, 0x0,
    0x0, 0x0, 0x0, 0x0, 0x48, 0x40, 0x0, 0x0,
    0x0, 0x0, 0x0, 0x0, 0x0, 0x0, 0x9f, 0xff,
    0xd7, 0x0, 0x6f, 0xff, 0xff, 0x59, 0xf9, 0x9d,
    0xf9, 0x3, 0x88, 0x8d, 0xf3, 0x9f, 0x20, 0xc,
    0xf2, 0x0, 0x2, 0xfa, 0x9, 0xf2, 0x0, 0x5f,
    0x60, 0x0, 0xaf, 0x10, 0x9f, 0x20, 0x3, 0xf8,
    0x0, 0x4f, 0x70, 0x9, 0xf2, 0x0, 0x3f, 0x80,
    0xd, 0xe0, 0x0, 0x9f, 0x20, 0x6, 0xf6, 0x6,
    0xf5, 0x0, 0x9, 0xf2, 0x0, 0xdf, 0x11, 0xec,
    0x0, 0x0, 0x9f, 0x99, 0xef, 0x70, 0x8f, 0xa8,
    0x88, 0x39, 0xff, 0xfc, 0x50, 0xb, 0xff, 0xff,
    0xf6,

    /* U+01C5 "ǅ" */
    0x0, 0x0, 0x0, 0x0, 0x0, 0x7d, 0x15, 0xe1,
    0x4f, 0xff, 0xe9, 0x10, 0x0, 0xc, 0xdf, 0x50,
    0x4f, 0xc8, 0xbf, 0xd0, 0x0, 0x2, 0x87, 0x0,
    0x4f, 0x70, 0x7, 0xf7, 0x5, 0xff, 0xff, 0xfa,
    0x4f, 0x70, 0x0, 0xfc, 0x2, 0x66, 0x6d, 0xf6,
    0x4f, 0x70, 0x0, 0xed, 0x0, 0x0, 0x4f, 0xa0,
    0x4f, 0x70, 0x0, 0xed, 0x0, 0x1, 0xed, 0x0,
    0x4f, 0x70, 0x1, 0xfb, 0x0, 0xc, 0xf2, 0x0,
    0x4f, 0x70, 0x8, 0xf6, 0x0, 0x8f, 0x50, 0x0,
    0x4f, 0xc8, 0xcf, 0xc0, 0x4, 0xfe, 0x88, 0x86,
    0x4f, 0xff, 0xe8, 0x0, 0x9, 0xff, 0xff, 0xfc,

    /* U+01C6 "ǆ" */
    0x0, 0x0, 0x3, 0xf8, 0x0, 0x7c, 0x29, 0xc0,
    0x0, 0x0, 0x3, 0xf8, 0x0, 0xb, 0xfe, 0x10,
    0x0, 0x0, 0x3, 0xf8, 0x0, 0x1, 0x32, 0x0,
    0x2, 0xcf, 0xd7, 0xf8, 0x5, 0xff, 0xff, 0xfa,
    0xd, 0xfa, 0x8e, 0xf8, 0x2, 0x77, 0x7d, 0xf8,
    0x3f, 0xb0, 0x5, 0xf8, 0x0, 0x0, 0x4f, 0xc0,
    0x5f, 0x70, 0x2, 0xf8, 0x0, 0x1, 0xee, 0x10,
    0x5f, 0x60, 0x2, 0xf8, 0x0, 0xc, 0xf3, 0x0,
    0x3f, 0xa0, 0x5, 0xf8, 0x0, 0x9f, 0x60, 0x0,
    0xd, 0xf9, 0x8e, 0xf8, 0x5, 0xfe, 0x77, 0x75,
    0x2, 0xcf, 0xd3, 0xf8, 0x9, 0xff, 0xff, 0xfc,

    /* U+01C7 "Ǉ" */
    0x9f, 0x20, 0x0, 0x0, 0x0, 0x0, 0x9f, 0x29,
    0xf2, 0x0, 0x0, 0x0, 0x0, 0x9, 0xf2, 0x9f,
    0x20, 0x0, 0x0, 0x0, 0x0, 0x9f, 0x29, 0xf2,
    0x0, 0x0, 0x0, 0x0, 0x9, 0xf2, 0x9f, 0x20,
    0x0, 0x0, 0x0, 0x0, 0x9f, 0x29, 0xf2, 0x0,
    0x0, 0x0, 0x0, 0x9, 0xf2, 0x9f, 0x20, 0x0,
    0x0, 0x0, 0x0, 0x9f, 0x29, 0xf2, 0x0, 0x0,
    0x0, 0x0, 0xc, 0xf0, 0x9f, 0xa9, 0x99, 0x30,
    0x4b, 0x9c, 0xfb, 0x9, 0xff, 0xff, 0xf5, 0x4,
    0xef, 0xfa, 0x10,

    /* U+01C8 "ǈ" */
    0x0, 0x0, 0x0, 0x0, 0x0, 0xa, 0xf2, 0x9f,
    0x20, 0x0, 0x0, 0x0, 0xc, 0xf3, 0x9f, 0x20,
    0x0, 0x0, 0x0, 0x1, 0x20, 0x9f, 0x20, 0x0,
    0x0, 0xc, 0xff, 0xf3, 0x9f, 0x20, 0x0, 0x0,
    0x4, 0x6c, 0xf3, 0x9f, 0x20, 0x0, 0x0, 0x0,
    0x8, 0xf3, 0x9f, 0x20, 0x0, 0x0, 0x0, 0x8,
    0xf3, 0x9f, 0x20, 0x0, 0x0, 0x0, 0x8, 0xf3,
    0x9f, 0x20, 0x0, 0x0, 0x0, 0x8, 0xf3, 0x9f,
    0xa9, 0x99, 0x30, 0x0, 0x8, 0xf3, 0x9f, 0xff,
    0xff, 0x50, 0x0, 0x8, 0xf3, 0x0, 0x0, 0x0,
    0x0, 0x0, 0x9, 0xf3, 0x0, 0x0, 0x0, 0x0,
    0x99, 0xaf, 0xe0, 0x0, 0x0, 0x0, 0x0, 0xbf,
    0xfc, 0x30,

    /* U+01C9 "ǉ" */
    0xb, 0xff, 0xf4, 0x0, 0x0, 0x0, 0xaf, 0x30,
    0x25, 0xbf, 0x40, 0x0, 0x0, 0xb, 0xf3, 0x0,
    0x7, 0xf4, 0x0, 0x0, 0x0, 0x0, 0x0, 0x0,
    0x7f, 0x40, 0x0, 0xc, 0xff, 0xf3, 0x0, 0x7,
    0xf4, 0x0, 0x0, 0x46, 0xbf, 0x30, 0x0, 0x7f,
    0x40, 0x0, 0x0, 0x8, 0xf3, 0x0, 0x7, 0xf4,
    0x0, 0x0, 0x0, 0x8f, 0x30, 0x0, 0x7f, 0x40,
    0x0, 0x0, 0x8, 0xf3, 0x0, 0x7, 0xf4, 0x0,
    0x0, 0x0, 0x8f, 0x30, 0x36, 0xbf, 0xa5, 0x20,
    0x0, 0x8, 0xf3, 0xf, 0xff, 0xff, 0xfa, 0x0,
    0x0, 0x8f, 0x30, 0x0, 0x0, 0x0, 0x0, 0x0,
    0x9, 0xf3, 0x0, 0x0, 0x0, 0x0, 0x9, 0x9a,
    0xfe, 0x0, 0x0, 0x0, 0x0, 0x0, 0xbf, 0xfc,
    0x30,

    /* U+01CA "Ǌ" */
    0x4f, 0xf4, 0x0, 0xfa, 0x0, 0x0, 0x9, 0xf2,
    0x4f, 0xfa, 0x0, 0xfa, 0x0, 0x0, 0x9, 0xf2,
    0x4f, 0xbf, 0x10, 0xfa, 0x0, 0x0, 0x9, 0xf2,
    0x4f, 0x6f, 0x60, 0xfa, 0x0, 0x0, 0x9, 0xf2,
    0x4f, 0x5b, 0xc0, 0xfa, 0x0, 0x0, 0x9, 0xf2,
    0x4f, 0x55, 0xf2, 0xfa, 0x0, 0x0, 0x9, 0xf2,
    0x4f, 0x50, 0xf8, 0xea, 0x0, 0x0, 0x9, 0xf2,
    0x4f, 0x50, 0x9e, 0xea, 0x0, 0x0, 0xb, 0xf0,
    0x4f, 0x50, 0x3f, 0xfa, 0x3, 0x97, 0xaf, 0xb0,
    0x4f, 0x50, 0xd, 0xfa, 0x4, 0xef, 0xfa, 0x10,

    /* U+01CB "ǋ" */
    0x0, 0x0, 0x0, 0x0, 0x0, 0x0, 0xaf, 0x24,
    0xff, 0x40, 0xf, 0xa0, 0x0, 0xc, 0xf3, 0x4f,
    0xea, 0x0, 0xfa, 0x0, 0x0, 0x12, 0x4, 0xfa,
    0xf1, 0xf, 0xa0, 0xc, 0xff, 0xf3, 0x4f, 0x6f,
    0x60, 0xfa, 0x0, 0x46, 0xbf, 0x34, 0xf5, 0xac,
    0xf, 0xa0, 0x0, 0x8, 0xf3, 0x4f, 0x54, 0xf2,
    0xfa, 0x0, 0x0, 0x8f, 0x34, 0xf5, 0xe, 0x8e,
    0xa0, 0x0, 0x8, 0xf3, 0x4f, 0x50, 0x9e, 0xea,
    0x0, 0x0, 0x8f, 0x34, 0xf5, 0x3, 0xff, 0xa0,
    0x0, 0x8, 0xf3, 0x4f, 0x50, 0xd, 0xfa, 0x0,
    0x0, 0x8f, 0x30, 0x0, 0x0, 0x0, 0x0, 0x0,
    0x9, 0xf3, 0x0, 0x0, 0x0, 0x0, 0x9, 0x9a,
    0xfe, 0x0, 0x0, 0x0, 0x0, 0x0, 0xbf, 0xfc,
    0x30,

    /* U+01CC "ǌ" */
    0x0, 0x0, 0x0, 0x0, 0x0, 0x0, 0xaf, 0x20,
    0x0, 0x0, 0x0, 0x0, 0x0, 0xc, 0xf3, 0x0,
    0x0, 0x0, 0x0, 0x0, 0x0, 0x12, 0x1, 0xf7,
    0xaf, 0xf9, 0x0, 0xc, 0xff, 0xf3, 0x1f, 0xfa,
    0x5c, 0xf5, 0x0, 0x36, 0xbf, 0x31, 0xfe, 0x0,
    0x3f, 0x80, 0x0, 0x8, 0xf3, 0x1f, 0xa0, 0x2,
    0xf9, 0x0, 0x0, 0x8f, 0x31, 0xfa, 0x0, 0x2f,
    0x90, 0x0, 0x8, 0xf3, 0x1f, 0xa0, 0x2, 0xf9,
    0x0, 0x0, 0x8f, 0x31, 0xfa, 0x0, 0x2f, 0x90,
    0x0, 0x8, 0xf3, 0x1f, 0xa0, 0x2, 0xf9, 0x0,
    0x0, 0x8f, 0x30, 0x0, 0x0, 0x0, 0x0, 0x0,
    0x9, 0xf3, 0x0, 0x0, 0x0, 0x0, 0x9, 0x9a,
    0xfe, 0x0, 0x0, 0x0, 0x0, 0x0, 0xbf, 0xfc,
    0x30,

    /* U+01CD "Ǎ" */
    0x1, 0x71, 0x6, 0x40, 0x0, 0x7, 0xeb, 0xd1,
    0x0, 0x0, 0x6, 0x82, 0x0, 0x0, 0x0, 0x0,
    0x0, 0x0, 0x0, 0xf, 0xf6, 0x0, 0x0, 0x4,
    0xfe, 0xb0, 0x0, 0x0, 0x9e, 0x8f, 0x0, 0x0,
    0xe, 0xa4, 0xf4, 0x0, 0x2, 0xf6, 0xf, 0x90,
    0x0, 0x7f, 0x98, 0xee, 0x0, 0xc, 0xff, 0xff,
    0xf2, 0x1, 0xf9, 0x0, 0x3f, 0x70, 0x5f, 0x40,
    0x0, 0xec, 0xa, 0xf0, 0x0, 0xa, 0xf1,

    /* U+01CE "ǎ" */
    0x0, 0xd8, 0x2d, 0x80, 0x0, 0x2f, 0xfb, 0x0,
    0x0, 0x2, 0x41, 0x0, 0x5, 0xcf, 0xfc, 0x40,
    0x5, 0xb8, 0x7d, 0xf1, 0x0, 0x0, 0x5, 0xf5,
    0x3, 0xbe, 0xff, 0xf5, 0xe, 0xd4, 0x26, 0xf5,
    0x2f, 0x80, 0x7, 0xf5, 0x1f, 0xe7, 0x9f, 0xf5,
    0x6, 0xef, 0xc4, 0xf5,

    /* U+01CF "Ǐ" */
    0x17, 0x10, 0x64, 0x0, 0x7e, 0xbd, 0x10, 0x0,
    0x68, 0x20, 0x0, 0x0, 0x0, 0x0, 0xaf, 0xff,
    0xff, 0x2, 0x5c, 0xf6, 0x40, 0x0, 0xaf, 0x0,
    0x0, 0xa, 0xf0, 0x0, 0x0, 0xaf, 0x0, 0x0,
    0xa, 0xf0, 0x0, 0x0, 0xaf, 0x0, 0x0, 0xa,
    0xf0, 0x0, 0x25, 0xcf, 0x64, 0xa, 0xff, 0xff,
    0xf0,

    /* U+01D0 "ǐ" */
    0x1, 0xd7, 0x3e, 0x60, 0x0, 0x2f, 0xf8, 0x0,
    0x0, 0x1, 0x20, 0x0, 0xb, 0xff, 0xf4, 0x0,
    0x3, 0x6b, 0xf4, 0x0, 0x0, 0x7, 0xf4, 0x0,
    0x0, 0x7, 0xf4, 0x0, 0x0, 0x7, 0xf4, 0x0,
    0x0, 0x7, 0xf4, 0x0, 0x3, 0x6b, 0xf9, 0x52,
    0xf, 0xff, 0xff, 0xfa,

    /* U+01D1 "Ǒ" */
    0x1, 0x71, 0x6, 0x40, 0x0, 0x7e, 0xbd, 0x10,
    0x0, 0x6, 0x82, 0x0, 0x0, 0x0, 0x0, 0x0,
    0x0, 0x9e, 0xfc, 0x30, 0xb, 0xfb, 0x9f, 0xf2,
    0x2f, 0xb0, 0x5, 0xf8, 0x6f, 0x60, 0x0, 0xfc,
    0x7f, 0x40, 0x0, 0xed, 0x7f, 0x40, 0x0, 0xed,
    0x6f, 0x60, 0x0, 0xfc, 0x2f, 0xb0, 0x5, 0xf8,
    0xb, 0xfb, 0x9f, 0xf2, 0x0, 0x9f, 0xfc, 0x30,

    /* U+01D2 "ǒ" */
    0x1, 0xe7, 0x2d, 0x60, 0x0, 0x3f, 0xf9, 0x0,
    0x0, 0x3, 0x40, 0x0, 0x0, 0x9e, 0xfc, 0x30,
    0xb, 0xfa, 0x8e, 0xf2, 0x2f, 0xa0, 0x4, 0xf8,
    0x5f, 0x60, 0x0, 0xfb, 0x5f, 0x60, 0x0, 0xfb,
    0x2f, 0xa0, 0x4, 0xf8, 0xb, 0xfa, 0x7e, 0xf2,
    0x0, 0x9e, 0xfc, 0x40,

    /* U+01D3 "Ǔ" */
    0x1, 0x71, 0x6, 0x40, 0x0, 0x7e, 0xbd, 0x10,
    0x0, 0x6, 0x82, 0x0, 0x0, 0x0, 0x0, 0x0,
    0x4f, 0x80, 0x1, 0xfa, 0x4f, 0x80, 0x1, 0xfa,
    0x4f, 0x80, 0x1, 0xfa, 0x4f, 0x80, 0x1, 0xfa,
    0x4f, 0x80, 0x1, 0xfa, 0x4f, 0x80, 0x1, 0xfa,
    0x3f, 0x80, 0x2, 0xfa, 0x2f, 0xb0, 0x5, 0xf8,
    0xc, 0xfb, 0x9e, 0xf2, 0x1, 0xaf, 0xfc, 0x40,

    /* U+01D4 "ǔ" */
    0x1, 0xd7, 0x3e, 0x60, 0x0, 0x2f, 0xf8, 0x0,
    0x0, 0x1, 0x20, 0x0, 0x2f, 0x90, 0x4, 0xf8,
    0x2f, 0x90, 0x4, 0xf8, 0x2f, 0x90, 0x4, 0xf8,
    0x2f, 0x90, 0x4, 0xf8, 0x2f, 0x90, 0x4, 0xf8,
    0x2f, 0xa0, 0x8, 0xf8, 0xe, 0xf8, 0x8e, 0xf8,
    0x4, 0xdf, 0xd3, 0xf8,

    /* U+01D5 "Ǖ" */
    0x0, 0x0, 0x0, 0x0, 0x0, 0xef, 0xff, 0x40,
    0x0, 0x33, 0x33, 0x10, 0x3, 0xe5, 0xd, 0x80,
    0x3, 0xf5, 0xe, 0x90, 0x0, 0x0, 0x0, 0x0,
    0x0, 0x0, 0x0, 0x0, 0x4f, 0x80, 0x1, 0xfa,
    0x4f, 0x80, 0x1, 0xfa, 0x4f, 0x80, 0x1, 0xfa,
    0x4f, 0x80, 0x1, 0xfa, 0x4f, 0x80, 0x1, 0xfa,
    0x4f, 0x80, 0x1, 0xfa, 0x3f, 0x80, 0x2, 0xfa,
    0x2f, 0xb0, 0x5, 0xf8, 0xc, 0xfb, 0x9e, 0xf2,
    0x1, 0xaf, 0xfc, 0x40,

    /* U+01D6 "ǖ" */
    0x0, 0x0, 0x0, 0x0, 0x0, 0xef, 0xff, 0x40,
    0x0, 0x33, 0x33, 0x10, 0x3, 0xf5, 0xe, 0x90,
    0x2, 0xe5, 0xd, 0x80, 0x0, 0x0, 0x0, 0x0,
    0x2f, 0x90, 0x4, 0xf8, 0x2f, 0x90, 0x4, 0xf8,
    0x2f, 0x90, 0x4, 0xf8, 0x2f, 0x90, 0x4, 0xf8,
    0x2f, 0x90, 0x4, 0xf8, 0x2f, 0xa0, 0x8, 0xf8,
    0xe, 0xf8, 0x8e, 0xf8, 0x4, 0xdf, 0xd3, 0xf8,

    /* U+01D7 "Ǘ" */
    0x0, 0x0, 0x38, 0x40, 0x0, 0x1, 0xdb, 0x0,
    0x0, 0x4, 0x60, 0x0, 0x3, 0xe5, 0xd, 0x80,
    0x3, 0xf5, 0xe, 0x90, 0x0, 0x0, 0x0, 0x0,
    0x0, 0x0, 0x0, 0x0, 0x4f, 0x80, 0x1, 0xfa,
    0x4f, 0x80, 0x1, 0xfa, 0x4f, 0x80, 0x1, 0xfa,
    0x4f, 0x80, 0x1, 0xfa, 0x4f, 0x80, 0x1, 0xfa,
    0x4f, 0x80, 0x1, 0xfa, 0x3f, 0x80, 0x2, 0xfa,
    0x2f, 0xb0, 0x5, 0xf8, 0xc, 0xfb, 0x9e, 0xf2,
    0x1, 0xaf, 0xfc, 0x40,

    /* U+01D8 "ǘ" */
    0x0, 0x0, 0x9f, 0x50, 0x0, 0x5, 0xe3, 0x0,
    0x0, 0x0, 0x0, 0x0, 0x3, 0xf5, 0xe, 0x90,
    0x2, 0xe5, 0xd, 0x80, 0x0, 0x0, 0x0, 0x0,
    0x2f, 0x90, 0x4, 0xf8, 0x2f, 0x90, 0x4, 0xf8,
    0x2f, 0x90, 0x4, 0xf8, 0x2f, 0x90, 0x4, 0xf8,
    0x2f, 0x90, 0x4, 0xf8, 0x2f, 0xa0, 0x8, 0xf8,
    0xe, 0xf8, 0x8e, 0xf8, 0x4, 0xdf, 0xd3, 0xf8,

    /* U+01D9 "Ǚ" */
    0x1, 0x71, 0x6, 0x40, 0x0, 0x7e, 0xbd, 0x10,
    0x0, 0x6, 0x82, 0x0, 0x3, 0xe5, 0xd, 0x80,
    0x3, 0xf5, 0xe, 0x90, 0x0, 0x0, 0x0, 0x0,
    0x0, 0x0, 0x0, 0x0, 0x4f, 0x80, 0x1, 0xfa,
    0x4f, 0x80, 0x1, 0xfa, 0x4f, 0x80, 0x1, 0xfa,
    0x4f, 0x80, 0x1, 0xfa, 0x4f, 0x80, 0x1, 0xfa,
    0x4f, 0x80, 0x1, 0xfa, 0x3f, 0x80, 0x2, 0xfa,
    0x2f, 0xb0, 0x5, 0xf8, 0xc, 0xfb, 0x9e, 0xf2,
    0x1, 0xaf, 0xfc, 0x40,

    /* U+01DA "ǚ" */
    0x1, 0xd7, 0x3e, 0x50, 0x0, 0x2e, 0xf7, 0x0,
    0x0, 0x0, 0x0, 0x0, 0x3, 0xf5, 0xe, 0x90,
    0x2, 0xe5, 0xd, 0x80, 0x0, 0x0, 0x0, 0x0,
    0x2f, 0x90, 0x4, 0xf8, 0x2f, 0x90, 0x4, 0xf8,
    0x2f, 0x90, 0x4, 0xf8, 0x2f, 0x90, 0x4, 0xf8,
    0x2f, 0x90, 0x4, 0xf8, 0x2f, 0xa0, 0x8, 0xf8,
    0xe, 0xf8, 0x8e, 0xf8, 0x4, 0xdf, 0xd3, 0xf8,

    /* U+01DB "Ǜ" */
    0x0, 0x68, 0x10, 0x0, 0x0, 0x2e, 0xa0, 0x0,
    0x0, 0x1, 0x71, 0x0, 0x3, 0xe5, 0xd, 0x80,
    0x3, 0xf5, 0xe, 0x90, 0x0, 0x0, 0x0, 0x0,
    0x0, 0x0, 0x0, 0x0, 0x4f, 0x80, 0x1, 0xfa,
    0x4f, 0x80, 0x1, 0xfa, 0x4f, 0x80, 0x1, 0xfa,
    0x4f, 0x80, 0x1, 0xfa, 0x4f, 0x80, 0x1, 0xfa,
    0x4f, 0x80, 0x1, 0xfa, 0x3f, 0x80, 0x2, 0xfa,
    0x2f, 0xb0, 0x5, 0xf8, 0xc, 0xfb, 0x9e, 0xf2,
    0x1, 0xaf, 0xfc, 0x40,

    /* U+01DC "ǜ" */
    0x0, 0x9f, 0x40, 0x0, 0x0, 0x7, 0xe1, 0x0,
    0x0, 0x0, 0x0, 0x0, 0x3, 0xf5, 0xe, 0x90,
    0x2, 0xe5, 0xd, 0x80, 0x0, 0x0, 0x0, 0x0,
    0x2f, 0x90, 0x4, 0xf8, 0x2f, 0x90, 0x4, 0xf8,
    0x2f, 0x90, 0x4, 0xf8, 0x2f, 0x90, 0x4, 0xf8,
    0x2f, 0x90, 0x4, 0xf8, 0x2f, 0xa0, 0x8, 0xf8,
    0xe, 0xf8, 0x8e, 0xf8, 0x4, 0xdf, 0xd3, 0xf8,

    /* U+01DD "ǝ" */
    0xa, 0xef, 0xea, 0x10, 0xe, 0x98, 0xaf, 0xd0,
    0x0, 0x0, 0x7, 0xf6, 0x0, 0x0, 0x2, 0xf9,
    0x4f, 0xff, 0xff, 0xf9, 0x2f, 0x93, 0x36, 0xf6,
    0xd, 0xe7, 0x7e, 0xe1, 0x1, 0xbf, 0xfb, 0x20,

    /* U+01DE "Ǟ" */
    0x0, 0x0, 0x0, 0x0, 0x0, 0xe, 0xff, 0xf4,
    0x0, 0x0, 0x33, 0x33, 0x10, 0x0, 0x0, 0x0,
    0x0, 0x0, 0x3, 0xf5, 0xe, 0x90, 0x0, 0x2e,
    0x40, 0xd8, 0x0, 0x0, 0x0, 0x0, 0x0, 0x0,
    0x0, 0xff, 0x60, 0x0, 0x0, 0x4f, 0xeb, 0x0,
    0x0, 0x9, 0xe8, 0xf0, 0x0, 0x0, 0xea, 0x4f,
    0x40, 0x0, 0x2f, 0x60, 0xf9, 0x0, 0x7, 0xf9,
    0x8e, 0xe0, 0x0, 0xcf, 0xff, 0xff, 0x20, 0x1f,
    0x90, 0x3, 0xf7, 0x5, 0xf4, 0x0, 0xe, 0xc0,
    0xaf, 0x0, 0x0, 0xaf, 0x10,

    /* U+01DF "ǟ" */
    0x0, 0x0, 0x0, 0x0, 0x0, 0xdf, 0xff, 0x60,
    0x0, 0x33, 0x33, 0x10, 0x2, 0xe6, 0xd, 0xa0,
    0x1, 0xe6, 0xc, 0xa0, 0x0, 0x0, 0x0, 0x0,
    0x5, 0xcf, 0xfc, 0x40, 0x5, 0xb8, 0x7d, 0xf1,
    0x0, 0x0, 0x5, 0xf5, 0x3, 0xbe, 0xff, 0xf5,
    0xe, 0xd4, 0x26, 0xf5, 0x2f, 0x80, 0x7, 0xf5,
    0x1f, 0xe7, 0x9f, 0xf5, 0x6, 0xef, 0xc4, 0xf5,

    /* U+01E0 "Ǡ" */
    0x0, 0x0, 0x0, 0x0, 0x0, 0xe, 0xff, 0xf4,
    0x0, 0x0, 0xb, 0xf2, 0x0, 0x0, 0x0, 0xdf,
    0x30, 0x0, 0x0, 0x1, 0x20, 0x0, 0x0, 0x0,
    0x0, 0x0, 0x0, 0x0, 0xf, 0xf6, 0x0, 0x0,
    0x4, 0xfe, 0xb0, 0x0, 0x0, 0x9e, 0x8f, 0x0,
    0x0, 0xe, 0xa4, 0xf4, 0x0, 0x2, 0xf6, 0xf,
    0x90, 0x0, 0x7f, 0x98, 0xee, 0x0, 0xc, 0xff,
    0xff, 0xf2, 0x1, 0xf9, 0x0, 0x3f, 0x70, 0x5f,
    0x40, 0x0, 0xec, 0xa, 0xf0, 0x0, 0xa, 0xf1,

    /* U+01E1 "ǡ" */
    0x0, 0x0, 0x0, 0x0, 0x0, 0xdf, 0xff, 0x60,
    0x0, 0x33, 0x33, 0x10, 0x0, 0x9, 0xf3, 0x0,
    0x0, 0xb, 0xf4, 0x0, 0x0, 0x0, 0x20, 0x0,
    0x5, 0xcf, 0xfc, 0x40, 0x5, 0xb8, 0x7d, 0xf1,
    0x0, 0x0, 0x5, 0xf5, 0x3, 0xbe, 0xff, 0xf5,
    0xe, 0xd4, 0x26, 0xf5, 0x2f, 0x80, 0x7, 0xf5,
    0x1f, 0xe7, 0x9f, 0xf5, 0x6, 0xef, 0xc4, 0xf5,

    /* U+01E2 "Ǣ" */
    0x0, 0x0, 0x0, 0x0, 0x0, 0x8f, 0xff, 0xb0,
    0x0, 0x13, 0x33, 0x20, 0x0, 0x0, 0x0, 0x0,
    0x0, 0x9f, 0xff, 0xfd, 0x0, 0xdd, 0xed, 0x87,
    0x1, 0xf7, 0xda, 0x0, 0x4, 0xf3, 0xda, 0x0,
    0x8, 0xf0, 0xdf, 0xf9, 0xc, 0xf8, 0xed, 0x74,
    0xf, 0xff, 0xfa, 0x0, 0x3f, 0x50, 0xda, 0x0,
    0x7f, 0x20, 0xdd, 0x87, 0xae, 0x0, 0xdf, 0xfd,

    /* U+01E3 "ǣ" */
    0x0, 0xef, 0xff, 0x40, 0x0, 0x4, 0x44, 0x41,
    0x0, 0x2c, 0xfc, 0x6e, 0xe5, 0x0, 0x97, 0xef,
    0xac, 0xe0, 0x0, 0x9, 0xf0, 0x5f, 0x22, 0xcf,
    0xff, 0xff, 0xf3, 0xaf, 0x4a, 0xf3, 0x33, 0xc,
    0xb0, 0xaf, 0x20, 0x0, 0xaf, 0x7f, 0xec, 0x69,
    0x3, 0xef, 0x64, 0xdf, 0xb0,

    /* U+01E4 "Ǥ" */
    0x0, 0x5c, 0xff, 0xc3, 0x0, 0x7f, 0xea, 0x9c,
    0x20, 0x1f, 0xe1, 0x0, 0x0, 0x5, 0xf7, 0x1,
    0x22, 0x10, 0x7f, 0x40, 0x9f, 0xfa, 0x7, 0xf4,
    0x3, 0x5f, 0xa0, 0x6f, 0x60, 0x9f, 0xff, 0x61,
    0xfd, 0x2, 0x3f, 0xb1, 0x9, 0xfd, 0x89, 0xfa,
    0x0, 0x7, 0xdf, 0xfc, 0x50,

    /* U+01E5 "ǥ" */
    0x2, 0xcf, 0xd4, 0xf8, 0x0, 0xdf, 0xa8, 0xef,
    0x80, 0x3f, 0xb0, 0x6, 0xf8, 0x5, 0xf7, 0x0,
    0x2f, 0x80, 0x5f, 0x70, 0x2, 0xf8, 0x3, 0xfa,
    0x0, 0x4f, 0x80, 0xd, 0xf8, 0x7d, 0xf8, 0x0,
    0x2c, 0xfd, 0x7f, 0x80, 0x0, 0x9, 0xff, 0xff,
    0x50, 0x67, 0x77, 0xdf, 0x40, 0x6, 0xdf, 0xfd,
    0x60, 0x0,

    /* U+01E6 "Ǧ" */
    0x0, 0x64, 0x3, 0x70, 0x0, 0x3f, 0xaf, 0x40,
    0x0, 0x4, 0x84, 0x0, 0x0, 0x0, 0x0, 0x0,
    0x0, 0x5c, 0xff, 0xc3, 0x7, 0xfe, 0xa9, 0xc2,
    0x1f, 0xe1, 0x0, 0x0, 0x5f, 0x70, 0x0, 0x0,
    0x7f, 0x40, 0x8f, 0xfa, 0x7f, 0x40, 0x48, 0xfa,
    0x6f, 0x60, 0x0, 0xfa, 0x1f, 0xd0, 0x0, 0xfa,
    0x9, 0xfd, 0x9a, 0xfa, 0x0, 0x7d, 0xff, 0xc5,

    /* U+01E7 "ǧ" */
    0x1, 0xe7, 0x2d, 0x60, 0x0, 0x3f, 0xf9, 0x0,
    0x0, 0x3, 0x40, 0x0, 0x2, 0xcf, 0xd3, 0xf8,
    0xc, 0xfa, 0x8e, 0xf8, 0x2f, 0xa0, 0x5, 0xf8,
    0x5f, 0x70, 0x2, 0xf8, 0x5f, 0x70, 0x2, 0xf8,
    0x3f, 0xa0, 0x5, 0xf8, 0xd, 0xfa, 0x8e, 0xf8,
    0x2, 0xcf, 0xd7, 0xf7, 0x0, 0x0, 0x5, 0xf6,
    0xc, 0xa8, 0x9f, 0xf1, 0x9, 0xef, 0xfb, 0x30,

    /* U+01E8 "Ǩ" */
    0x1, 0x71, 0x6, 0x40, 0x0, 0x7e, 0xbd, 0x10,
    0x0, 0x6, 0x82, 0x0, 0x0, 0x0, 0x0, 0x0,
    0x4f, 0x70, 0x7, 0xf6, 0x4f, 0x70, 0x3f, 0xb0,
    0x4f, 0x70, 0xde, 0x10, 0x4f, 0x79, 0xf4, 0x0,
    0x4f, 0xbf, 0xb0, 0x0, 0x4f, 0xff, 0xf2, 0x0,
    0x4f, 0xb2, 0xfb, 0x0, 0x4f, 0x70, 0x8f, 0x50,
    0x4f, 0x70, 0x1e, 0xd0, 0x4f, 0x70, 0x6, 0xf7,

    /* U+01E9 "ǩ" */
    0x5, 0x50, 0x17, 0x10, 0x2, 0xf7, 0xda, 0x0,
    0x0, 0x6f, 0xe0, 0x0, 0x0, 0x0, 0x0, 0x0,
    0xed, 0x0, 0x0, 0x0, 0xed, 0x0, 0x0, 0x0,
    0xed, 0x0, 0x0, 0x0, 0xed, 0x0, 0x8f, 0x70,
    0xed, 0x5, 0xfa, 0x0, 0xec, 0x3f, 0xc0, 0x0,
    0xed, 0xef, 0x30, 0x0, 0xef, 0xdf, 0xc0, 0x0,
    0xee, 0x16, 0xf7, 0x0, 0xed, 0x0, 0xcf, 0x20,
    0xed, 0x0, 0x2f, 0xc0,

    /* U+01EA "Ǫ" */
    0x0, 0x9e, 0xfc, 0x30, 0xb, 0xfb, 0x9f, 0xf2,
    0x2f, 0xb0, 0x5, 0xf8, 0x6f, 0x60, 0x0, 0xfc,
    0x7f, 0x40, 0x0, 0xed, 0x7f, 0x40, 0x0, 0xed,
    0x6f, 0x60, 0x0, 0xfc, 0x2f, 0xb0, 0x5, 0xf8,
    0xb, 0xfb, 0x9f, 0xf2, 0x0, 0x9f, 0xfc, 0x30,
    0x0, 0x9, 0x80, 0x0, 0x0, 0xf, 0x61, 0x0,
    0x0, 0xa, 0xf6, 0x0,

    /* U+01EB "ǫ" */
    0x0, 0x9e, 0xfc, 0x30, 0xb, 0xfa, 0x8e, 0xf2,
    0x2f, 0xa0, 0x4, 0xf8, 0x5f, 0x60, 0x0, 0xfb,
    0x5f, 0x60, 0x0, 0xfb, 0x2f, 0xa0, 0x4, 0xf8,
    0xb, 0xfa, 0x7e, 0xf2, 0x0, 0x9e, 0xfc, 0x40,
    0x0, 0x9, 0x80, 0x0, 0x0, 0xf, 0x61, 0x0,
    0x0, 0xa, 0xf6, 0x0,

    /* U+01EC "Ǭ" */
    0x0, 0x0, 0x0, 0x0, 0x0, 0xef, 0xff, 0x40,
    0x0, 0x33, 0x33, 0x10, 0x0, 0x0, 0x0, 0x0,
    0x0, 0x9e, 0xfc, 0x30, 0xb, 0xfb, 0x9f, 0xf2,
    0x2f, 0xb0, 0x5, 0xf8, 0x6f, 0x60, 0x0, 0xfc,
    0x7f, 0x40, 0x0, 0xed, 0x7f, 0x40, 0x0, 0xed,
    0x6f, 0x60, 0x0, 0xfc, 0x2f, 0xb0, 0x5, 0xf8,
    0xb, 0xfb, 0x9f, 0xf2, 0x0, 0x9f, 0xfc, 0x30,
    0x0, 0x9, 0x80, 0x0, 0x0, 0xf, 0x61, 0x0,
    0x0, 0xa, 0xf6, 0x0,

    /* U+01ED "ǭ" */
    0x0, 0xef, 0xff, 0x40, 0x0, 0x44, 0x44, 0x10,
    0x0, 0x9e, 0xfc, 0x30, 0xb, 0xfa, 0x8e, 0xf2,
    0x2f, 0xa0, 0x4, 0xf8, 0x5f, 0x60, 0x0, 0xfb,
    0x5f, 0x60, 0x0, 0xfb, 0x2f, 0xa0, 0x4, 0xf8,
    0xb, 0xfa, 0x7e, 0xf2, 0x0, 0x9e, 0xfc, 0x40,
    0x0, 0x9, 0x80, 0x0, 0x0, 0xf, 0x61, 0x0,
    0x0, 0xa, 0xf6, 0x0,

    /* U+01EE "Ǯ" */
    0x1, 0x71, 0x6, 0x40, 0x0, 0x7e, 0xbd, 0x10,
    0x0, 0x6, 0x82, 0x0, 0x0, 0x0, 0x0, 0x0,
    0x2f, 0xff, 0xff, 0xf2, 0x19, 0x99, 0xcf, 0xd0,
    0x0, 0x3, 0xfc, 0x10, 0x0, 0x4f, 0xc0, 0x0,
    0x0, 0xef, 0xc9, 0x20, 0x0, 0x67, 0x9f, 0xf3,
    0x0, 0x0, 0x4, 0xf8, 0x0, 0x0, 0x5, 0xf8,
    0x7c, 0x97, 0x9f, 0xf3, 0x4c, 0xef, 0xeb, 0x30,

    /* U+01EF "ǯ" */
    0x3, 0xe5, 0x5e, 0x30, 0x0, 0x4f, 0xf4, 0x0,
    0x0, 0x0, 0x0, 0x0, 0x3f, 0xff, 0xff, 0xf3,
    0x16, 0x66, 0x8f, 0xd1, 0x0, 0x2, 0xed, 0x10,
    0x0, 0x2e, 0xc1, 0x0, 0x0, 0xdf, 0xb7, 0x0,
    0x0, 0x89, 0xcf, 0xd0, 0x0, 0x0, 0x8, 0xf6,
    0x0, 0x0, 0x4, 0xf8, 0x0, 0x0, 0x7, 0xf7,
    0x6c, 0x87, 0xaf, 0xe1, 0x3b, 0xef, 0xea, 0x20,

    /* U+01F0 "ǰ" */
    0x0, 0x6d, 0x27, 0xd1, 0x0, 0x8, 0xff, 0x20,
    0x0, 0x0, 0x21, 0x0, 0x3, 0xff, 0xfd, 0x0,
    0x0, 0x46, 0xfd, 0x0, 0x0, 0x0, 0xed, 0x0,
    0x0, 0x0, 0xed, 0x0, 0x0, 0x0, 0xed, 0x0,
    0x0, 0x0, 0xed, 0x0, 0x0, 0x0, 0xed, 0x0,
    0x0, 0x0, 0xed, 0x0, 0x0, 0x0, 0xfc, 0x0,
    0x4a, 0x9c, 0xf8, 0x0, 0x3e, 0xfe, 0x90, 0x0,

    /* U+01F1 "Ǳ" */
    0x9f, 0xff, 0xd7, 0x0, 0x6f, 0xff, 0xff, 0x59,
    0xf9, 0x9d, 0xf9, 0x3, 0x88, 0x8d, 0xf3, 0x9f,
    0x20, 0xc, 0xf2, 0x0, 0x2, 0xfa, 0x9, 0xf2,
    0x0, 0x5f, 0x60, 0x0, 0xaf, 0x10, 0x9f, 0x20,
    0x3, 0xf8, 0x0, 0x4f, 0x70, 0x9, 0xf2, 0x0,
    0x3f, 0x80, 0xd, 0xe0, 0x0, 0x9f, 0x20, 0x6,
    0xf6, 0x6, 0xf5, 0x0, 0x9, 0xf2, 0x0, 0xdf,
    0x11, 0xec, 0x0, 0x0, 0x9f, 0x99, 0xef, 0x70,
    0x8f, 0xa8, 0x88, 0x39, 0xff, 0xfc, 0x50, 0xb,
    0xff, 0xff, 0xf6,

    /* U+01F2 "ǲ" */
    0x4f, 0xff, 0xe9, 0x10, 0x0, 0x0, 0x0, 0x0,
    0x4f, 0xc8, 0xbf, 0xd0, 0x0, 0x0, 0x0, 0x0,
    0x4f, 0x70, 0x7, 0xf7, 0x5, 0xff, 0xff, 0xfa,
    0x4f, 0x70, 0x0, 0xfc, 0x2, 0x66, 0x6d, 0xf6,
    0x4f, 0x70, 0x0, 0xed, 0x0, 0x0, 0x4f, 0xa0,
    0x4f, 0x70, 0x0, 0xed, 0x0, 0x1, 0xed, 0x0,
    0x4f, 0x70, 0x1, 0xfb, 0x0, 0xc, 0xf2, 0x0,
    0x4f, 0x70, 0x8, 0xf6, 0x0, 0x8f, 0x50, 0x0,
    0x4f, 0xc8, 0xcf, 0xc0, 0x4, 0xfe, 0x88, 0x86,
    0x4f, 0xff, 0xe8, 0x0, 0x9, 0xff, 0xff, 0xfc,

    /* U+01F3 "ǳ" */
    0x0, 0x0, 0x3, 0xf8, 0x0, 0x0, 0x0, 0x0,
    0x0, 0x0, 0x3, 0xf8, 0x0, 0x0, 0x0, 0x0,
    0x0, 0x0, 0x3, 0xf8, 0x0, 0x0, 0x0, 0x0,
    0x2, 0xcf, 0xd7, 0xf8, 0x5, 0xff, 0xff, 0xfa,
    0xd, 0xfa, 0x8e, 0xf8, 0x2, 0x77, 0x7d, 0xf8,
    0x3f, 0xb0, 0x5, 0xf8, 0x0, 0x0, 0x4f, 0xc0,
    0x5f, 0x70, 0x2, 0xf8, 0x0, 0x1, 0xee, 0x10,
    0x5f, 0x60, 0x2, 0xf8, 0x0, 0xc, 0xf3, 0x0,
    0x3f, 0xa0, 0x5, 0xf8, 0x0, 0x9f, 0x60, 0x0,
    0xd, 0xf9, 0x8e, 0xf8, 0x5, 0xfe, 0x77, 0x75,
    0x2, 0xcf, 0xd3, 0xf8, 0x9, 0xff, 0xff, 0xfc,

    /* U+01F4 "Ǵ" */
    0x0, 0x0, 0x7, 0x70, 0x0, 0x0, 0x9e, 0x30,
    0x0, 0x1, 0x71, 0x0, 0x0, 0x0, 0x0, 0x0,
    0x0, 0x5c, 0xff, 0xc3, 0x7, 0xfe, 0xa9, 0xc2,
    0x1f, 0xe1, 0x0, 0x0, 0x5f, 0x70, 0x0, 0x0,
    0x7f, 0x40, 0x8f, 0xfa, 0x7f, 0x40, 0x48, 0xfa,
    0x6f, 0x60, 0x0, 0xfa, 0x1f, 0xd0, 0x0, 0xfa,
    0x9, 0xfd, 0x9a, 0xfa, 0x0, 0x7d, 0xff, 0xc5,

    /* U+01F5 "ǵ" */
    0x0, 0x0, 0x8f, 0x50, 0x0, 0x3, 0xf6, 0x0,
    0x0, 0x2, 0x20, 0x0, 0x2, 0xcf, 0xd3, 0xf8,
    0xc, 0xfa, 0x8e, 0xf8, 0x2f, 0xa0, 0x5, 0xf8,
    0x5f, 0x70, 0x2, 0xf8, 0x5f, 0x70, 0x2, 0xf8,
    0x3f, 0xa0, 0x5, 0xf8, 0xd, 0xfa, 0x8e, 0xf8,
    0x2, 0xcf, 0xd7, 0xf7, 0x0, 0x0, 0x5, 0xf6,
    0xc, 0xa8, 0x9f, 0xf1, 0x9, 0xef, 0xfb, 0x30,

    /* U+01F6 "Ƕ" */
    0x4f, 0x48, 0xf0, 0x0, 0x4f, 0x48, 0xf0, 0x0,
    0x4f, 0x48, 0xf0, 0xdb, 0x4f, 0x69, 0xf0, 0xdb,
    0x4f, 0xff, 0xf0, 0xdb, 0x4f, 0x8a, 0xf0, 0xdb,
    0x4f, 0x48, 0xf0, 0xdb, 0x4f, 0x48, 0xf0, 0xdb,
    0x4f, 0x46, 0xf8, 0xf9, 0x4f, 0x40, 0xbf, 0xd2,

    /* U+01F7 "Ƿ" */
    0xf8, 0x7e, 0xfa, 0xf, 0xed, 0x7b, 0xf8, 0xff,
    0x20, 0xf, 0xcf, 0xe0, 0x0, 0xee, 0xfd, 0x0,
    0xf, 0xcf, 0xd0, 0x6, 0xf8, 0xfd, 0x1, 0xef,
    0x1f, 0xd3, 0xdf, 0x50, 0xff, 0xfe, 0x40, 0xf,
    0xf7, 0x0, 0x0, 0xfd, 0x0, 0x0, 0xf, 0xd0,
    0x0, 0x0, 0xfd, 0x0, 0x0, 0x0,

    /* U+01F8 "Ǹ" */
    0x0, 0x68, 0x10, 0x0, 0x0, 0x2d, 0xb0, 0x0,
    0x0, 0x1, 0x72, 0x0, 0x0, 0x0, 0x0, 0x0,
    0x4f, 0xf4, 0x0, 0xfa, 0x4f, 0xfa, 0x0, 0xfa,
    0x4f, 0xbf, 0x10, 0xfa, 0x4f, 0x6f, 0x60, 0xfa,
    0x4f, 0x5b, 0xc0, 0xfa, 0x4f, 0x55, 0xf2, 0xfa,
    0x4f, 0x50, 0xf8, 0xea, 0x4f, 0x50, 0x9d, 0xea,
    0x4f, 0x50, 0x3f, 0xfa, 0x4f, 0x50, 0xd, 0xfa,

    /* U+01F9 "ǹ" */
    0x0, 0x8f, 0x50, 0x0, 0x0, 0x7, 0xe2, 0x0,
    0x0, 0x0, 0x11, 0x0, 0x1f, 0x7a, 0xff, 0x90,
    0x1f, 0xfa, 0x5c, 0xf5, 0x1f, 0xe0, 0x3, 0xf8,
    0x1f, 0xa0, 0x2, 0xf9, 0x1f, 0xa0, 0x2, 0xf9,
    0x1f, 0xa0, 0x2, 0xf9, 0x1f, 0xa0, 0x2, 0xf9,
    0x1f, 0xa0, 0x2, 0xf9,

    /* U+01FA "Ǻ" */
    0x0, 0x0, 0x38, 0x40, 0x0, 0x0, 0xc, 0xe1,
    0x0, 0x0, 0x6, 0xe2, 0x0, 0x0, 0x0, 0xce,
    0x40, 0x0, 0x0, 0x5a, 0x4c, 0x0, 0x0, 0x5,
    0xa4, 0xc0, 0x0, 0x0, 0x1f, 0xf7, 0x0, 0x0,
    0x4, 0xfe, 0xb0, 0x0, 0x0, 0x9e, 0x8f, 0x0,
    0x0, 0xe, 0xa4, 0xf4, 0x0, 0x2, 0xf6, 0xf,
    0x90, 0x0, 0x7f, 0x98, 0xee, 0x0, 0xc, 0xff,
    0xff, 0xf2, 0x1, 0xf9, 0x0, 0x3f, 0x70, 0x5f,
    0x50, 0x0, 0xfc, 0xa, 0xf0, 0x0, 0xa, 0xf1,

    /* U+01FB "ǻ" */
    0x0, 0x0, 0x28, 0x50, 0x0, 0x0, 0xbe, 0x20,
    0x0, 0x4, 0xf3, 0x0, 0x0, 0x0, 0x0, 0x0,
    0x0, 0x1b, 0xe6, 0x0, 0x0, 0x4b, 0x2e, 0x0,
    0x0, 0x1c, 0xe7, 0x0, 0x0, 0x0, 0x0, 0x0,
    0x5, 0xcf, 0xfc, 0x40, 0x5, 0xb8, 0x7d, 0xf1,
    0x0, 0x0, 0x5, 0xf5, 0x3, 0xbe, 0xff, 0xf5,
    0xe, 0xd4, 0x26, 0xf5, 0x2f, 0x80, 0x7, 0xf5,
    0x1f, 0xe7, 0x9f, 0xf5, 0x6, 0xef, 0xc4, 0xf5,

    /* U+01FC "Ǽ" */
    0x0, 0x0, 0x7, 0x70, 0x0, 0x0, 0x8e, 0x30,
    0x0, 0x0, 0x72, 0x0, 0x0, 0x0, 0x0, 0x0,
    0x0, 0x9f, 0xff, 0xfd, 0x0, 0xdd, 0xed, 0x87,
    0x1, 0xf7, 0xda, 0x0, 0x4, 0xf3, 0xda, 0x0,
    0x8, 0xf0, 0xdf, 0xf9, 0xc, 0xf8, 0xed, 0x74,
    0xf, 0xff, 0xfa, 0x0, 0x3f, 0x50, 0xda, 0x0,
    0x7f, 0x20, 0xdd, 0x87, 0xae, 0x0, 0xdf, 0xfd,

    /* U+01FD "ǽ" */
    0x0, 0x0, 0x8f, 0x50, 0x0, 0x0, 0x3f, 0x60,
    0x0, 0x0, 0x2, 0x20, 0x0, 0x2, 0xcf, 0xc6,
    0xee, 0x50, 0x9, 0x7e, 0xfa, 0xce, 0x0, 0x0,
    0x9f, 0x5, 0xf2, 0x2c, 0xff, 0xff, 0xff, 0x3a,
    0xf4, 0xaf, 0x33, 0x30, 0xcb, 0xa, 0xf2, 0x0,
    0xa, 0xf7, 0xfe, 0xc6, 0x90, 0x3e, 0xf6, 0x4d,
    0xfb, 0x0,

    /* U+01FE "Ǿ" */
    0x0, 0x0, 0x38, 0x40, 0x0, 0x0, 0x1e, 0xb0,
    0x0, 0x0, 0x4, 0x60, 0x0, 0x0, 0x0, 0x0,
    0x2, 0x40, 0x0, 0x9e, 0xfc, 0xcd, 0x0, 0xbf,
    0xb9, 0xff, 0x50, 0x2f, 0xb0, 0x1e, 0xf8, 0x6,
    0xf6, 0x9, 0xef, 0xc0, 0x7f, 0x44, 0xf4, 0xed,
    0x7, 0xf4, 0xda, 0xe, 0xd0, 0x6f, 0xde, 0x10,
    0xfc, 0x2, 0xff, 0x50, 0x5f, 0x80, 0xe, 0xfb,
    0x9f, 0xf2, 0x5, 0xfa, 0xff, 0xc3, 0x0, 0x3,
    0x0, 0x0, 0x0, 0x0,

    /* U+01FF "ǿ" */
    0x0, 0x0, 0x8f, 0x50, 0x0, 0x3, 0xf6, 0x0,
    0x0, 0x2, 0x20, 0x10, 0x0, 0x9e, 0xfc, 0xf3,
    0xb, 0xfa, 0x8f, 0xf2, 0x2f, 0xa0, 0x6f, 0xf8,
    0x5f, 0x62, 0xf5, 0xfb, 0x5f, 0x7c, 0x90, 0xfb,
    0x2f, 0xed, 0x4, 0xf8, 0xb, 0xfb, 0x7e, 0xf2,
    0xb, 0xde, 0xfc, 0x40, 0x1, 0x0, 0x0, 0x0,

    /* U+0200 "Ȁ" */
    0x4, 0x41, 0x52, 0x0, 0x0, 0x8f, 0x4d, 0xc0,
    0x0, 0x0, 0x8c, 0x1d, 0x50, 0x0, 0x0, 0x0,
    0x0, 0x0, 0x0, 0xf, 0xf6, 0x0, 0x0, 0x4,
    0xfe, 0xb0, 0x0, 0x0, 0x9e, 0x8f, 0x0, 0x0,
    0xe, 0xa4, 0xf4, 0x0, 0x2, 0xf6, 0xf, 0x90,
    0x0, 0x7f, 0x98, 0xee, 0x0, 0xc, 0xff, 0xff,
    0xf2, 0x1, 0xf9, 0x0, 0x3f, 0x70, 0x5f, 0x40,
    0x0, 0xec, 0xa, 0xf0, 0x0, 0xa, 0xf1,

    /* U+0201 "ȁ" */
    0xa, 0xf4, 0xeb, 0x0, 0x0, 0xba, 0x3f, 0x40,
    0x0, 0x4, 0x2, 0x30, 0x5, 0xcf, 0xfc, 0x40,
    0x5, 0xb8, 0x7d, 0xf1, 0x0, 0x0, 0x5, 0xf5,
    0x3, 0xbe, 0xff, 0xf5, 0xe, 0xd4, 0x26, 0xf5,
    0x2f, 0x80, 0x7, 0xf5, 0x1f, 0xe7, 0x9f, 0xf5,
    0x6, 0xef, 0xc4, 0xf5,

    /* U+0202 "Ȃ" */
    0x0, 0x4e, 0xf8, 0x0, 0x0, 0xe, 0x74, 0xe4,
    0x0, 0x0, 0x80, 0x5, 0x30, 0x0, 0x0, 0x0,
    0x0, 0x0, 0x0, 0xf, 0xf6, 0x0, 0x0, 0x4,
    0xfe, 0xb0, 0x0, 0x0, 0x9e, 0x8f, 0x0, 0x0,
    0xe, 0xa4, 0xf4, 0x0, 0x2, 0xf6, 0xf, 0x90,
    0x0, 0x7f, 0x98, 0xee, 0x0, 0xc, 0xff, 0xff,
    0xf2, 0x1, 0xf9, 0x0, 0x3f, 0x70, 0x5f, 0x40,
    0x0, 0xec, 0xa, 0xf0, 0x0, 0xa, 0xf1,

    /* U+0203 "ȃ" */
    0x0, 0x4e, 0xfb, 0x0, 0x0, 0xe7, 0x3c, 0x70,
    0x0, 0x10, 0x0, 0x0, 0x5, 0xcf, 0xfc, 0x40,
    0x5, 0xb8, 0x7d, 0xf1, 0x0, 0x0, 0x5, 0xf5,
    0x3, 0xbe, 0xff, 0xf5, 0xe, 0xd4, 0x26, 0xf5,
    0x2f, 0x80, 0x7, 0xf5, 0x1f, 0xe7, 0x9f, 0xf5,
    0x6, 0xef, 0xc4, 0xf5,

    /* U+0204 "Ȅ" */
    0x44, 0x15, 0x20, 0x6, 0xf4, 0xcd, 0x0, 0x7,
    0xd1, 0xc7, 0x0, 0x0, 0x0, 0x0, 0xcf, 0xff,
    0xff, 0x5c, 0xf9, 0x99, 0x93, 0xce, 0x0, 0x0,
    0xc, 0xe0, 0x0, 0x0, 0xcf, 0xff, 0xff, 0x1c,
    0xf9, 0x99, 0x91, 0xce, 0x0, 0x0, 0xc, 0xe0,
    0x0, 0x0, 0xcf, 0x99, 0x99, 0x3c, 0xff, 0xff,
    0xf5,

    /* U+0205 "ȅ" */
    0xa, 0xf3, 0xec, 0x0, 0x0, 0xba, 0x3e, 0x40,
    0x0, 0x4, 0x2, 0x30, 0x0, 0x8e, 0xfd, 0x40,
    0x9, 0xf9, 0x6c, 0xf3, 0xf, 0xa0, 0x1, 0xf8,
    0x3f, 0xff, 0xff, 0xfa, 0x3f, 0xa3, 0x33, 0x32,
    0xf, 0xc0, 0x0, 0x0, 0x8, 0xfd, 0x88, 0xc5,
    0x0, 0x7d, 0xff, 0xc3,

    /* U+0206 "Ȇ" */
    0x3, 0xdf, 0x90, 0x0, 0xc8, 0x3d, 0x50, 0x8,
    0x0, 0x44, 0x0, 0x0, 0x0, 0x0, 0xcf, 0xff,
    0xff, 0x5c, 0xf9, 0x99, 0x93, 0xce, 0x0, 0x0,
    0xc, 0xe0, 0x0, 0x0, 0xcf, 0xff, 0xff, 0x1c,
    0xf9, 0x99, 0x91, 0xce, 0x0, 0x0, 0xc, 0xe0,
    0x0, 0x0, 0xcf, 0x99, 0x99, 0x3c, 0xff, 0xff,
    0xf5,

    /* U+0207 "ȇ" */
    0x0, 0x4e, 0xfb, 0x0, 0x0, 0xd7, 0x3c, 0x70,
    0x0, 0x10, 0x0, 0x0, 0x0, 0x8e, 0xfd, 0x40,
    0x9, 0xf9, 0x6c, 0xf3, 0xf, 0xa0, 0x1, 0xf8,
    0x3f, 0xff, 0xff, 0xfa, 0x3f, 0xa3, 0x33, 0x32,
    0xf, 0xc0, 0x0, 0x0, 0x8, 0xfd, 0x88, 0xc5,
    0x0, 0x7d, 0xff, 0xc3,

    /* U+0208 "Ȉ" */
    0x4, 0x41, 0x52, 0x0, 0x8, 0xf4, 0xdc, 0x0,
    0x0, 0x8c, 0x1d, 0x50, 0x0, 0x0, 0x0, 0x0,
    0xa, 0xff, 0xff, 0xf0, 0x2, 0x5c, 0xf6, 0x40,
    0x0, 0xa, 0xf0, 0x0, 0x0, 0xa, 0xf0, 0x0,
    0x0, 0xa, 0xf0, 0x0, 0x0, 0xa, 0xf0, 0x0,
    0x0, 0xa, 0xf0, 0x0, 0x0, 0xa, 0xf0, 0x0,
    0x2, 0x5c, 0xf6, 0x40, 0xa, 0xff, 0xff, 0xf0,

    /* U+0209 "ȉ" */
    0xc, 0xf3, 0xfa, 0x0, 0x1, 0xc9, 0x4f, 0x30,
    0x0, 0x4, 0x2, 0x20, 0xb, 0xff, 0xf4, 0x0,
    0x3, 0x6b, 0xf4, 0x0, 0x0, 0x7, 0xf4, 0x0,
    0x0, 0x7, 0xf4, 0x0, 0x0, 0x7, 0xf4, 0x0,
    0x0, 0x7, 0xf4, 0x0, 0x3, 0x6b, 0xf9, 0x52,
    0xf, 0xff, 0xff, 0xfa,

    /* U+020A "Ȋ" */
    0x4, 0xef, 0x80, 0x0, 0xe7, 0x4e, 0x40, 0x8,
    0x0, 0x43, 0x0, 0x0, 0x0, 0x0, 0xaf, 0xff,
    0xff, 0x2, 0x5c, 0xf6, 0x40, 0x0, 0xaf, 0x0,
    0x0, 0xa, 0xf0, 0x0, 0x0, 0xaf, 0x0, 0x0,
    0xa, 0xf0, 0x0, 0x0, 0xaf, 0x0, 0x0, 0xa,
    0xf0, 0x0, 0x25, 0xcf, 0x64, 0xa, 0xff, 0xff,
    0xf0,

    /* U+020B "ȋ" */
    0x0, 0x5e, 0xfa, 0x0, 0x0, 0xf5, 0x3c, 0x60,
    0x0, 0x0, 0x0, 0x0, 0xb, 0xff, 0xf4, 0x0,
    0x3, 0x6b, 0xf4, 0x0, 0x0, 0x7, 0xf4, 0x0,
    0x0, 0x7, 0xf4, 0x0, 0x0, 0x7, 0xf4, 0x0,
    0x0, 0x7, 0xf4, 0x0, 0x3, 0x6b, 0xf9, 0x52,
    0xf, 0xff, 0xff, 0xfa,

    /* U+020C "Ȍ" */
    0xc, 0xf3, 0xfa, 0x0, 0x1, 0xc9, 0x4f, 0x30,
    0x0, 0x4, 0x2, 0x20, 0x0, 0x0, 0x0, 0x0,
    0x0, 0x9e, 0xfc, 0x30, 0xb, 0xfb, 0x9f, 0xf2,
    0x2f, 0xb0, 0x5, 0xf8, 0x6f, 0x60, 0x0, 0xfc,
    0x7f, 0x40, 0x0, 0xed, 0x7f, 0x40, 0x0, 0xed,
    0x6f, 0x60, 0x0, 0xfc, 0x2f, 0xb0, 0x5, 0xf8,
    0xb, 0xfb, 0x9f, 0xf2, 0x0, 0x9f, 0xfc, 0x30,

    /* U+020D "ȍ" */
    0xc, 0xf3, 0xfa, 0x0, 0x1, 0xc9, 0x4f, 0x30,
    0x0, 0x4, 0x2, 0x20, 0x0, 0x9e, 0xfc, 0x30,
    0xb, 0xfa, 0x8e, 0xf2, 0x2f, 0xa0, 0x4, 0xf8,
    0x5f, 0x60, 0x0, 0xfb, 0x5f, 0x60, 0x0, 0xfb,
    0x2f, 0xa0, 0x4, 0xf8, 0xb, 0xfa, 0x7e, 0xf2,
    0x0, 0x9e, 0xfc, 0x40,

    /* U+020E "Ȏ" */
    0x0, 0x4e, 0xf8, 0x0, 0x0, 0xd7, 0x4e, 0x40,
    0x0, 0x90, 0x6, 0x40, 0x0, 0x0, 0x0, 0x0,
    0x0, 0x9e, 0xfc, 0x30, 0xb, 0xfb, 0x9f, 0xf2,
    0x2f, 0xb0, 0x5, 0xf8, 0x6f, 0x60, 0x0, 0xfc,
    0x7f, 0x40, 0x0, 0xed, 0x7f, 0x40, 0x0, 0xed,
    0x6f, 0x60, 0x0, 0xfc, 0x2f, 0xb0, 0x5, 0xf8,
    0xb, 0xfb, 0x9f, 0xf2, 0x0, 0x9f, 0xfc, 0x30,

    /* U+020F "ȏ" */
    0x0, 0x5e, 0xfa, 0x0, 0x0, 0xf6, 0x3d, 0x50,
    0x0, 0x10, 0x0, 0x0, 0x0, 0x9e, 0xfc, 0x30,
    0xb, 0xfa, 0x8e, 0xf2, 0x2f, 0xa0, 0x4, 0xf8,
    0x5f, 0x60, 0x0, 0xfb, 0x5f, 0x60, 0x0, 0xfb,
    0x2f, 0xa0, 0x4, 0xf8, 0xb, 0xfa, 0x7e, 0xf2,
    0x0, 0x9e, 0xfc, 0x40,

    /* U+0210 "Ȑ" */
    0x4, 0x41, 0x52, 0x0, 0x0, 0x8f, 0x4d, 0xc0,
    0x0, 0x0, 0x8c, 0x1d, 0x50, 0x0, 0x0, 0x0,
    0x0, 0x0, 0xc, 0xff, 0xfb, 0x30, 0x0, 0xcf,
    0x8a, 0xff, 0x10, 0xc, 0xf0, 0x8, 0xf5, 0x0,
    0xcf, 0x0, 0x8f, 0x40, 0xc, 0xf8, 0xaf, 0xd0,
    0x0, 0xcf, 0xff, 0xd1, 0x0, 0xc, 0xf0, 0xbf,
    0x20, 0x0, 0xcf, 0x2, 0xfa, 0x0, 0xc, 0xf0,
    0x9, 0xf4, 0x0, 0xcf, 0x0, 0x1f, 0xd0,

    /* U+0211 "ȑ" */
    0x4, 0xf8, 0xaf, 0x20, 0x0, 0x6, 0xf2, 0xba,
    0x0, 0x0, 0x3, 0x20, 0x40, 0x0, 0xff, 0xf4,
    0xbf, 0xe0, 0x4, 0x8f, 0xed, 0x88, 0x0, 0x3,
    0xfe, 0x0, 0x0, 0x0, 0x3f, 0x90, 0x0, 0x0,
    0x3, 0xf8, 0x0, 0x0, 0x0, 0x3f, 0x80, 0x0,
    0x1, 0x59, 0xfc, 0x52, 0x0, 0x5f, 0xff, 0xff,
    0x90, 0x0,

    /* U+0212 "Ȓ" */
    0x4, 0xef, 0x80, 0x0, 0xe, 0x74, 0xe4, 0x0,
    0x8, 0x0, 0x43, 0x0, 0x0, 0x0, 0x0, 0x0,
    0xcf, 0xff, 0xb3, 0x0, 0xcf, 0x8a, 0xff, 0x10,
    0xcf, 0x0, 0x8f, 0x50, 0xcf, 0x0, 0x8f, 0x40,
    0xcf, 0x8a, 0xfd, 0x0, 0xcf, 0xff, 0xd1, 0x0,
    0xcf, 0xb, 0xf2, 0x0, 0xcf, 0x2, 0xfa, 0x0,
    0xcf, 0x0, 0x9f, 0x40, 0xcf, 0x0, 0x1f, 0xd0,

    /* U+0213 "ȓ" */
    0x0, 0x1b, 0xfd, 0x40, 0x0, 0x8, 0xb3, 0x7d,
    0x0, 0x0, 0x0, 0x0, 0x0, 0x0, 0xff, 0xf4,
    0xbf, 0xe0, 0x4, 0x8f, 0xed, 0x88, 0x0, 0x3,
    0xfe, 0x0, 0x0, 0x0, 0x3f, 0x90, 0x0, 0x0,
    0x3, 0xf8, 0x0, 0x0, 0x0, 0x3f, 0x80, 0x0,
    0x1, 0x59, 0xfc, 0x52, 0x0, 0x5f, 0xff, 0xff,
    0x90, 0x0,

    /* U+0214 "Ȕ" */
    0xc, 0xf3, 0xfa, 0x0, 0x1, 0xc9, 0x4f, 0x30,
    0x0, 0x4, 0x2, 0x20, 0x0, 0x0, 0x0, 0x0,
    0x4f, 0x80, 0x1, 0xfa, 0x4f, 0x80, 0x1, 0xfa,
    0x4f, 0x80, 0x1, 0xfa, 0x4f, 0x80, 0x1, 0xfa,
    0x4f, 0x80, 0x1, 0xfa, 0x4f, 0x80, 0x1, 0xfa,
    0x3f, 0x80, 0x2, 0xfa, 0x2f, 0xb0, 0x5, 0xf8,
    0xc, 0xfb, 0x9e, 0xf2, 0x1, 0xaf, 0xfc, 0x40,

    /* U+0215 "ȕ" */
    0xc, 0xf3, 0xfa, 0x0, 0x1, 0xc9, 0x4f, 0x30,
    0x0, 0x4, 0x2, 0x20, 0x2f, 0x90, 0x4, 0xf8,
    0x2f, 0x90, 0x4, 0xf8, 0x2f, 0x90, 0x4, 0xf8,
    0x2f, 0x90, 0x4, 0xf8, 0x2f, 0x90, 0x4, 0xf8,
    0x2f, 0xa0, 0x8, 0xf8, 0xe, 0xf8, 0x8e, 0xf8,
    0x4, 0xdf, 0xd3, 0xf8,

    /* U+0216 "Ȗ" */
    0x0, 0x4e, 0xf8, 0x0, 0x0, 0xe7, 0x4e, 0x40,
    0x0, 0x80, 0x4, 0x30, 0x0, 0x0, 0x0, 0x0,
    0x4f, 0x80, 0x1, 0xfa, 0x4f, 0x80, 0x1, 0xfa,
    0x4f, 0x80, 0x1, 0xfa, 0x4f, 0x80, 0x1, 0xfa,
    0x4f, 0x80, 0x1, 0xfa, 0x4f, 0x80, 0x1, 0xfa,
    0x3f, 0x80, 0x2, 0xfa, 0x2f, 0xb0, 0x5, 0xf8,
    0xc, 0xfb, 0x9e, 0xf2, 0x1, 0xaf, 0xfc, 0x40,

    /* U+0217 "ȗ" */
    0x0, 0x5e, 0xfa, 0x0, 0x0, 0xf5, 0x3c, 0x60,
    0x0, 0x0, 0x0, 0x0, 0x2f, 0x90, 0x4, 0xf8,
    0x2f, 0x90, 0x4, 0xf8, 0x2f, 0x90, 0x4, 0xf8,
    0x2f, 0x90, 0x4, 0xf8, 0x2f, 0x90, 0x4, 0xf8,
    0x2f, 0xa0, 0x8, 0xf8, 0xe, 0xf8, 0x8e, 0xf8,
    0x4, 0xdf, 0xd3, 0xf8,

    /* U+0218 "Ș" */
    0x8, 0xef, 0xeb, 0x28, 0xfc, 0x8a, 0xd0, 0xbf,
    0x10, 0x0, 0x8, 0xf6, 0x0, 0x0, 0xb, 0xfc,
    0x50, 0x0, 0x5, 0xdf, 0xb0, 0x0, 0x0, 0x8f,
    0x70, 0x0, 0x5, 0xf8, 0xeb, 0x89, 0xef, 0x38,
    0xdf, 0xfc, 0x50, 0x0, 0x34, 0x0, 0x0, 0xc,
    0xb0, 0x0, 0x0, 0xf3, 0x0, 0x0,

    /* U+0219 "ș" */
    0x1a, 0xef, 0xea, 0x8, 0xfa, 0x7a, 0xa0, 0xaf,
    0x40, 0x0, 0x2, 0xef, 0xc5, 0x0, 0x0, 0x7d,
    0xfb, 0x0, 0x0, 0xb, 0xf2, 0xbb, 0x88, 0xef,
    0x7, 0xef, 0xfc, 0x40, 0x0, 0x25, 0x0, 0x0,
    0xa, 0xc0, 0x0, 0x0, 0xe4, 0x0, 0x0,

    /* U+021A "Ț" */
    0x8f, 0xff, 0xff, 0xfe, 0x49, 0x9d, 0xf9, 0x98,
    0x0, 0xa, 0xf1, 0x0, 0x0, 0xa, 0xf1, 0x0,
    0x0, 0xa, 0xf1, 0x0, 0x0, 0xa, 0xf1, 0x0,
    0x0, 0xa, 0xf1, 0x0, 0x0, 0xa, 0xf1, 0x0,
    0x0, 0xa, 0xf1, 0x0, 0x0, 0xa, 0xf1, 0x0,
    0x0, 0x3, 0x40, 0x0, 0x0, 0xc, 0xb0, 0x0,
    0x0, 0xf, 0x30, 0x0,

    /* U+021B "ț" */
    0x0, 0xf, 0x50, 0x0, 0x0, 0x3f, 0x50, 0x0,
    0x2c, 0xff, 0xff, 0xf4, 0x17, 0xaf, 0xa7, 0x71,
    0x0, 0x6f, 0x50, 0x0, 0x0, 0x6f, 0x50, 0x0,
    0x0, 0x6f, 0x50, 0x0, 0x0, 0x5f, 0x60, 0x0,
    0x0, 0x2f, 0xe8, 0x84, 0x0, 0x6, 0xef, 0xe4,
    0x0, 0x0, 0x34, 0x0, 0x0, 0x0, 0xca, 0x0,
    0x0, 0x0, 0xf2, 0x0,

    /* U+021C "Ȝ" */
    0x5, 0xcf, 0xfd, 0x50, 0xe, 0xd9, 0x8e, 0xf2,
    0x2, 0x0, 0x5, 0xf6, 0x0, 0x0, 0x8, 0xf4,
    0x0, 0x15, 0xbf, 0xa0, 0x0, 0xcf, 0xdf, 0x90,
    0x0, 0x32, 0x7, 0xf6, 0x0, 0x0, 0x1, 0xfa,
    0x0, 0x0, 0x2, 0xfa, 0x0, 0x0, 0xb, 0xf5,
    0x0, 0x6, 0xdf, 0xa0, 0x1a, 0xff, 0xe6, 0x0,
    0x2f, 0xa5, 0x0, 0x0, 0x0, 0x0, 0x0, 0x0,

    /* U+021D "ȝ" */
    0x19, 0xdf, 0xfb, 0x30, 0xd, 0xa7, 0x8f, 0xf0,
    0x0, 0x0, 0x8, 0xf2, 0x0, 0x0, 0x2d, 0xe0,
    0x0, 0x8c, 0xff, 0x50, 0x0, 0xba, 0x6d, 0xe2,
    0x0, 0x0, 0x3, 0xf8, 0x0, 0x0, 0x2, 0xf8,
    0x0, 0x0, 0x2c, 0xf3, 0x3, 0x6b, 0xff, 0x60,
    0x8f, 0xfd, 0x81, 0x0, 0x34, 0x10, 0x0, 0x0,

    /* U+021E "Ȟ" */
    0x1, 0x71, 0x6, 0x40, 0x0, 0x7e, 0xbd, 0x10,
    0x0, 0x6, 0x82, 0x0, 0x0, 0x0, 0x0, 0x0,
    0x4f, 0x80, 0x1, 0xfa, 0x4f, 0x80, 0x1, 0xfa,
    0x4f, 0x80, 0x1, 0xfa, 0x4f, 0x80, 0x1, 0xfa,
    0x4f, 0xff, 0xff, 0xfa, 0x4f, 0xc9, 0x99, 0xfa,
    0x4f, 0x80, 0x1, 0xfa, 0x4f, 0x80, 0x1, 0xfa,
    0x4f, 0x80, 0x1, 0xfa, 0x4f, 0x80, 0x1, 0xfa,

    /* U+021F "ȟ" */
    0x55, 0x1, 0x71, 0x0, 0x2, 0xf8, 0xda, 0x0,
    0x0, 0x6, 0xfe, 0x10, 0x0, 0x0, 0x0, 0x0,
    0x0, 0x0, 0x1, 0xfa, 0x0, 0x0, 0x0, 0x1f,
    0xa0, 0x0, 0x0, 0x1, 0xfa, 0x0, 0x0, 0x0,
    0x1f, 0xa9, 0xfe, 0x80, 0x1, 0xff, 0xc8, 0xef,
    0x50, 0x1f, 0xe0, 0x4, 0xf8, 0x1, 0xfa, 0x0,
    0x2f, 0x90, 0x1f, 0xa0, 0x2, 0xf9, 0x1, 0xfa,
    0x0, 0x2f, 0x90, 0x1f, 0xa0, 0x2, 0xf9, 0x1,
    0xfa, 0x0, 0x2f, 0x90,

    /* U+0220 "Ƞ" */
    0xf8, 0x9f, 0xf9, 0xf, 0xfb, 0x6d, 0xf5, 0xff,
    0x0, 0x4f, 0x9f, 0xd0, 0x3, 0xf9, 0xfc, 0x0,
    0x3f, 0x9f, 0xc0, 0x3, 0xf9, 0xfc, 0x0, 0x3f,
    0x9f, 0xc0, 0x3, 0xf9, 0xfc, 0x0, 0x3f, 0x9f,
    0xc0, 0x3, 0xf9, 0x0, 0x0, 0x3f, 0x90, 0x0,
    0x3, 0xf9, 0x0, 0x0, 0x3f, 0x90,

    /* U+0221 "ȡ" */
    0x0, 0x5, 0xf1, 0x0, 0x0, 0x0, 0x5f, 0x10,
    0x0, 0x0, 0x5, 0xf1, 0x0, 0x0, 0xaf, 0xbf,
    0x10, 0x0, 0x5f, 0x6c, 0xf1, 0x0, 0x8, 0xe0,
    0x7f, 0x10, 0x0, 0xad, 0x5, 0xf1, 0x0, 0xa,
    0xd0, 0x5f, 0x10, 0x0, 0x9e, 0x6, 0xf6, 0xeb,
    0x5, 0xf6, 0xbf, 0xf7, 0xf2, 0xb, 0xf7, 0x8f,
    0xfa, 0x0, 0x0, 0x6, 0xb0, 0x0, 0x0, 0x0,
    0x34, 0x0, 0x0,

    /* U+0222 "Ȣ" */
    0xd, 0xc0, 0x6, 0xf4, 0xd, 0xc0, 0x6, 0xf3,
    0xa, 0xf4, 0x2c, 0xf0, 0x2, 0xff, 0xff, 0x80,
    0xd, 0xf6, 0x5c, 0xf3, 0x3f, 0x80, 0x2, 0xf9,
    0x4f, 0x60, 0x0, 0xfb, 0x2f, 0x90, 0x3, 0xf9,
    0xc, 0xfa, 0x8e, 0xf3, 0x1, 0xaf, 0xfd, 0x40,

    /* U+0223 "ȣ" */
    0xf, 0xc0, 0x6, 0xf5, 0xf, 0xc0, 0x6, 0xf5,
    0xe, 0xe0, 0x7, 0xf4, 0x9, 0xf6, 0x3d, 0xf1,
    0x1, 0xef, 0xff, 0x50, 0xc, 0xf7, 0x6c, 0xf2,
    0x4f, 0x90, 0x2, 0xfa, 0x6f, 0x60, 0x0, 0xfc,
    0x4f, 0x90, 0x3, 0xfa, 0xd, 0xf9, 0x8e, 0xf4,
    0x1, 0xaf, 0xfc, 0x40,

    /* U+0224 "Ȥ" */
    0x7f, 0xff, 0xff, 0x44, 0x88, 0x8e, 0xf2, 0x0,
    0x3, 0xf8, 0x0, 0x0, 0xce, 0x0, 0x0, 0x5f,
    0x60, 0x0, 0xe, 0xc0, 0x0, 0x8, 0xf3, 0x0,
    0x1, 0xfa, 0x0, 0x0, 0xaf, 0xa9, 0x9a, 0x5c,
    0xff, 0xff, 0xf9, 0x0, 0x0, 0xf, 0x80, 0x0,
    0x49, 0xf7, 0x0, 0x9, 0xfc, 0x10,

    /* U+0225 "ȥ" */
    0xbf, 0xff, 0xff, 0x34, 0x66, 0x7f, 0xe1, 0x0,
    0xb, 0xf4, 0x0, 0x7, 0xf8, 0x0, 0x3, 0xfc,
    0x0, 0x1, 0xee, 0x10, 0x0, 0xbf, 0xa7, 0x78,
    0x4f, 0xff, 0xff, 0xf9, 0x0, 0x0, 0xf, 0x80,
    0x0, 0x49, 0xf7, 0x0, 0x9, 0xfc, 0x10,

    /* U+0226 "Ȧ" */
    0x0, 0xb, 0xf2, 0x0, 0x0, 0x0, 0xdf, 0x30,
    0x0, 0x0, 0x1, 0x20, 0x0, 0x0, 0x0, 0x0,
    0x0, 0x0, 0x0, 0xf, 0xf6, 0x0, 0x0, 0x4,
    0xfe, 0xb0, 0x0, 0x0, 0x9e, 0x8f, 0x0, 0x0,
    0xe, 0xa4, 0xf4, 0x0, 0x2, 0xf6, 0xf, 0x90,
    0x0, 0x7f, 0x98, 0xee, 0x0, 0xc, 0xff, 0xff,
    0xf2, 0x1, 0xf9, 0x0, 0x3f, 0x70, 0x5f, 0x40,
    0x0, 0xec, 0xa, 0xf0, 0x0, 0xa, 0xf1,

    /* U+0227 "ȧ" */
    0x0, 0x9, 0xf3, 0x0, 0x0, 0xb, 0xf4, 0x0,
    0x0, 0x0, 0x20, 0x0, 0x5, 0xcf, 0xfc, 0x40,
    0x5, 0xb8, 0x7d, 0xf1, 0x0, 0x0, 0x5, 0xf5,
    0x3, 0xbe, 0xff, 0xf5, 0xe, 0xd4, 0x26, 0xf5,
    0x2f, 0x80, 0x7, 0xf5, 0x1f, 0xe7, 0x9f, 0xf5,
    0x6, 0xef, 0xc4, 0xf5,

    /* U+0228 "Ȩ" */
    0xcf, 0xff, 0xff, 0x5c, 0xf9, 0x99, 0x93, 0xce,
    0x0, 0x0, 0xc, 0xf9, 0x99, 0x91, 0xcf, 0xff,
    0xff, 0x1c, 0xe0, 0x0, 0x0, 0xce, 0x0, 0x0,
    0xc, 0xe0, 0x0, 0x0, 0xcf, 0x99, 0x99, 0x3c,
    0xff, 0xff, 0xf5, 0x0, 0x7c, 0x10, 0x0, 0x0,
    0xba, 0x0, 0x2, 0xfe, 0x50, 0x0,

    /* U+0229 "ȩ" */
    0x0, 0x8e, 0xfd, 0x40, 0x9, 0xf9, 0x6c, 0xf3,
    0xf, 0xa0, 0x1, 0xf8, 0x3f, 0xff, 0xff, 0xfa,
    0x3f, 0xa3, 0x33, 0x32, 0xf, 0xc0, 0x0, 0x0,
    0x8, 0xfd, 0x88, 0xc5, 0x0, 0x7d, 0xff, 0xc3,
    0x0, 0x6, 0xd2, 0x0, 0x0, 0x0, 0xab, 0x0,
    0x0, 0x1f, 0xe6, 0x0,

    /* U+022A "Ȫ" */
    0x0, 0x0, 0x0, 0x0, 0x0, 0xef, 0xff, 0x40,
    0x0, 0x33, 0x33, 0x10, 0x3, 0xe5, 0xd, 0x80,
    0x3, 0xf5, 0xe, 0x90, 0x0, 0x0, 0x0, 0x0,
    0x0, 0x0, 0x0, 0x0, 0x0, 0x9e, 0xfc, 0x30,
    0xb, 0xfb, 0x9f, 0xf2, 0x2f, 0xb0, 0x5, 0xf8,
    0x6f, 0x60, 0x0, 0xfc, 0x7f, 0x40, 0x0, 0xed,
    0x7f, 0x40, 0x0, 0xed, 0x6f, 0x60, 0x0, 0xfc,
    0x2f, 0xb0, 0x5, 0xf8, 0xb, 0xfb, 0x9f, 0xf2,
    0x0, 0x9f, 0xfc, 0x30,

    /* U+022B "ȫ" */
    0x0, 0x0, 0x0, 0x0, 0x0, 0xef, 0xff, 0x40,
    0x0, 0x33, 0x33, 0x10, 0x3, 0xf5, 0xe, 0x90,
    0x2, 0xe5, 0xd, 0x80, 0x0, 0x0, 0x0, 0x0,
    0x0, 0x9e, 0xfc, 0x30, 0xb, 0xfa, 0x8e, 0xf2,
    0x2f, 0xa0, 0x4, 0xf8, 0x5f, 0x60, 0x0, 0xfb,
    0x5f, 0x60, 0x0, 0xfb, 0x2f, 0xa0, 0x4, 0xf8,
    0xb, 0xfa, 0x7e, 0xf2, 0x0, 0x9e, 0xfc, 0x40,

    /* U+022C "Ȭ" */
    0x0, 0x0, 0x0, 0x0, 0x0, 0xef, 0xff, 0x40,
    0x0, 0x33, 0x33, 0x10, 0x0, 0x0, 0x0, 0x0,
    0x2, 0xef, 0xff, 0x90, 0x1, 0x33, 0x33, 0x0,
    0x0, 0x0, 0x0, 0x0, 0x0, 0x9e, 0xfc, 0x30,
    0xb, 0xfb, 0x9f, 0xf2, 0x2f, 0xb0, 0x5, 0xf8,
    0x6f, 0x60, 0x0, 0xfc, 0x7f, 0x40, 0x0, 0xed,
    0x7f, 0x40, 0x0, 0xed, 0x6f, 0x60, 0x0, 0xfc,
    0x2f, 0xb0, 0x5, 0xf8, 0xb, 0xfb, 0x9f, 0xf2,
    0x0, 0x9f, 0xfc, 0x30,

    /* U+022D "ȭ" */
    0x0, 0x0, 0x0, 0x0, 0x0, 0xef, 0xff, 0x40,
    0x0, 0x33, 0x33, 0x10, 0x0, 0xce, 0x54, 0xb0,
    0x4, 0xc6, 0xef, 0x60, 0x1, 0x20, 0x13, 0x0,
    0x0, 0x9e, 0xfc, 0x30, 0xb, 0xfa, 0x8e, 0xf2,
    0x2f, 0xa0, 0x4, 0xf8, 0x5f, 0x60, 0x0, 0xfb,
    0x5f, 0x60, 0x0, 0xfb, 0x2f, 0xa0, 0x4, 0xf8,
    0xb, 0xfa, 0x7e, 0xf2, 0x0, 0x9e, 0xfc, 0x40,

    /* U+022E "Ȯ" */
    0x0, 0xb, 0xf2, 0x0, 0x0, 0xd, 0xf3, 0x0,
    0x0, 0x1, 0x20, 0x0, 0x0, 0x0, 0x0, 0x0,
    0x0, 0x9e, 0xfc, 0x30, 0xb, 0xfb, 0x9f, 0xf2,
    0x2f, 0xb0, 0x5, 0xf8, 0x6f, 0x60, 0x0, 0xfc,
    0x7f, 0x40, 0x0, 0xed, 0x7f, 0x40, 0x0, 0xed,
    0x6f, 0x60, 0x0, 0xfc, 0x2f, 0xb0, 0x5, 0xf8,
    0xb, 0xfb, 0x9f, 0xf2, 0x0, 0x9f, 0xfc, 0x30,

    /* U+022F "ȯ" */
    0x0, 0xb, 0xe2, 0x0, 0x0, 0xd, 0xf3, 0x0,
    0x0, 0x1, 0x20, 0x0, 0x0, 0x9e, 0xfc, 0x30,
    0xb, 0xfa, 0x8e, 0xf2, 0x2f, 0xa0, 0x4, 0xf8,
    0x5f, 0x60, 0x0, 0xfb, 0x5f, 0x60, 0x0, 0xfb,
    0x2f, 0xa0, 0x4, 0xf8, 0xb, 0xfa, 0x7e, 0xf2,
    0x0, 0x9e, 0xfc, 0x40,

    /* U+0230 "Ȱ" */
    0x0, 0x0, 0x0, 0x0, 0x0, 0xef, 0xff, 0x40,
    0x0, 0xb, 0xf2, 0x0, 0x0, 0xd, 0xf3, 0x0,
    0x0, 0x1, 0x20, 0x0, 0x0, 0x0, 0x0, 0x0,
    0x0, 0x9e, 0xfc, 0x30, 0xb, 0xfb, 0x9f, 0xf2,
    0x2f, 0xb0, 0x5, 0xf8, 0x6f, 0x60, 0x0, 0xfc,
    0x7f, 0x40, 0x0, 0xed, 0x7f, 0x40, 0x0, 0xed,
    0x6f, 0x60, 0x0, 0xfc, 0x2f, 0xb0, 0x5, 0xf8,
    0xb, 0xfb, 0x9f, 0xf2, 0x0, 0x9f, 0xfc, 0x30,

    /* U+0231 "ȱ" */
    0x0, 0x0, 0x0, 0x0, 0x0, 0xef, 0xff, 0x40,
    0x0, 0x33, 0x33, 0x10, 0x0, 0xb, 0xe2, 0x0,
    0x0, 0xd, 0xf3, 0x0, 0x0, 0x1, 0x20, 0x0,
    0x0, 0x9e, 0xfc, 0x30, 0xb, 0xfa, 0x8e, 0xf2,
    0x2f, 0xa0, 0x4, 0xf8, 0x5f, 0x60, 0x0, 0xfb,
    0x5f, 0x60, 0x0, 0xfb, 0x2f, 0xa0, 0x4, 0xf8,
    0xb, 0xfa, 0x7e, 0xf2, 0x0, 0x9e, 0xfc, 0x40,

    /* U+0232 "Ȳ" */
    0x0, 0x0, 0x0, 0x0, 0x0, 0xe, 0xff, 0xf4,
    0x0, 0x0, 0x33, 0x33, 0x10, 0x0, 0x0, 0x0,
    0x0, 0x0, 0x6f, 0x70, 0x1, 0xfc, 0x0, 0xed,
    0x0, 0x7f, 0x40, 0x6, 0xf5, 0xd, 0xd0, 0x0,
    0xe, 0xc5, 0xf5, 0x0, 0x0, 0x7f, 0xdd, 0x0,
    0x0, 0x0, 0xef, 0x50, 0x0, 0x0, 0xa, 0xf1,
    0x0, 0x0, 0x0, 0xaf, 0x10, 0x0, 0x0, 0xa,
    0xf1, 0x0, 0x0, 0x0, 0xaf, 0x10, 0x0,

    /* U+0233 "ȳ" */
    0x0, 0xef, 0xff, 0x40, 0x0, 0x44, 0x44, 0x10,
    0x6f, 0x60, 0x0, 0xfc, 0xf, 0xc0, 0x5, 0xf6,
    0x9, 0xf2, 0xa, 0xf1, 0x2, 0xf8, 0xe, 0xb0,
    0x0, 0xce, 0x4f, 0x50, 0x0, 0x5f, 0xce, 0x0,
    0x0, 0xe, 0xf9, 0x0, 0x0, 0xa, 0xf3, 0x0,
    0x0, 0xe, 0xd0, 0x0, 0x18, 0xcf, 0x50, 0x0,
    0x2f, 0xe7, 0x0, 0x0,

    /* U+0234 "ȴ" */
    0x1, 0xf9, 0x0, 0x0, 0x1, 0xf9, 0x0, 0x0,
    0x1, 0xf9, 0x0, 0x0, 0x1, 0xf9, 0x0, 0x0,
    0x1, 0xf9, 0x0, 0x0, 0x1, 0xf9, 0x0, 0x0,
    0x1, 0xf9, 0x0, 0x0, 0x1, 0xfe, 0xff, 0xa0,
    0x0, 0xfd, 0x45, 0xf4, 0x6, 0xfe, 0x44, 0xf3,
    0x1f, 0x6c, 0xff, 0x80, 0x2, 0x0, 0x0, 0x0,

    /* U+0235 "ȵ" */
    0x6e, 0x9f, 0xe4, 0x0, 0x6, 0xfa, 0x5e, 0xc0,
    0x0, 0x6f, 0x20, 0xbe, 0x0, 0x6, 0xf2, 0xa,
    0xe0, 0x0, 0x6f, 0x20, 0xaf, 0xfb, 0x6, 0xf2,
    0xb, 0xe5, 0xf2, 0x6f, 0x21, 0xff, 0x2f, 0x26,
    0xf2, 0x6e, 0xdf, 0x90, 0x0, 0x0, 0x30, 0x0,
    0x0,

    /* U+0236 "ȶ" */
    0x0, 0x3f, 0x30, 0x0, 0x0, 0x5f, 0x30, 0x0,
    0x4d, 0xff, 0xff, 0xf1, 0x37, 0xcf, 0x97, 0x70,
    0x0, 0x8f, 0x30, 0x0, 0x0, 0x8f, 0x30, 0x0,
    0x0, 0x8f, 0xdf, 0xd2, 0x0, 0x7f, 0x82, 0xca,
    0x0, 0xbf, 0xb4, 0xd9, 0x5, 0xd8, 0xef, 0xc1,
    0x0, 0x10, 0x0, 0x0,

    /* U+0237 "ȷ" */
    0x3, 0xff, 0xfd, 0x0, 0x46, 0xfd, 0x0, 0x0,
    0xed, 0x0, 0x0, 0xed, 0x0, 0x0, 0xed, 0x0,
    0x0, 0xed, 0x0, 0x0, 0xed, 0x0, 0x0, 0xed,
    0x0, 0x0, 0xfc, 0x4a, 0x9c, 0xf8, 0x3e, 0xfe,
    0x90,

    /* U+0238 "ȸ" */
    0x0, 0x8, 0xe0, 0x0, 0x0, 0x8, 0xe0, 0x0,
    0x0, 0x8, 0xe0, 0x0, 0xb, 0xfb, 0xec, 0xe3,
    0x5f, 0x8e, 0xf8, 0xeb, 0x8f, 0x9, 0xf0, 0x9e,
    0x9e, 0x8, 0xe0, 0x8f, 0x9e, 0x8, 0xe0, 0x8f,
    0x8f, 0x9, 0xf0, 0x9e, 0x4f, 0x7e, 0xf7, 0xea,
    0xa, 0xfa, 0x5f, 0xd2,

    /* U+0239 "ȹ" */
    0x9, 0xfa, 0x4f, 0xd2, 0x4, 0xf8, 0xef, 0x8e,
    0xa0, 0x7f, 0x9, 0xf0, 0x9e, 0x9, 0xe0, 0x7e,
    0x7, 0xf0, 0x9e, 0x7, 0xe0, 0x7f, 0x8, 0xf0,
    0x8f, 0x9, 0xe0, 0x5f, 0x8d, 0xf8, 0xeb, 0x0,
    0xbf, 0xbe, 0xce, 0x30, 0x0, 0x7, 0xe0, 0x0,
    0x0, 0x0, 0x7e, 0x0, 0x0, 0x0, 0x7, 0xe0,
    0x0, 0x0,

    /* U+023A "Ⱥ" */
    0x0, 0x0, 0x8, 0xa0, 0x0, 0x0, 0xff, 0xf6,
    0x0, 0x0, 0x4f, 0xef, 0x20, 0x0, 0x9, 0xe8,
    0xf0, 0x0, 0x0, 0xea, 0x9f, 0x40, 0x0, 0x2f,
    0x6d, 0xf9, 0x0, 0x7, 0xfa, 0xff, 0xe0, 0x0,
    0xcf, 0xff, 0xff, 0x20, 0x1f, 0x9a, 0x93, 0xf7,
    0x5, 0xf4, 0xe5, 0xe, 0xc0, 0xaf, 0x3f, 0x0,
    0xaf, 0x10, 0x6, 0xc0, 0x0, 0x0,

    /* U+023B "Ȼ" */
    0x0, 0x0, 0x6, 0xc0, 0x0, 0x2a, 0xef, 0xf6,
    0x2, 0xff, 0xbf, 0xd6, 0xb, 0xf4, 0x2f, 0x0,
    0xf, 0xc0, 0x7c, 0x0, 0x3f, 0x90, 0xb8, 0x0,
    0x3f, 0x90, 0xf3, 0x0, 0x1f, 0xb3, 0xf0, 0x0,
    0xd, 0xfa, 0xb0, 0x0, 0x4, 0xff, 0xd9, 0xc5,
    0x0, 0x5f, 0xff, 0xc3, 0x0, 0x4e, 0x0, 0x0,

    /* U+023C "ȼ" */
    0x0, 0x0, 0xc, 0x60, 0x0, 0x2, 0xf1, 0x0,
    0x0, 0x7b, 0x0, 0x5d, 0xff, 0xd1, 0x4f, 0xeb,
    0xfb, 0xb, 0xf2, 0x8b, 0x0, 0xed, 0xd, 0x50,
    0xe, 0xd3, 0xf0, 0x0, 0xcf, 0xaa, 0x0, 0x6,
    0xff, 0xb9, 0xd0, 0x8, 0xff, 0xfb, 0x0, 0x9a,
    0x0, 0x0, 0xe, 0x40, 0x0, 0x4, 0xe0, 0x0,
    0x0,

    /* U+023D "Ƚ" */
    0x9, 0xf2, 0x0, 0x0, 0x9, 0xf2, 0x0, 0x0,
    0x9, 0xf2, 0x0, 0x0, 0x9, 0xf2, 0x0, 0x0,
    0xff, 0xff, 0xf0, 0x0, 0x8c, 0xf9, 0x80, 0x0,
    0x9, 0xf2, 0x0, 0x0, 0x9, 0xf2, 0x0, 0x0,
    0x9, 0xfa, 0x99, 0x93, 0x9, 0xff, 0xff, 0xf5,

    /* U+023E "Ⱦ" */
    0x0, 0x0, 0x0, 0xd3, 0x8f, 0xff, 0xff, 0xfe,
    0x49, 0x9d, 0xff, 0xa8, 0x0, 0xa, 0xfc, 0x0,
    0x0, 0xa, 0xf5, 0x0, 0x0, 0xa, 0xf1, 0x0,
    0x0, 0xc, 0xf1, 0x0, 0x0, 0x2f, 0xf1, 0x0,
    0x0, 0xaf, 0xf1, 0x0, 0x2, 0xeb, 0xf1, 0x0,
    0x9, 0x7a, 0xf1, 0x0, 0x1e, 0x0, 0x0, 0x0,

    /* U+023F "ȿ" */
    0x1a, 0xef, 0xea, 0x8, 0xfa, 0x7a, 0xa0, 0xaf,
    0x40, 0x0, 0x2, 0xef, 0xc5, 0x0, 0x0, 0x7d,
    0xfb, 0x0, 0x0, 0xb, 0xf2, 0xbb, 0x88, 0xef,
    0x8, 0xff, 0xfc, 0x40, 0x7, 0xf4, 0x0, 0x0,
    0xe, 0xe8, 0x50, 0x0, 0x4e, 0xf8, 0x0,

    /* U+0240 "ɀ" */
    0xbf, 0xff, 0xff, 0x34, 0x66, 0x7f, 0xe1, 0x0,
    0xa, 0xf4, 0x0, 0x7, 0xf8, 0x0, 0x3, 0xfc,
    0x0, 0x1, 0xee, 0x10, 0x0, 0xbf, 0x60, 0x0,
    0xf, 0xff, 0x50, 0x0, 0x2, 0xee, 0x0, 0x0,
    0x7, 0xfc, 0x72, 0x0, 0xa, 0xff, 0x40,

    /* U+0241 "Ɂ" */
    0x7, 0xdf, 0xfc, 0x50, 0x1f, 0xb8, 0x9f, 0xf3,
    0x1, 0x0, 0x5, 0xf8, 0x0, 0x0, 0x4, 0xf8,
    0x0, 0x0, 0x1c, 0xf3, 0x0, 0x9, 0xff, 0x50,
    0x0, 0x1f, 0xc1, 0x0, 0x0, 0x1f, 0xb0, 0x0,
    0x0, 0x1f, 0xb0, 0x0, 0x0, 0x1f, 0xb0, 0x0,

    /* U+0242 "ɂ" */
    0x4b, 0xff, 0xb2, 0x7, 0xd8, 0x9f, 0xd0, 0x0,
    0x0, 0xbf, 0x20, 0x0, 0xa, 0xf2, 0x0, 0x3,
    0xfd, 0x0, 0x7, 0xff, 0x30, 0x2, 0xfc, 0x10,
    0x0, 0x2f, 0xa0, 0x0,

    /* U+0243 "Ƀ" */
    0xc, 0xff, 0xfd, 0x70, 0xc, 0xe8, 0x8d, 0xf5,
    0xc, 0xd0, 0x4, 0xf7, 0xc, 0xd0, 0x8, 0xf4,
    0xc, 0xff, 0xff, 0x80, 0xc, 0xe9, 0x8d, 0xf4,
    0xff, 0xff, 0x12, 0xfb, 0x3d, 0xd3, 0x1, 0xfb,
    0xc, 0xe8, 0x8d, 0xf6, 0xc, 0xff, 0xfe, 0x70,

    /* U+0244 "Ʉ" */
    0x4f, 0x80, 0x1, 0xfa, 0x4, 0xf8, 0x0, 0x1f,
    0xa0, 0x4f, 0x80, 0x1, 0xfa, 0xa, 0xfc, 0x88,
    0x9f, 0xd3, 0xff, 0xff, 0xff, 0xff, 0x64, 0xf8,
    0x0, 0x1f, 0xa0, 0x3f, 0x80, 0x2, 0xfa, 0x2,
    0xfb, 0x0, 0x5f, 0x80, 0xc, 0xfb, 0x9e, 0xf2,
    0x0, 0x1a, 0xff, 0xc4, 0x0,

    /* U+0245 "Ʌ" */
    0x0, 0xe, 0xf4, 0x0, 0x0, 0x3, 0xff, 0x90,
    0x0, 0x0, 0x8f, 0xae, 0x0, 0x0, 0xd, 0xc5,
    0xf3, 0x0, 0x1, 0xf7, 0x1f, 0x80, 0x0, 0x6f,
    0x30, 0xcd, 0x0, 0xb, 0xe0, 0x8, 0xf2, 0x1,
    0xfa, 0x0, 0x4f, 0x60, 0x5f, 0x60, 0x0, 0xfb,
    0xa, 0xf1, 0x0, 0xb, 0xf1,

    /* U+0246 "Ɇ" */
    0x0, 0x0, 0x4e, 0xc, 0xff, 0xff, 0xf5, 0xcf,
    0x99, 0xfb, 0x3c, 0xe0, 0xf, 0x20, 0xce, 0x4,
    0xe0, 0xc, 0xff, 0xff, 0xf1, 0xcf, 0x9f, 0xb9,
    0x1c, 0xe1, 0xf2, 0x0, 0xce, 0x5d, 0x0, 0xc,
    0xfc, 0xd9, 0x93, 0xcf, 0xff, 0xff, 0x50, 0x1f,
    0x10, 0x0, 0x0, 0x10, 0x0, 0x0,

    /* U+0247 "ɇ" */
    0x0, 0x0, 0x1, 0xf1, 0x0, 0x0, 0x7, 0xc0,
    0x0, 0x0, 0xc, 0x60, 0x0, 0x8e, 0xff, 0x60,
    0x9, 0xf9, 0xbf, 0xf3, 0xf, 0xa0, 0xd7, 0xf8,
    0x3f, 0xff, 0xff, 0xfa, 0x3f, 0xaa, 0xb3, 0x32,
    0xf, 0xcd, 0x50, 0x0, 0x8, 0xff, 0x88, 0xc5,
    0x0, 0xbf, 0xff, 0xc3, 0x0, 0xe4, 0x0, 0x0,
    0x3, 0xe0, 0x0, 0x0, 0x9, 0x90, 0x0, 0x0,

    /* U+0248 "Ɉ" */
    0x0, 0x0, 0x7f, 0x40, 0x0, 0x0, 0x7f, 0x40,
    0x0, 0x0, 0x7f, 0x40, 0x0, 0x0, 0x7f, 0x40,
    0x0, 0x18, 0xcf, 0xa8, 0x0, 0x2f, 0xff, 0xff,
    0x0, 0x0, 0x7f, 0x40, 0x0, 0x0, 0x7f, 0x40,
    0x0, 0x0, 0x7f, 0x40, 0x0, 0x0, 0x7f, 0x40,
    0x0, 0x0, 0xaf, 0x30, 0x2c, 0x9b, 0xfd, 0x0,
    0x2d, 0xff, 0xb2, 0x0,

    /* U+0249 "ɉ" */
    0x0, 0x2, 0xeb, 0x0, 0x0, 0x3, 0xfd, 0x0,
    0x0, 0x0, 0x21, 0x0, 0x3, 0xff, 0xfd, 0x0,
    0x0, 0x23, 0xed, 0x0, 0x0, 0x0, 0xed, 0x0,
    0x0, 0xcf, 0xff, 0xfa, 0x0, 0x23, 0xee, 0x32,
    0x0, 0x0, 0xed, 0x0, 0x0, 0x0, 0xed, 0x0,
    0x0, 0x0, 0xed, 0x0, 0x0, 0x0, 0xfc, 0x0,
    0x4a, 0x9d, 0xf8, 0x0, 0x3e, 0xfe, 0x90, 0x0,

    /* U+024A "Ɋ" */
    0x1, 0xaf, 0xe5, 0xea, 0x0, 0xb, 0xfc, 0xae,
    0xfa, 0x0, 0x2f, 0xb0, 0x6, 0xfa, 0x0, 0x6f,
    0x60, 0x2, 0xfa, 0x0, 0x7f, 0x40, 0x1, 0xfa,
    0x0, 0x7f, 0x40, 0x1, 0xfa, 0x0, 0x6f, 0x60,
    0x2, 0xfa, 0x0, 0x3f, 0xb0, 0x6, 0xfa, 0x0,
    0xc, 0xfc, 0xae, 0xfb, 0x0, 0x1, 0xbf, 0xd6,
    0xfc, 0x0, 0x0, 0x0, 0x2, 0xfa, 0x0, 0x0,
    0x0, 0x1, 0xfe, 0x71, 0x0, 0x0, 0x0, 0x7e,
    0xf2,

    /* U+024B "ɋ" */
    0x2, 0xcf, 0xd4, 0xf8, 0x0, 0xcf, 0xa8, 0xef,
    0x80, 0x2f, 0xb0, 0x6, 0xf8, 0x5, 0xf7, 0x0,
    0x2f, 0x80, 0x5f, 0x70, 0x2, 0xf8, 0x3, 0xfb,
    0x0, 0x5f, 0x80, 0xd, 0xfa, 0x8e, 0xf8, 0x0,
    0x2c, 0xfd, 0x6f, 0x80, 0x0, 0x0, 0x3, 0xf8,
    0x0, 0x0, 0x0, 0x1f, 0xd7, 0x0, 0x0, 0x0,
    0x8f, 0xe0,

    /* U+024C "Ɍ" */
    0xc, 0xff, 0xfb, 0x30, 0x0, 0xcf, 0x8a, 0xff,
    0x10, 0xc, 0xf0, 0x8, 0xf5, 0x0, 0xcf, 0x0,
    0x8f, 0x40, 0x8e, 0xf8, 0xaf, 0xd0, 0xf, 0xff,
    0xff, 0xd1, 0x0, 0xc, 0xf0, 0xbf, 0x20, 0x0,
    0xcf, 0x2, 0xfa, 0x0, 0xc, 0xf0, 0x9, 0xf4,
    0x0, 0xcf, 0x0, 0x1f, 0xd0,

    /* U+024D "ɍ" */
    0xf, 0xff, 0x4b, 0xfe, 0x0, 0x48, 0xfe, 0xd8,
    0x80, 0x0, 0x3f, 0xe0, 0x0, 0x0, 0x4, 0xf9,
    0x0, 0x0, 0xb, 0xff, 0xff, 0x30, 0x0, 0x26,
    0xfa, 0x30, 0x0, 0x2, 0x7f, 0xa3, 0x0, 0x5,
    0xff, 0xff, 0xf9, 0x0,

    /* U+024E "Ɏ" */
    0x6f, 0x70, 0x1, 0xfc, 0xf, 0xff, 0xff, 0xff,
    0xf6, 0x37, 0xf9, 0x4f, 0xc3, 0x10, 0xd, 0xe7,
    0xf4, 0x0, 0x0, 0x5f, 0xfc, 0x0, 0x0, 0x0,
    0xdf, 0x40, 0x0, 0x0, 0xa, 0xf1, 0x0, 0x0,
    0x0, 0xaf, 0x10, 0x0, 0x0, 0xa, 0xf1, 0x0,
    0x0, 0x0, 0xaf, 0x10, 0x0,

    /* U+024F "ɏ" */
    0x6f, 0x70, 0x0, 0xfc, 0x1, 0xfd, 0x0, 0x6f,
    0x70, 0xcf, 0xff, 0xff, 0xff, 0x22, 0x5f, 0xb4,
    0xfb, 0x30, 0x0, 0xbe, 0x5f, 0x50, 0x0, 0x5,
    0xfd, 0xe0, 0x0, 0x0, 0xe, 0xf9, 0x0, 0x0,
    0x0, 0xaf, 0x30, 0x0, 0x0, 0xe, 0xd0, 0x0,
    0x1, 0x8c, 0xf5, 0x0, 0x0, 0x2f, 0xe7, 0x0,
    0x0, 0x0,

    /* U+0370 "Ͱ" */
    0x2f, 0xa0, 0x0, 0x2f, 0xa0, 0x0, 0x2f, 0xa0,
    0x0, 0x2f, 0xa0, 0x0, 0x2f, 0xff, 0xf8, 0x2f,
    0xd9, 0x94, 0x2f, 0xa0, 0x0, 0x2f, 0xa0, 0x0,
    0x2f, 0xa0, 0x0, 0x2f, 0xa0, 0x0,

    /* U+0371 "ͱ" */
    0xed, 0x0, 0xe, 0xd0, 0x0, 0xed, 0x11, 0xe,
    0xff, 0xf4, 0xee, 0x44, 0x1e, 0xd0, 0x0, 0xed,
    0x0, 0xe, 0xd0, 0x0,

    /* U+0372 "Ͳ" */
    0x8f, 0xff, 0xff, 0xff, 0x8f, 0x9d, 0xf9, 0xcf,
    0x8e, 0xa, 0xf1, 0x7e, 0x8e, 0xa, 0xf1, 0x7e,
    0x8e, 0xa, 0xf1, 0x7e, 0x0, 0xa, 0xf1, 0x0,
    0x0, 0xa, 0xf1, 0x0, 0x0, 0xa, 0xf1, 0x0,
    0x0, 0xa, 0xf1, 0x0, 0x0, 0xa, 0xf1, 0x0,

    /* U+0373 "ͳ" */
    0x8f, 0xff, 0xff, 0xff, 0x8f, 0x9d, 0xf9, 0xdf,
    0x8f, 0xa, 0xf1, 0xae, 0x8f, 0xa, 0xf1, 0xae,
    0x8f, 0xa, 0xf1, 0xae, 0x12, 0xa, 0xf1, 0x12,
    0x0, 0xa, 0xf1, 0x0, 0x0, 0xa, 0xf1, 0x0,
    0x0, 0xa, 0xf1, 0x0, 0x0, 0xa, 0xf1, 0x0,
    0x0, 0xa, 0xf1, 0x0,

    /* U+0374 "ʹ" */
    0x0, 0xe9, 0x7, 0xd0, 0x1e, 0x40, 0x36, 0x0,

    /* U+0375 "͵" */
    0x0, 0x32, 0x4, 0xf4, 0x1e, 0xd0,

    /* U+0376 "Ͷ" */
    0x4f, 0x50, 0xb, 0xfa, 0x4f, 0x50, 0x1f, 0xfa,
    0x4f, 0x50, 0x7d, 0xda, 0x4f, 0x50, 0xe7, 0xea,
    0x4f, 0x54, 0xf1, 0xea, 0x4f, 0x5a, 0xa0, 0xfa,
    0x4f, 0x6f, 0x40, 0xfa, 0x4f, 0xbd, 0x0, 0xfa,
    0x4f, 0xf7, 0x0, 0xfa, 0x4f, 0xf1, 0x0, 0xfa,

    /* U+0377 "ͷ" */
    0x1f, 0x80, 0xc, 0xf8, 0x1f, 0x80, 0x4f, 0xf8,
    0x1f, 0x80, 0xcd, 0xf8, 0x1f, 0x84, 0xf5, 0xf8,
    0x1f, 0x8d, 0xb2, 0xf8, 0x1f, 0xcf, 0x32, 0xf8,
    0x1f, 0xfb, 0x2, 0xf8, 0x1f, 0xf2, 0x2, 0xf8,

    /* U+037A "ͺ" */
    0x83, 0xf, 0x80, 0xaf, 0x40,

    /* U+037B "ͻ" */
    0x7e, 0xfe, 0x90, 0x6, 0xb9, 0xcf, 0xb0, 0x0,
    0x0, 0xbf, 0x20, 0x0, 0x7, 0xf5, 0x0, 0x0,
    0x7f, 0x50, 0x0, 0xb, 0xf2, 0x9a, 0x8c, 0xfc,
    0x6, 0xdf, 0xea, 0x10,

    /* U+037C "ͼ" */
    0x5, 0xdf, 0xfc, 0x4, 0xfe, 0x99, 0xb0, 0xbf,
    0x21, 0x20, 0xe, 0xd0, 0xdf, 0x20, 0xed, 0xb,
    0xe1, 0xc, 0xf2, 0x0, 0x0, 0x6f, 0xe9, 0x9d,
    0x0, 0x6d, 0xff, 0xb0,

    /* U+037D "ͽ" */
    0x7e, 0xfe, 0x90, 0x6, 0xa9, 0xcf, 0xb0, 0x1,
    0x20, 0xbf, 0x20, 0xdf, 0x37, 0xf5, 0xb, 0xe2,
    0x7f, 0x50, 0x0, 0xb, 0xf2, 0x9a, 0x8c, 0xfc,
    0x6, 0xdf, 0xea, 0x10,

    /* U+037E ";" */
    0x6, 0xf6, 0x8, 0xf8, 0x0, 0x40, 0x0, 0x0,
    0x0, 0x0, 0x0, 0x0, 0x8, 0xf5, 0xa, 0xf1,
    0xd, 0xb0, 0x1f, 0x50, 0x1, 0x0,

    /* U+037F "Ϳ" */
    0x0, 0x0, 0xfb, 0x0, 0x0, 0xfb, 0x0, 0x0,
    0xfb, 0x0, 0x0, 0xfb, 0x0, 0x0, 0xfb, 0x0,
    0x0, 0xfb, 0x0, 0x0, 0xfb, 0x0, 0x2, 0xfa,
    0x9a, 0xae, 0xf5, 0x8e, 0xfd, 0x70,

    /* U+0384 "΄" */
    0xb, 0x90, 0xf6, 0x3e, 0x0,

    /* U+0385 "΅" */
    0x0, 0xf, 0x80, 0x1a, 0x5e, 0x85, 0x3f, 0x42,
    0xb9,

    /* U+0386 "Ά" */
    0x9, 0xb0, 0x0, 0x0, 0x0, 0xd, 0x90, 0x0,
    0x0, 0x0, 0xf, 0x20, 0xff, 0x60, 0x0, 0x0,
    0x4, 0xfc, 0xb0, 0x0, 0x0, 0x9, 0xd7, 0xf0,
    0x0, 0x0, 0xe, 0x93, 0xf4, 0x0, 0x0, 0x2f,
    0x50, 0xe9, 0x0, 0x0, 0x7f, 0x98, 0xee, 0x0,
    0x0, 0xcf, 0xff, 0xff, 0x20, 0x1, 0xf8, 0x0,
    0x2f, 0x70, 0x5, 0xf4, 0x0, 0xe, 0xc0, 0xa,
    0xf0, 0x0, 0xa, 0xf1,

    /* U+0387 "·" */
    0xbe, 0x2d, 0xf3, 0x24, 0x0,

    /* U+0388 "Έ" */
    0x3, 0x10, 0x0, 0x0, 0x5, 0xf3, 0x0, 0x0,
    0x0, 0x7d, 0x3f, 0xff, 0xff, 0x55, 0x43, 0xfc,
    0x99, 0x93, 0x0, 0x3f, 0x80, 0x0, 0x0, 0x3,
    0xf8, 0x0, 0x0, 0x0, 0x3f, 0xff, 0xff, 0x10,
    0x3, 0xfc, 0x99, 0x91, 0x0, 0x3f, 0x80, 0x0,
    0x0, 0x3, 0xf8, 0x0, 0x0, 0x0, 0x3f, 0xc9,
    0x99, 0x30, 0x3, 0xff, 0xff, 0xf5,

    /* U+0389 "Ή" */
    0x4c, 0x30, 0x0, 0x0, 0x8, 0xe0, 0x0, 0x0,
    0x0, 0xb7, 0x9f, 0x20, 0x1f, 0xa0, 0x9, 0xf2,
    0x1, 0xfa, 0x0, 0x9f, 0x20, 0x1f, 0xa0, 0x9,
    0xf2, 0x1, 0xfa, 0x0, 0x9f, 0xff, 0xff, 0xa0,
    0x9, 0xfa, 0x99, 0xfa, 0x0, 0x9f, 0x20, 0x1f,
    0xa0, 0x9, 0xf2, 0x1, 0xfa, 0x0, 0x9f, 0x20,
    0x1f, 0xa0, 0x9, 0xf2, 0x1, 0xfa,

    /* U+038A "Ί" */
    0x1c, 0x70, 0x0, 0x0, 0x3, 0xf3, 0x0, 0x0,
    0x0, 0x6c, 0x2d, 0xef, 0xfd, 0x60, 0x0, 0x3,
    0xf7, 0x0, 0x0, 0x0, 0x3f, 0x70, 0x0, 0x0,
    0x3, 0xf7, 0x0, 0x0, 0x0, 0x3f, 0x70, 0x0,
    0x0, 0x3, 0xf7, 0x0, 0x0, 0x0, 0x3f, 0x70,
    0x0, 0x0, 0x3, 0xf7, 0x0, 0x0, 0x5, 0x9f,
    0xb6, 0x20, 0x3, 0xff, 0xff, 0xf7,

    /* U+038C "Ό" */
    0x0, 0x0, 0x0, 0x0, 0x0, 0xeb, 0x0, 0x0,
    0x0, 0xf, 0x59, 0xef, 0xc3, 0x1, 0x8b, 0xfb,
    0x9f, 0xf2, 0x2, 0xfb, 0x0, 0x5f, 0x80, 0x6f,
    0x60, 0x0, 0xfc, 0x7, 0xf4, 0x0, 0xe, 0xd0,
    0x7f, 0x40, 0x0, 0xed, 0x6, 0xf6, 0x0, 0xf,
    0xc0, 0x2f, 0xb0, 0x5, 0xf8, 0x0, 0xbf, 0xb9,
    0xff, 0x20, 0x0, 0x9f, 0xfc, 0x30,

    /* U+038E "Ύ" */
    0xc, 0x70, 0x0, 0x0, 0x0, 0x3f, 0x40, 0x0,
    0x0, 0x0, 0x6c, 0x2f, 0xb0, 0xc, 0xf1, 0x0,
    0xb, 0xf1, 0x2f, 0x90, 0x0, 0x4, 0xf6, 0x7f,
    0x30, 0x0, 0x0, 0xdb, 0xcc, 0x0, 0x0, 0x0,
    0x7f, 0xf6, 0x0, 0x0, 0x0, 0x1f, 0xf0, 0x0,
    0x0, 0x0, 0xe, 0xd0, 0x0, 0x0, 0x0, 0xe,
    0xd0, 0x0, 0x0, 0x0, 0xe, 0xd0, 0x0, 0x0,
    0x0, 0xe, 0xd0, 0x0,

    /* U+038F "Ώ" */
    0x0, 0x10, 0x0, 0x0, 0x0, 0xd, 0xc0, 0x0,
    0x0, 0x0, 0xf, 0x69, 0xef, 0xc3, 0x0, 0x17,
    0xbf, 0xb8, 0xef, 0x20, 0x2, 0xfa, 0x0, 0x4f,
    0x80, 0x5, 0xf5, 0x0, 0xf, 0xb0, 0x6, 0xf4,
    0x0, 0xe, 0xc0, 0x4, 0xf5, 0x0, 0xe, 0xa0,
    0x1, 0xf7, 0x0, 0x1f, 0x70, 0x0, 0xad, 0x0,
    0x6f, 0x10, 0x5, 0x8f, 0x71, 0xfb, 0x61, 0xc,
    0xff, 0x93, 0xff, 0xf2,

    /* U+0390 "ΐ" */
    0x0, 0x4, 0x40, 0x0, 0x0, 0xe8, 0x0, 0x0,
    0x2d, 0x0, 0x1, 0xf4, 0x9, 0xb0, 0xa, 0x20,
    0x67, 0x0, 0xc, 0xf0, 0x0, 0x0, 0xcf, 0x0,
    0x0, 0xc, 0xf0, 0x0, 0x0, 0xcf, 0x0, 0x0,
    0xc, 0xf0, 0x0, 0x0, 0xbf, 0x0, 0x0, 0x9,
    0xf9, 0x71, 0x0, 0x2c, 0xfe, 0x20,

    /* U+0391 "Α" */
    0x0, 0xf, 0xf6, 0x0, 0x0, 0x4, 0xfe, 0xb0,
    0x0, 0x0, 0x9e, 0x8f, 0x0, 0x0, 0xe, 0xa4,
    0xf4, 0x0, 0x2, 0xf6, 0xf, 0x90, 0x0, 0x7f,
    0x98, 0xee, 0x0, 0xc, 0xff, 0xff, 0xf2, 0x1,
    0xf9, 0x0, 0x3f, 0x70, 0x5f, 0x40, 0x0, 0xec,
    0xa, 0xf0, 0x0, 0xa, 0xf1,

    /* U+0392 "Β" */
    0xcf, 0xff, 0xd7, 0xc, 0xe8, 0x8d, 0xf5, 0xcd,
    0x0, 0x4f, 0x7c, 0xd0, 0x8, 0xf4, 0xcf, 0xff,
    0xf8, 0xc, 0xe8, 0x8d, 0xf4, 0xcd, 0x0, 0x2f,
    0xbc, 0xd0, 0x1, 0xfb, 0xce, 0x88, 0xdf, 0x6c,
    0xff, 0xfe, 0x70,

    /* U+0393 "Γ" */
    0x9f, 0xff, 0xff, 0x59, 0xf9, 0x88, 0x83, 0x9f,
    0x20, 0x0, 0x9, 0xf2, 0x0, 0x0, 0x9f, 0x20,
    0x0, 0x9, 0xf2, 0x0, 0x0, 0x9f, 0x20, 0x0,
    0x9, 0xf2, 0x0, 0x0, 0x9f, 0x20, 0x0, 0x9,
    0xf2, 0x0, 0x0,

    /* U+0394 "Δ" */
    0x0, 0xe, 0xf5, 0x0, 0x0, 0x4, 0xff, 0xa0,
    0x0, 0x0, 0x9e, 0x8f, 0x0, 0x0, 0xe, 0x93,
    0xf5, 0x0, 0x4, 0xf4, 0xe, 0xb0, 0x0, 0xaf,
    0x0, 0x9f, 0x0, 0xe, 0xa0, 0x4, 0xf5, 0x4,
    0xf5, 0x0, 0xe, 0xb0, 0xaf, 0x88, 0x88, 0xdf,
    0x1c, 0xff, 0xff, 0xff, 0xf3,

    /* U+0395 "Ε" */
    0xcf, 0xff, 0xff, 0x5c, 0xf9, 0x99, 0x93, 0xce,
    0x0, 0x0, 0xc, 0xe0, 0x0, 0x0, 0xcf, 0xff,
    0xff, 0x1c, 0xf9, 0x99, 0x91, 0xce, 0x0, 0x0,
    0xc, 0xe0, 0x0, 0x0, 0xcf, 0x99, 0x99, 0x3c,
    0xff, 0xff, 0xf5,

    /* U+0396 "Ζ" */
    0x7f, 0xff, 0xff, 0x44, 0x88, 0x8e, 0xf2, 0x0,
    0x3, 0xf8, 0x0, 0x0, 0xce, 0x0, 0x0, 0x5f,
    0x60, 0x0, 0xe, 0xc0, 0x0, 0x8, 0xf3, 0x0,
    0x1, 0xfa, 0x0, 0x0, 0xaf, 0xa9, 0x99, 0x2c,
    0xff, 0xff, 0xf4,

    /* U+0397 "Η" */
    0x4f, 0x80, 0x1, 0xfa, 0x4f, 0x80, 0x1, 0xfa,
    0x4f, 0x80, 0x1, 0xfa, 0x4f, 0x80, 0x1, 0xfa,
    0x4f, 0xff, 0xff, 0xfa, 0x4f, 0xc9, 0x99, 0xfa,
    0x4f, 0x80, 0x1, 0xfa, 0x4f, 0x80, 0x1, 0xfa,
    0x4f, 0x80, 0x1, 0xfa, 0x4f, 0x80, 0x1, 0xfa,

    /* U+0398 "Θ" */
    0x0, 0x9e, 0xfc, 0x30, 0xb, 0xfb, 0x9f, 0xf2,
    0x2f, 0xb0, 0x5, 0xf8, 0x6f, 0x60, 0x0, 0xfc,
    0x7f, 0x4f, 0xf7, 0xed, 0x7f, 0x48, 0x83, 0xed,
    0x6f, 0x60, 0x0, 0xfc, 0x2f, 0xb0, 0x5, 0xf8,
    0xb, 0xfb, 0x9f, 0xf2, 0x0, 0x9f, 0xfc, 0x30,

    /* U+0399 "Ι" */
    0xaf, 0xff, 0xff, 0x2, 0x5c, 0xf6, 0x40, 0x0,
    0xaf, 0x0, 0x0, 0xa, 0xf0, 0x0, 0x0, 0xaf,
    0x0, 0x0, 0xa, 0xf0, 0x0, 0x0, 0xaf, 0x0,
    0x0, 0xa, 0xf0, 0x0, 0x25, 0xcf, 0x64, 0xa,
    0xff, 0xff, 0xf0,

    /* U+039A "Κ" */
    0x4f, 0x70, 0x7, 0xf6, 0x4f, 0x70, 0x3f, 0xb0,
    0x4f, 0x70, 0xde, 0x10, 0x4f, 0x79, 0xf4, 0x0,
    0x4f, 0xbf, 0xb0, 0x0, 0x4f, 0xff, 0xf2, 0x0,
    0x4f, 0xb2, 0xfb, 0x0, 0x4f, 0x70, 0x8f, 0x50,
    0x4f, 0x70, 0x1e, 0xd0, 0x4f, 0x70, 0x6, 0xf7,

    /* U+039B "Λ" */
    0x0, 0xe, 0xf4, 0x0, 0x0, 0x3, 0xff, 0x90,
    0x0, 0x0, 0x8f, 0xae, 0x0, 0x0, 0xd, 0xc5,
    0xf3, 0x0, 0x1, 0xf7, 0x1f, 0x80, 0x0, 0x6f,
    0x30, 0xcd, 0x0, 0xb, 0xe0, 0x8, 0xf2, 0x1,
    0xfa, 0x0, 0x4f, 0x60, 0x5f, 0x60, 0x0, 0xfb,
    0xa, 0xf1, 0x0, 0xb, 0xf1,

    /* U+039C "Μ" */
    0x6f, 0xf1, 0xa, 0xfc, 0x6f, 0xf5, 0xd, 0xfc,
    0x6f, 0xc8, 0x1f, 0xcc, 0x6f, 0x9b, 0x4f, 0xbc,
    0x6f, 0x7e, 0x8b, 0xbc, 0x6f, 0x4f, 0xd8, 0xcc,
    0x6f, 0x3e, 0xf4, 0xcc, 0x6f, 0x36, 0x91, 0xcc,
    0x6f, 0x30, 0x0, 0xcc, 0x6f, 0x30, 0x0, 0xcc,

    /* U+039D "Ν" */
    0x4f, 0xf4, 0x0, 0xfa, 0x4f, 0xfa, 0x0, 0xfa,
    0x4f, 0xbf, 0x10, 0xfa, 0x4f, 0x6f, 0x60, 0xfa,
    0x4f, 0x5b, 0xc0, 0xfa, 0x4f, 0x55, 0xf2, 0xfa,
    0x4f, 0x50, 0xf8, 0xea, 0x4f, 0x50, 0x9d, 0xea,
    0x4f, 0x50, 0x3f, 0xfa, 0x4f, 0x50, 0xd, 0xfa,

    /* U+039E "Ξ" */
    0xf, 0xff, 0xff, 0xf5, 0x8, 0x88, 0x88, 0x83,
    0x0, 0x0, 0x0, 0x0, 0x0, 0x0, 0x0, 0x0,
    0x7, 0xff, 0xff, 0xd0, 0x3, 0x88, 0x88, 0x60,
    0x0, 0x0, 0x0, 0x0, 0x0, 0x0, 0x0, 0x0,
    0x28, 0x88, 0x88, 0x85, 0x4f, 0xff, 0xff, 0xfa,

    /* U+039F "Ο" */
    0x0, 0x9e, 0xfc, 0x30, 0xb, 0xfb, 0x9f, 0xf2,
    0x2f, 0xb0, 0x5, 0xf8, 0x6f, 0x60, 0x0, 0xfc,
    0x7f, 0x40, 0x0, 0xed, 0x7f, 0x40, 0x0, 0xed,
    0x6f, 0x60, 0x0, 0xfc, 0x2f, 0xb0, 0x5, 0xf8,
    0xb, 0xfb, 0x9f, 0xf2, 0x0, 0x9f, 0xfc, 0x30,

    /* U+03A0 "Π" */
    0x4f, 0xff, 0xff, 0xfa, 0x4f, 0xc8, 0x89, 0xfa,
    0x4f, 0x80, 0x1, 0xfa, 0x4f, 0x80, 0x1, 0xfa,
    0x4f, 0x80, 0x1, 0xfa, 0x4f, 0x80, 0x1, 0xfa,
    0x4f, 0x80, 0x1, 0xfa, 0x4f, 0x80, 0x1, 0xfa,
    0x4f, 0x80, 0x1, 0xfa, 0x4f, 0x80, 0x1, 0xfa,

    /* U+03A1 "Ρ" */
    0xcf, 0xff, 0xe8, 0xc, 0xf8, 0x9d, 0xf7, 0xce,
    0x0, 0x1f, 0xbc, 0xe0, 0x1, 0xfb, 0xcf, 0x89,
    0xef, 0x5c, 0xff, 0xfd, 0x60, 0xce, 0x0, 0x0,
    0xc, 0xe0, 0x0, 0x0, 0xce, 0x0, 0x0, 0xc,
    0xe0, 0x0, 0x0,

    /* U+03A3 "Σ" */
    0xbf, 0xff, 0xfe, 0x9, 0xfb, 0x88, 0x70, 0xc,
    0xf2, 0x0, 0x0, 0x1e, 0xe1, 0x0, 0x0, 0x2f,
    0xc0, 0x0, 0x7, 0xf7, 0x0, 0x3, 0xfa, 0x0,
    0x1, 0xed, 0x0, 0x0, 0xaf, 0x97, 0x77, 0x2c,
    0xff, 0xff, 0xf4,

    /* U+03A4 "Τ" */
    0x8f, 0xff, 0xff, 0xfe, 0x49, 0x9d, 0xf9, 0x98,
    0x0, 0xa, 0xf1, 0x0, 0x0, 0xa, 0xf1, 0x0,
    0x0, 0xa, 0xf1, 0x0, 0x0, 0xa, 0xf1, 0x0,
    0x0, 0xa, 0xf1, 0x0, 0x0, 0xa, 0xf1, 0x0,
    0x0, 0xa, 0xf1, 0x0, 0x0, 0xa, 0xf1, 0x0,

    /* U+03A5 "Υ" */
    0x6f, 0x70, 0x1, 0xfc, 0x0, 0xed, 0x0, 0x7f,
    0x40, 0x6, 0xf5, 0xd, 0xd0, 0x0, 0xe, 0xc5,
    0xf5, 0x0, 0x0, 0x7f, 0xdd, 0x0, 0x0, 0x0,
    0xef, 0x50, 0x0, 0x0, 0xa, 0xf1, 0x0, 0x0,
    0x0, 0xaf, 0x10, 0x0, 0x0, 0xa, 0xf1, 0x0,
    0x0, 0x0, 0xaf, 0x10, 0x0,

    /* U+03A6 "Φ" */
    0x0, 0x9, 0xf1, 0x0, 0x6, 0xff, 0xff, 0xb0,
    0x2f, 0xbb, 0xf7, 0xf8, 0x6f, 0x28, 0xf0, 0xbd,
    0x8f, 0x8, 0xf0, 0xae, 0x7f, 0x18, 0xf0, 0xbd,
    0x2f, 0x99, 0xf4, 0xf9, 0x8, 0xff, 0xff, 0xd1,
    0x0, 0x2a, 0xf3, 0x0, 0x0, 0x8, 0xf0, 0x0,

    /* U+03A7 "Χ" */
    0x2f, 0xa0, 0x3, 0xf8, 0x0, 0x8f, 0x20, 0xce,
    0x0, 0x0, 0xeb, 0x4f, 0x50, 0x0, 0x6, 0xfe,
    0xc0, 0x0, 0x0, 0xc, 0xf3, 0x0, 0x0, 0x1,
    0xef, 0x60, 0x0, 0x0, 0x9f, 0xce, 0x10, 0x0,
    0x2f, 0x82, 0xf9, 0x0, 0xc, 0xe0, 0x9, 0xf2,
    0x5, 0xf6, 0x0, 0x1f, 0xb0,

    /* U+03A8 "Ψ" */
    0x8f, 0x9, 0xf0, 0xae, 0x8f, 0x9, 0xf0, 0xae,
    0x8f, 0x9, 0xf0, 0xae, 0x8f, 0x9, 0xf0, 0xae,
    0x7f, 0x29, 0xf0, 0xbd, 0x4f, 0x9a, 0xf4, 0xfa,
    0xb, 0xff, 0xff, 0xe2, 0x0, 0x3b, 0xf4, 0x0,
    0x0, 0x9, 0xf0, 0x0, 0x0, 0x9, 0xf0, 0x0,

    /* U+03A9 "Ω" */
    0x0, 0x9e, 0xfc, 0x30, 0x0, 0xbf, 0xb8, 0xef,
    0x20, 0x2f, 0xa0, 0x4, 0xf8, 0x5, 0xf5, 0x0,
    0xf, 0xb0, 0x6f, 0x40, 0x0, 0xec, 0x4, 0xf5,
    0x0, 0xe, 0xa0, 0x1f, 0x70, 0x1, 0xf7, 0x0,
    0xad, 0x0, 0x6f, 0x10, 0x58, 0xf7, 0x1f, 0xb6,
    0x1c, 0xff, 0x93, 0xff, 0xf2,

    /* U+03AA "Ϊ" */
    0x3f, 0x50, 0xe9, 0x2, 0xe4, 0xd, 0x80, 0x0,
    0x0, 0x0, 0xa, 0xff, 0xff, 0xf0, 0x25, 0xcf,
    0x64, 0x0, 0xa, 0xf0, 0x0, 0x0, 0xaf, 0x0,
    0x0, 0xa, 0xf0, 0x0, 0x0, 0xaf, 0x0, 0x0,
    0xa, 0xf0, 0x0, 0x0, 0xaf, 0x0, 0x2, 0x5c,
    0xf6, 0x40, 0xaf, 0xff, 0xff, 0x0,

    /* U+03AB "Ϋ" */
    0x3, 0xf5, 0xe, 0x90, 0x0, 0x2e, 0x40, 0xd8,
    0x0, 0x0, 0x0, 0x0, 0x0, 0x6, 0xf7, 0x0,
    0x1f, 0xc0, 0xe, 0xd0, 0x7, 0xf4, 0x0, 0x6f,
    0x50, 0xdd, 0x0, 0x0, 0xec, 0x5f, 0x50, 0x0,
    0x7, 0xfd, 0xd0, 0x0, 0x0, 0xe, 0xf5, 0x0,
    0x0, 0x0, 0xaf, 0x10, 0x0, 0x0, 0xa, 0xf1,
    0x0, 0x0, 0x0, 0xaf, 0x10, 0x0, 0x0, 0xa,
    0xf1, 0x0, 0x0,

    /* U+03AC "ά" */
    0x0, 0x0, 0xb9, 0x0, 0x0, 0x0, 0xf, 0x60,
    0x0, 0x0, 0x3, 0xe0, 0x0, 0x0, 0x0, 0x0,
    0x0, 0x0, 0x2, 0xcf, 0xc4, 0xf5, 0x0, 0xdf,
    0x89, 0xff, 0x20, 0x3f, 0x90, 0xc, 0xf1, 0x5,
    0xf6, 0x0, 0x9f, 0x0, 0x5f, 0x60, 0x9, 0xf0,
    0x3, 0xf9, 0x0, 0xcf, 0x0, 0xd, 0xf8, 0xaf,
    0xf9, 0x0, 0x3c, 0xfb, 0x3d, 0xf0,

    /* U+03AD "έ" */
    0x0, 0xb, 0x90, 0x0, 0x0, 0xf6, 0x0, 0x0,
    0x3e, 0x0, 0x0, 0x0, 0x0, 0x0, 0x8, 0xdf,
    0xfc, 0x35, 0xfa, 0x67, 0xb1, 0x4f, 0x61, 0x0,
    0x0, 0x8f, 0xff, 0x10, 0x6f, 0x84, 0x30, 0xc,
    0xf0, 0x0, 0x0, 0x9f, 0xa6, 0x7a, 0x70, 0x9e,
    0xff, 0xc4,

    /* U+03AE "ή" */
    0x0, 0x0, 0xeb, 0x0, 0x0, 0x1, 0xf4, 0x0,
    0x0, 0x3, 0xb0, 0x0, 0x0, 0x0, 0x0, 0x0,
    0x1f, 0x7a, 0xff, 0x90, 0x1f, 0xfa, 0x5c, 0xf5,
    0x1f, 0xe0, 0x3, 0xf8, 0x1f, 0xa0, 0x2, 0xf9,
    0x1f, 0xa0, 0x2, 0xf9, 0x1f, 0xa0, 0x4, 0xfa,
    0x1f, 0xa0, 0x4, 0xfa, 0x1f, 0xa0, 0x4, 0xfa,
    0x0, 0x0, 0x2, 0xf9, 0x0, 0x0, 0x2, 0xf9,
    0x0, 0x0, 0x2, 0xf9,

    /* U+03AF "ί" */
    0xc, 0x80, 0x2, 0xf4, 0x0, 0x5d, 0x0, 0x0,
    0x0, 0x0, 0xcf, 0x0, 0xc, 0xf0, 0x0, 0xcf,
    0x0, 0xc, 0xf0, 0x0, 0xcf, 0x0, 0xb, 0xf0,
    0x0, 0x9f, 0x97, 0x12, 0xcf, 0xe2,

    /* U+03B0 "ΰ" */
    0x0, 0x0, 0x43, 0x0, 0x0, 0x0, 0xf6, 0x0,
    0x0, 0x4, 0xb0, 0x0, 0x3, 0xf2, 0xb, 0x90,
    0x1, 0xa1, 0x7, 0x50, 0x1f, 0xa0, 0x4, 0xf7,
    0x1f, 0xa0, 0x1, 0xfa, 0x1f, 0xa0, 0x0, 0xfc,
    0x1f, 0xa0, 0x0, 0xec, 0x1f, 0xa0, 0x0, 0xfc,
    0xf, 0xc0, 0x3, 0xf9, 0xa, 0xf9, 0x7d, 0xf3,
    0x1, 0xaf, 0xfc, 0x40,

    /* U+03B1 "α" */
    0x2, 0xcf, 0xc4, 0xf5, 0x0, 0xdf, 0x89, 0xff,
    0x20, 0x3f, 0x90, 0xc, 0xf1, 0x5, 0xf6, 0x0,
    0x9f, 0x0, 0x5f, 0x60, 0x9, 0xf0, 0x3, 0xf9,
    0x0, 0xcf, 0x0, 0xd, 0xf8, 0xaf, 0xf9, 0x0,
    0x3c, 0xfb, 0x3d, 0xf0,

    /* U+03B2 "β" */
    0x1, 0xae, 0xfd, 0x60, 0xb, 0xf9, 0x7d, 0xf3,
    0xf, 0xb0, 0x5, 0xf6, 0x1f, 0xa0, 0x2b, 0xf1,
    0x1f, 0xa8, 0xfe, 0x40, 0x1f, 0xa2, 0x5c, 0xf4,
    0x1f, 0xa0, 0x0, 0xfc, 0x1f, 0xa0, 0x0, 0xde,
    0x1f, 0xa0, 0x1, 0xfc, 0x1f, 0xf8, 0x7c, 0xf6,
    0x1f, 0xdd, 0xfe, 0x70, 0x1f, 0xa0, 0x0, 0x0,
    0x1f, 0xa0, 0x0, 0x0, 0x1f, 0xa0, 0x0, 0x0,

    /* U+03B3 "γ" */
    0x6f, 0x60, 0x0, 0xec, 0xf, 0xb0, 0x4, 0xf6,
    0x9, 0xf1, 0xa, 0xf1, 0x3, 0xf7, 0xf, 0xa0,
    0x0, 0xdc, 0x5f, 0x40, 0x0, 0x6f, 0xae, 0x0,
    0x0, 0x1f, 0xf8, 0x0, 0x0, 0xb, 0xf2, 0x0,
    0x0, 0xe, 0xe0, 0x0, 0x0, 0x2f, 0xa0, 0x0,
    0x0, 0x4f, 0x80, 0x0,

    /* U+03B4 "δ" */
    0x0, 0x6d, 0xfe, 0xa3, 0x2, 0xfc, 0x68, 0xd3,
    0x3, 0xf8, 0x0, 0x0, 0x0, 0xbf, 0x90, 0x0,
    0x0, 0x3e, 0xfe, 0x40, 0x7, 0xfa, 0x4d, 0xf3,
    0x1f, 0xb0, 0x3, 0xfa, 0x5f, 0x60, 0x0, 0xfb,
    0x4f, 0x90, 0x3, 0xfa, 0xd, 0xf9, 0x7d, 0xf3,
    0x2, 0xaf, 0xfc, 0x40,

    /* U+03B5 "ε" */
    0x8, 0xdf, 0xfc, 0x35, 0xfa, 0x67, 0xb1, 0x4f,
    0x61, 0x0, 0x0, 0x8f, 0xff, 0x10, 0x6f, 0x84,
    0x30, 0xc, 0xf0, 0x0, 0x0, 0x9f, 0xa6, 0x7a,
    0x70, 0x9e, 0xff, 0xc4,

    /* U+03B6 "ζ" */
    0x2f, 0xff, 0xff, 0x70, 0x55, 0x5e, 0xe2, 0x0,
    0xc, 0xd1, 0x0, 0xb, 0xe2, 0x0, 0x7, 0xf4,
    0x0, 0x1, 0xfb, 0x0, 0x0, 0x6f, 0x60, 0x0,
    0x8, 0xf4, 0x0, 0x0, 0x7f, 0x60, 0x0, 0x2,
    0xff, 0x84, 0x0, 0x3, 0xbf, 0xfe, 0x20, 0x0,
    0x7, 0xf6, 0x0, 0x0, 0x6f, 0x40, 0x0, 0xb,
    0xa0,

    /* U+03B7 "η" */
    0x1f, 0x7a, 0xff, 0x90, 0x1f, 0xfa, 0x5c, 0xf5,
    0x1f, 0xe0, 0x3, 0xf8, 0x1f, 0xa0, 0x2, 0xf9,
    0x1f, 0xa0, 0x2, 0xf9, 0x1f, 0xa0, 0x4, 0xfa,
    0x1f, 0xa0, 0x4, 0xfa, 0x1f, 0xa0, 0x4, 0xfa,
    0x0, 0x0, 0x2, 0xf9, 0x0, 0x0, 0x2, 0xf9,
    0x0, 0x0, 0x2, 0xf9,

    /* U+03B8 "θ" */
    0x0, 0x8e, 0xfb, 0x10, 0x7, 0xf9, 0x6e, 0xd0,
    0xe, 0xd0, 0x7, 0xf4, 0x2f, 0x90, 0x3, 0xf8,
    0x3f, 0x81, 0x12, 0xfa, 0x4f, 0xff, 0xff, 0xfa,
    0x3f, 0x94, 0x45, 0xfa, 0x1f, 0x80, 0x2, 0xf8,
    0xe, 0xc0, 0x6, 0xf4, 0x6, 0xf9, 0x6e, 0xd0,
    0x0, 0x8e, 0xfb, 0x20,

    /* U+03B9 "ι" */
    0xcf, 0x0, 0xc, 0xf0, 0x0, 0xcf, 0x0, 0xc,
    0xf0, 0x0, 0xcf, 0x0, 0xb, 0xf0, 0x0, 0x9f,
    0x97, 0x12, 0xcf, 0xe2,

    /* U+03BA "κ" */
    0xed, 0x0, 0x8f, 0x70, 0xed, 0x5, 0xfa, 0x0,
    0xec, 0x3f, 0xc0, 0x0, 0xed, 0xef, 0x30, 0x0,
    0xef, 0xdf, 0xc0, 0x0, 0xee, 0x16, 0xf7, 0x0,
    0xed, 0x0, 0xcf, 0x20, 0xed, 0x0, 0x2f, 0xc0,

    /* U+03BB "λ" */
    0xf, 0xf9, 0x0, 0x0, 0x0, 0x8b, 0xf6, 0x0,
    0x0, 0x0, 0xe, 0xc0, 0x0, 0x0, 0x0, 0xaf,
    0x20, 0x0, 0x0, 0xe, 0xf7, 0x0, 0x0, 0x6,
    0xfe, 0xc0, 0x0, 0x0, 0xcd, 0x8f, 0x10, 0x0,
    0x3f, 0x73, 0xf6, 0x0, 0x9, 0xf1, 0xe, 0xc0,
    0x0, 0xfb, 0x0, 0x9f, 0x71, 0x6f, 0x50, 0x2,
    0xdf, 0x20,

    /* U+03BC "μ" */
    0x2f, 0x90, 0x4, 0xf8, 0x2f, 0x90, 0x4, 0xf8,
    0x2f, 0x90, 0x4, 0xf8, 0x2f, 0x90, 0x4, 0xf8,
    0x4f, 0xa0, 0x4, 0xf8, 0x4f, 0xb0, 0x8, 0xf8,
    0x3f, 0xf8, 0x8e, 0xf8, 0x2f, 0xff, 0xd3, 0xf8,
    0x2f, 0x90, 0x0, 0x0, 0x2f, 0x90, 0x0, 0x0,
    0x2f, 0x90, 0x0, 0x0,

    /* U+03BD "ν" */
    0x2f, 0x90, 0x2, 0xf8, 0xd, 0xd0, 0x3, 0xf8,
    0x8, 0xf2, 0x4, 0xf6, 0x3, 0xf7, 0x7, 0xf3,
    0x0, 0xeb, 0xb, 0xe0, 0x0, 0x9f, 0x3f, 0x70,
    0x0, 0x4f, 0xee, 0x0, 0x0, 0xf, 0xf4, 0x0,

    /* U+03BE "ξ" */
    0x2f, 0xff, 0xff, 0x10, 0x7e, 0xd7, 0x50, 0xd,
    0xd1, 0x0, 0x1, 0xf9, 0x0, 0x0, 0xd, 0xe3,
    0x0, 0x0, 0x2e, 0xff, 0xc0, 0xd, 0xe6, 0x32,
    0x7, 0xf5, 0x0, 0x0, 0x8f, 0x40, 0x0, 0x4,
    0xfd, 0x51, 0x0, 0x5, 0xef, 0xfb, 0x10, 0x0,
    0x29, 0xf6, 0x0, 0x0, 0x5f, 0x40, 0x0, 0xb,
    0xb0,

    /* U+03BF "ο" */
    0x0, 0x9e, 0xfc, 0x30, 0xb, 0xfa, 0x8e, 0xf2,
    0x2f, 0xa0, 0x4, 0xf8, 0x5f, 0x60, 0x0, 0xfb,
    0x5f, 0x60, 0x0, 0xfb, 0x2f, 0xa0, 0x4, 0xf8,
    0xb, 0xfa, 0x7e, 0xf2, 0x0, 0x9e, 0xfc, 0x40,

    /* U+03C0 "π" */
    0x6f, 0xff, 0xff, 0xff, 0x24, 0x9f, 0x96, 0xfc,
    0x60, 0x4, 0xf5, 0xf, 0xa0, 0x0, 0x4f, 0x50,
    0xfa, 0x0, 0x4, 0xf5, 0xf, 0xa0, 0x0, 0x4f,
    0x50, 0xfa, 0x0, 0x4, 0xf5, 0xf, 0xe7, 0x0,
    0x4f, 0x50, 0x7f, 0xe0,

    /* U+03C1 "ρ" */
    0x0, 0x8e, 0xfc, 0x30, 0x8, 0xfb, 0x7d, 0xf2,
    0xf, 0xd0, 0x3, 0xf8, 0x1f, 0xa0, 0x0, 0xfb,
    0x1f, 0xa0, 0x0, 0xfb, 0x1f, 0xa0, 0x3, 0xf9,
    0x1f, 0xf9, 0x7d, 0xf3, 0x1f, 0xcd, 0xfd, 0x50,
    0x1f, 0x90, 0x0, 0x0, 0x1f, 0xa0, 0x0, 0x0,
    0x1f, 0xa0, 0x0, 0x0,

    /* U+03C2 "ς" */
    0x4, 0xcf, 0xfc, 0x14, 0xfe, 0x88, 0xa0, 0xbf,
    0x20, 0x0, 0xe, 0xd0, 0x0, 0x0, 0xed, 0x0,
    0x0, 0xb, 0xf3, 0x0, 0x0, 0x3e, 0xfc, 0x71,
    0x0, 0x17, 0xbf, 0xf1, 0x0, 0x0, 0x7f, 0x30,
    0x0, 0xc, 0xe0, 0x0, 0x1, 0x73, 0x0,

    /* U+03C3 "σ" */
    0x0, 0x9e, 0xff, 0xff, 0x30, 0xbf, 0x95, 0xed,
    0x51, 0x2f, 0xa0, 0x7, 0xf3, 0x5, 0xf6, 0x0,
    0x4f, 0x70, 0x5f, 0x70, 0x3, 0xf8, 0x2, 0xfa,
    0x0, 0x7f, 0x50, 0xc, 0xf9, 0x7f, 0xe0, 0x0,
    0x1a, 0xff, 0xb2, 0x0,

    /* U+03C4 "τ" */
    0xb, 0xff, 0xff, 0xf7, 0x6, 0x7f, 0xc6, 0x62,
    0x0, 0x1f, 0xa0, 0x0, 0x0, 0x1f, 0xa0, 0x0,
    0x0, 0x1f, 0xa0, 0x0, 0x0, 0x1f, 0xa0, 0x0,
    0x0, 0xe, 0xf7, 0x80, 0x0, 0x5, 0xef, 0xd0,

    /* U+03C5 "υ" */
    0x1f, 0xa0, 0x4, 0xf7, 0x1f, 0xa0, 0x1, 0xfa,
    0x1f, 0xa0, 0x0, 0xfc, 0x1f, 0xa0, 0x0, 0xec,
    0x1f, 0xa0, 0x0, 0xfc, 0xf, 0xc0, 0x3, 0xf9,
    0xa, 0xf9, 0x7d, 0xf3, 0x1, 0xaf, 0xfc, 0x40,

    /* U+03C6 "φ" */
    0x5, 0x91, 0xcf, 0xa0, 0xe, 0xb7, 0xf7, 0xf6,
    0x3f, 0x59, 0xe0, 0xda, 0x5f, 0x29, 0xe0, 0xcb,
    0x5f, 0x29, 0xe0, 0xcb, 0x2f, 0x69, 0xe1, 0xf7,
    0xb, 0xed, 0xfc, 0xe1, 0x0, 0x8e, 0xfa, 0x20,
    0x0, 0x9, 0xe0, 0x0, 0x0, 0x9, 0xe0, 0x0,
    0x0, 0x9, 0xe0, 0x0,

    /* U+03C7 "χ" */
    0xe, 0xf6, 0x1, 0xf9, 0x7, 0xdf, 0x8, 0xf2,
    0x0, 0x4f, 0x4e, 0x90, 0x0, 0xf, 0xdf, 0x10,
    0x0, 0xb, 0xf9, 0x0, 0x0, 0xc, 0xf4, 0x0,
    0x0, 0x5f, 0xf8, 0x0, 0x0, 0xdc, 0xad, 0x0,
    0x5, 0xf4, 0x6f, 0x20, 0xd, 0xd0, 0x2f, 0xc7,
    0x5f, 0x60, 0x7, 0xfe,

    /* U+03C8 "ψ" */
    0x0, 0x7, 0xf0, 0x0, 0x0, 0x7, 0xf0, 0x0,
    0x0, 0x7, 0xf0, 0x0, 0x1f, 0x67, 0xf1, 0xf6,
    0x1f, 0x67, 0xf0, 0xe9, 0x1f, 0x67, 0xf0, 0xcb,
    0x1f, 0x67, 0xf0, 0xcb, 0x1f, 0x67, 0xf0, 0xcb,
    0xf, 0x87, 0xf0, 0xe9, 0xb, 0xeb, 0xf9, 0xf3,
    0x2, 0xcf, 0xfe, 0x70, 0x0, 0x7, 0xf0, 0x0,
    0x0, 0x7, 0xf0, 0x0, 0x0, 0x7, 0xf0, 0x0,

    /* U+03C9 "ω" */
    0xd, 0xa0, 0x3, 0xf4, 0x1f, 0x60, 0x0, 0xf8,
    0x4f, 0x33, 0x50, 0xda, 0x5f, 0x28, 0xe0, 0xcb,
    0x5f, 0x28, 0xe0, 0xbb, 0x3f, 0x39, 0xf0, 0xda,
    0xf, 0xbe, 0xf9, 0xf6, 0x6, 0xfb, 0x5f, 0xb0,

    /* U+03CA "ϊ" */
    0x4f, 0x41, 0xe7, 0x4, 0xe3, 0x1e, 0x70, 0x0,
    0x0, 0x0, 0x0, 0xc, 0xf0, 0x0, 0x0, 0xcf,
    0x0, 0x0, 0xc, 0xf0, 0x0, 0x0, 0xcf, 0x0,
    0x0, 0xc, 0xf0, 0x0, 0x0, 0xbf, 0x0, 0x0,
    0x9, 0xf9, 0x71, 0x0, 0x2c, 0xfe, 0x20,

    /* U+03CB "ϋ" */
    0x2, 0xf5, 0xe, 0x90, 0x2, 0xe5, 0xd, 0x90,
    0x0, 0x0, 0x0, 0x0, 0x1f, 0xa0, 0x4, 0xf7,
    0x1f, 0xa0, 0x1, 0xfa, 0x1f, 0xa0, 0x0, 0xfc,
    0x1f, 0xa0, 0x0, 0xec, 0x1f, 0xa0, 0x0, 0xfc,
    0xf, 0xc0, 0x3, 0xf9, 0xa, 0xf9, 0x7d, 0xf3,
    0x1, 0xaf, 0xfc, 0x40,

    /* U+03CC "ό" */
    0x0, 0x0, 0xb9, 0x0, 0x0, 0x0, 0xf6, 0x0,
    0x0, 0x3, 0xe0, 0x0, 0x0, 0x0, 0x0, 0x0,
    0x0, 0x9e, 0xfc, 0x30, 0xb, 0xfa, 0x8e, 0xf2,
    0x2f, 0xa0, 0x4, 0xf8, 0x5f, 0x60, 0x0, 0xfb,
    0x5f, 0x60, 0x0, 0xfb, 0x2f, 0xa0, 0x4, 0xf8,
    0xb, 0xfa, 0x7e, 0xf2, 0x0, 0x9e, 0xfc, 0x40,

    /* U+03CD "ύ" */
    0x0, 0x0, 0xb9, 0x0, 0x0, 0x0, 0xf6, 0x0,
    0x0, 0x3, 0xe0, 0x0, 0x0, 0x0, 0x0, 0x0,
    0x1f, 0xa0, 0x4, 0xf7, 0x1f, 0xa0, 0x1, 0xfa,
    0x1f, 0xa0, 0x0, 0xfc, 0x1f, 0xa0, 0x0, 0xec,
    0x1f, 0xa0, 0x0, 0xfc, 0xf, 0xc0, 0x3, 0xf9,
    0xa, 0xf9, 0x7d, 0xf3, 0x1, 0xaf, 0xfc, 0x40,

    /* U+03CE "ώ" */
    0x0, 0x0, 0xb9, 0x0, 0x0, 0x0, 0xf6, 0x0,
    0x0, 0x3, 0xe0, 0x0, 0x0, 0x0, 0x0, 0x0,
    0xd, 0xa0, 0x3, 0xf4, 0x1f, 0x60, 0x0, 0xf8,
    0x4f, 0x33, 0x50, 0xda, 0x5f, 0x28, 0xe0, 0xcb,
    0x5f, 0x28, 0xe0, 0xbb, 0x3f, 0x39, 0xf0, 0xda,
    0xf, 0xbe, 0xf9, 0xf6, 0x6, 0xfb, 0x5f, 0xb0,

    /* U+03CF "Ϗ" */
    0x4f, 0x70, 0x7, 0xf6, 0x4f, 0x70, 0x3f, 0xb0,
    0x4f, 0x70, 0xde, 0x10, 0x4f, 0x79, 0xf4, 0x0,
    0x4f, 0xbf, 0xb0, 0x0, 0x4f, 0xff, 0xf2, 0x0,
    0x4f, 0xb2, 0xfb, 0x0, 0x4f, 0x70, 0x8f, 0x50,
    0x4f, 0x70, 0x1e, 0xd0, 0x4f, 0x70, 0x6, 0xf7,
    0x0, 0x0, 0x2, 0xfa, 0x3b, 0x98, 0x9e, 0xf2,
    0x1a, 0xef, 0xeb, 0x20,

    /* U+03D0 "ϐ" */
    0x1, 0xae, 0xfd, 0x60, 0xb, 0xf9, 0x7d, 0xf3,
    0xf, 0xb0, 0x5, 0xf6, 0x1f, 0xa0, 0x2b, 0xf1,
    0x1f, 0xa8, 0xfe, 0x40, 0x1f, 0xa2, 0x5c, 0xf4,
    0x1f, 0xa0, 0x0, 0xfc, 0x1f, 0xa0, 0x0, 0xde,
    0x1f, 0xa0, 0x1, 0xfc, 0x1f, 0xf8, 0x7c, 0xf6,
    0x1f, 0xdd, 0xfe, 0x70, 0x1f, 0xa0, 0x0, 0x0,
    0x1f, 0xa0, 0x0, 0x0, 0x1f, 0xa0, 0x0, 0x0,

    /* U+03D1 "ϑ" */
    0x0, 0x8e, 0xfb, 0x10, 0x7, 0xf9, 0x6e, 0xd0,
    0xe, 0xd0, 0x7, 0xf4, 0x2f, 0x90, 0x3, 0xf8,
    0x3f, 0x81, 0x12, 0xfa, 0x4f, 0xff, 0xff, 0xfa,
    0x3f, 0x94, 0x45, 0xfa, 0x1f, 0x80, 0x2, 0xf8,
    0xe, 0xc0, 0x6, 0xf4, 0x6, 0xf9, 0x6e, 0xd0,
    0x0, 0x8e, 0xfb, 0x20,

    /* U+03D2 "ϒ" */
    0x6f, 0x70, 0x1, 0xfc, 0x0, 0xed, 0x0, 0x7f,
    0x40, 0x6, 0xf5, 0xd, 0xd0, 0x0, 0xe, 0xc5,
    0xf5, 0x0, 0x0, 0x7f, 0xdd, 0x0, 0x0, 0x0,
    0xef, 0x50, 0x0, 0x0, 0xa, 0xf1, 0x0, 0x0,
    0x0, 0xaf, 0x10, 0x0, 0x0, 0xa, 0xf1, 0x0,
    0x0, 0x0, 0xaf, 0x10, 0x0,

    /* U+03D3 "ϓ" */
    0xc, 0x70, 0x0, 0x0, 0x0, 0x3f, 0x40, 0x0,
    0x0, 0x0, 0x6c, 0x2f, 0xb0, 0xc, 0xf1, 0x0,
    0xb, 0xf1, 0x2f, 0x90, 0x0, 0x4, 0xf6, 0x7f,
    0x30, 0x0, 0x0, 0xdb, 0xcc, 0x0, 0x0, 0x0,
    0x7f, 0xf6, 0x0, 0x0, 0x0, 0x1f, 0xf0, 0x0,
    0x0, 0x0, 0xe, 0xd0, 0x0, 0x0, 0x0, 0xe,
    0xd0, 0x0, 0x0, 0x0, 0xe, 0xd0, 0x0, 0x0,
    0x0, 0xe, 0xd0, 0x0,

    /* U+03D4 "ϔ" */
    0x3, 0xf5, 0xe, 0x90, 0x0, 0x2e, 0x50, 0xd9,
    0x0, 0x0, 0x0, 0x0, 0x0, 0x6, 0xf7, 0x0,
    0x1f, 0xc0, 0xe, 0xd0, 0x7, 0xf4, 0x0, 0x6f,
    0x50, 0xdd, 0x0, 0x0, 0xec, 0x5f, 0x50, 0x0,
    0x7, 0xfd, 0xd0, 0x0, 0x0, 0xe, 0xf5, 0x0,
    0x0, 0x0, 0xaf, 0x10, 0x0, 0x0, 0xa, 0xf1,
    0x0, 0x0, 0x0, 0xaf, 0x10, 0x0, 0x0, 0xa,
    0xf1, 0x0, 0x0,

    /* U+03D5 "ϕ" */
    0x5, 0x91, 0xcf, 0xa0, 0xe, 0xb7, 0xf7, 0xf6,
    0x3f, 0x59, 0xe0, 0xda, 0x5f, 0x29, 0xe0, 0xcb,
    0x5f, 0x29, 0xe0, 0xcb, 0x2f, 0x69, 0xe1, 0xf7,
    0xb, 0xed, 0xfc, 0xe1, 0x0, 0x8e, 0xfa, 0x20,
    0x0, 0x9, 0xe0, 0x0, 0x0, 0x9, 0xe0, 0x0,
    0x0, 0x9, 0xe0, 0x0,

    /* U+03D6 "ϖ" */
    0x6f, 0xff, 0xff, 0xff, 0x24, 0x9f, 0x96, 0xfc,
    0x60, 0x4, 0xf5, 0xf, 0xa0, 0x0, 0x4f, 0x50,
    0xfa, 0x0, 0x4, 0xf5, 0xf, 0xa0, 0x0, 0x4f,
    0x50, 0xfa, 0x0, 0x4, 0xf5, 0xf, 0xe7, 0x0,
    0x4f, 0x50, 0x7f, 0xe0,

    /* U+03D7 "ϗ" */
    0xde, 0x50, 0x1, 0xea, 0x5, 0xde, 0x0, 0xcf,
    0x30, 0x7, 0xf1, 0x8f, 0xe0, 0x0, 0x6f, 0x5f,
    0xeb, 0x0, 0x7, 0xfe, 0x9d, 0xa0, 0x0, 0xaf,
    0xd0, 0xdb, 0x0, 0xe, 0xf2, 0xa, 0xf6, 0x13,
    0xf6, 0x0, 0x2d, 0xf4, 0x0, 0x0, 0x0, 0x4f,
    0x30, 0x0, 0x0, 0x4a, 0xf2, 0x0, 0x0, 0x9,
    0xfa, 0x0,

    /* U+03D8 "Ϙ" */
    0x1, 0xaf, 0xfc, 0x30, 0xb, 0xfa, 0x8e, 0xf2,
    0x2f, 0xa0, 0x4, 0xf8, 0x4f, 0x60, 0x0, 0xfa,
    0x4f, 0x60, 0x0, 0xfa, 0x1f, 0xa0, 0x4, 0xf8,
    0xb, 0xfb, 0x9e, 0xf1, 0x0, 0x9e, 0xfc, 0x30,
    0x0, 0x8, 0xe0, 0x0, 0x0, 0x8, 0xe0, 0x0,

    /* U+03D9 "ϙ" */
    0x0, 0x9e, 0xfc, 0x30, 0xb, 0xfa, 0x8e, 0xf2,
    0x2f, 0xa0, 0x4, 0xf8, 0x5f, 0x60, 0x0, 0xfb,
    0x5f, 0x60, 0x0, 0xfb, 0x2f, 0xa0, 0x4, 0xf8,
    0xb, 0xf9, 0x7e, 0xf2, 0x0, 0x9f, 0xfc, 0x40,
    0x0, 0xb, 0xf1, 0x0, 0x0, 0xb, 0xf1, 0x0,
    0x0, 0xb, 0xf1, 0x0,

    /* U+03DA "Ϛ" */
    0x0, 0x5c, 0xff, 0xd8, 0x0, 0x8f, 0xea, 0x9c,
    0xa0, 0x1f, 0xe1, 0x0, 0x0, 0x5, 0xf8, 0x0,
    0x0, 0x0, 0x5f, 0x80, 0x0, 0x0, 0x2, 0xfe,
    0x10, 0x0, 0x0, 0x9, 0xfe, 0x97, 0x0, 0x0,
    0x6, 0xdf, 0xf0, 0x0, 0x0, 0x0, 0xdf, 0x0,
    0x0, 0x0, 0xd, 0xf0, 0x0,

    /* U+03DB "ϛ" */
    0x4, 0xcf, 0xfc, 0x13, 0xfe, 0x88, 0xb0, 0xbf,
    0x30, 0x0, 0xe, 0xe0, 0x0, 0x0, 0xed, 0x0,
    0x0, 0xd, 0xf1, 0x0, 0x0, 0x6f, 0xe7, 0x30,
    0x0, 0x7e, 0xff, 0xb0, 0x0, 0x2, 0xbf, 0x30,
    0x2, 0x1a, 0xf2, 0x2, 0xff, 0xf9, 0x0, 0x3,
    0x41, 0x0,

    /* U+03DC "Ϝ" */
    0xaf, 0xff, 0xff, 0x8a, 0xf9, 0x88, 0x84, 0xaf,
    0x20, 0x0, 0xa, 0xf2, 0x0, 0x0, 0xaf, 0x98,
    0x88, 0x1a, 0xff, 0xff, 0xf3, 0xaf, 0x20, 0x5f,
    0x3a, 0xf2, 0x3, 0xa2, 0xaf, 0x20, 0x0, 0xa,
    0xf2, 0x0, 0x0,

    /* U+03DD "ϝ" */
    0xcf, 0xff, 0xff, 0xbc, 0xf6, 0x66, 0x64, 0xcf,
    0x0, 0x0, 0xc, 0xf1, 0x11, 0x10, 0xcf, 0xff,
    0xff, 0x5c, 0xf4, 0x46, 0xf5, 0xcf, 0x0, 0x1f,
    0x5c, 0xf0, 0x0, 0x10, 0xcf, 0x0, 0x0, 0xc,
    0xf0, 0x0, 0x0, 0xcf, 0x0, 0x0, 0x0,

    /* U+03DE "Ϟ" */
    0x4f, 0xe5, 0x0, 0x0, 0x16, 0xfb, 0x0, 0x0,
    0x1, 0xf8, 0x0, 0x0, 0x7, 0xfa, 0x99, 0x94,
    0xd, 0xff, 0xff, 0xf4, 0x0, 0x0, 0xb, 0xf0,
    0x0, 0x0, 0xf, 0xb0, 0x0, 0x0, 0x4f, 0x70,
    0x0, 0x0, 0x5f, 0xa4, 0x0, 0x0, 0xb, 0xf9,

    /* U+03DF "ϟ" */
    0x9, 0xfc, 0x10, 0x0, 0x3, 0x9f, 0x50, 0x0,
    0x0, 0x6f, 0x40, 0x0, 0x0, 0xbe, 0x0, 0x0,
    0x2, 0xf8, 0x0, 0x0, 0x8, 0xf3, 0x36, 0xa5,
    0xe, 0xff, 0xff, 0xf4, 0xd, 0x96, 0x3c, 0xe0,
    0x0, 0x0, 0x1f, 0x90, 0x0, 0x0, 0x7f, 0x30,
    0x0, 0x0, 0xdd, 0x0, 0x0, 0x2, 0xf8, 0x0,
    0x0, 0x3, 0xfc, 0x60, 0x0, 0x0, 0xaf, 0xe0,

    /* U+03E0 "Ϡ" */
    0x4b, 0xff, 0xd7, 0x0, 0x7e, 0xa9, 0xdf, 0x90,
    0x0, 0x6, 0xef, 0xf3, 0x0, 0xce, 0x64, 0xf9,
    0x0, 0x50, 0x19, 0xfc, 0x0, 0x6, 0xfa, 0xfd,
    0x0, 0x5, 0x40, 0xfd, 0x0, 0x0, 0x2, 0xfb,
    0x0, 0x0, 0x5, 0xf7, 0x0, 0x0, 0xb, 0xf2,

    /* U+03E1 "ϡ" */
    0x34, 0x0, 0x0, 0x0, 0x3f, 0xe7, 0x0, 0x0,
    0x5, 0xcf, 0xb0, 0x0, 0x0, 0x8, 0xfc, 0x0,
    0x0, 0x1, 0xcf, 0x70, 0x0, 0xbf, 0xde, 0xf0,
    0x0, 0x52, 0x6, 0xf6, 0x0, 0x0, 0x3a, 0xfa,
    0x0, 0xd, 0xfa, 0xfc, 0x0, 0x4, 0x0, 0xdd,
    0x0, 0x0, 0x0, 0xdd, 0x0, 0x0, 0x0, 0xfb,
    0x0, 0x0, 0x2, 0xf9, 0x0, 0x0, 0x6, 0xf5,
    0x0, 0x0, 0xc, 0xe0,

    /* U+03F0 "ϰ" */
    0xde, 0x40, 0x1, 0xea, 0x5, 0xdd, 0x0, 0xcf,
    0x30, 0x7, 0xf0, 0x8f, 0xe0, 0x0, 0x6f, 0x5f,
    0xeb, 0x0, 0x7, 0xfe, 0x9c, 0xa0, 0x0, 0xaf,
    0xd0, 0xcb, 0x0, 0xe, 0xf2, 0xa, 0xf6, 0x13,
    0xf6, 0x0, 0x2d, 0xf3,

    /* U+03F1 "ϱ" */
    0x0, 0x8e, 0xfc, 0x30, 0x8, 0xfb, 0x7d, 0xf2,
    0xf, 0xd0, 0x3, 0xf8, 0x1f, 0xa0, 0x0, 0xfb,
    0x1f, 0xa0, 0x0, 0xfb, 0x1f, 0xa0, 0x3, 0xf9,
    0x1f, 0xf9, 0x7d, 0xf3, 0x1f, 0xcd, 0xfd, 0x50,
    0x1f, 0x90, 0x0, 0x0, 0x1f, 0xa0, 0x0, 0x0,
    0x1f, 0xa0, 0x0, 0x0,

    /* U+03F2 "ϲ" */
    0x5, 0xdf, 0xfc, 0x14, 0xfe, 0x99, 0xb0, 0xbf,
    0x20, 0x0, 0xe, 0xd0, 0x0, 0x0, 0xed, 0x0,
    0x0, 0xc, 0xf2, 0x0, 0x0, 0x6f, 0xe9, 0x9d,
    0x0, 0x6d, 0xff, 0xb0,

    /* U+03F3 "ϳ" */
    0x0, 0x2, 0xeb, 0x0, 0x3, 0xfd, 0x0, 0x0,
    0x21, 0x3, 0xff, 0xfd, 0x0, 0x46, 0xfd, 0x0,
    0x0, 0xed, 0x0, 0x0, 0xed, 0x0, 0x0, 0xed,
    0x0, 0x0, 0xed, 0x0, 0x0, 0xed, 0x0, 0x0,
    0xed, 0x0, 0x0, 0xfc, 0x4a, 0x9c, 0xf8, 0x3e,
    0xfe, 0x90,

    /* U+03F4 "ϴ" */
    0x0, 0x9e, 0xfc, 0x30, 0xb, 0xfb, 0x9f, 0xf2,
    0x2f, 0xb0, 0x5, 0xf8, 0x6f, 0x60, 0x0, 0xfc,
    0x7f, 0x4f, 0xf7, 0xed, 0x7f, 0x48, 0x83, 0xed,
    0x6f, 0x60, 0x0, 0xfc, 0x2f, 0xb0, 0x5, 0xf8,
    0xb, 0xfb, 0x9f, 0xf2, 0x0, 0x9f, 0xfc, 0x30,

    /* U+03F5 "ϵ" */
    0x8, 0xdf, 0xfc, 0x35, 0xfa, 0x67, 0xb1, 0x4f,
    0x61, 0x0, 0x0, 0x8f, 0xff, 0x10, 0x6f, 0x84,
    0x30, 0xc, 0xf0, 0x0, 0x0, 0x9f, 0xa6, 0x7a,
    0x70, 0x9e, 0xff, 0xc4,

    /* U+03F6 "϶" */
    0xb, 0xff, 0xd7, 0x0, 0x8, 0x99, 0xdf, 0x90,
    0x0, 0x11, 0x1d, 0xf2, 0x0, 0xdf, 0xff, 0xf5,
    0x0, 0x34, 0x49, 0xf5, 0x0, 0x0, 0xc, 0xf2,
    0xc, 0x88, 0xdf, 0xa0, 0xb, 0xff, 0xd8, 0x0,

    /* U+03F7 "Ϸ" */
    0xce, 0x0, 0x0, 0xc, 0xf8, 0x86, 0x10, 0xcf,
    0xff, 0xfe, 0x2c, 0xe0, 0x7, 0xf9, 0xce, 0x0,
    0xf, 0xbc, 0xe0, 0x2, 0xfa, 0xcf, 0x89, 0xef,
    0x4c, 0xff, 0xfd, 0x60, 0xce, 0x0, 0x0, 0xc,
    0xe0, 0x0, 0x0,

    /* U+03F8 "ϸ" */
    0x1f, 0x90, 0x0, 0x0, 0x1f, 0x90, 0x0, 0x0,
    0x1f, 0x90, 0x0, 0x0, 0x1f, 0xaa, 0xfe, 0x60,
    0x1f, 0xfb, 0x8e, 0xf3, 0x1f, 0xd0, 0x4, 0xf9,
    0x1f, 0xa0, 0x0, 0xfb, 0x1f, 0xa0, 0x0, 0xfb,
    0x1f, 0xd0, 0x4, 0xf9, 0x1f, 0xfb, 0x8e, 0xf3,
    0x1f, 0xaa, 0xfe, 0x60, 0x1f, 0x90, 0x0, 0x0,
    0x1f, 0x90, 0x0, 0x0, 0x1f, 0x90, 0x0, 0x0,

    /* U+03F9 "Ϲ" */
    0xbf, 0xff, 0xfe, 0x9, 0xfb, 0x88, 0x70, 0xc,
    0xf2, 0x0, 0x0, 0x1e, 0xe1, 0x0, 0x0, 0x2f,
    0xc0, 0x0, 0x7, 0xf7, 0x0, 0x3, 0xfa, 0x0,
    0x1, 0xed, 0x0, 0x0, 0xaf, 0x97, 0x77, 0x2c,
    0xff, 0xff, 0xf4,

    /* U+03FA "Ϻ" */
    0x6f, 0xf1, 0xa, 0xfc, 0x6f, 0xf5, 0xd, 0xfc,
    0x6f, 0xc8, 0x1f, 0xcc, 0x6f, 0x9b, 0x4f, 0xbc,
    0x6f, 0x7e, 0x8b, 0xbc, 0x6f, 0x4f, 0xd8, 0xcc,
    0x6f, 0x3e, 0xf4, 0xcc, 0x6f, 0x36, 0x91, 0xcc,
    0x6f, 0x30, 0x0, 0xcc, 0x6f, 0x30, 0x0, 0xcc,

    /* U+03FB "ϻ" */
    0x3f, 0xe0, 0x8, 0xf9, 0x3f, 0xf6, 0xe, 0xf9,
    0x3f, 0xad, 0x6d, 0xd9, 0x3f, 0x4f, 0xe6, 0xd9,
    0x3f, 0x39, 0xf0, 0xd9, 0x3f, 0x31, 0x20, 0xd9,
    0x3f, 0x30, 0x0, 0xd9, 0x3f, 0x30, 0x0, 0xd9,
    0x3f, 0x30, 0x0, 0x0, 0x3f, 0x30, 0x0, 0x0,
    0x3f, 0x30, 0x0, 0x0,

    /* U+03FC "ϼ" */
    0x0, 0x8e, 0xfc, 0x30, 0x8, 0xfb, 0x7d, 0xf2,
    0xf, 0xd0, 0x3, 0xf8, 0x1f, 0xa0, 0x0, 0xfb,
    0x1f, 0xa0, 0x0, 0xfb, 0x1f, 0xa0, 0x3, 0xf9,
    0x1f, 0xf9, 0x7d, 0xf3, 0x1f, 0xcd, 0xfd, 0x50,
    0x2f, 0xa0, 0x0, 0x0, 0xff, 0xff, 0xc0, 0x0,
    0x4f, 0xb3, 0x20, 0x0,

    /* U+03FD "Ͻ" */
    0x2c, 0xff, 0xc6, 0x0, 0xd, 0xa9, 0xef, 0x80,
    0x0, 0x0, 0xc, 0xf2, 0x0, 0x0, 0x5, 0xf7,
    0x0, 0x0, 0x2, 0xf9, 0x0, 0x0, 0x2, 0xf9,
    0x0, 0x0, 0x4, 0xf7, 0x0, 0x0, 0xc, 0xf3,
    0xe, 0xa9, 0xdf, 0xb0, 0xa, 0xef, 0xe8, 0x0,

    /* U+03FE "Ͼ" */
    0x0, 0x2a, 0xef, 0xd6, 0x2, 0xff, 0xb9, 0xc6,
    0xb, 0xf4, 0x0, 0x0, 0xf, 0xc0, 0x4, 0x20,
    0x3f, 0x90, 0x4f, 0xd0, 0x3f, 0x90, 0x2e, 0xa0,
    0x1f, 0xb0, 0x0, 0x0, 0xd, 0xf3, 0x0, 0x0,
    0x4, 0xff, 0xa9, 0xc5, 0x0, 0x4c, 0xff, 0xc3,

    /* U+03FF "Ͽ" */
    0x2c, 0xff, 0xc6, 0x0, 0xc, 0xa9, 0xef, 0x80,
    0x0, 0x0, 0xc, 0xf2, 0x0, 0x41, 0x5, 0xf7,
    0x7, 0xfa, 0x2, 0xf9, 0x4, 0xf7, 0x2, 0xf9,
    0x0, 0x0, 0x4, 0xf7, 0x0, 0x0, 0xc, 0xf3,
    0xe, 0xa9, 0xdf, 0xb0, 0xa, 0xef, 0xe8, 0x0,

    /* U+0400 "Ѐ" */
    0x6, 0x81, 0x0, 0x0, 0x1d, 0xb0, 0x0, 0x0,
    0x17, 0x20, 0x0, 0x0, 0x0, 0x0, 0xcf, 0xff,
    0xff, 0x5c, 0xf9, 0x99, 0x93, 0xce, 0x0, 0x0,
    0xc, 0xe0, 0x0, 0x0, 0xcf, 0xff, 0xff, 0x1c,
    0xf9, 0x99, 0x91, 0xce, 0x0, 0x0, 0xc, 0xe0,
    0x0, 0x0, 0xcf, 0x99, 0x99, 0x3c, 0xff, 0xff,
    0xf5,

    /* U+0401 "Ё" */
    0x1, 0x0, 0x0, 0x5, 0xf7, 0xe, 0xe0, 0x4f,
    0x60, 0xdc, 0x0, 0x0, 0x0, 0x0, 0xcf, 0xff,
    0xff, 0x5c, 0xf9, 0x99, 0x93, 0xce, 0x0, 0x0,
    0xc, 0xe0, 0x0, 0x0, 0xcf, 0xff, 0xff, 0x1c,
    0xf9, 0x99, 0x91, 0xce, 0x0, 0x0, 0xc, 0xe0,
    0x0, 0x0, 0xcf, 0x99, 0x99, 0x3c, 0xff, 0xff,
    0xf5,

    /* U+0402 "Ђ" */
    0xdf, 0xff, 0xff, 0x70, 0x6, 0xaf, 0xa7, 0x73,
    0x0, 0x4, 0xf6, 0x0, 0x0, 0x0, 0x4f, 0x61,
    0x10, 0x0, 0x4, 0xff, 0xff, 0xd3, 0x0, 0x4f,
    0xb5, 0x7f, 0xd0, 0x4, 0xf6, 0x0, 0x9f, 0x10,
    0x4f, 0x60, 0xa, 0xf1, 0x4, 0xf6, 0x48, 0xfc,
    0x0, 0x4f, 0x68, 0xfc, 0x20,

    /* U+0403 "Ѓ" */
    0x0, 0x3, 0x84, 0x0, 0x1, 0xea, 0x0, 0x0,
    0x46, 0x0, 0x0, 0x0, 0x0, 0x0, 0xbf, 0xff,
    0xff, 0xab, 0xf9, 0x99, 0x96, 0xbf, 0x0, 0x0,
    0xb, 0xf0, 0x0, 0x0, 0xbf, 0x0, 0x0, 0xb,
    0xf0, 0x0, 0x0, 0xbf, 0x0, 0x0, 0xb, 0xf0,
    0x0, 0x0, 0xbf, 0x0, 0x0, 0xb, 0xf0, 0x0,
    0x0,

    /* U+0404 "Є" */
    0x0, 0x2b, 0xff, 0xd7, 0x2, 0xff, 0xa8, 0xb7,
    0xb, 0xf4, 0x0, 0x0, 0xf, 0xc2, 0x22, 0x10,
    0x2f, 0xff, 0xff, 0xd0, 0x2f, 0xb5, 0x55, 0x40,
    0xf, 0xb0, 0x0, 0x0, 0xc, 0xf4, 0x0, 0x0,
    0x3, 0xff, 0xb9, 0xba, 0x0, 0x3b, 0xff, 0xd7,

    /* U+0405 "Ѕ" */
    0x8, 0xef, 0xea, 0x28, 0xfc, 0x9b, 0xe1, 0xcf,
    0x0, 0x0, 0xa, 0xf5, 0x0, 0x0, 0x2d, 0xfc,
    0x50, 0x0, 0x6, 0xdf, 0xb0, 0x0, 0x0, 0x9f,
    0x61, 0x0, 0x5, 0xf7, 0xeb, 0x99, 0xff, 0x29,
    0xef, 0xfc, 0x40,

    /* U+0406 "І" */
    0xbf, 0xff, 0xff, 0x12, 0x5c, 0xf6, 0x40, 0x0,
    0xaf, 0x0, 0x0, 0xa, 0xf0, 0x0, 0x0, 0xaf,
    0x0, 0x0, 0xa, 0xf0, 0x0, 0x0, 0xaf, 0x0,
    0x0, 0xa, 0xf0, 0x0, 0x25, 0xcf, 0x64, 0xb,
    0xff, 0xff, 0xf1,

    /* U+0407 "Ї" */
    0x0, 0x0, 0x0, 0x6, 0xf6, 0xf, 0xd0, 0x5f,
    0x50, 0xeb, 0x0, 0x0, 0x0, 0x0, 0xbf, 0xff,
    0xff, 0x12, 0x5c, 0xf6, 0x40, 0x0, 0xaf, 0x0,
    0x0, 0xa, 0xf0, 0x0, 0x0, 0xaf, 0x0, 0x0,
    0xa, 0xf0, 0x0, 0x0, 0xaf, 0x0, 0x0, 0xa,
    0xf0, 0x0, 0x25, 0xcf, 0x64, 0xb, 0xff, 0xff,
    0xf1,

    /* U+0408 "Ј" */
    0x0, 0x0, 0xfb, 0x0, 0x0, 0xfb, 0x0, 0x0,
    0xfb, 0x0, 0x0, 0xfb, 0x0, 0x0, 0xfb, 0x0,
    0x0, 0xfb, 0x0, 0x0, 0xfb, 0x0, 0x2, 0xfa,
    0xba, 0xae, 0xf5, 0xaf, 0xfd, 0x60,

    /* U+0409 "Љ" */
    0x5, 0xff, 0xf5, 0x0, 0x0, 0x6f, 0x6f, 0x50,
    0x0, 0x7, 0xe1, 0xf5, 0x0, 0x0, 0x8d, 0x1f,
    0x60, 0x0, 0x8, 0xc1, 0xff, 0xf6, 0x0, 0x9b,
    0x1f, 0x8a, 0xf1, 0xa, 0xa1, 0xf5, 0x4f, 0x30,
    0xc9, 0x1f, 0x54, 0xf3, 0x7f, 0x61, 0xfa, 0xcf,
    0xf, 0xd1, 0x1f, 0xfe, 0x40,

    /* U+040A "Њ" */
    0x6f, 0x24, 0xf4, 0x0, 0x6, 0xf2, 0x4f, 0x40,
    0x0, 0x6f, 0x24, 0xf4, 0x0, 0x6, 0xf4, 0x5f,
    0x50, 0x0, 0x6f, 0xff, 0xff, 0xf7, 0x6, 0xf6,
    0x7f, 0x8c, 0xf1, 0x6f, 0x24, 0xf4, 0x5f, 0x36,
    0xf2, 0x4f, 0x45, 0xf3, 0x6f, 0x24, 0xf8, 0xcf,
    0x6, 0xf2, 0x4f, 0xfe, 0x40,

    /* U+040B "Ћ" */
    0xdf, 0xff, 0xff, 0x70, 0x6a, 0xfa, 0x77, 0x30,
    0x4, 0xf6, 0x0, 0x0, 0x4, 0xf6, 0x11, 0x0,
    0x4, 0xff, 0xff, 0xc2, 0x4, 0xfb, 0x57, 0xfb,
    0x4, 0xf6, 0x0, 0xce, 0x4, 0xf6, 0x0, 0xbf,
    0x4, 0xf6, 0x0, 0xbf, 0x4, 0xf6, 0x0, 0xbf,

    /* U+040C "Ќ" */
    0x0, 0x0, 0x48, 0x30, 0x0, 0x0, 0x2f, 0x90,
    0x0, 0x0, 0x5, 0x50, 0x0, 0x0, 0x0, 0x0,
    0x0, 0x0, 0x4f, 0x80, 0x2, 0xfa, 0x4, 0xf8,
    0x0, 0xce, 0x10, 0x4f, 0x80, 0x6f, 0x50, 0x4,
    0xf8, 0x1f, 0xb0, 0x0, 0x4f, 0xff, 0xf2, 0x0,
    0x4, 0xfc, 0xbf, 0x70, 0x0, 0x4f, 0x80, 0xdf,
    0x10, 0x4, 0xf8, 0x4, 0xfa, 0x0, 0x4f, 0x80,
    0xb, 0xf3, 0x4, 0xf8, 0x0, 0x2f, 0xd0,

    /* U+040D "Ѝ" */
    0x0, 0x77, 0x0, 0x0, 0x0, 0x3e, 0x70, 0x0,
    0x0, 0x2, 0x70, 0x0, 0x0, 0x0, 0x0, 0x0,
    0x4f, 0x50, 0xb, 0xfa, 0x4f, 0x50, 0x1f, 0xfa,
    0x4f, 0x50, 0x7d, 0xda, 0x4f, 0x50, 0xe7, 0xea,
    0x4f, 0x54, 0xf1, 0xea, 0x4f, 0x5a, 0xa0, 0xfa,
    0x4f, 0x6f, 0x40, 0xfa, 0x4f, 0xbd, 0x0, 0xfa,
    0x4f, 0xf7, 0x0, 0xfa, 0x4f, 0xf1, 0x0, 0xfa,

    /* U+040E "Ў" */
    0x0, 0x0, 0x0, 0x0, 0x0, 0x5f, 0x41, 0xf9,
    0x0, 0x0, 0xaf, 0xfd, 0x10, 0x0, 0x0, 0x11,
    0x0, 0x0, 0x0, 0x0, 0x0, 0x0, 0x9, 0xf5,
    0x0, 0xd, 0xf0, 0x2f, 0xb0, 0x2, 0xf9, 0x0,
    0xbf, 0x20, 0x8f, 0x30, 0x4, 0xf8, 0xe, 0xd0,
    0x0, 0xd, 0xe4, 0xf6, 0x0, 0x0, 0x6f, 0xcf,
    0x10, 0x0, 0x0, 0xff, 0xa0, 0x0, 0x0, 0xb,
    0xf3, 0x0, 0x1, 0x9b, 0xfb, 0x0, 0x0, 0x1f,
    0xfa, 0x10, 0x0, 0x0,

    /* U+040F "Џ" */
    0x4f, 0x80, 0x1, 0xfa, 0x4f, 0x80, 0x1, 0xfa,
    0x4f, 0x80, 0x1, 0xfa, 0x4f, 0x80, 0x1, 0xfa,
    0x4f, 0x80, 0x1, 0xfa, 0x4f, 0x80, 0x1, 0xfa,
    0x4f, 0x80, 0x1, 0xfa, 0x4f, 0x80, 0x1, 0xfa,
    0x4f, 0xc8, 0x89, 0xfa, 0x4f, 0xff, 0xff, 0xfa,
    0x0, 0xa, 0xf0, 0x0, 0x0, 0xa, 0xf0, 0x0,
    0x0, 0x5, 0x80, 0x0,

    /* U+0410 "А" */
    0x0, 0xf, 0xf6, 0x0, 0x0, 0x4, 0xfe, 0xb0,
    0x0, 0x0, 0x9e, 0x9f, 0x0, 0x0, 0xe, 0xa4,
    0xf4, 0x0, 0x2, 0xf5, 0xf, 0x90, 0x0, 0x7f,
    0x98, 0xee, 0x0, 0xc, 0xff, 0xff, 0xf2, 0x1,
    0xf8, 0x0, 0x3f, 0x70, 0x5f, 0x40, 0x0, 0xfc,
    0xa, 0xf0, 0x0, 0xa, 0xf1,

    /* U+0411 "Б" */
    0xff, 0xff, 0xff, 0xf, 0xe9, 0x99, 0x80, 0xfd,
    0x0, 0x0, 0xf, 0xd2, 0x10, 0x0, 0xff, 0xff,
    0xf8, 0xe, 0xe5, 0x6c, 0xf5, 0xed, 0x0, 0x3f,
    0x9e, 0xd0, 0x4, 0xf9, 0xee, 0x78, 0xef, 0x4e,
    0xff, 0xfd, 0x60,

    /* U+0412 "В" */
    0xff, 0xff, 0xd6, 0xf, 0xe8, 0x8e, 0xf4, 0xfc,
    0x0, 0x5f, 0x6f, 0xc0, 0x9, 0xf3, 0xff, 0xff,
    0xf6, 0xf, 0xe8, 0x9e, 0xe3, 0xfc, 0x0, 0x3f,
    0x9f, 0xc0, 0x3, 0xfa, 0xfe, 0x88, 0xdf, 0x5f,
    0xff, 0xfd, 0x70,

    /* U+0413 "Г" */
    0xbf, 0xff, 0xff, 0xab, 0xf9, 0x99, 0x96, 0xbf,
    0x0, 0x0, 0xb, 0xf0, 0x0, 0x0, 0xbf, 0x0,
    0x0, 0xb, 0xf0, 0x0, 0x0, 0xbf, 0x0, 0x0,
    0xb, 0xf0, 0x0, 0x0, 0xbf, 0x0, 0x0, 0xb,
    0xf0, 0x0, 0x0,

    /* U+0414 "Д" */
    0x0, 0xbf, 0xff, 0xf3, 0x0, 0xc, 0xe9, 0xcf,
    0x30, 0x0, 0xcc, 0x7, 0xf3, 0x0, 0xd, 0xb0,
    0x7f, 0x30, 0x0, 0xea, 0x7, 0xf3, 0x0, 0xf,
    0x90, 0x7f, 0x30, 0x3, 0xf6, 0x7, 0xf3, 0x0,
    0x9f, 0x20, 0x7f, 0x30, 0x8f, 0xe9, 0x9c, 0xfa,
    0x1d, 0xff, 0xff, 0xff, 0xf3, 0xdc, 0x0, 0x0,
    0x7f, 0x3d, 0xc0, 0x0, 0x7, 0xf3, 0x43, 0x0,
    0x0, 0x24, 0x0,

    /* U+0415 "Е" */
    0xcf, 0xff, 0xff, 0x5c, 0xf9, 0x99, 0x93, 0xce,
    0x0, 0x0, 0xc, 0xe0, 0x0, 0x0, 0xcf, 0xff,
    0xff, 0x1c, 0xf9, 0x99, 0x91, 0xce, 0x0, 0x0,
    0xc, 0xe0, 0x0, 0x0, 0xcf, 0x99, 0x99, 0x3c,
    0xff, 0xff, 0xf5,

    /* U+0416 "Ж" */
    0xbc, 0x9, 0xf0, 0x6f, 0x26, 0xf1, 0x9f, 0xb,
    0xd0, 0x1f, 0x69, 0xf0, 0xf8, 0x0, 0xcb, 0x9f,
    0x5f, 0x30, 0x8, 0xff, 0xff, 0xf0, 0x0, 0xbd,
    0xbf, 0x8f, 0x10, 0xf, 0x89, 0xf2, 0xf6, 0x3,
    0xf5, 0x9f, 0xe, 0xa0, 0x8f, 0x19, 0xf0, 0xae,
    0xc, 0xd0, 0x9f, 0x7, 0xf2,

    /* U+0417 "З" */
    0x8, 0xdf, 0xfc, 0x40, 0xb, 0xb9, 0xaf, 0xf2,
    0x0, 0x0, 0x7, 0xf5, 0x0, 0x0, 0x1b, 0xf1,
    0x0, 0xef, 0xfe, 0x40, 0x0, 0x89, 0xaf, 0xe2,
    0x0, 0x0, 0x4, 0xf8, 0x0, 0x0, 0x5, 0xf8,
    0x2e, 0xa9, 0xbf, 0xf2, 0x1a, 0xef, 0xfb, 0x30,

    /* U+0418 "И" */
    0x4f, 0x50, 0xb, 0xfa, 0x4f, 0x50, 0x1f, 0xfa,
    0x4f, 0x50, 0x7d, 0xda, 0x4f, 0x50, 0xe7, 0xea,
    0x4f, 0x54, 0xf1, 0xea, 0x4f, 0x5a, 0xa0, 0xfa,
    0x4f, 0x6f, 0x40, 0xfa, 0x4f, 0xbd, 0x0, 0xfa,
    0x4f, 0xf7, 0x0, 0xfa, 0x4f, 0xf1, 0x0, 0xfa,

    /* U+0419 "Й" */
    0x0, 0x0, 0x0, 0x0, 0x3, 0xf6, 0xe, 0xa0,
    0x0, 0xaf, 0xfd, 0x20, 0x0, 0x1, 0x10, 0x0,
    0x4f, 0x50, 0xb, 0xfa, 0x4f, 0x50, 0x1f, 0xfa,
    0x4f, 0x50, 0x7d, 0xda, 0x4f, 0x50, 0xe7, 0xea,
    0x4f, 0x54, 0xf1, 0xea, 0x4f, 0x5a, 0xa0, 0xfa,
    0x4f, 0x6f, 0x40, 0xfa, 0x4f, 0xbd, 0x0, 0xfa,
    0x4f, 0xf7, 0x0, 0xfa, 0x4f, 0xf1, 0x0, 0xfa,

    /* U+041A "К" */
    0x4f, 0x80, 0x2, 0xfa, 0x4, 0xf8, 0x0, 0xce,
    0x10, 0x4f, 0x80, 0x6f, 0x50, 0x4, 0xf8, 0x1f,
    0xb0, 0x0, 0x4f, 0xff, 0xf2, 0x0, 0x4, 0xfc,
    0xbf, 0x70, 0x0, 0x4f, 0x80, 0xdf, 0x10, 0x4,
    0xf8, 0x4, 0xfa, 0x0, 0x4f, 0x80, 0xb, 0xf3,
    0x4, 0xf8, 0x0, 0x2f, 0xd0,

    /* U+041B "Л" */
    0x0, 0xef, 0xff, 0xfa, 0x0, 0xed, 0x99, 0xfa,
    0x0, 0xf9, 0x1, 0xfa, 0x0, 0xf8, 0x1, 0xfa,
    0x1, 0xf7, 0x1, 0xfa, 0x2, 0xf6, 0x1, 0xfa,
    0x3, 0xf5, 0x1, 0xfa, 0x5, 0xf4, 0x1, 0xfa,
    0x6d, 0xf1, 0x1, 0xfa, 0xaf, 0x80, 0x1, 0xfa,

    /* U+041C "М" */
    0x6f, 0xf1, 0xa, 0xfc, 0x6f, 0xf4, 0xd, 0xec,
    0x6f, 0xb7, 0x1f, 0xcc, 0x6f, 0x9b, 0x4e, 0xac,
    0x6f, 0x6e, 0x7b, 0xbc, 0x6f, 0x3f, 0xc7, 0xcc,
    0x6f, 0x2d, 0xf4, 0xcc, 0x6f, 0x26, 0x90, 0xcc,
    0x6f, 0x20, 0x0, 0xcc, 0x6f, 0x20, 0x0, 0xcc,

    /* U+041D "Н" */
    0x4f, 0x80, 0x1, 0xfa, 0x4f, 0x80, 0x1, 0xfa,
    0x4f, 0x80, 0x1, 0xfa, 0x4f, 0x80, 0x1, 0xfa,
    0x4f, 0xff, 0xff, 0xfa, 0x4f, 0xc9, 0x99, 0xfa,
    0x4f, 0x80, 0x1, 0xfa, 0x4f, 0x80, 0x1, 0xfa,
    0x4f, 0x80, 0x1, 0xfa, 0x4f, 0x80, 0x1, 0xfa,

    /* U+041E "О" */
    0x0, 0x9e, 0xfc, 0x30, 0xb, 0xfb, 0x9f, 0xf2,
    0x2f, 0xb0, 0x5, 0xf8, 0x6f, 0x60, 0x0, 0xfc,
    0x7f, 0x40, 0x0, 0xed, 0x7f, 0x40, 0x0, 0xed,
    0x6f, 0x60, 0x0, 0xfc, 0x2f, 0xb0, 0x5, 0xf8,
    0xb, 0xfb, 0x9f, 0xf2, 0x0, 0x9f, 0xfc, 0x30,

    /* U+041F "П" */
    0x4f, 0xff, 0xff, 0xfa, 0x4f, 0xc9, 0x99, 0xfa,
    0x4f, 0x80, 0x1, 0xfa, 0x4f, 0x80, 0x1, 0xfa,
    0x4f, 0x80, 0x1, 0xfa, 0x4f, 0x80, 0x1, 0xfa,
    0x4f, 0x80, 0x1, 0xfa, 0x4f, 0x80, 0x1, 0xfa,
    0x4f, 0x80, 0x1, 0xfa, 0x4f, 0x80, 0x1, 0xfa,

    /* U+0420 "Р" */
    0xff, 0xff, 0xe8, 0xf, 0xe8, 0x9d, 0xf7, 0xfc,
    0x0, 0x1f, 0xbf, 0xc0, 0x1, 0xfb, 0xfe, 0x89,
    0xef, 0x5f, 0xff, 0xfd, 0x60, 0xfc, 0x0, 0x0,
    0xf, 0xc0, 0x0, 0x0, 0xfc, 0x0, 0x0, 0xf,
    0xc0, 0x0, 0x0,

    /* U+0421 "С" */
    0x0, 0x2b, 0xff, 0xd7, 0x2, 0xff, 0xb9, 0xc8,
    0xb, 0xf4, 0x0, 0x0, 0xf, 0xc0, 0x0, 0x0,
    0x2f, 0x90, 0x0, 0x0, 0x2f, 0x90, 0x0, 0x0,
    0xf, 0xc0, 0x0, 0x0, 0xc, 0xf4, 0x0, 0x0,
    0x3, 0xff, 0xb9, 0xb8, 0x0, 0x3b, 0xff, 0xd5,

    /* U+0422 "Т" */
    0x8f, 0xff, 0xff, 0xfe, 0x49, 0x9d, 0xf9, 0x98,
    0x0, 0xa, 0xf1, 0x0, 0x0, 0xa, 0xf1, 0x0,
    0x0, 0xa, 0xf1, 0x0, 0x0, 0xa, 0xf1, 0x0,
    0x0, 0xa, 0xf1, 0x0, 0x0, 0xa, 0xf1, 0x0,
    0x0, 0xa, 0xf1, 0x0, 0x0, 0xa, 0xf1, 0x0,

    /* U+0423 "У" */
    0x9f, 0x50, 0x0, 0xdf, 0x2, 0xfb, 0x0, 0x2f,
    0x90, 0xb, 0xf2, 0x8, 0xf3, 0x0, 0x4f, 0x80,
    0xed, 0x0, 0x0, 0xde, 0x4f, 0x60, 0x0, 0x6,
    0xfc, 0xf1, 0x0, 0x0, 0xf, 0xfa, 0x0, 0x0,
    0x0, 0xbf, 0x30, 0x0, 0x19, 0xbf, 0xb0, 0x0,
    0x1, 0xff, 0xa1, 0x0, 0x0,

    /* U+0424 "Ф" */
    0x0, 0xa, 0xf1, 0x0, 0x0, 0x7f, 0xff, 0xfb,
    0x10, 0x5f, 0xab, 0xf6, 0xfc, 0xb, 0xe0, 0x8f,
    0x7, 0xf2, 0xdb, 0x8, 0xf0, 0x5f, 0x4c, 0xd0,
    0x8f, 0x6, 0xf3, 0x7f, 0x89, 0xf4, 0xed, 0x0,
    0xaf, 0xff, 0xfe, 0x30, 0x0, 0x2b, 0xf4, 0x0,
    0x0, 0x0, 0x9f, 0x0, 0x0,

    /* U+0425 "Х" */
    0x3f, 0xb0, 0x4, 0xf9, 0x0, 0x9f, 0x30, 0xce,
    0x10, 0x1, 0xfc, 0x5f, 0x60, 0x0, 0x7, 0xff,
    0xd0, 0x0, 0x0, 0xd, 0xf4, 0x0, 0x0, 0x1,
    0xef, 0x60, 0x0, 0x0, 0x9f, 0xde, 0x10, 0x0,
    0x3f, 0x83, 0xf9, 0x0, 0xc, 0xe1, 0xb, 0xf2,
    0x6, 0xf7, 0x0, 0x3f, 0xb0,

    /* U+0426 "Ц" */
    0x4f, 0x80, 0x6, 0xf5, 0x4, 0xf8, 0x0, 0x6f,
    0x50, 0x4f, 0x80, 0x6, 0xf5, 0x4, 0xf8, 0x0,
    0x6f, 0x50, 0x4f, 0x80, 0x6, 0xf5, 0x4, 0xf8,
    0x0, 0x6f, 0x50, 0x4f, 0x80, 0x6, 0xf5, 0x4,
    0xf8, 0x0, 0x6f, 0x50, 0x4f, 0xc9, 0x9b, 0xfb,
    0x24, 0xff, 0xff, 0xff, 0xf4, 0x0, 0x0, 0x0,
    0x6f, 0x40, 0x0, 0x0, 0x6, 0xf4, 0x0, 0x0,
    0x0, 0x38, 0x20,

    /* U+0427 "Ч" */
    0x6f, 0x50, 0x1, 0xfa, 0x6f, 0x50, 0x1, 0xfa,
    0x6f, 0x50, 0x1, 0xfa, 0x6f, 0x60, 0x1, 0xfa,
    0x2f, 0xf9, 0x9d, 0xfa, 0x5, 0xdf, 0xfb, 0xfa,
    0x0, 0x0, 0x1, 0xfa, 0x0, 0x0, 0x1, 0xfa,
    0x0, 0x0, 0x1, 0xfa, 0x0, 0x0, 0x1, 0xfa,

    /* U+0428 "Ш" */
    0x7f, 0x19, 0xf0, 0xbe, 0x7f, 0x19, 0xf0, 0xbe,
    0x7f, 0x19, 0xf0, 0xbe, 0x7f, 0x19, 0xf0, 0xbe,
    0x7f, 0x19, 0xf0, 0xbe, 0x7f, 0x19, 0xf0, 0xbe,
    0x7f, 0x19, 0xf0, 0xbe, 0x7f, 0x19, 0xf0, 0xbe,
    0x7f, 0x8c, 0xf7, 0xde, 0x7f, 0xff, 0xff, 0xfe,

    /* U+0429 "Щ" */
    0x9e, 0xd, 0xa2, 0xf5, 0x9, 0xe0, 0xda, 0x2f,
    0x50, 0x9e, 0xd, 0xa2, 0xf5, 0x9, 0xe0, 0xda,
    0x2f, 0x50, 0x9e, 0xd, 0xa2, 0xf5, 0x9, 0xe0,
    0xda, 0x2f, 0x50, 0x9e, 0xd, 0xa2, 0xf5, 0x9,
    0xe0, 0xda, 0x2f, 0x50, 0x9f, 0x6e, 0xc8, 0xfa,
    0x19, 0xff, 0xff, 0xff, 0xf4, 0x0, 0x0, 0x0,
    0x3f, 0x40, 0x0, 0x0, 0x3, 0xf4, 0x0, 0x0,
    0x0, 0x18, 0x20,

    /* U+042A "Ъ" */
    0xdf, 0xf8, 0x0, 0x0, 0x7a, 0xf8, 0x0, 0x0,
    0x3, 0xf8, 0x0, 0x0, 0x3, 0xfc, 0x86, 0x0,
    0x3, 0xff, 0xff, 0xe1, 0x3, 0xf8, 0x7, 0xf9,
    0x3, 0xf8, 0x0, 0xfc, 0x3, 0xf8, 0x2, 0xfb,
    0x3, 0xfc, 0x9e, 0xf5, 0x3, 0xff, 0xfd, 0x50,

    /* U+042B "Ы" */
    0x7f, 0x10, 0x0, 0xae, 0x7f, 0x10, 0x0, 0xae,
    0x7f, 0x10, 0x0, 0xae, 0x7f, 0x20, 0x0, 0xae,
    0x7f, 0xff, 0x90, 0xae, 0x7f, 0x59, 0xf6, 0xae,
    0x7f, 0x10, 0xfa, 0xae, 0x7f, 0x10, 0xf9, 0xae,
    0x7f, 0x7b, 0xf5, 0xae, 0x7f, 0xfe, 0x70, 0xae,

    /* U+042C "Ь" */
    0xcf, 0x0, 0x0, 0xc, 0xf0, 0x0, 0x0, 0xcf,
    0x0, 0x0, 0xc, 0xf9, 0x85, 0x0, 0xcf, 0xff,
    0xfd, 0x1c, 0xf0, 0x19, 0xf7, 0xcf, 0x0, 0x2f,
    0xac, 0xf0, 0x4, 0xf9, 0xcf, 0x9a, 0xff, 0x3c,
    0xff, 0xfc, 0x40,

    /* U+042D "Э" */
    0x1a, 0xef, 0xd8, 0x0, 0xc, 0x98, 0xcf, 0xb0,
    0x0, 0x0, 0xa, 0xf4, 0x0, 0x22, 0x24, 0xf9,
    0x4, 0xff, 0xff, 0xfb, 0x1, 0x55, 0x55, 0xfb,
    0x0, 0x0, 0x3, 0xf9, 0x0, 0x0, 0xb, 0xf4,
    0x4c, 0x99, 0xef, 0xb0, 0x2c, 0xff, 0xd8, 0x0,

    /* U+042E "Ю" */
    0x6f, 0x10, 0x9f, 0xd2, 0x6, 0xf1, 0x4f, 0x9e,
    0xa0, 0x6f, 0x18, 0xe0, 0x9e, 0x6, 0xf3, 0xbc,
    0x7, 0xf0, 0x6f, 0xff, 0xc0, 0x6f, 0x6, 0xf5,
    0xcc, 0x6, 0xf0, 0x6f, 0x1a, 0xc0, 0x7f, 0x6,
    0xf1, 0x8e, 0x9, 0xe0, 0x6f, 0x14, 0xf9, 0xe9,
    0x6, 0xf1, 0x9, 0xfc, 0x10,

    /* U+042F "Я" */
    0x0, 0x8e, 0xff, 0xfa, 0xa, 0xfc, 0x89, 0xfa,
    0xf, 0xd0, 0x1, 0xfa, 0xe, 0xe0, 0x1, 0xfa,
    0x8, 0xfc, 0x88, 0xfa, 0x0, 0x7f, 0xff, 0xfa,
    0x0, 0xaf, 0x31, 0xfa, 0x4, 0xfa, 0x1, 0xfa,
    0xd, 0xf2, 0x1, 0xfa, 0x7f, 0x80, 0x1, 0xfa,

    /* U+0430 "а" */
    0x5, 0xcf, 0xfc, 0x40, 0x6, 0xb8, 0x8e, 0xf1,
    0x0, 0x0, 0x5, 0xf5, 0x4, 0xcf, 0xff, 0xf5,
    0x1f, 0xd4, 0x26, 0xf5, 0x4f, 0x70, 0x7, 0xf5,
    0x1f, 0xe7, 0x9f, 0xf5, 0x6, 0xef, 0xb3, 0xf5,

    /* U+0431 "б" */
    0x0, 0x0, 0x25, 0x70, 0x0, 0x6e, 0xff, 0xf3,
    0x5, 0xfd, 0x74, 0x20, 0xe, 0xc0, 0x0, 0x0,
    0x3f, 0x8b, 0xfe, 0x70, 0x5f, 0xf9, 0x7d, 0xf5,
    0x6f, 0xa0, 0x2, 0xfa, 0x6f, 0x60, 0x0, 0xfc,
    0x4f, 0x60, 0x0, 0xfc, 0x1f, 0xa0, 0x3, 0xf9,
    0xa, 0xf9, 0x7e, 0xf2, 0x0, 0x9e, 0xfc, 0x30,

    /* U+0432 "в" */
    0xff, 0xff, 0xe9, 0xf, 0xd5, 0x5b, 0xf5, 0xfc,
    0x11, 0x9f, 0x4f, 0xff, 0xff, 0x90, 0xfc, 0x44,
    0x9f, 0x5f, 0xb0, 0x2, 0xf9, 0xfd, 0x55, 0xbf,
    0x6f, 0xff, 0xfe, 0x90,

    /* U+0433 "г" */
    0x3f, 0xff, 0xff, 0xa3, 0xfb, 0x77, 0x74, 0x3f,
    0x70, 0x0, 0x3, 0xf7, 0x0, 0x0, 0x3f, 0x70,
    0x0, 0x3, 0xf7, 0x0, 0x0, 0x3f, 0x70, 0x0,
    0x3, 0xf7, 0x0, 0x0,

    /* U+0434 "д" */
    0x0, 0xff, 0xff, 0xf1, 0x0, 0xf, 0xc6, 0xcf,
    0x10, 0x0, 0xf8, 0xa, 0xf1, 0x0, 0x1f, 0x70,
    0xaf, 0x10, 0x3, 0xf5, 0xa, 0xf1, 0x0, 0x7f,
    0x20, 0xaf, 0x10, 0x4e, 0xf7, 0x7c, 0xf7, 0xa,
    0xff, 0xff, 0xff, 0xf1, 0xaf, 0x0, 0x0, 0x9f,
    0x1a, 0xf0, 0x0, 0x9, 0xf1, 0x0, 0x0, 0x0,
    0x0, 0x0,

    /* U+0435 "е" */
    0x0, 0x8e, 0xfd, 0x50, 0xa, 0xf9, 0x6c, 0xf4,
    0x1f, 0x90, 0x1, 0xf9, 0x4f, 0xff, 0xff, 0xfb,
    0x4f, 0x93, 0x33, 0x32, 0x1f, 0xb0, 0x0, 0x0,
    0x9, 0xfc, 0x88, 0xb7, 0x0, 0x7d, 0xff, 0xc3,

    /* U+0436 "ж" */
    0x9f, 0x9, 0xf0, 0x9f, 0x3, 0xf4, 0x9f, 0xe,
    0xa0, 0xe, 0xaa, 0xf5, 0xf4, 0x0, 0x9f, 0xff,
    0xff, 0x0, 0xc, 0xdb, 0xf8, 0xf3, 0x1, 0xf8,
    0x9f, 0x1f, 0x80, 0x6f, 0x39, 0xf0, 0xcd, 0xb,
    0xe0, 0x9f, 0x8, 0xf2,

    /* U+0437 "з" */
    0x8d, 0xff, 0xc4, 0x7, 0x97, 0x8e, 0xf0, 0x0,
    0x12, 0xdf, 0x0, 0xbf, 0xff, 0x40, 0x3, 0x45,
    0xde, 0x10, 0x0, 0x8, 0xf4, 0xd9, 0x78, 0xff,
    0x1a, 0xef, 0xfc, 0x30,

    /* U+0438 "и" */
    0x1f, 0x80, 0xc, 0xf8, 0x1f, 0x80, 0x4f, 0xf8,
    0x1f, 0x80, 0xcd, 0xf8, 0x1f, 0x84, 0xf5, 0xf8,
    0x1f, 0x8d, 0xb2, 0xf8, 0x1f, 0xcf, 0x32, 0xf8,
    0x1f, 0xfb, 0x2, 0xf8, 0x1f, 0xf2, 0x2, 0xf8,

    /* U+0439 "й" */
    0x0, 0x10, 0x0, 0x0, 0x2, 0xf7, 0x1f, 0x80,
    0x0, 0x9f, 0xfd, 0x10, 0x0, 0x1, 0x10, 0x0,
    0x1f, 0x80, 0xc, 0xf8, 0x1f, 0x80, 0x4f, 0xf8,
    0x1f, 0x80, 0xcd, 0xf8, 0x1f, 0x84, 0xf5, 0xf8,
    0x1f, 0x8d, 0xb2, 0xf8, 0x1f, 0xcf, 0x32, 0xf8,
    0x1f, 0xfb, 0x2, 0xf8, 0x1f, 0xf2, 0x2, 0xf8,

    /* U+043A "к" */
    0x2f, 0x90, 0x5, 0xf7, 0x2f, 0x90, 0x1e, 0xc0,
    0x2f, 0xa2, 0xbf, 0x20, 0x2f, 0xff, 0xf9, 0x0,
    0x2f, 0xb5, 0xef, 0x10, 0x2f, 0x90, 0x6f, 0x90,
    0x2f, 0x90, 0xd, 0xf2, 0x2f, 0x90, 0x4, 0xfa,

    /* U+043B "л" */
    0x0, 0xdf, 0xff, 0xf8, 0x0, 0xed, 0x79, 0xf8,
    0x0, 0xfa, 0x4, 0xf8, 0x0, 0xf9, 0x4, 0xf8,
    0x1, 0xf8, 0x4, 0xf8, 0x3, 0xf6, 0x4, 0xf8,
    0x4c, 0xf3, 0x4, 0xf8, 0x7f, 0xa0, 0x4, 0xf8,

    /* U+043C "м" */
    0x7f, 0xd0, 0x6, 0xfe, 0x7f, 0xf1, 0xa, 0xfe,
    0x7e, 0xe5, 0xf, 0xce, 0x7e, 0x9a, 0x3f, 0x9e,
    0x7f, 0x5e, 0x7b, 0x9e, 0x7f, 0x1f, 0xe7, 0x9e,
    0x7f, 0xc, 0xf3, 0x9e, 0x7f, 0x8, 0xe0, 0x9e,

    /* U+043D "н" */
    0x1f, 0xa0, 0x4, 0xf8, 0x1f, 0xa0, 0x4, 0xf8,
    0x1f, 0xb2, 0x25, 0xf8, 0x1f, 0xff, 0xff, 0xf8,
    0x1f, 0xc5, 0x57, 0xf8, 0x1f, 0xa0, 0x4, 0xf8,
    0x1f, 0xa0, 0x4, 0xf8, 0x1f, 0xa0, 0x4, 0xf8,

    /* U+043E "о" */
    0x0, 0x9e, 0xfc, 0x30, 0xb, 0xfa, 0x8e, 0xf2,
    0x2f, 0xa0, 0x4, 0xf8, 0x5f, 0x60, 0x0, 0xfb,
    0x5f, 0x60, 0x0, 0xfb, 0x2f, 0xa0, 0x4, 0xf8,
    0xb, 0xfa, 0x7e, 0xf2, 0x0, 0x9e, 0xfc, 0x40,

    /* U+043F "п" */
    0x1f, 0xff, 0xff, 0xf8, 0x1f, 0xc7, 0x79, 0xf8,
    0x1f, 0xa0, 0x3, 0xf8, 0x1f, 0xa0, 0x3, 0xf8,
    0x1f, 0xa0, 0x3, 0xf8, 0x1f, 0xa0, 0x3, 0xf8,
    0x1f, 0xa0, 0x3, 0xf8, 0x1f, 0xa0, 0x3, 0xf8,

    /* U+0440 "р" */
    0x1f, 0x7b, 0xfe, 0x60, 0x1f, 0xf9, 0x5c, 0xf3,
    0x1f, 0xc0, 0x3, 0xf9, 0x1f, 0x90, 0x0, 0xfb,
    0x1f, 0xa0, 0x1, 0xfb, 0x1f, 0xd0, 0x4, 0xf9,
    0x1f, 0xfb, 0x8e, 0xf3, 0x1f, 0xaa, 0xfe, 0x60,
    0x1f, 0xa0, 0x0, 0x0, 0x1f, 0xa0, 0x0, 0x0,
    0x1f, 0xa0, 0x0, 0x0,

    /* U+0441 "с" */
    0x3, 0xbf, 0xfd, 0x33, 0xff, 0xa9, 0xc1, 0xbf,
    0x30, 0x0, 0xe, 0xe0, 0x0, 0x0, 0xed, 0x0,
    0x0, 0xb, 0xf3, 0x0, 0x0, 0x4f, 0xfa, 0x8b,
    0x40, 0x4c, 0xff, 0xd2,

    /* U+0442 "т" */
    0x4f, 0xff, 0xff, 0xfa, 0x17, 0x7d, 0xf7, 0x74,
    0x0, 0xa, 0xf0, 0x0, 0x0, 0xa, 0xf0, 0x0,
    0x0, 0xa, 0xf0, 0x0, 0x0, 0xa, 0xf0, 0x0,
    0x0, 0xa, 0xf0, 0x0, 0x0, 0xa, 0xf0, 0x0,

    /* U+0443 "у" */
    0x6f, 0x70, 0x0, 0xfc, 0xf, 0xd0, 0x4, 0xf7,
    0x9, 0xf3, 0x9, 0xf1, 0x2, 0xf8, 0xe, 0xb0,
    0x0, 0xce, 0x3f, 0x50, 0x0, 0x5f, 0xbf, 0x0,
    0x0, 0xe, 0xf9, 0x0, 0x0, 0xa, 0xf3, 0x0,
    0x0, 0xe, 0xd0, 0x0, 0x18, 0xcf, 0x50, 0x0,
    0x2f, 0xe7, 0x0, 0x0,

    /* U+0444 "ф" */
    0x0, 0x5, 0x80, 0x0, 0x0, 0xa, 0xf0, 0x0,
    0x0, 0xa, 0xf0, 0x0, 0x0, 0xa, 0xf0, 0x0,
    0x2, 0xbf, 0xfd, 0x60, 0xe, 0xec, 0xfc, 0xf5,
    0x5f, 0x59, 0xf0, 0xeb, 0x8f, 0x29, 0xf0, 0xbe,
    0x8f, 0x29, 0xf0, 0xbe, 0x5f, 0x59, 0xf0, 0xeb,
    0xe, 0xed, 0xfc, 0xf4, 0x2, 0xbf, 0xfd, 0x60,
    0x0, 0xa, 0xf0, 0x0, 0x0, 0xa, 0xf0, 0x0,
    0x0, 0xa, 0xf0, 0x0,

    /* U+0445 "х" */
    0x2f, 0xd0, 0x5, 0xf8, 0x7, 0xf7, 0xe, 0xd0,
    0x0, 0xcf, 0xaf, 0x30, 0x0, 0x2f, 0xf8, 0x0,
    0x0, 0x2f, 0xfa, 0x0, 0x0, 0xde, 0xaf, 0x40,
    0x8, 0xf4, 0x1e, 0xe1, 0x3f, 0xb0, 0x6, 0xfa,

    /* U+0446 "ц" */
    0x1f, 0xa0, 0x6, 0xf5, 0x1, 0xfa, 0x0, 0x6f,
    0x50, 0x1f, 0xa0, 0x6, 0xf5, 0x1, 0xfa, 0x0,
    0x6f, 0x50, 0x1f, 0xa0, 0x6, 0xf5, 0x1, 0xfa,
    0x0, 0x6f, 0x50, 0x1f, 0xd7, 0x7a, 0xfa, 0x11,
    0xff, 0xff, 0xff, 0xf4, 0x0, 0x0, 0x0, 0x7f,
    0x40, 0x0, 0x0, 0x7, 0xf4,

    /* U+0447 "ч" */
    0x1f, 0xa0, 0x4, 0xf8, 0x1f, 0xa0, 0x4, 0xf8,
    0x1f, 0xb0, 0x4, 0xf8, 0xe, 0xf4, 0x28, 0xf8,
    0x5, 0xff, 0xff, 0xf8, 0x0, 0x14, 0x44, 0xf8,
    0x0, 0x0, 0x4, 0xf8, 0x0, 0x0, 0x4, 0xf8,

    /* U+0448 "ш" */
    0x7f, 0x19, 0xf0, 0xae, 0x7f, 0x19, 0xf0, 0xae,
    0x7f, 0x19, 0xf0, 0xae, 0x7f, 0x19, 0xf0, 0xae,
    0x7f, 0x19, 0xf0, 0xae, 0x7f, 0x19, 0xf0, 0xae,
    0x7f, 0x5b, 0xf4, 0xce, 0x7f, 0xff, 0xff, 0xfe,

    /* U+0449 "щ" */
    0x7f, 0x19, 0xf0, 0xae, 0x7, 0xf1, 0x9f, 0xa,
    0xe0, 0x7f, 0x19, 0xf0, 0xae, 0x7, 0xf1, 0x9f,
    0xa, 0xe0, 0x7f, 0x19, 0xf0, 0xae, 0x7, 0xf1,
    0x9f, 0xa, 0xe0, 0x7f, 0x6b, 0xf5, 0xce, 0x27,
    0xff, 0xff, 0xff, 0xf6, 0x0, 0x0, 0x0, 0x2f,
    0x60, 0x0, 0x0, 0x2, 0xf6, 0x0, 0x0, 0x0,
    0x2f, 0x60,

    /* U+044A "ъ" */
    0xcf, 0xf9, 0x0, 0x0, 0x68, 0xf9, 0x0, 0x0,
    0x2, 0xfa, 0x10, 0x0, 0x2, 0xff, 0xff, 0xa0,
    0x2, 0xfb, 0x4a, 0xf8, 0x2, 0xf9, 0x2, 0xfa,
    0x2, 0xfb, 0x6b, 0xf7, 0x2, 0xff, 0xfe, 0x80,

    /* U+044B "ы" */
    0x7f, 0x10, 0x0, 0xae, 0x7f, 0x10, 0x0, 0xae,
    0x7f, 0x10, 0x0, 0xae, 0x7f, 0xff, 0x90, 0xae,
    0x7f, 0x47, 0xf7, 0xae, 0x7f, 0x10, 0xf9, 0xae,
    0x7f, 0x48, 0xf6, 0xae, 0x7f, 0xfe, 0x80, 0xae,

    /* U+044C "ь" */
    0xde, 0x0, 0x0, 0xd, 0xe0, 0x0, 0x0, 0xde,
    0x11, 0x0, 0xd, 0xff, 0xff, 0x90, 0xde, 0x44,
    0xbf, 0x6d, 0xe0, 0x3, 0xf9, 0xde, 0x66, 0xcf,
    0x5d, 0xff, 0xfe, 0x70,

    /* U+044D "э" */
    0xb, 0xff, 0xd7, 0x0, 0x8, 0x99, 0xdf, 0x90,
    0x0, 0x11, 0x1d, 0xf2, 0x0, 0xdf, 0xff, 0xf5,
    0x0, 0x34, 0x49, 0xf5, 0x0, 0x0, 0xc, 0xf2,
    0xc, 0x88, 0xdf, 0xa0, 0xb, 0xff, 0xd8, 0x0,

    /* U+044E "ю" */
    0x5f, 0x20, 0xbf, 0xc1, 0x5, 0xf2, 0x7f, 0x6e,
    0xa0, 0x5f, 0x3c, 0xc0, 0x9e, 0x5, 0xff, 0xfa,
    0x7, 0xf0, 0x5f, 0x6d, 0xa0, 0x7f, 0x5, 0xf2,
    0xbc, 0x9, 0xe0, 0x5f, 0x27, 0xf6, 0xe9, 0x5,
    0xf2, 0xb, 0xfc, 0x10,

    /* U+044F "я" */
    0x1, 0xbf, 0xff, 0xf7, 0xb, 0xf8, 0x58, 0xf7,
    0xf, 0xd0, 0x4, 0xf7, 0xc, 0xf4, 0x15, 0xf7,
    0x3, 0xef, 0xff, 0xf7, 0x0, 0xbf, 0x57, 0xf7,
    0x6, 0xf8, 0x4, 0xf7, 0x2f, 0xd0, 0x5, 0xf7,

    /* U+0450 "ѐ" */
    0x0, 0x8f, 0x50, 0x0, 0x0, 0x6, 0xe1, 0x0,
    0x0, 0x0, 0x0, 0x0, 0x0, 0x8e, 0xfd, 0x40,
    0x9, 0xf9, 0x6c, 0xf3, 0xf, 0xa0, 0x1, 0xf8,
    0x3f, 0xff, 0xff, 0xfa, 0x3f, 0xa3, 0x33, 0x32,
    0xf, 0xc0, 0x0, 0x0, 0x8, 0xfd, 0x88, 0xc5,
    0x0, 0x7d, 0xff, 0xc3,

    /* U+0451 "ё" */
    0x0, 0x0, 0x0, 0x0, 0x5, 0xf7, 0xe, 0xd0,
    0x4, 0xf6, 0xd, 0xd0, 0x0, 0x0, 0x0, 0x0,
    0x0, 0x8e, 0xfd, 0x50, 0xa, 0xf9, 0x6c, 0xf4,
    0x1f, 0x90, 0x1, 0xf9, 0x4f, 0xff, 0xff, 0xfb,
    0x4f, 0x93, 0x33, 0x32, 0x1f, 0xb0, 0x0, 0x0,
    0x9, 0xfc, 0x88, 0xb7, 0x0, 0x7d, 0xff, 0xc3,

    /* U+0452 "ђ" */
    0x2, 0x10, 0x0, 0x0, 0x2f, 0xa1, 0x10, 0x0,
    0xff, 0xff, 0xf2, 0x0, 0x5f, 0xb4, 0x40, 0x0,
    0x1f, 0xa9, 0xfe, 0x80, 0x1f, 0xfc, 0x8d, 0xf5,
    0x1f, 0xe0, 0x4, 0xf8, 0x1f, 0xb0, 0x2, 0xf9,
    0x1f, 0xa0, 0x2, 0xf9, 0x1f, 0xa0, 0x2, 0xf9,
    0x1f, 0xa0, 0x2, 0xf9, 0x1f, 0xa0, 0x2, 0xf9,
    0x0, 0x0, 0x3, 0xf8, 0x0, 0x2, 0x8c, 0xf5,
    0x0, 0x4, 0xff, 0x90,

    /* U+0453 "ѓ" */
    0x0, 0x5, 0xf8, 0x0, 0x2, 0xe6, 0x0, 0x0,
    0x0, 0x0, 0x3, 0xff, 0xff, 0xfa, 0x3f, 0xb7,
    0x77, 0x43, 0xf7, 0x0, 0x0, 0x3f, 0x70, 0x0,
    0x3, 0xf7, 0x0, 0x0, 0x3f, 0x70, 0x0, 0x3,
    0xf7, 0x0, 0x0, 0x3f, 0x70, 0x0, 0x0,

    /* U+0454 "є" */
    0x3, 0xbf, 0xfd, 0x33, 0xff, 0x98, 0xb1, 0xbf,
    0x41, 0x10, 0xe, 0xff, 0xff, 0x30, 0xee, 0x44,
    0x41, 0xb, 0xf2, 0x0, 0x0, 0x4f, 0xf9, 0x8b,
    0x40, 0x4c, 0xff, 0xd2,

    /* U+0455 "ѕ" */
    0x9, 0xef, 0xe9, 0x8, 0xfa, 0x7a, 0xa0, 0xaf,
    0x40, 0x0, 0x3, 0xef, 0xc6, 0x0, 0x0, 0x6d,
    0xfb, 0x0, 0x0, 0xb, 0xf2, 0xab, 0x88, 0xef,
    0x7, 0xdf, 0xfc, 0x40,

    /* U+0456 "і" */
    0x0, 0x0, 0x20, 0x0, 0x0, 0xa, 0xf6, 0x0,
    0x0, 0x8, 0xf4, 0x0, 0x0, 0x0, 0x0, 0x0,
    0xb, 0xff, 0xf4, 0x0, 0x3, 0x6b, 0xf4, 0x0,
    0x0, 0x7, 0xf4, 0x0, 0x0, 0x7, 0xf4, 0x0,
    0x0, 0x7, 0xf4, 0x0, 0x0, 0x7, 0xf4, 0x0,
    0x3, 0x6b, 0xf9, 0x52, 0xf, 0xff, 0xff, 0xfa,

    /* U+0457 "ї" */
    0x6, 0xf4, 0x1e, 0xa0, 0x7, 0xf4, 0x1f, 0xb0,
    0x0, 0x0, 0x0, 0x0, 0xb, 0xff, 0xf4, 0x0,
    0x3, 0x6b, 0xf4, 0x0, 0x0, 0x7, 0xf4, 0x0,
    0x0, 0x7, 0xf4, 0x0, 0x0, 0x7, 0xf4, 0x0,
    0x0, 0x7, 0xf4, 0x0, 0x3, 0x6b, 0xf9, 0x52,
    0xf, 0xff, 0xff, 0xfa,

    /* U+0458 "ј" */
    0x0, 0x2, 0xeb, 0x0, 0x3, 0xfd, 0x0, 0x0,
    0x21, 0x0, 0x0, 0x0, 0x3, 0xff, 0xfd, 0x0,
    0x46, 0xfd, 0x0, 0x0, 0xed, 0x0, 0x0, 0xed,
    0x0, 0x0, 0xed, 0x0, 0x0, 0xed, 0x0, 0x0,
    0xed, 0x0, 0x0, 0xed, 0x0, 0x0, 0xfc, 0x4a,
    0x9c, 0xf8, 0x3e, 0xfe, 0x90,

    /* U+0459 "љ" */
    0x7, 0xff, 0xf6, 0x0, 0x0, 0x7d, 0x3f, 0x60,
    0x0, 0x8, 0xc0, 0xf6, 0x0, 0x0, 0x9b, 0xf,
    0xff, 0x70, 0xa, 0xa0, 0xf8, 0x7f, 0x20, 0xb9,
    0xf, 0x61, 0xf5, 0x3e, 0x60, 0xf9, 0x9f, 0x2b,
    0xd1, 0xf, 0xfe, 0x60,

    /* U+045A "њ" */
    0x7f, 0x3, 0xf3, 0x0, 0x7, 0xf0, 0x3f, 0x30,
    0x0, 0x7f, 0x4, 0xf3, 0x0, 0x7, 0xff, 0xff,
    0xff, 0x70, 0x7f, 0x36, 0xf6, 0x9f, 0x27, 0xf0,
    0x3f, 0x33, 0xf3, 0x7f, 0x3, 0xf7, 0xaf, 0x17,
    0xf0, 0x3f, 0xfe, 0x60,

    /* U+045B "ћ" */
    0x2, 0x10, 0x0, 0x0, 0x2f, 0xa1, 0x10, 0x0,
    0xff, 0xff, 0xf2, 0x0, 0x5f, 0xb4, 0x40, 0x0,
    0x1f, 0xa9, 0xfe, 0x80, 0x1f, 0xfc, 0x8e, 0xf4,
    0x1f, 0xe0, 0x4, 0xf8, 0x1f, 0xb0, 0x2, 0xf9,
    0x1f, 0xa0, 0x2, 0xf9, 0x1f, 0xa0, 0x2, 0xf9,
    0x1f, 0xa0, 0x2, 0xf9, 0x1f, 0xa0, 0x2, 0xf9,

    /* U+045C "ќ" */
    0x0, 0x0, 0x9f, 0x50, 0x0, 0x4, 0xe3, 0x0,
    0x0, 0x0, 0x0, 0x0, 0x2f, 0x90, 0x5, 0xf7,
    0x2f, 0x90, 0x1e, 0xc0, 0x2f, 0xa2, 0xbf, 0x20,
    0x2f, 0xff, 0xf9, 0x0, 0x2f, 0xb5, 0xef, 0x10,
    0x2f, 0x90, 0x6f, 0x90, 0x2f, 0x90, 0xd, 0xf2,
    0x2f, 0x90, 0x4, 0xfa,

    /* U+045D "ѝ" */
    0x0, 0xaf, 0x30, 0x0, 0x0, 0x8, 0xd0, 0x0,
    0x0, 0x0, 0x0, 0x0, 0x1f, 0x80, 0xc, 0xf8,
    0x1f, 0x80, 0x4f, 0xf8, 0x1f, 0x80, 0xcd, 0xf8,
    0x1f, 0x84, 0xf5, 0xf8, 0x1f, 0x8d, 0xb2, 0xf8,
    0x1f, 0xcf, 0x32, 0xf8, 0x1f, 0xfb, 0x2, 0xf8,
    0x1f, 0xf2, 0x2, 0xf8,

    /* U+045E "ў" */
    0x0, 0x10, 0x0, 0x0, 0x2, 0xf7, 0x1f, 0x80,
    0x0, 0x9f, 0xfd, 0x10, 0x0, 0x1, 0x10, 0x0,
    0x6f, 0x70, 0x0, 0xfc, 0xf, 0xd0, 0x4, 0xf7,
    0x9, 0xf3, 0x9, 0xf1, 0x2, 0xf8, 0xe, 0xb0,
    0x0, 0xce, 0x3f, 0x50, 0x0, 0x5f, 0xbf, 0x0,
    0x0, 0xe, 0xf9, 0x0, 0x0, 0xa, 0xf3, 0x0,
    0x0, 0xe, 0xd0, 0x0, 0x18, 0xcf, 0x50, 0x0,
    0x2f, 0xe7, 0x0, 0x0,

    /* U+045F "џ" */
    0x1f, 0xa0, 0x4, 0xf8, 0x1f, 0xa0, 0x4, 0xf8,
    0x1f, 0xa0, 0x4, 0xf8, 0x1f, 0xa0, 0x4, 0xf8,
    0x1f, 0xa0, 0x4, 0xf8, 0x1f, 0xa0, 0x4, 0xf8,
    0x1f, 0xd7, 0x79, 0xf8, 0x1f, 0xff, 0xff, 0xf8,
    0x0, 0xa, 0xf0, 0x0, 0x0, 0xa, 0xf0, 0x0,

    /* U+0460 "Ѡ" */
    0xda, 0x9, 0xe0, 0x5f, 0x2c, 0xb0, 0x8f, 0x5,
    0xf1, 0xcc, 0x7, 0xf0, 0x6f, 0xa, 0xd0, 0xaf,
    0x26, 0xf0, 0x9f, 0xd, 0xf4, 0x8d, 0x7, 0xf2,
    0xfe, 0x6a, 0xb0, 0x4f, 0x9e, 0xa9, 0xc8, 0x1,
    0xfe, 0xa7, 0xef, 0x50, 0xe, 0xf7, 0x3f, 0xf1,
    0x0, 0x9f, 0x30, 0xec, 0x0,

    /* U+0461 "ѡ" */
    0xc9, 0x8, 0xd0, 0x4f, 0x1b, 0xb0, 0x7e, 0x4,
    0xf0, 0xac, 0x8, 0xf0, 0x5f, 0x8, 0xe0, 0xcf,
    0x37, 0xd0, 0x5f, 0x2f, 0xd6, 0x9a, 0x2, 0xfa,
    0xc9, 0xbd, 0x60, 0xe, 0xf7, 0x4f, 0xf1, 0x0,
    0x8f, 0x30, 0xeb, 0x0,

    /* U+0462 "Ѣ" */
    0x16, 0xf7, 0x11, 0x0, 0xdf, 0xff, 0xff, 0x0,
    0x48, 0xf9, 0x44, 0x0, 0x5, 0xf6, 0x0, 0x0,
    0x5, 0xff, 0xfe, 0x80, 0x5, 0xfb, 0x9d, 0xf8,
    0x5, 0xf6, 0x0, 0xfd, 0x5, 0xf6, 0x0, 0xfc,
    0x5, 0xfb, 0x8d, 0xf7, 0x5, 0xff, 0xfe, 0x80,

    /* U+0463 "ѣ" */
    0x2, 0x84, 0x0, 0x0, 0x0, 0x4f, 0x80, 0x0,
    0x0, 0xcf, 0xff, 0xfc, 0x0, 0x5, 0x8f, 0xb6,
    0x40, 0x0, 0x4, 0xf8, 0x10, 0x0, 0x0, 0x4f,
    0xff, 0xfd, 0x40, 0x4, 0xfa, 0x45, 0xef, 0x0,
    0x4f, 0x80, 0xa, 0xf2, 0x4, 0xfa, 0x56, 0xfe,
    0x0, 0x4f, 0xff, 0xfc, 0x30,

    /* U+0464 "Ѥ" */
    0x5f, 0x50, 0x3c, 0xff, 0x35, 0xf5, 0xe, 0xd6,
    0x70, 0x5f, 0x55, 0xf4, 0x0, 0x5, 0xf6, 0x9f,
    0x32, 0x10, 0x5f, 0xff, 0xff, 0xf7, 0x5, 0xf8,
    0xbf, 0x55, 0x20, 0x5f, 0x58, 0xf1, 0x0, 0x5,
    0xf5, 0x5f, 0x60, 0x0, 0x5f, 0x50, 0xef, 0x89,
    0x15, 0xf5, 0x3, 0xcf, 0xe1,

    /* U+0465 "ѥ" */
    0x4f, 0x40, 0x4d, 0xfe, 0x4, 0xf4, 0x2f, 0xa3,
    0x30, 0x4f, 0x57, 0xf2, 0x0, 0x4, 0xff, 0xff,
    0xff, 0x20, 0x4f, 0x79, 0xf4, 0x30, 0x4, 0xf4,
    0x5f, 0x30, 0x0, 0x4f, 0x41, 0xfc, 0x57, 0x4,
    0xf4, 0x4, 0xdf, 0xd0,

    /* U+0466 "Ѧ" */
    0x0, 0xf, 0xf5, 0x0, 0x0, 0x4, 0xfd, 0xa0,
    0x0, 0x0, 0x9c, 0x7f, 0x0, 0x0, 0xe, 0x83,
    0xf4, 0x0, 0x3, 0xff, 0xff, 0x90, 0x0, 0x8e,
    0xae, 0xae, 0x0, 0xe, 0x98, 0xe4, 0xf3, 0x3,
    0xf5, 0x8e, 0xf, 0x90, 0x8f, 0x18, 0xe0, 0xbe,
    0xd, 0xc0, 0x8e, 0x6, 0xf3,

    /* U+0467 "ѧ" */
    0x0, 0x1f, 0xf6, 0x0, 0x0, 0x6, 0xfd, 0xc0,
    0x0, 0x0, 0xcc, 0x6f, 0x20, 0x0, 0x3f, 0x82,
    0xf8, 0x0, 0x9, 0xff, 0xff, 0xe0, 0x0, 0xec,
    0xaf, 0x8f, 0x50, 0x5f, 0x58, 0xe0, 0xfb, 0xb,
    0xe0, 0x8e, 0x9, 0xf1,

    /* U+0468 "Ѩ" */
    0xf, 0xb0, 0x0, 0x0, 0x7f, 0xf2, 0x0, 0x0,
    0xf, 0xb0, 0x0, 0x0, 0xec, 0xf8, 0x0, 0x0,
    0xf, 0xb0, 0x0, 0x5, 0xf5, 0xbf, 0x0, 0x0,
    0xf, 0xb0, 0x0, 0xc, 0xe0, 0x4f, 0x60, 0x0,
    0xf, 0xff, 0xff, 0xff, 0xff, 0xff, 0xd0, 0x0,
    0xf, 0xd8, 0x88, 0xef, 0x8f, 0xdb, 0xf4, 0x0,
    0xf, 0xb0, 0x1, 0xfb, 0xf, 0xa1, 0xfb, 0x0,
    0xf, 0xb0, 0x8, 0xf5, 0xf, 0xa0, 0xaf, 0x30,
    0xf, 0xb0, 0xe, 0xe0, 0xf, 0xa0, 0x3f, 0x90,
    0xf, 0xb0, 0x6f, 0x70, 0xf, 0xa0, 0xd, 0xf1,

    /* U+0469 "ѩ" */
    0x5f, 0x0, 0x8f, 0x40, 0x5, 0xf0, 0xd, 0xd8,
    0x0, 0x5f, 0x1, 0xf6, 0xd0, 0x5, 0xff, 0xff,
    0x6f, 0x10, 0x5f, 0x2b, 0xef, 0xf5, 0x5, 0xf0,
    0xd9, 0xeb, 0x90, 0x5f, 0x1f, 0x6e, 0x7d, 0x5,
    0xf5, 0xe3, 0xf3, 0xf1,

    /* U+046A "Ѫ" */
    0xf, 0xff, 0xff, 0xf7, 0x0, 0xbf, 0x66, 0xcf,
    0x20, 0x3, 0xf5, 0x1f, 0x90, 0x0, 0xa, 0xd7,
    0xf1, 0x0, 0x1, 0xbf, 0xfe, 0x40, 0x0, 0xbe,
    0xcf, 0xcf, 0x10, 0xf, 0x88, 0xe2, 0xf7, 0x4,
    0xf4, 0x8e, 0xe, 0xb0, 0x8f, 0x18, 0xe0, 0xae,
    0xc, 0xd0, 0x8e, 0x7, 0xf2,

    /* U+046B "ѫ" */
    0x4f, 0xff, 0xff, 0xfb, 0x0, 0xaf, 0x54, 0xbf,
    0x20, 0x0, 0xdb, 0x5f, 0x50, 0x0, 0x1a, 0xff,
    0xe4, 0x0, 0xb, 0xed, 0xfc, 0xf2, 0x2, 0xf5,
    0x8f, 0xf, 0x80, 0x7f, 0x8, 0xf0, 0xad, 0xc,
    0xb0, 0x8f, 0x5, 0xf2,

    /* U+046C "Ѭ" */
    0x7f, 0x40, 0xe, 0xff, 0xff, 0xff, 0xff, 0x17,
    0xf4, 0x0, 0x8f, 0xc8, 0x88, 0xbf, 0xa0, 0x7f,
    0x40, 0x0, 0x9f, 0x30, 0x2e, 0xb0, 0x7, 0xf4,
    0x0, 0x0, 0xbe, 0x2d, 0xb0, 0x0, 0x7f, 0xff,
    0xff, 0xff, 0xff, 0xfd, 0x50, 0x7, 0xfa, 0x88,
    0xaf, 0xda, 0xfb, 0xcf, 0x50, 0x7f, 0x40, 0xa,
    0xf1, 0x4f, 0x70, 0xed, 0x7, 0xf4, 0x0, 0xfb,
    0x4, 0xf7, 0x9, 0xf2, 0x7f, 0x40, 0x5f, 0x60,
    0x4f, 0x70, 0x4f, 0x77, 0xf4, 0xa, 0xf1, 0x4,
    0xf7, 0x0, 0xec,

    /* U+046D "ѭ" */
    0x2f, 0x70, 0x9, 0xff, 0xff, 0xff, 0xfa, 0x2,
    0xf7, 0x0, 0x2d, 0xe5, 0x45, 0xed, 0x20, 0x2f,
    0x71, 0x11, 0x2c, 0xc2, 0xcb, 0x10, 0x2, 0xff,
    0xff, 0xff, 0xff, 0xff, 0xd6, 0x0, 0x2f, 0x94,
    0x46, 0xfa, 0x7f, 0x89, 0xf3, 0x2, 0xf7, 0x0,
    0x9f, 0x3, 0xf5, 0xe, 0xa0, 0x2f, 0x70, 0xe,
    0xa0, 0x3f, 0x50, 0x9e, 0x2, 0xf7, 0x3, 0xf5,
    0x3, 0xf5, 0x5, 0xf4,

    /* U+046E "Ѯ" */
    0x2, 0xd4, 0x1b, 0xe0, 0x0, 0x6f, 0xca, 0x0,
    0x4, 0xbf, 0xfc, 0x40, 0xf, 0xea, 0xaf, 0xf2,
    0x4, 0x0, 0x6, 0xf6, 0x0, 0x0, 0x5, 0xf5,
    0x0, 0x12, 0x4d, 0xe0, 0x0, 0xff, 0xfd, 0x30,
    0x0, 0x45, 0x6d, 0xf3, 0x0, 0x0, 0x1, 0xfa,
    0x0, 0x0, 0x2, 0xfa, 0x1, 0x56, 0x8d, 0xf4,
    0x3f, 0xff, 0xfc, 0x50, 0x8f, 0x72, 0x22, 0x0,
    0x3f, 0xff, 0xff, 0xe0, 0x1, 0x45, 0x55, 0x60,

    /* U+046F "ѯ" */
    0x2, 0xd4, 0x1b, 0xe1, 0x0, 0x8f, 0xda, 0x0,
    0xa, 0xff, 0xff, 0x60, 0x3, 0x30, 0x1c, 0xe0,
    0x0, 0x0, 0x2d, 0xb0, 0x0, 0x6f, 0xfd, 0x10,
    0x0, 0x13, 0x5d, 0xd0, 0x0, 0x0, 0x7, 0xf2,
    0x0, 0x46, 0x7e, 0xe0, 0x1e, 0xff, 0xfc, 0x30,
    0x5f, 0x61, 0x11, 0x0, 0x2e, 0xff, 0xff, 0xf0,
    0x0, 0x44, 0x44, 0x60,

    /* U+0470 "Ѱ" */
    0x8f, 0x9, 0xf0, 0xae, 0x8f, 0x9, 0xf0, 0xae,
    0x8f, 0x9, 0xf0, 0xae, 0x8f, 0x9, 0xf0, 0xae,
    0x7f, 0x29, 0xf0, 0xbd, 0x4f, 0x9a, 0xf4, 0xfa,
    0xb, 0xff, 0xff, 0xe2, 0x0, 0x3b, 0xf4, 0x0,
    0x0, 0x9, 0xf0, 0x0, 0x0, 0x9, 0xf0, 0x0,

    /* U+0471 "ѱ" */
    0x0, 0x3, 0x70, 0x0, 0x0, 0x7, 0xf0, 0x0,
    0x0, 0x7, 0xf0, 0x0, 0x0, 0x7, 0xf0, 0x0,
    0x1f, 0x67, 0xf1, 0xf6, 0x1f, 0x67, 0xf0, 0xe9,
    0x1f, 0x67, 0xf0, 0xcb, 0x1f, 0x67, 0xf0, 0xcb,
    0x1f, 0x67, 0xf0, 0xcb, 0xf, 0x87, 0xf0, 0xe9,
    0xb, 0xeb, 0xf9, 0xf3, 0x2, 0xcf, 0xfe, 0x70,
    0x0, 0x7, 0xf0, 0x0, 0x0, 0x7, 0xf0, 0x0,
    0x0, 0x7, 0xf0, 0x0,

    /* U+0472 "Ѳ" */
    0x0, 0x9e, 0xfc, 0x30, 0xb, 0xfb, 0x9f, 0xf2,
    0x2f, 0xb0, 0x5, 0xf8, 0x6f, 0x60, 0x0, 0xfc,
    0x7f, 0xff, 0xff, 0xfd, 0x7f, 0xa8, 0x88, 0xfd,
    0x6f, 0x60, 0x0, 0xfc, 0x2f, 0xb0, 0x5, 0xf8,
    0xb, 0xfb, 0x9f, 0xf2, 0x0, 0x9f, 0xfc, 0x30,

    /* U+0473 "ѳ" */
    0x0, 0x9e, 0xfc, 0x30, 0xb, 0xfa, 0x8e, 0xf2,
    0x2f, 0xb2, 0x26, 0xf8, 0x5f, 0xff, 0xff, 0xfb,
    0x5f, 0xa5, 0x55, 0xfb, 0x2f, 0xa0, 0x4, 0xf8,
    0xb, 0xfa, 0x7e, 0xf2, 0x0, 0x9e, 0xfc, 0x40,

    /* U+0474 "Ѵ" */
    0xde, 0x0, 0x0, 0xbf, 0x59, 0xf3, 0x0, 0x6f,
    0x92, 0x4f, 0x70, 0xb, 0xf0, 0x0, 0xfb, 0x0,
    0xfa, 0x0, 0xb, 0xf0, 0x3f, 0x60, 0x0, 0x6f,
    0x47, 0xf1, 0x0, 0x2, 0xf8, 0xbd, 0x0, 0x0,
    0xd, 0xcf, 0x90, 0x0, 0x0, 0x8f, 0xf4, 0x0,
    0x0, 0x4, 0xff, 0x0, 0x0,

    /* U+0475 "ѵ" */
    0xcf, 0x10, 0x0, 0xbf, 0x46, 0xf6, 0x0, 0x6f,
    0x92, 0x1f, 0xb0, 0xc, 0xe0, 0x0, 0xaf, 0x11,
    0xf8, 0x0, 0x4, 0xf6, 0x6f, 0x20, 0x0, 0xe,
    0xbb, 0xd0, 0x0, 0x0, 0x8f, 0xf7, 0x0, 0x0,
    0x2, 0xff, 0x10, 0x0,

    /* U+0476 "Ѷ" */
    0x15, 0x33, 0x51, 0x0, 0x0, 0xbe, 0x3f, 0x80,
    0x0, 0x0, 0xb7, 0x3e, 0x20, 0x0, 0x0, 0x0,
    0x0, 0x0, 0xde, 0x0, 0x0, 0xbf, 0x59, 0xf3,
    0x0, 0x6f, 0x92, 0x4f, 0x70, 0xb, 0xf0, 0x0,
    0xfb, 0x0, 0xfa, 0x0, 0xb, 0xf0, 0x3f, 0x60,
    0x0, 0x6f, 0x47, 0xf1, 0x0, 0x2, 0xf8, 0xbd,
    0x0, 0x0, 0xd, 0xcf, 0x90, 0x0, 0x0, 0x8f,
    0xf4, 0x0, 0x0, 0x4, 0xff, 0x0, 0x0,

    /* U+0477 "ѷ" */
    0x2f, 0xa7, 0xf4, 0x0, 0x0, 0x4f, 0x39, 0xd0,
    0x0, 0x0, 0x23, 0x4, 0x10, 0xc, 0xf1, 0x0,
    0xb, 0xf4, 0x6f, 0x60, 0x6, 0xf9, 0x21, 0xfb,
    0x0, 0xce, 0x0, 0xa, 0xf1, 0x1f, 0x80, 0x0,
    0x4f, 0x66, 0xf2, 0x0, 0x0, 0xeb, 0xbd, 0x0,
    0x0, 0x8, 0xff, 0x70, 0x0, 0x0, 0x2f, 0xf1,
    0x0, 0x0,

    /* U+0478 "Ѹ" */
    0x0, 0x9e, 0xfc, 0x30, 0x0, 0x0, 0x0, 0x0,
    0x0, 0xbf, 0xb9, 0xff, 0x20, 0x0, 0x0, 0x0,
    0x0, 0x2f, 0xb0, 0x5, 0xf8, 0xf, 0xd0, 0x0,
    0x9f, 0x36, 0xf6, 0x0, 0xf, 0xc0, 0x9f, 0x20,
    0xe, 0xd0, 0x7f, 0x40, 0x0, 0xed, 0x3, 0xf8,
    0x3, 0xf7, 0x7, 0xf4, 0x0, 0xe, 0xd0, 0xd,
    0xe0, 0x8f, 0x10, 0x6f, 0x60, 0x0, 0xfc, 0x0,
    0x6f, 0x3d, 0xb0, 0x2, 0xfb, 0x0, 0x5f, 0x80,
    0x1, 0xf9, 0xf5, 0x0, 0xb, 0xfb, 0x9f, 0xf2,
    0x0, 0xa, 0xff, 0x0, 0x0, 0x9, 0xff, 0xc3,
    0x0, 0x0, 0x4f, 0xa0, 0x0, 0x0, 0x0, 0x0,
    0x0, 0x0, 0x6, 0xf3, 0x0, 0x0, 0x0, 0x0,
    0x0, 0x0, 0x69, 0xfc, 0x0, 0x0, 0x0, 0x0,
    0x0, 0x0, 0xb, 0xfb, 0x10, 0x0, 0x0,

    /* U+0479 "ѹ" */
    0x0, 0x9e, 0xfc, 0x30, 0xf, 0xd0, 0x0, 0x9f,
    0x30, 0xbf, 0xa8, 0xef, 0x20, 0x9f, 0x20, 0xe,
    0xd0, 0x2f, 0xa0, 0x4, 0xf8, 0x3, 0xf8, 0x3,
    0xf7, 0x5, 0xf6, 0x0, 0xf, 0xb0, 0xd, 0xe0,
    0x8f, 0x10, 0x5f, 0x60, 0x0, 0xfb, 0x0, 0x6f,
    0x3d, 0xb0, 0x2, 0xfa, 0x0, 0x4f, 0x80, 0x1,
    0xf9, 0xf5, 0x0, 0xb, 0xfa, 0x7e, 0xf2, 0x0,
    0xa, 0xff, 0x0, 0x0, 0x9, 0xef, 0xc4, 0x0,
    0x0, 0x4f, 0xa0, 0x0, 0x0, 0x0, 0x0, 0x0,
    0x0, 0x6, 0xf3, 0x0, 0x0, 0x0, 0x0, 0x0,
    0x0, 0x69, 0xfc, 0x0, 0x0, 0x0, 0x0, 0x0,
    0x0, 0xb, 0xfb, 0x10, 0x0, 0x0,

    /* U+047A "Ѻ" */
    0x0, 0x3, 0x70, 0x0, 0x0, 0x9f, 0xfc, 0x30,
    0xb, 0xfd, 0xfd, 0xf2, 0x2f, 0x71, 0x31, 0xf8,
    0x6f, 0x30, 0x0, 0xcc, 0x7f, 0x10, 0x0, 0xbd,
    0x7f, 0x10, 0x0, 0xbd, 0x6f, 0x30, 0x0, 0xcc,
    0x2f, 0x71, 0x31, 0xf8, 0xb, 0xfc, 0xfd, 0xf2,
    0x0, 0x9f, 0xfc, 0x30, 0x0, 0x3, 0x70, 0x0,

    /* U+047B "ѻ" */
    0x0, 0x4, 0x80, 0x0, 0x0, 0x9f, 0xfc, 0x30,
    0xb, 0xfd, 0xfd, 0xf2, 0x2f, 0x90, 0x22, 0xf8,
    0x5f, 0x50, 0x0, 0xeb, 0x5f, 0x50, 0x0, 0xeb,
    0x2f, 0x81, 0x32, 0xf8, 0xb, 0xfd, 0xfd, 0xf2,
    0x0, 0x9f, 0xfc, 0x40, 0x0, 0x3, 0x70, 0x0,

    /* U+047C "Ѽ" */
    0x0, 0x0, 0x0, 0x0, 0x0, 0x1e, 0xff, 0xff,
    0x0, 0x0, 0x3a, 0xe3, 0x30, 0x0, 0x0, 0x7f,
    0x20, 0x0, 0x0, 0x4, 0xe0, 0x0, 0x0, 0x0,
    0x72, 0x0, 0x0, 0x8, 0xfb, 0x5f, 0xc1, 0x3,
    0xf9, 0x41, 0x6e, 0xa0, 0x8f, 0x0, 0x0, 0x9e,
    0xa, 0xc0, 0x0, 0x6, 0xf0, 0xbc, 0x0, 0x0,
    0x6f, 0x1b, 0xc0, 0x59, 0x6, 0xf1, 0xad, 0x8,
    0xe0, 0x6f, 0x8, 0xf0, 0x8e, 0x9, 0xe0, 0x3f,
    0x9b, 0xf6, 0xe9, 0x0, 0x8f, 0xda, 0xfc, 0x10,

    /* U+047D "ѽ" */
    0x0, 0x0, 0x0, 0x0, 0x1, 0xdf, 0xc5, 0x0,
    0x5, 0xe4, 0x9f, 0xf0, 0x1, 0x2b, 0xe0, 0x20,
    0x0, 0x4, 0xd0, 0x0, 0x0, 0x6, 0x10, 0x0,
    0x7, 0xfc, 0x6f, 0xc1, 0x2f, 0x94, 0x26, 0xf8,
    0x6f, 0x10, 0x0, 0xad, 0x8f, 0x2, 0x40, 0x9e,
    0x8f, 0x8, 0xe0, 0x9e, 0x6f, 0x18, 0xe0, 0xbc,
    0x2f, 0x9b, 0xf6, 0xf8, 0x7, 0xfc, 0x9f, 0xc1,

    /* U+047E "Ѿ" */
    0x9, 0xff, 0xff, 0xe0, 0x0, 0x24, 0x15, 0x6,
    0x0, 0x0, 0x0, 0x0, 0x0, 0xd, 0xa0, 0x9e,
    0x5, 0xf2, 0xcb, 0x8, 0xf0, 0x5f, 0x1c, 0xc0,
    0x7f, 0x6, 0xf0, 0xad, 0xa, 0xf2, 0x6f, 0x9,
    0xf0, 0xdf, 0x48, 0xd0, 0x7f, 0x2f, 0xe6, 0xab,
    0x4, 0xf9, 0xea, 0x9c, 0x80, 0x1f, 0xea, 0x7e,
    0xf5, 0x0, 0xef, 0x73, 0xff, 0x10, 0x9, 0xf3,
    0xe, 0xc0, 0x0,

    /* U+047F "ѿ" */
    0x9, 0xff, 0xff, 0xf0, 0x0, 0x24, 0x15, 0x6,
    0x0, 0xc9, 0x8, 0xd0, 0x4f, 0x1b, 0xb0, 0x7e,
    0x4, 0xf0, 0xac, 0x8, 0xf0, 0x5f, 0x8, 0xe0,
    0xcf, 0x37, 0xd0, 0x5f, 0x2f, 0xd6, 0x9a, 0x2,
    0xfa, 0xc9, 0xbd, 0x60, 0xe, 0xf7, 0x4f, 0xf1,
    0x0, 0x8f, 0x30, 0xeb, 0x0,

    /* U+0480 "Ҁ" */
    0x0, 0x3b, 0xff, 0xd6, 0x3, 0xff, 0xa9, 0xc6,
    0xb, 0xf4, 0x0, 0x0, 0xf, 0xc0, 0x0, 0x0,
    0x3f, 0x90, 0x0, 0x0, 0x3f, 0x90, 0x0, 0x0,
    0x1f, 0xc0, 0x0, 0x0, 0xc, 0xf4, 0x0, 0x0,
    0x3, 0xff, 0xb9, 0x80, 0x0, 0x3b, 0xff, 0xc0,
    0x0, 0x0, 0x1f, 0xb0, 0x0, 0x0, 0x1f, 0xb0,
    0x0, 0x0, 0x1f, 0xb0,

    /* U+0481 "ҁ" */
    0x5, 0xdf, 0xfb, 0x15, 0xfe, 0x99, 0xb0, 0xbf,
    0x20, 0x0, 0xe, 0xd0, 0x0, 0x0, 0xed, 0x0,
    0x0, 0xc, 0xf2, 0x0, 0x0, 0x6f, 0xe8, 0x82,
    0x0, 0x7d, 0xff, 0x40, 0x0, 0x8, 0xf4, 0x0,
    0x0, 0x8f, 0x40, 0x0, 0x8, 0xf4, 0x0,

    /* U+0482 "҂" */
    0x0, 0x0, 0x0, 0x0, 0x0, 0x0, 0x1, 0xd0,
    0x0, 0x3c, 0x3a, 0x70, 0x0, 0x5, 0xef, 0x10,
    0x0, 0x0, 0xcb, 0xe5, 0x7, 0x5, 0xd0, 0x24,
    0x9, 0xee, 0x30, 0x0, 0x0, 0x8f, 0xc2, 0x0,
    0x1, 0xe2, 0x6a, 0x0, 0x5, 0x90, 0x0, 0x0,
    0x0, 0x0, 0x0, 0x0,

    /* U+0483 "҃" */
    0x0, 0x0, 0x64, 0x8f, 0xff, 0xf8, 0x46, 0x0,
    0x0,

    /* U+0484 "҄" */
    0x0, 0x0, 0x0, 0x3, 0x9f, 0xe3, 0xaf, 0xb4,
    0xb9, 0x11, 0x0, 0x11,

    /* U+0485 "҅" */
    0xcc, 0xd5, 0x29,

    /* U+0486 "҆" */
    0xcc, 0x5d, 0x92,

    /* U+0487 "҇" */
    0x0, 0x0, 0x0, 0x4e, 0xfa, 0x30, 0x9b, 0x5b,
    0xfa, 0x11, 0x0, 0x11,

    /* U+0488 "҈" */
    0x0, 0x0, 0x0, 0x5e, 0xd3, 0x0, 0x0, 0x0,
    0x0, 0x0, 0x0, 0x50, 0x14, 0x0, 0x0, 0x0,
    0x2, 0xcd, 0x60, 0x0, 0x0, 0x8, 0xdb, 0x0,
    0x5, 0x20, 0x70, 0x0, 0x0, 0x7, 0x4, 0x30,
    0x0, 0x0, 0x0, 0x0, 0x0, 0x0, 0x0, 0x0,
    0x0, 0x0, 0x0, 0x0, 0x0, 0x0, 0x0, 0x0,
    0x6e, 0xc1, 0x0, 0x0, 0x0, 0x0, 0x1c, 0xe5,
    0x90, 0x45, 0x0, 0x0, 0x0, 0x0, 0x53, 0x9,
    0x0, 0x0, 0x0, 0x0, 0x0, 0x0, 0x0, 0x0,
    0x0, 0x0, 0x0, 0x0, 0x0, 0x0, 0x0, 0x0,
    0x0, 0x0, 0x0, 0x0, 0x0, 0x0, 0x0, 0x0,
    0x2, 0xcd, 0x60, 0x0, 0x0, 0x8, 0xdb, 0x10,
    0x3, 0x10, 0x50, 0x0, 0x0, 0x5, 0x3, 0x20,
    0x0, 0x0, 0x0, 0x5e, 0xd3, 0x0, 0x0, 0x0,
    0x0, 0x0, 0x0, 0x50, 0x14, 0x0, 0x0, 0x0,

    /* U+0489 "҉" */
    0x0, 0x0, 0x0, 0x1, 0xc0, 0x0, 0x0, 0x0,
    0x0, 0x0, 0x0, 0x7, 0x90, 0x0, 0x0, 0x0,
    0x0, 0x38, 0x0, 0xc, 0x60, 0x0, 0x3, 0x0,
    0x0, 0xe, 0x30, 0x0, 0x0, 0x7, 0xe9, 0x0,
    0x0, 0x8, 0x90, 0x0, 0x0, 0x9, 0x40, 0x0,
    0x0, 0x0, 0x0, 0x0, 0x0, 0x0, 0x0, 0x0,
    0x0, 0x0, 0x0, 0x0, 0x0, 0x0, 0x0, 0x0,
    0x9a, 0x61, 0x0, 0x0, 0x0, 0x0, 0x2b, 0x60,
    0x6, 0xc2, 0x0, 0x0, 0x0, 0x0, 0x17, 0xb9,
    0x0, 0x0, 0x0, 0x0, 0x0, 0x0, 0x0, 0x0,
    0x0, 0x0, 0x0, 0x0, 0x0, 0x0, 0x0, 0x0,
    0x0, 0x0, 0x30, 0x0, 0x0, 0x5, 0x40, 0x0,
    0x0, 0x3d, 0xd0, 0x0, 0x0, 0x7, 0xc0, 0x0,
    0x0, 0x95, 0x0, 0x6, 0xc0, 0x0, 0xd3, 0x0,
    0x0, 0x0, 0x0, 0x9, 0x70, 0x0, 0x20, 0x0,
    0x0, 0x0, 0x0, 0xc, 0x10, 0x0, 0x0, 0x0,

    /* U+048A "Ҋ" */
    0x0, 0x70, 0x4, 0x30, 0x0, 0xe, 0x51, 0xd5,
    0x0, 0x0, 0x5f, 0xfb, 0x0, 0x0, 0x0, 0x12,
    0x0, 0x0, 0x4f, 0x50, 0xb, 0xfa, 0x4, 0xf5,
    0x1, 0xff, 0xa0, 0x4f, 0x50, 0x7d, 0xda, 0x4,
    0xf5, 0xe, 0x7e, 0xa0, 0x4f, 0x54, 0xf1, 0xea,
    0x4, 0xf5, 0xaa, 0xf, 0xa0, 0x4f, 0x6f, 0x40,
    0xfa, 0x4, 0xfb, 0xd0, 0xf, 0xa0, 0x4f, 0xf7,
    0x0, 0xfc, 0x24, 0xff, 0x10, 0xf, 0xf3, 0x0,
    0x0, 0x0, 0x8f, 0x0, 0x0, 0x0, 0xe, 0xc0,
    0x0, 0x0, 0x3, 0xf8, 0x0,

    /* U+048B "ҋ" */
    0x0, 0xf3, 0xb, 0x70, 0x0, 0x7, 0xff, 0xc1,
    0x0, 0x0, 0x1, 0x20, 0x0, 0x1, 0xf8, 0x0,
    0xcf, 0x80, 0x1f, 0x80, 0x4f, 0xf8, 0x1, 0xf8,
    0xc, 0xdf, 0x80, 0x1f, 0x84, 0xf6, 0xf8, 0x1,
    0xf8, 0xcb, 0x2f, 0x80, 0x1f, 0xcf, 0x32, 0xf8,
    0x1, 0xff, 0xb0, 0x2f, 0xa1, 0x1f, 0xf2, 0x2,
    0xff, 0x30, 0x0, 0x0, 0x5, 0xf0, 0x0, 0x0,
    0x0, 0xac, 0x0, 0x0, 0x0, 0xf, 0x90,

    /* U+048C "Ҍ" */
    0xc, 0xf0, 0x0, 0x0, 0xdf, 0xff, 0xf5, 0x0,
    0x7e, 0xf9, 0x92, 0x0, 0xc, 0xf9, 0x85, 0x0,
    0xc, 0xff, 0xff, 0xd1, 0xc, 0xf0, 0x19, 0xf7,
    0xc, 0xf0, 0x2, 0xfa, 0xc, 0xf0, 0x4, 0xf9,
    0xc, 0xf9, 0xaf, 0xf3, 0xc, 0xff, 0xfc, 0x40,

    /* U+048D "ҍ" */
    0xb, 0xf0, 0x0, 0x0, 0xb, 0xf0, 0x0, 0x0,
    0xcf, 0xff, 0xf6, 0x0, 0x2c, 0xf3, 0x31, 0x0,
    0xb, 0xf0, 0x0, 0x0, 0xb, 0xf1, 0x0, 0x0,
    0xb, 0xff, 0xff, 0xb1, 0xb, 0xf4, 0x47, 0xfa,
    0xb, 0xf0, 0x0, 0xfc, 0xb, 0xf5, 0x59, 0xf9,
    0xb, 0xff, 0xfe, 0x90,

    /* U+048E "Ҏ" */
    0xcf, 0xff, 0xe8, 0xc, 0xf8, 0x9d, 0xf7, 0xce,
    0x0, 0x1f, 0xbc, 0xe0, 0x77, 0xfb, 0xcf, 0x8c,
    0xff, 0x5c, 0xff, 0xfe, 0xe0, 0xce, 0x0, 0xc,
    0x3c, 0xe0, 0x0, 0x0, 0xce, 0x0, 0x0, 0xc,
    0xe0, 0x0, 0x0,

    /* U+048F "ҏ" */
    0x1f, 0x7a, 0xfe, 0x60, 0x1f, 0xf9, 0x5d, 0xf3,
    0x1f, 0xc0, 0x3, 0xf9, 0x1f, 0x90, 0x0, 0xfb,
    0x1f, 0xa0, 0x11, 0xfb, 0x1f, 0xd0, 0xdb, 0xf9,
    0x1f, 0xfb, 0xbf, 0xf3, 0x1f, 0xaa, 0xff, 0xe0,
    0x1f, 0x90, 0x0, 0xb2, 0x1f, 0x90, 0x0, 0x0,
    0x1f, 0x90, 0x0, 0x0,

    /* U+0490 "Ґ" */
    0x0, 0x0, 0x18, 0x20, 0x0, 0x3, 0xf5, 0x0,
    0x0, 0x3f, 0x59, 0xff, 0xff, 0xf7, 0x9f, 0x98,
    0x89, 0x49, 0xf2, 0x0, 0x0, 0x9f, 0x20, 0x0,
    0x9, 0xf2, 0x0, 0x0, 0x9f, 0x20, 0x0, 0x9,
    0xf2, 0x0, 0x0, 0x9f, 0x20, 0x0, 0x9, 0xf2,
    0x0, 0x0, 0x9f, 0x20, 0x0, 0x0,

    /* U+0491 "ґ" */
    0x0, 0x0, 0xe, 0xa0, 0x0, 0x0, 0xea, 0x3f,
    0xff, 0xff, 0xb3, 0xfb, 0x77, 0x74, 0x3f, 0x70,
    0x0, 0x3, 0xf7, 0x0, 0x0, 0x3f, 0x70, 0x0,
    0x3, 0xf7, 0x0, 0x0, 0x3f, 0x70, 0x0, 0x3,
    0xf7, 0x0, 0x0,

    /* U+0492 "Ғ" */
    0xb, 0xff, 0xff, 0xfa, 0xb, 0xf9, 0x99, 0x96,
    0xb, 0xf0, 0x0, 0x0, 0xb, 0xf0, 0x0, 0x0,
    0xaf, 0xff, 0xfd, 0x0, 0x5d, 0xf8, 0x86, 0x0,
    0xb, 0xf0, 0x0, 0x0, 0xb, 0xf0, 0x0, 0x0,
    0xb, 0xf0, 0x0, 0x0, 0xb, 0xf0, 0x0, 0x0,

    /* U+0493 "ғ" */
    0x3, 0xff, 0xff, 0xfa, 0x3, 0xfb, 0x77, 0x74,
    0x3, 0xf7, 0x0, 0x0, 0x4, 0xf8, 0x11, 0x0,
    0x5f, 0xff, 0xfd, 0x0, 0x17, 0xfa, 0x44, 0x0,
    0x3, 0xf7, 0x0, 0x0, 0x3, 0xf7, 0x0, 0x0,

    /* U+0494 "Ҕ" */
    0xff, 0xff, 0xf5, 0xf, 0xe8, 0x88, 0x20, 0xfc,
    0x0, 0x0, 0xf, 0xd7, 0x73, 0x0, 0xff, 0xff,
    0xfa, 0xf, 0xc0, 0x2b, 0xf5, 0xfc, 0x0, 0x1f,
    0xaf, 0xc0, 0x0, 0xdd, 0xfc, 0x0, 0xd, 0xdf,
    0xc0, 0x0, 0xfc, 0x0, 0x0, 0x5f, 0x80, 0x48,
    0x9f, 0xe1, 0x4, 0xff, 0xc2, 0x0,

    /* U+0495 "ҕ" */
    0xef, 0xff, 0xf5, 0xe, 0xe7, 0x77, 0x20, 0xed,
    0x0, 0x0, 0xe, 0xff, 0xfa, 0x10, 0xef, 0x9b,
    0xfd, 0xe, 0xd0, 0x8, 0xf4, 0xed, 0x0, 0x3f,
    0x7e, 0xd0, 0x3, 0xf7, 0x0, 0x0, 0x7f, 0x50,
    0x49, 0xaf, 0xe0, 0x4, 0xef, 0xc2, 0x0,

    /* U+0496 "Җ" */
    0xbc, 0x9, 0xf0, 0x6f, 0x26, 0xf1, 0x9f, 0xb,
    0xd0, 0x1f, 0x69, 0xf0, 0xf8, 0x0, 0xcb, 0x9f,
    0x5f, 0x30, 0x8, 0xff, 0xff, 0xf0, 0x0, 0xbd,
    0xbf, 0x8f, 0x10, 0xf, 0x89, 0xf2, 0xf6, 0x3,
    0xf5, 0x9f, 0xe, 0xa0, 0x8f, 0x19, 0xf0, 0xaf,
    0x3c, 0xd0, 0x9f, 0x7, 0xf6, 0x0, 0x0, 0x0,
    0xf, 0x60, 0x0, 0x0, 0x0, 0xf6, 0x0, 0x0,
    0x0, 0xf, 0x60,

    /* U+0497 "җ" */
    0x9f, 0x9, 0xf0, 0x9f, 0x3, 0xf4, 0x9f, 0xe,
    0xa0, 0xe, 0xaa, 0xf5, 0xf4, 0x0, 0x9f, 0xff,
    0xff, 0x0, 0xc, 0xdb, 0xf8, 0xf3, 0x1, 0xf8,
    0x9f, 0x1f, 0x80, 0x6f, 0x39, 0xf0, 0xcd, 0x2b,
    0xe0, 0x9f, 0x8, 0xf6, 0x0, 0x0, 0x0, 0x1f,
    0x60, 0x0, 0x0, 0x1, 0xf6, 0x0, 0x0, 0x0,
    0x1f, 0x60,

    /* U+0498 "Ҙ" */
    0x8, 0xdf, 0xfc, 0x50, 0xa, 0xb9, 0xaf, 0xf3,
    0x0, 0x0, 0x7, 0xf4, 0x0, 0x89, 0xaf, 0xb0,
    0x0, 0xef, 0xfe, 0x60, 0x0, 0x0, 0x1a, 0xf5,
    0x0, 0x0, 0x3, 0xf8, 0x0, 0x0, 0x6, 0xf7,
    0x2e, 0xa9, 0xbf, 0xe1, 0x1a, 0xef, 0xfb, 0x20,
    0x0, 0x8, 0xc1, 0x0, 0x0, 0x0, 0xc9, 0x0,
    0x0, 0x3f, 0xe4, 0x0,

    /* U+0499 "ҙ" */
    0x8d, 0xff, 0xc4, 0x7, 0x97, 0x8e, 0xf0, 0x0,
    0x12, 0xdf, 0x0, 0xbf, 0xff, 0x40, 0x3, 0x45,
    0xde, 0x10, 0x0, 0x8, 0xf4, 0xd9, 0x78, 0xff,
    0x1a, 0xef, 0xfc, 0x30, 0x0, 0x2e, 0x20, 0x0,
    0x2, 0xd7, 0x0, 0x0, 0xfe, 0x20, 0x0,

    /* U+049A "Қ" */
    0x4f, 0x80, 0x2, 0xfa, 0x4, 0xf8, 0x0, 0xce,
    0x10, 0x4f, 0x80, 0x6f, 0x50, 0x4, 0xf8, 0x1f,
    0xb0, 0x0, 0x4f, 0xff, 0xf2, 0x0, 0x4, 0xfc,
    0xbf, 0x70, 0x0, 0x4f, 0x80, 0xdf, 0x10, 0x4,
    0xf8, 0x4, 0xfa, 0x0, 0x4f, 0x80, 0xb, 0xfa,
    0x24, 0xf8, 0x0, 0x2f, 0xf4, 0x0, 0x0, 0x0,
    0x7f, 0x40, 0x0, 0x0, 0x7, 0xf4, 0x0, 0x0,
    0x0, 0x7f, 0x40,

    /* U+049B "қ" */
    0x2f, 0x90, 0x5, 0xf7, 0x2, 0xf9, 0x1, 0xec,
    0x0, 0x2f, 0xa2, 0xbf, 0x20, 0x2, 0xff, 0xff,
    0x90, 0x0, 0x2f, 0xb5, 0xef, 0x10, 0x2, 0xf9,
    0x6, 0xf9, 0x0, 0x2f, 0x90, 0xd, 0xf6, 0x12,
    0xf9, 0x0, 0x4f, 0xf3, 0x0, 0x0, 0x0, 0x6f,
    0x30, 0x0, 0x0, 0x6, 0xf3, 0x0, 0x0, 0x0,
    0x6f, 0x30,

    /* U+049C "Ҝ" */
    0x4f, 0x80, 0x2, 0xfa, 0x4, 0xf8, 0x85, 0xce,
    0x10, 0x4f, 0x88, 0xbf, 0x50, 0x4, 0xf8, 0x8f,
    0xb0, 0x0, 0x4f, 0xff, 0xf2, 0x0, 0x4, 0xfc,
    0xcf, 0x70, 0x0, 0x4f, 0x88, 0xff, 0x10, 0x4,
    0xf8, 0x89, 0xfa, 0x0, 0x4f, 0x86, 0x4b, 0xf3,
    0x4, 0xf8, 0x0, 0x2f, 0xd0,

    /* U+049D "ҝ" */
    0x2f, 0x92, 0x35, 0xf7, 0x2f, 0x96, 0xae, 0xc0,
    0x2f, 0xa7, 0xff, 0x20, 0x2f, 0xff, 0xf9, 0x0,
    0x2f, 0xb9, 0xff, 0x10, 0x2f, 0x96, 0xef, 0x90,
    0x2f, 0x96, 0x9d, 0xf2, 0x2f, 0x91, 0x24, 0xfa,

    /* U+049E "Ҟ" */
    0x8, 0xf6, 0x0, 0x5f, 0x71, 0xff, 0xf6, 0x1e,
    0xc0, 0x9, 0xf8, 0x29, 0xf3, 0x0, 0x6f, 0x54,
    0xf8, 0x0, 0x6, 0xff, 0xfe, 0x0, 0x0, 0x6f,
    0xbc, 0xf4, 0x0, 0x6, 0xf5, 0x1f, 0xd0, 0x0,
    0x6f, 0x50, 0x7f, 0x70, 0x6, 0xf5, 0x0, 0xdf,
    0x10, 0x6f, 0x50, 0x4, 0xfa,

    /* U+049F "ҟ" */
    0xd, 0xd0, 0x0, 0x0, 0xd, 0xff, 0xff, 0x30,
    0x0, 0x2e, 0xd3, 0x30, 0x0, 0x0, 0xdd, 0x0,
    0x8f, 0x60, 0xd, 0xd0, 0x5f, 0x90, 0x0, 0xdd,
    0x2f, 0xc0, 0x0, 0xd, 0xdd, 0xe1, 0x0, 0x0,
    0xdd, 0xbf, 0x40, 0x0, 0xd, 0xd1, 0xde, 0x20,
    0x0, 0xdd, 0x2, 0xfd, 0x0, 0xd, 0xd0, 0x5,
    0xfa, 0x0,

    /* U+04A0 "Ҡ" */
    0xef, 0xf9, 0x0, 0xdd, 0x7, 0x8f, 0x90, 0x7f,
    0x40, 0x1, 0xf9, 0x2f, 0xa0, 0x0, 0x1f, 0x9a,
    0xe1, 0x0, 0x1, 0xfd, 0xf6, 0x0, 0x0, 0x1f,
    0xaf, 0x90, 0x0, 0x1, 0xf9, 0x8f, 0x30, 0x0,
    0x1f, 0x90, 0xec, 0x0, 0x1, 0xf9, 0x6, 0xf5,
    0x0, 0x1f, 0x90, 0xd, 0xe0,

    /* U+04A1 "ҡ" */
    0xff, 0xf9, 0x1, 0xed, 0x6, 0x6f, 0x90, 0xbf,
    0x20, 0x0, 0xf9, 0x6f, 0x60, 0x0, 0xf, 0xcf,
    0xa0, 0x0, 0x0, 0xfa, 0xed, 0x0, 0x0, 0xf,
    0x94, 0xf9, 0x0, 0x0, 0xf9, 0x8, 0xf5, 0x0,
    0xf, 0x90, 0xd, 0xe2,

    /* U+04A2 "Ң" */
    0xfa, 0x0, 0x4f, 0x60, 0xfa, 0x0, 0x4f, 0x60,
    0xfa, 0x0, 0x4f, 0x60, 0xfa, 0x0, 0x4f, 0x60,
    0xff, 0xff, 0xff, 0x60, 0xfd, 0x88, 0xaf, 0x60,
    0xfa, 0x0, 0x4f, 0x60, 0xfa, 0x0, 0x4f, 0x60,
    0xfa, 0x0, 0x4f, 0xa1, 0xfa, 0x0, 0x4f, 0xf3,
    0x0, 0x0, 0x6, 0xf3, 0x0, 0x0, 0x6, 0xf3,
    0x0, 0x0, 0x6, 0xf3,

    /* U+04A3 "ң" */
    0x1f, 0x90, 0x4, 0xf6, 0x1, 0xf9, 0x0, 0x4f,
    0x60, 0x1f, 0xa1, 0x15, 0xf6, 0x1, 0xff, 0xff,
    0xff, 0x60, 0x1f, 0xb4, 0x47, 0xf6, 0x1, 0xf9,
    0x0, 0x4f, 0x60, 0x1f, 0x90, 0x4, 0xf7, 0x1,
    0xf9, 0x0, 0x4f, 0xf5, 0x0, 0x0, 0x0, 0x5f,
    0x50, 0x0, 0x0, 0x5, 0xf5, 0x0, 0x0, 0x0,
    0x5f, 0x50,

    /* U+04A4 "Ҥ" */
    0x3f, 0x80, 0xc, 0xff, 0x63, 0xf8, 0x0, 0xcf,
    0x93, 0x3f, 0x80, 0xc, 0xf0, 0x3, 0xf8, 0x0,
    0xcf, 0x0, 0x3f, 0xff, 0xff, 0xf0, 0x3, 0xfc,
    0x99, 0xef, 0x0, 0x3f, 0x80, 0xc, 0xf0, 0x3,
    0xf8, 0x0, 0xcf, 0x0, 0x3f, 0x80, 0xc, 0xf0,
    0x3, 0xf8, 0x0, 0xcf, 0x0,

    /* U+04A5 "ҥ" */
    0x1f, 0x90, 0x2f, 0xff, 0x51, 0xf9, 0x2, 0xfc,
    0x62, 0x1f, 0xa1, 0x3f, 0x90, 0x1, 0xff, 0xff,
    0xf9, 0x0, 0x1f, 0xb4, 0x5f, 0x90, 0x1, 0xf9,
    0x2, 0xf9, 0x0, 0x1f, 0x90, 0x2f, 0x90, 0x1,
    0xf9, 0x2, 0xf9, 0x0,

    /* U+04A6 "Ҧ" */
    0x5f, 0xff, 0xf2, 0x0, 0x5, 0xf7, 0x9f, 0x20,
    0x0, 0x5f, 0x15, 0xf2, 0x0, 0x5, 0xf1, 0x5f,
    0x30, 0x0, 0x5f, 0x15, 0xff, 0xe3, 0x5, 0xf1,
    0x5f, 0x6d, 0xc0, 0x5f, 0x15, 0xf2, 0x7f, 0x5,
    0xf1, 0x5f, 0x26, 0xf1, 0x5f, 0x15, 0xf2, 0x5f,
    0x15, 0xf1, 0x5f, 0x26, 0xf1, 0x0, 0x0, 0x0,
    0x9e, 0x0, 0x0, 0x1, 0x6f, 0xa0, 0x0, 0x0,
    0x2f, 0xc1, 0x0,

    /* U+04A7 "ҧ" */
    0x3f, 0xff, 0xf3, 0x0, 0x3, 0xf8, 0x9f, 0x30,
    0x0, 0x3f, 0x45, 0xf3, 0x0, 0x3, 0xf4, 0x5f,
    0xff, 0x40, 0x3f, 0x45, 0xf7, 0xdd, 0x3, 0xf4,
    0x5f, 0x37, 0xf0, 0x3f, 0x45, 0xf3, 0x6f, 0x13,
    0xf4, 0x5f, 0x36, 0xf1, 0x0, 0x0, 0x0, 0x8f,
    0x0, 0x0, 0x0, 0x6e, 0xb0, 0x0, 0x0, 0xf,
    0xd2, 0x0,

    /* U+04A8 "Ҩ" */
    0x1, 0xbf, 0xe1, 0x0, 0x0, 0xcf, 0x98, 0x0,
    0x0, 0x3f, 0x80, 0x8f, 0xd2, 0x7, 0xf3, 0x3f,
    0x9e, 0xb0, 0x8f, 0x17, 0xf0, 0x9e, 0x9, 0xf0,
    0x7f, 0x8, 0xe0, 0x7f, 0x26, 0xf1, 0xac, 0x4,
    0xf7, 0x2f, 0x7f, 0x60, 0xd, 0xf8, 0xef, 0xd2,
    0x0, 0x1b, 0xfe, 0xdf, 0xf3, 0x0, 0x0, 0x0,
    0x34, 0x0,

    /* U+04A9 "ҩ" */
    0x2, 0xcf, 0xd1, 0x0, 0x1, 0xee, 0x8d, 0xfe,
    0x40, 0x6f, 0x62, 0xf8, 0xcd, 0x8, 0xf3, 0x5f,
    0x17, 0xf0, 0x9f, 0x25, 0xf5, 0xbe, 0x6, 0xf6,
    0x2f, 0xff, 0x90, 0xe, 0xf8, 0xef, 0xf7, 0x10,
    0x2b, 0xfe, 0xbe, 0xf3,

    /* U+04AA "Ҫ" */
    0x0, 0x2a, 0xef, 0xd6, 0x2, 0xff, 0xb9, 0xc6,
    0xb, 0xf4, 0x0, 0x0, 0xf, 0xc0, 0x0, 0x0,
    0x3f, 0x90, 0x0, 0x0, 0x3f, 0x90, 0x0, 0x0,
    0x1f, 0xb0, 0x0, 0x0, 0xd, 0xf3, 0x0, 0x0,
    0x4, 0xff, 0xa9, 0xc5, 0x0, 0x4c, 0xff, 0xc3,
    0x0, 0x0, 0x8a, 0x0, 0x0, 0x1, 0x5f, 0x0,
    0x0, 0x6, 0xfb, 0x0,

    /* U+04AB "ҫ" */
    0x5, 0xdf, 0xfc, 0x14, 0xfe, 0x99, 0xb0, 0xbf,
    0x20, 0x0, 0xe, 0xd0, 0x0, 0x0, 0xed, 0x0,
    0x0, 0xc, 0xf2, 0x0, 0x0, 0x6f, 0xe9, 0x9d,
    0x0, 0x6d, 0xff, 0xb0, 0x0, 0xb, 0x70, 0x0,
    0x1, 0x8e, 0x0, 0x0, 0x8f, 0x80, 0x0,

    /* U+04AC "Ҭ" */
    0x8f, 0xff, 0xff, 0xfe, 0x49, 0x9d, 0xf9, 0x98,
    0x0, 0xa, 0xf1, 0x0, 0x0, 0xa, 0xf1, 0x0,
    0x0, 0xa, 0xf1, 0x0, 0x0, 0xa, 0xf1, 0x0,
    0x0, 0xa, 0xf1, 0x0, 0x0, 0xa, 0xf1, 0x0,
    0x0, 0xa, 0xfa, 0x40, 0x0, 0xa, 0xff, 0x70,
    0x0, 0x0, 0x3f, 0x70, 0x0, 0x0, 0x3f, 0x70,
    0x0, 0x0, 0x3f, 0x70,

    /* U+04AD "ҭ" */
    0x4f, 0xff, 0xff, 0xfa, 0x17, 0x7d, 0xf7, 0x74,
    0x0, 0xa, 0xf0, 0x0, 0x0, 0xa, 0xf0, 0x0,
    0x0, 0xa, 0xf0, 0x0, 0x0, 0xa, 0xf0, 0x0,
    0x0, 0xa, 0xf6, 0x10, 0x0, 0xa, 0xff, 0x50,
    0x0, 0x0, 0x5f, 0x50, 0x0, 0x0, 0x5f, 0x50,
    0x0, 0x0, 0x5f, 0x50,

    /* U+04AE "Ү" */
    0x6f, 0x70, 0x1, 0xfc, 0x0, 0xed, 0x0, 0x7f,
    0x40, 0x6, 0xf5, 0xd, 0xd0, 0x0, 0xe, 0xc5,
    0xf5, 0x0, 0x0, 0x7f, 0xdd, 0x0, 0x0, 0x0,
    0xef, 0x50, 0x0, 0x0, 0xa, 0xf1, 0x0, 0x0,
    0x0, 0xaf, 0x10, 0x0, 0x0, 0xa, 0xf1, 0x0,
    0x0, 0x0, 0xaf, 0x10, 0x0,

    /* U+04AF "ү" */
    0x6f, 0x60, 0x0, 0xfc, 0x1f, 0xc0, 0x5, 0xf6,
    0xa, 0xf1, 0xb, 0xf1, 0x4, 0xf7, 0x1f, 0xa0,
    0x0, 0xec, 0x6f, 0x40, 0x0, 0x8f, 0xce, 0x0,
    0x0, 0x2f, 0xf8, 0x0, 0x0, 0xc, 0xf2, 0x0,
    0x0, 0xb, 0xf1, 0x0, 0x0, 0xb, 0xf1, 0x0,
    0x0, 0xb, 0xf1, 0x0,

    /* U+04B0 "Ұ" */
    0x6f, 0x70, 0x1, 0xfc, 0x0, 0xde, 0x0, 0x8f,
    0x30, 0x4, 0xf6, 0xf, 0xb0, 0x0, 0xc, 0xe7,
    0xf2, 0x0, 0x0, 0x3f, 0xfa, 0x0, 0x0, 0x12,
    0xcf, 0x42, 0x0, 0xc, 0xff, 0xff, 0xf3, 0x0,
    0x45, 0xcf, 0x65, 0x10, 0x0, 0xa, 0xf1, 0x0,
    0x0, 0x0, 0xaf, 0x10, 0x0,

    /* U+04B1 "ұ" */
    0x6f, 0x60, 0x0, 0xfc, 0x1f, 0xc0, 0x5, 0xf6,
    0xa, 0xf1, 0xa, 0xf1, 0x5, 0xf6, 0xf, 0xb0,
    0x0, 0xeb, 0x5f, 0x50, 0x0, 0x9f, 0xbf, 0x0,
    0x0, 0x3f, 0xf9, 0x0, 0x1, 0x1e, 0xf5, 0x10,
    0xa, 0xff, 0xff, 0xf0, 0x2, 0x4c, 0xf5, 0x40,
    0x0, 0xb, 0xf1, 0x0,

    /* U+04B2 "Ҳ" */
    0x2f, 0xa0, 0x3, 0xf8, 0x0, 0x8f, 0x30, 0xce,
    0x0, 0x0, 0xeb, 0x5f, 0x50, 0x0, 0x5, 0xfe,
    0xc0, 0x0, 0x0, 0xc, 0xf3, 0x0, 0x0, 0x1,
    0xef, 0x60, 0x0, 0x0, 0x9f, 0xbe, 0x10, 0x0,
    0x2f, 0x82, 0xf9, 0x0, 0xc, 0xe0, 0x9, 0xfa,
    0x25, 0xf6, 0x0, 0x1f, 0xf3, 0x0, 0x0, 0x0,
    0x8f, 0x30, 0x0, 0x0, 0x8, 0xf3, 0x0, 0x0,
    0x0, 0x8f, 0x30,

    /* U+04B3 "ҳ" */
    0x2f, 0xd0, 0x6, 0xf9, 0x0, 0x7f, 0x71, 0xfe,
    0x0, 0x0, 0xcf, 0xbf, 0x40, 0x0, 0x2, 0xff,
    0x90, 0x0, 0x0, 0x3f, 0xfa, 0x0, 0x0, 0xd,
    0xfa, 0xf5, 0x0, 0x9, 0xf6, 0x1e, 0xe6, 0x14,
    0xfc, 0x0, 0x5f, 0xf2, 0x0, 0x0, 0x0, 0x7f,
    0x20, 0x0, 0x0, 0x7, 0xf2, 0x0, 0x0, 0x0,
    0x7f, 0x20,

    /* U+04B4 "Ҵ" */
    0xff, 0xff, 0xb6, 0xf3, 0x8, 0xbf, 0x96, 0x6f,
    0x30, 0x7, 0xf3, 0x6, 0xf3, 0x0, 0x7f, 0x30,
    0x6f, 0x30, 0x7, 0xf3, 0x6, 0xf3, 0x0, 0x7f,
    0x30, 0x6f, 0x30, 0x7, 0xf3, 0x6, 0xf3, 0x0,
    0x7f, 0x30, 0x6f, 0x30, 0x7, 0xf9, 0x8b, 0xf9,
    0x20, 0x7f, 0xff, 0xff, 0xf4, 0x0, 0x0, 0x0,
    0x4f, 0x40, 0x0, 0x0, 0x4, 0xf4, 0x0, 0x0,
    0x0, 0x3e, 0x40,

    /* U+04B5 "ҵ" */
    0xff, 0xff, 0xb6, 0xf3, 0x7, 0xbf, 0x95, 0x6f,
    0x30, 0x7, 0xf3, 0x6, 0xf3, 0x0, 0x7f, 0x30,
    0x6f, 0x30, 0x7, 0xf3, 0x6, 0xf3, 0x0, 0x7f,
    0x30, 0x6f, 0x30, 0x7, 0xf9, 0x8b, 0xf9, 0x20,
    0x7f, 0xff, 0xff, 0xf4, 0x0, 0x0, 0x0, 0x4f,
    0x40, 0x0, 0x0, 0x4, 0xf4, 0x0, 0x0, 0x0,
    0x3e, 0x40,

    /* U+04B6 "Ҷ" */
    0x6f, 0x50, 0x1, 0xfa, 0x6, 0xf5, 0x0, 0x1f,
    0xa0, 0x6f, 0x50, 0x1, 0xfa, 0x6, 0xf6, 0x0,
    0x1f, 0xa0, 0x2f, 0xf9, 0x9d, 0xfa, 0x0, 0x5d,
    0xff, 0xbf, 0xa0, 0x0, 0x0, 0x1, 0xfa, 0x0,
    0x0, 0x0, 0x1f, 0xa0, 0x0, 0x0, 0x1, 0xfe,
    0x30, 0x0, 0x0, 0x1f, 0xf5, 0x0, 0x0, 0x0,
    0x5f, 0x50, 0x0, 0x0, 0x5, 0xf5, 0x0, 0x0,
    0x0, 0x5f, 0x50,

    /* U+04B7 "ҷ" */
    0x1f, 0xa0, 0x4, 0xf8, 0x1, 0xfa, 0x0, 0x4f,
    0x80, 0x1f, 0xb0, 0x4, 0xf8, 0x0, 0xef, 0x42,
    0x8f, 0x80, 0x5, 0xff, 0xff, 0xf8, 0x0, 0x1,
    0x44, 0x4f, 0x80, 0x0, 0x0, 0x4, 0xfb, 0x10,
    0x0, 0x0, 0x4f, 0xf4, 0x0, 0x0, 0x0, 0x4f,
    0x40, 0x0, 0x0, 0x4, 0xf4, 0x0, 0x0, 0x0,
    0x4f, 0x40,

    /* U+04B8 "Ҹ" */
    0x6f, 0x50, 0x1, 0xfa, 0x6f, 0x50, 0x1, 0xfa,
    0x6f, 0x51, 0x31, 0xfa, 0x6f, 0x65, 0x91, 0xfa,
    0x2f, 0xfc, 0xdd, 0xfa, 0x5, 0xdf, 0xfb, 0xfa,
    0x0, 0x5, 0x91, 0xfa, 0x0, 0x5, 0x91, 0xfa,
    0x0, 0x3, 0x51, 0xfa, 0x0, 0x0, 0x1, 0xfa,

    /* U+04B9 "ҹ" */
    0x1f, 0xa0, 0x4, 0xf8, 0x1f, 0xa0, 0x4, 0xf8,
    0x1f, 0xb2, 0x94, 0xf8, 0xe, 0xf6, 0xb8, 0xf8,
    0x5, 0xff, 0xff, 0xf8, 0x0, 0x16, 0xb4, 0xf8,
    0x0, 0x3, 0xa4, 0xf8, 0x0, 0x0, 0x4, 0xf8,

    /* U+04BA "Һ" */
    0x4f, 0x80, 0x0, 0x0, 0x4f, 0x80, 0x0, 0x0,
    0x4f, 0x80, 0x0, 0x0, 0x4f, 0x97, 0x97, 0x20,
    0x4f, 0xff, 0xff, 0xf3, 0x4f, 0xa1, 0x5, 0xfb,
    0x4f, 0x80, 0x0, 0xed, 0x4f, 0x80, 0x0, 0xed,
    0x4f, 0x80, 0x0, 0xed, 0x4f, 0x80, 0x0, 0xed,

    /* U+04BB "һ" */
    0x1f, 0xa0, 0x0, 0x0, 0x1f, 0xa0, 0x0, 0x0,
    0x1f, 0xa0, 0x0, 0x0, 0x1f, 0xa9, 0xfe, 0x80,
    0x1f, 0xfc, 0x8e, 0xf5, 0x1f, 0xe0, 0x4, 0xf8,
    0x1f, 0xa0, 0x2, 0xf9, 0x1f, 0xa0, 0x2, 0xf9,
    0x1f, 0xa0, 0x2, 0xf9, 0x1f, 0xa0, 0x2, 0xf9,
    0x1f, 0xa0, 0x2, 0xf9,

    /* U+04BC "Ҽ" */
    0x0, 0x6, 0xef, 0xb1, 0x0, 0x3, 0xf9, 0x7f,
    0x90, 0x21, 0x9e, 0x0, 0x8e, 0xd, 0x7d, 0xb0,
    0x6, 0xf1, 0xbf, 0xff, 0xff, 0xff, 0x20, 0x3e,
    0xc3, 0x33, 0x30, 0x0, 0xdc, 0x0, 0x0, 0x0,
    0x9, 0xf1, 0x0, 0x0, 0x0, 0x3f, 0xd7, 0x88,
    0x0, 0x0, 0x5d, 0xfe, 0x60,

    /* U+04BD "ҽ" */
    0x0, 0x8, 0xef, 0xb1, 0x2, 0x17, 0xf9, 0x6e,
    0xc0, 0xd7, 0xdd, 0x0, 0x9f, 0x9, 0xff, 0xff,
    0xff, 0xf1, 0x2, 0xfc, 0x33, 0x33, 0x0, 0xc,
    0xe0, 0x0, 0x0, 0x0, 0x6f, 0xc6, 0x79, 0x0,
    0x0, 0x7d, 0xfe, 0x70,

    /* U+04BE "Ҿ" */
    0x0, 0x6, 0xef, 0xb1, 0x0, 0x3, 0xf9, 0x7f,
    0x90, 0x21, 0x9e, 0x0, 0x8e, 0xd, 0x7d, 0xb0,
    0x6, 0xf1, 0xbf, 0xff, 0xff, 0xff, 0x20, 0x3e,
    0xc3, 0x33, 0x30, 0x0, 0xdc, 0x0, 0x0, 0x0,
    0x9, 0xf1, 0x0, 0x0, 0x0, 0x3f, 0xd7, 0x88,
    0x0, 0x0, 0x5e, 0xfe, 0x60, 0x0, 0x0, 0x8f,
    0x0, 0x0, 0x0, 0x8, 0xf0, 0x0, 0x0, 0x0,
    0x8f, 0x0, 0x0,

    /* U+04BF "ҿ" */
    0x0, 0x8, 0xef, 0xb1, 0x2, 0x17, 0xf9, 0x6e,
    0xc0, 0xd7, 0xdd, 0x0, 0x9f, 0x9, 0xff, 0xff,
    0xff, 0xf1, 0x2, 0xfc, 0x33, 0x33, 0x0, 0xc,
    0xe0, 0x0, 0x0, 0x0, 0x6f, 0xc6, 0x79, 0x0,
    0x0, 0x7e, 0xfe, 0x80, 0x0, 0x0, 0x7f, 0x20,
    0x0, 0x0, 0x7, 0xf2, 0x0, 0x0, 0x0, 0x38,
    0x10, 0x0,

    /* U+04C0 "Ӏ" */
    0xaf, 0xff, 0xff, 0x2, 0x5c, 0xf6, 0x40, 0x0,
    0xaf, 0x0, 0x0, 0xa, 0xf0, 0x0, 0x0, 0xaf,
    0x0, 0x0, 0xa, 0xf0, 0x0, 0x0, 0xaf, 0x0,
    0x0, 0xa, 0xf0, 0x0, 0x25, 0xcf, 0x64, 0xa,
    0xff, 0xff, 0xf0,

    /* U+04C1 "Ӂ" */
    0x0, 0x70, 0x4, 0x30, 0x0, 0xe, 0x51, 0xd5,
    0x0, 0x0, 0x5f, 0xfb, 0x0, 0x0, 0x0, 0x12,
    0x0, 0x0, 0xbc, 0x9, 0xf0, 0x6f, 0x26, 0xf1,
    0x9f, 0xb, 0xd0, 0x1f, 0x69, 0xf0, 0xf8, 0x0,
    0xcb, 0x9f, 0x5f, 0x30, 0x8, 0xff, 0xff, 0xf0,
    0x0, 0xbd, 0xbf, 0x8f, 0x10, 0xf, 0x89, 0xf2,
    0xf6, 0x3, 0xf5, 0x9f, 0xe, 0xa0, 0x8f, 0x19,
    0xf0, 0xae, 0xc, 0xd0, 0x9f, 0x7, 0xf2,

    /* U+04C2 "ӂ" */
    0x0, 0xf3, 0xb, 0x70, 0x0, 0x7, 0xff, 0xc1,
    0x0, 0x0, 0x1, 0x20, 0x0, 0x9, 0xf0, 0x9f,
    0x9, 0xf0, 0x3f, 0x49, 0xf0, 0xea, 0x0, 0xea,
    0xaf, 0x5f, 0x40, 0x9, 0xff, 0xff, 0xf0, 0x0,
    0xcd, 0xbf, 0x8f, 0x30, 0x1f, 0x89, 0xf1, 0xf8,
    0x6, 0xf3, 0x9f, 0xc, 0xd0, 0xbe, 0x9, 0xf0,
    0x8f, 0x20,

    /* U+04C3 "Ӄ" */
    0xfb, 0x0, 0x6f, 0x6f, 0xb0, 0x4f, 0x80, 0xfb,
    0x2e, 0xa0, 0xf, 0xbd, 0xc0, 0x0, 0xff, 0xff,
    0xe6, 0xf, 0xc4, 0x5d, 0xf4, 0xfb, 0x0, 0x2f,
    0xaf, 0xb0, 0x0, 0xdd, 0xfb, 0x0, 0xc, 0xef,
    0xb0, 0x0, 0xed, 0x0, 0x0, 0x3f, 0x90, 0x9,
    0x8e, 0xf2, 0x0, 0xef, 0xd4, 0x0,

    /* U+04C4 "ӄ" */
    0xdc, 0x0, 0xbf, 0x4d, 0xc0, 0x8f, 0x60, 0xdc,
    0x5f, 0x80, 0xd, 0xef, 0xe4, 0x0, 0xdf, 0xff,
    0xfc, 0xd, 0xc0, 0x9, 0xf7, 0xdc, 0x0, 0xf,
    0xbd, 0xc0, 0x0, 0xeb, 0x0, 0x0, 0x2f, 0x90,
    0x8, 0x9e, 0xf2, 0x0, 0xcf, 0xd4, 0x0,

    /* U+04C5 "Ӆ" */
    0x0, 0xef, 0xff, 0xfa, 0x0, 0xe, 0xd9, 0x9f,
    0xa0, 0x0, 0xf9, 0x1, 0xfa, 0x0, 0xf, 0x80,
    0x1f, 0xa0, 0x1, 0xf7, 0x1, 0xfa, 0x0, 0x2f,
    0x60, 0x1f, 0xa0, 0x3, 0xf5, 0x1, 0xfa, 0x0,
    0x5f, 0x40, 0x1f, 0xa0, 0x4c, 0xf1, 0x1, 0xfc,
    0x2b, 0xf8, 0x0, 0x1f, 0xf3, 0x0, 0x0, 0x0,
    0x7f, 0x0, 0x0, 0x0, 0xd, 0xc0, 0x0, 0x0,
    0x3, 0xf9, 0x0,

    /* U+04C6 "ӆ" */
    0x0, 0xdf, 0xff, 0xf8, 0x0, 0xe, 0xd7, 0x9f,
    0x80, 0x0, 0xfa, 0x4, 0xf8, 0x0, 0xf, 0x90,
    0x4f, 0x80, 0x1, 0xf8, 0x4, 0xf8, 0x0, 0x2f,
    0x60, 0x4f, 0x80, 0x39, 0xf3, 0x4, 0xfa, 0x27,
    0xfa, 0x0, 0x4f, 0xf5, 0x0, 0x0, 0x0, 0x3f,
    0x20, 0x0, 0x0, 0x8, 0xe0, 0x0, 0x0, 0x0,
    0xdb, 0x0,

    /* U+04C7 "Ӈ" */
    0x4f, 0x80, 0x1, 0xfa, 0x4f, 0x80, 0x1, 0xfa,
    0x4f, 0x80, 0x1, 0xfa, 0x4f, 0xff, 0xff, 0xfa,
    0x4f, 0xc9, 0x99, 0xfa, 0x4f, 0x80, 0x1, 0xfa,
    0x4f, 0x80, 0x1, 0xfa, 0x4f, 0x80, 0x1, 0xfa,
    0x4f, 0x80, 0x1, 0xfa, 0x4f, 0x80, 0x2, 0xfa,
    0x0, 0x0, 0x6, 0xf8, 0x0, 0x4a, 0xbf, 0xf2,
    0x0, 0x4e, 0xfd, 0x40,

    /* U+04C8 "ӈ" */
    0x1f, 0x90, 0x3, 0xf8, 0x1f, 0x90, 0x3, 0xf8,
    0x1f, 0xa1, 0x14, 0xf8, 0x1f, 0xff, 0xff, 0xf8,
    0x1f, 0xb4, 0x46, 0xf8, 0x1f, 0x90, 0x3, 0xf8,
    0x1f, 0x90, 0x3, 0xf8, 0x1f, 0x90, 0x3, 0xf7,
    0x0, 0x0, 0x7, 0xf5, 0x0, 0x4a, 0xaf, 0xe0,
    0x0, 0x4e, 0xfc, 0x30,

    /* U+04C9 "Ӊ" */
    0x4f, 0x80, 0x1, 0xfa, 0x4, 0xf8, 0x0, 0x1f,
    0xa0, 0x4f, 0x80, 0x1, 0xfa, 0x4, 0xf8, 0x0,
    0x1f, 0xa0, 0x4f, 0xff, 0xff, 0xfa, 0x4, 0xfc,
    0x99, 0x9f, 0xa0, 0x4f, 0x80, 0x1, 0xfa, 0x4,
    0xf8, 0x0, 0x1f, 0xa0, 0x4f, 0x80, 0x1, 0xfc,
    0x24, 0xf8, 0x0, 0x1f, 0xf3, 0x0, 0x0, 0x0,
    0x7f, 0x0, 0x0, 0x0, 0xd, 0xc0, 0x0, 0x0,
    0x3, 0xf9, 0x0,

    /* U+04CA "ӊ" */
    0x1f, 0xa0, 0x4, 0xf8, 0x1, 0xfa, 0x0, 0x4f,
    0x80, 0x1f, 0xb2, 0x25, 0xf8, 0x1, 0xff, 0xff,
    0xff, 0x80, 0x1f, 0xc5, 0x57, 0xf8, 0x1, 0xfa,
    0x0, 0x4f, 0x80, 0x1f, 0xa0, 0x4, 0xfa, 0x21,
    0xfa, 0x0, 0x4f, 0xf5, 0x0, 0x0, 0x0, 0x3f,
    0x20, 0x0, 0x0, 0x8, 0xe0, 0x0, 0x0, 0x0,
    0xdb, 0x0,

    /* U+04CB "Ӌ" */
    0x6f, 0x50, 0x1, 0xfa, 0x6f, 0x50, 0x1, 0xfa,
    0x6f, 0x50, 0x1, 0xfa, 0x6f, 0x60, 0x1, 0xfa,
    0x2f, 0xf9, 0x9d, 0xfa, 0x5, 0xdf, 0xfb, 0xfa,
    0x0, 0x0, 0x1, 0xfa, 0x0, 0x0, 0x1, 0xfa,
    0x0, 0x0, 0x9, 0xfa, 0x0, 0x0, 0xd, 0xfa,
    0x0, 0x0, 0xd, 0xc0, 0x0, 0x0, 0xd, 0xc0,
    0x0, 0x0, 0xd, 0xc0,

    /* U+04CC "ӌ" */
    0x1f, 0xa0, 0x4, 0xf8, 0x1f, 0xa0, 0x4, 0xf8,
    0x1f, 0xb0, 0x4, 0xf8, 0xe, 0xf4, 0x28, 0xf8,
    0x5, 0xff, 0xff, 0xf8, 0x0, 0x14, 0x44, 0xf8,
    0x0, 0x0, 0x8, 0xf8, 0x0, 0x0, 0xf, 0xf8,
    0x0, 0x0, 0xf, 0xa0, 0x0, 0x0, 0xf, 0xa0,
    0x0, 0x0, 0xf, 0xa0,

    /* U+04CD "Ӎ" */
    0x6f, 0xf1, 0xa, 0xfc, 0x6, 0xff, 0x50, 0xdf,
    0xc0, 0x6f, 0xc8, 0x1f, 0xcc, 0x6, 0xf9, 0xb4,
    0xfb, 0xc0, 0x6f, 0x7e, 0x8b, 0xbc, 0x6, 0xf4,
    0xfd, 0x8c, 0xc0, 0x6f, 0x3d, 0xf4, 0xcc, 0x6,
    0xf3, 0x69, 0x1c, 0xc0, 0x6f, 0x30, 0x0, 0xce,
    0x26, 0xf3, 0x0, 0xc, 0xf3, 0x0, 0x0, 0x0,
    0x8f, 0x0, 0x0, 0x0, 0xe, 0xc0, 0x0, 0x0,
    0x3, 0xf8, 0x0,

    /* U+04CE "ӎ" */
    0x7f, 0xd0, 0x6, 0xfe, 0x7, 0xff, 0x10, 0xaf,
    0xe0, 0x7e, 0xe5, 0xf, 0xce, 0x7, 0xe9, 0x93,
    0xf9, 0xe0, 0x7f, 0x5e, 0x7b, 0x9e, 0x7, 0xf1,
    0xfe, 0x79, 0xe0, 0x7f, 0xc, 0xf3, 0x9e, 0x17,
    0xf0, 0x8e, 0x9, 0xf3, 0x0, 0x0, 0x0, 0x5f,
    0x0, 0x0, 0x0, 0xa, 0xc0, 0x0, 0x0, 0x0,
    0xf9, 0x0,

    /* U+04CF "ӏ" */
    0xaf, 0xff, 0xff, 0x2, 0x5c, 0xf6, 0x40, 0x0,
    0xaf, 0x0, 0x0, 0xa, 0xf0, 0x0, 0x0, 0xaf,
    0x0, 0x0, 0xa, 0xf0, 0x0, 0x0, 0xaf, 0x0,
    0x0, 0xa, 0xf0, 0x0, 0x25, 0xcf, 0x64, 0xa,
    0xff, 0xff, 0xf0,

    /* U+04D0 "Ӑ" */
    0x0, 0x70, 0x4, 0x30, 0x0, 0xe, 0x51, 0xd5,
    0x0, 0x0, 0x5f, 0xfb, 0x0, 0x0, 0x0, 0x12,
    0x0, 0x0, 0x0, 0xf, 0xf6, 0x0, 0x0, 0x4,
    0xfe, 0xb0, 0x0, 0x0, 0x9e, 0x9f, 0x0, 0x0,
    0xe, 0xa4, 0xf4, 0x0, 0x2, 0xf5, 0xf, 0x90,
    0x0, 0x7f, 0x98, 0xee, 0x0, 0xc, 0xff, 0xff,
    0xf2, 0x1, 0xf8, 0x0, 0x3f, 0x70, 0x5f, 0x40,
    0x0, 0xfc, 0xa, 0xf0, 0x0, 0xa, 0xf1,

    /* U+04D1 "ӑ" */
    0x0, 0x10, 0x0, 0x10, 0x0, 0xc7, 0x9, 0x90,
    0x0, 0x4f, 0xfe, 0x20, 0x0, 0x0, 0x20, 0x0,
    0x5, 0xcf, 0xfc, 0x40, 0x6, 0xb8, 0x8e, 0xf1,
    0x0, 0x0, 0x5, 0xf5, 0x4, 0xcf, 0xff, 0xf5,
    0x1f, 0xd4, 0x26, 0xf5, 0x4f, 0x70, 0x7, 0xf5,
    0x1f, 0xe7, 0x9f, 0xf5, 0x6, 0xef, 0xb3, 0xf5,

    /* U+04D2 "Ӓ" */
    0x3, 0xf5, 0xe, 0x90, 0x0, 0x2e, 0x40, 0xd8,
    0x0, 0x0, 0x0, 0x0, 0x0, 0x0, 0x0, 0xff,
    0x60, 0x0, 0x0, 0x4f, 0xeb, 0x0, 0x0, 0x9,
    0xe9, 0xf0, 0x0, 0x0, 0xea, 0x4f, 0x40, 0x0,
    0x2f, 0x50, 0xf9, 0x0, 0x7, 0xf9, 0x8e, 0xe0,
    0x0, 0xcf, 0xff, 0xff, 0x20, 0x1f, 0x80, 0x3,
    0xf7, 0x5, 0xf4, 0x0, 0xf, 0xc0, 0xaf, 0x0,
    0x0, 0xaf, 0x10,

    /* U+04D3 "ӓ" */
    0x1, 0xe8, 0xc, 0xc0, 0x1, 0xd7, 0xb, 0xb0,
    0x5, 0xcf, 0xfc, 0x40, 0x6, 0xb8, 0x8e, 0xf1,
    0x0, 0x0, 0x5, 0xf5, 0x4, 0xcf, 0xff, 0xf5,
    0x1f, 0xd4, 0x26, 0xf5, 0x4f, 0x70, 0x7, 0xf5,
    0x1f, 0xe7, 0x9f, 0xf5, 0x6, 0xef, 0xb3, 0xf5,

    /* U+04D4 "Ӕ" */
    0x0, 0x9f, 0xff, 0xfd, 0x0, 0xdd, 0xed, 0x87,
    0x1, 0xf7, 0xda, 0x0, 0x4, 0xf3, 0xda, 0x0,
    0x8, 0xf0, 0xdf, 0xf9, 0xc, 0xf8, 0xed, 0x74,
    0xf, 0xff, 0xfa, 0x0, 0x3f, 0x50, 0xda, 0x0,
    0x7f, 0x20, 0xdd, 0x87, 0xae, 0x0, 0xdf, 0xfd,

    /* U+04D5 "ӕ" */
    0x2c, 0xfc, 0x6e, 0xe5, 0x0, 0x97, 0xef, 0xac,
    0xe0, 0x0, 0x9, 0xf0, 0x5f, 0x22, 0xcf, 0xff,
    0xff, 0xf3, 0xaf, 0x4a, 0xf3, 0x33, 0xc, 0xb0,
    0xaf, 0x20, 0x0, 0xaf, 0x7f, 0xec, 0x69, 0x3,
    0xef, 0x64, 0xdf, 0xb0,

    /* U+04D6 "Ӗ" */
    0x8, 0x0, 0x44, 0x0, 0xd6, 0x1c, 0x50, 0x5,
    0xff, 0xc0, 0x0, 0x1, 0x20, 0x0, 0xcf, 0xff,
    0xff, 0x5c, 0xf9, 0x99, 0x93, 0xce, 0x0, 0x0,
    0xc, 0xe0, 0x0, 0x0, 0xcf, 0xff, 0xff, 0x1c,
    0xf9, 0x99, 0x91, 0xce, 0x0, 0x0, 0xc, 0xe0,
    0x0, 0x0, 0xcf, 0x99, 0x99, 0x3c, 0xff, 0xff,
    0xf5,

    /* U+04D7 "ӗ" */
    0x0, 0xd5, 0x9, 0x90, 0x0, 0x5f, 0xfe, 0x20,
    0x0, 0x1, 0x20, 0x0, 0x0, 0x8e, 0xfd, 0x50,
    0xa, 0xf9, 0x6c, 0xf4, 0x1f, 0x90, 0x1, 0xf9,
    0x4f, 0xff, 0xff, 0xfb, 0x4f, 0x93, 0x33, 0x32,
    0x1f, 0xb0, 0x0, 0x0, 0x9, 0xfc, 0x88, 0xb7,
    0x0, 0x7d, 0xff, 0xc3,

    /* U+04D8 "Ә" */
    0x8, 0xdf, 0xfa, 0x20, 0xd, 0x98, 0xaf, 0xe1,
    0x0, 0x0, 0x4, 0xf7, 0x1, 0x11, 0x11, 0xfb,
    0x8f, 0xff, 0xff, 0xfd, 0x8f, 0x54, 0x44, 0xfd,
    0x6f, 0x30, 0x0, 0xfb, 0x2f, 0x80, 0x6, 0xf7,
    0xb, 0xf9, 0x8f, 0xe1, 0x1, 0xaf, 0xfb, 0x20,

    /* U+04D9 "ә" */
    0xa, 0xef, 0xea, 0x10, 0xe, 0x98, 0xaf, 0xd0,
    0x0, 0x0, 0x7, 0xf6, 0x0, 0x0, 0x2, 0xf9,
    0x4f, 0xff, 0xff, 0xf9, 0x2f, 0x93, 0x36, 0xf6,
    0xd, 0xe7, 0x7e, 0xe1, 0x1, 0xbf, 0xfb, 0x20,

    /* U+04DA "Ӛ" */
    0x6, 0xe1, 0x3e, 0x50, 0x6, 0xe2, 0x3f, 0x50,
    0x0, 0x0, 0x0, 0x0, 0x0, 0x0, 0x0, 0x0,
    0x8, 0xdf, 0xfa, 0x20, 0xd, 0x98, 0xaf, 0xe1,
    0x0, 0x0, 0x4, 0xf7, 0x1, 0x11, 0x11, 0xfb,
    0x8f, 0xff, 0xff, 0xfd, 0x8f, 0x54, 0x44, 0xfd,
    0x6f, 0x30, 0x0, 0xfb, 0x2f, 0x80, 0x6, 0xf7,
    0xb, 0xf9, 0x8f, 0xe1, 0x1, 0xaf, 0xfb, 0x20,

    /* U+04DB "ӛ" */
    0x4, 0xf4, 0x1e, 0x70, 0x3, 0xe4, 0x1d, 0x70,
    0xa, 0xef, 0xea, 0x10, 0xe, 0x98, 0xaf, 0xd0,
    0x0, 0x0, 0x7, 0xf6, 0x0, 0x0, 0x2, 0xf9,
    0x4f, 0xff, 0xff, 0xf9, 0x2f, 0x93, 0x36, 0xf6,
    0xd, 0xe7, 0x7e, 0xe1, 0x1, 0xbf, 0xfb, 0x20,

    /* U+04DC "Ӝ" */
    0x3, 0xf5, 0xe, 0x90, 0x0, 0x2e, 0x40, 0xd8,
    0x0, 0x0, 0x0, 0x0, 0x0, 0xb, 0xc0, 0x9f,
    0x6, 0xf2, 0x6f, 0x19, 0xf0, 0xbd, 0x1, 0xf6,
    0x9f, 0xf, 0x80, 0xc, 0xb9, 0xf5, 0xf3, 0x0,
    0x8f, 0xff, 0xff, 0x0, 0xb, 0xdb, 0xf8, 0xf1,
    0x0, 0xf8, 0x9f, 0x2f, 0x60, 0x3f, 0x59, 0xf0,
    0xea, 0x8, 0xf1, 0x9f, 0xa, 0xe0, 0xcd, 0x9,
    0xf0, 0x7f, 0x20,

    /* U+04DD "ӝ" */
    0x3, 0xf5, 0xe, 0x90, 0x0, 0x2e, 0x50, 0xd8,
    0x0, 0x9f, 0x9, 0xf0, 0x9f, 0x3, 0xf4, 0x9f,
    0xe, 0xa0, 0xe, 0xaa, 0xf5, 0xf4, 0x0, 0x9f,
    0xff, 0xff, 0x0, 0xc, 0xdb, 0xf8, 0xf3, 0x1,
    0xf8, 0x9f, 0x1f, 0x80, 0x6f, 0x39, 0xf0, 0xcd,
    0xb, 0xe0, 0x9f, 0x8, 0xf2,

    /* U+04DE "Ӟ" */
    0x4, 0xe4, 0x1e, 0x70, 0x4, 0xf4, 0x1e, 0x70,
    0x0, 0x0, 0x0, 0x0, 0x0, 0x0, 0x0, 0x0,
    0x8, 0xdf, 0xfc, 0x40, 0xb, 0xb9, 0xaf, 0xf2,
    0x0, 0x0, 0x7, 0xf5, 0x0, 0x0, 0x1b, 0xf1,
    0x0, 0xef, 0xfe, 0x40, 0x0, 0x89, 0xaf, 0xe2,
    0x0, 0x0, 0x4, 0xf8, 0x0, 0x0, 0x5, 0xf8,
    0x2e, 0xa9, 0xbf, 0xf2, 0x1a, 0xef, 0xfb, 0x30,

    /* U+04DF "ӟ" */
    0x3f, 0x50, 0xe9, 0x2, 0xe5, 0xd, 0x80, 0x8d,
    0xff, 0xc4, 0x7, 0x97, 0x8e, 0xf0, 0x0, 0x12,
    0xdf, 0x0, 0xbf, 0xff, 0x40, 0x3, 0x45, 0xde,
    0x10, 0x0, 0x8, 0xf4, 0xd9, 0x78, 0xff, 0x1a,
    0xef, 0xfc, 0x30,

    /* U+04E0 "Ӡ" */
    0x2f, 0xff, 0xff, 0xf2, 0x19, 0x99, 0xcf, 0xd0,
    0x0, 0x3, 0xfc, 0x10, 0x0, 0x4f, 0xc0, 0x0,
    0x0, 0xef, 0xc9, 0x20, 0x0, 0x67, 0x9f, 0xf3,
    0x0, 0x0, 0x4, 0xf8, 0x0, 0x0, 0x5, 0xf8,
    0x7c, 0x97, 0x9f, 0xf3, 0x4c, 0xef, 0xeb, 0x30,

    /* U+04E1 "ӡ" */
    0x3f, 0xff, 0xff, 0xf3, 0x16, 0x66, 0x8f, 0xd1,
    0x0, 0x2, 0xed, 0x10, 0x0, 0x2e, 0xc1, 0x0,
    0x0, 0xdf, 0xb7, 0x0, 0x0, 0x89, 0xcf, 0xd0,
    0x0, 0x0, 0x8, 0xf6, 0x0, 0x0, 0x4, 0xf8,
    0x0, 0x0, 0x7, 0xf7, 0x6c, 0x87, 0xaf, 0xe1,
    0x3b, 0xef, 0xea, 0x20,

    /* U+04E2 "Ӣ" */
    0x0, 0x0, 0x0, 0x0, 0x0, 0xef, 0xff, 0x40,
    0x0, 0x33, 0x33, 0x10, 0x0, 0x0, 0x0, 0x0,
    0x4f, 0x50, 0xb, 0xfa, 0x4f, 0x50, 0x1f, 0xfa,
    0x4f, 0x50, 0x7d, 0xda, 0x4f, 0x50, 0xe7, 0xea,
    0x4f, 0x54, 0xf1, 0xea, 0x4f, 0x5a, 0xa0, 0xfa,
    0x4f, 0x6f, 0x40, 0xfa, 0x4f, 0xbd, 0x0, 0xfa,
    0x4f, 0xf7, 0x0, 0xfa, 0x4f, 0xf1, 0x0, 0xfa,

    /* U+04E3 "ӣ" */
    0x0, 0xef, 0xff, 0x40, 0x0, 0x44, 0x44, 0x10,
    0x1f, 0x80, 0xc, 0xf8, 0x1f, 0x80, 0x4f, 0xf8,
    0x1f, 0x80, 0xcd, 0xf8, 0x1f, 0x84, 0xf5, 0xf8,
    0x1f, 0x8d, 0xb2, 0xf8, 0x1f, 0xcf, 0x32, 0xf8,
    0x1f, 0xfb, 0x2, 0xf8, 0x1f, 0xf2, 0x2, 0xf8,

    /* U+04E4 "Ӥ" */
    0x3, 0xf5, 0xe, 0x90, 0x2, 0xe4, 0xd, 0x80,
    0x0, 0x0, 0x0, 0x0, 0x4f, 0x50, 0xb, 0xfa,
    0x4f, 0x50, 0x1f, 0xfa, 0x4f, 0x50, 0x7d, 0xda,
    0x4f, 0x50, 0xe7, 0xea, 0x4f, 0x54, 0xf1, 0xea,
    0x4f, 0x5a, 0xa0, 0xfa, 0x4f, 0x6f, 0x40, 0xfa,
    0x4f, 0xbd, 0x0, 0xfa, 0x4f, 0xf7, 0x0, 0xfa,
    0x4f, 0xf1, 0x0, 0xfa,

    /* U+04E5 "ӥ" */
    0x3, 0xf5, 0xe, 0x90, 0x3, 0xe4, 0xd, 0x80,
    0x1f, 0x80, 0xc, 0xf8, 0x1f, 0x80, 0x4f, 0xf8,
    0x1f, 0x80, 0xcd, 0xf8, 0x1f, 0x84, 0xf5, 0xf8,
    0x1f, 0x8d, 0xb2, 0xf8, 0x1f, 0xcf, 0x32, 0xf8,
    0x1f, 0xfb, 0x2, 0xf8, 0x1f, 0xf2, 0x2, 0xf8,

    /* U+04E6 "Ӧ" */
    0x3, 0xe5, 0xd, 0x80, 0x3, 0xf5, 0xe, 0x90,
    0x0, 0x0, 0x0, 0x0, 0x0, 0x0, 0x0, 0x0,
    0x0, 0x9e, 0xfc, 0x30, 0xb, 0xfb, 0x9f, 0xf2,
    0x2f, 0xb0, 0x5, 0xf8, 0x6f, 0x60, 0x0, 0xfc,
    0x7f, 0x40, 0x0, 0xed, 0x7f, 0x40, 0x0, 0xed,
    0x6f, 0x60, 0x0, 0xfc, 0x2f, 0xb0, 0x5, 0xf8,
    0xb, 0xfb, 0x9f, 0xf2, 0x0, 0x9f, 0xfc, 0x30,

    /* U+04E7 "ӧ" */
    0x3, 0xf5, 0xe, 0x90, 0x2, 0xe5, 0xd, 0x80,
    0x0, 0x9e, 0xfc, 0x30, 0xb, 0xfa, 0x8e, 0xf2,
    0x2f, 0xa0, 0x4, 0xf8, 0x5f, 0x60, 0x0, 0xfb,
    0x5f, 0x60, 0x0, 0xfb, 0x2f, 0xa0, 0x4, 0xf8,
    0xb, 0xfa, 0x7e, 0xf2, 0x0, 0x9e, 0xfc, 0x40,

    /* U+04E8 "Ө" */
    0x0, 0x9e, 0xfc, 0x30, 0xb, 0xfb, 0x9f, 0xf2,
    0x2f, 0xb0, 0x5, 0xf8, 0x6f, 0x60, 0x0, 0xfc,
    0x7f, 0xff, 0xff, 0xfd, 0x7f, 0xa8, 0x88, 0xfd,
    0x6f, 0x60, 0x0, 0xfc, 0x2f, 0xb0, 0x5, 0xf8,
    0xb, 0xfb, 0x9f, 0xf2, 0x0, 0x9f, 0xfc, 0x30,

    /* U+04E9 "ө" */
    0x0, 0x9e, 0xfc, 0x30, 0xb, 0xfa, 0x8e, 0xf2,
    0x2f, 0xb2, 0x26, 0xf8, 0x5f, 0xff, 0xff, 0xfb,
    0x5f, 0xa5, 0x55, 0xfb, 0x2f, 0xa0, 0x4, 0xf8,
    0xb, 0xfa, 0x7e, 0xf2, 0x0, 0x9e, 0xfc, 0x40,

    /* U+04EA "Ӫ" */
    0x3, 0xe5, 0xd, 0x80, 0x3, 0xf5, 0xe, 0x90,
    0x0, 0x0, 0x0, 0x0, 0x0, 0x0, 0x0, 0x0,
    0x0, 0x9e, 0xfc, 0x30, 0xb, 0xfb, 0x9f, 0xf2,
    0x2f, 0xb0, 0x5, 0xf8, 0x6f, 0x60, 0x0, 0xfc,
    0x7f, 0xff, 0xff, 0xfd, 0x7f, 0xa8, 0x88, 0xfd,
    0x6f, 0x60, 0x0, 0xfc, 0x2f, 0xb0, 0x5, 0xf8,
    0xb, 0xfb, 0x9f, 0xf2, 0x0, 0x9f, 0xfc, 0x30,

    /* U+04EB "ӫ" */
    0x3, 0xf5, 0xe, 0x90, 0x2, 0xe5, 0xd, 0x80,
    0x0, 0x9e, 0xfc, 0x30, 0xb, 0xfa, 0x8e, 0xf2,
    0x2f, 0xb2, 0x26, 0xf8, 0x5f, 0xff, 0xff, 0xfb,
    0x5f, 0xa5, 0x55, 0xfb, 0x2f, 0xa0, 0x4, 0xf8,
    0xb, 0xfa, 0x7e, 0xf2, 0x0, 0x9e, 0xfc, 0x40,

    /* U+04EC "Ӭ" */
    0x8, 0xd0, 0x5e, 0x20, 0x9, 0xd0, 0x5f, 0x30,
    0x0, 0x0, 0x0, 0x0, 0x0, 0x0, 0x0, 0x0,
    0x1a, 0xef, 0xd8, 0x0, 0xc, 0x98, 0xcf, 0xb0,
    0x0, 0x0, 0xa, 0xf4, 0x0, 0x22, 0x24, 0xf9,
    0x4, 0xff, 0xff, 0xfb, 0x1, 0x55, 0x55, 0xfb,
    0x0, 0x0, 0x3, 0xf9, 0x0, 0x0, 0xb, 0xf4,
    0x4c, 0x99, 0xef, 0xb0, 0x2c, 0xff, 0xd8, 0x0,

    /* U+04ED "ӭ" */
    0x5, 0xf3, 0x2e, 0x70, 0x4, 0xe3, 0x1e, 0x60,
    0xb, 0xff, 0xd7, 0x0, 0x8, 0x99, 0xdf, 0x90,
    0x0, 0x11, 0x1d, 0xf2, 0x0, 0xdf, 0xff, 0xf5,
    0x0, 0x34, 0x49, 0xf5, 0x0, 0x0, 0xc, 0xf2,
    0xc, 0x88, 0xdf, 0xa0, 0xb, 0xff, 0xd8, 0x0,

    /* U+04EE "Ӯ" */
    0x0, 0x0, 0x0, 0x0, 0x0, 0xe, 0xff, 0xf4,
    0x0, 0x0, 0x33, 0x33, 0x10, 0x0, 0x0, 0x0,
    0x0, 0x0, 0x9f, 0x50, 0x0, 0xdf, 0x2, 0xfb,
    0x0, 0x2f, 0x90, 0xb, 0xf2, 0x8, 0xf3, 0x0,
    0x4f, 0x80, 0xed, 0x0, 0x0, 0xde, 0x4f, 0x60,
    0x0, 0x6, 0xfc, 0xf1, 0x0, 0x0, 0xf, 0xfa,
    0x0, 0x0, 0x0, 0xbf, 0x30, 0x0, 0x19, 0xbf,
    0xb0, 0x0, 0x1, 0xff, 0xa1, 0x0, 0x0,

    /* U+04EF "ӯ" */
    0x0, 0xef, 0xff, 0x40, 0x0, 0x44, 0x44, 0x10,
    0x6f, 0x70, 0x0, 0xfc, 0xf, 0xd0, 0x4, 0xf7,
    0x9, 0xf3, 0x9, 0xf1, 0x2, 0xf8, 0xe, 0xb0,
    0x0, 0xce, 0x3f, 0x50, 0x0, 0x5f, 0xbf, 0x0,
    0x0, 0xe, 0xf9, 0x0, 0x0, 0xa, 0xf3, 0x0,
    0x0, 0xe, 0xd0, 0x0, 0x18, 0xcf, 0x50, 0x0,
    0x2f, 0xe7, 0x0, 0x0,

    /* U+04F0 "Ӱ" */
    0x3, 0xe5, 0xd, 0x80, 0x0, 0x3f, 0x50, 0xe9,
    0x0, 0x0, 0x0, 0x0, 0x0, 0x0, 0x0, 0x0,
    0x0, 0x0, 0x9f, 0x50, 0x0, 0xdf, 0x2, 0xfb,
    0x0, 0x2f, 0x90, 0xb, 0xf2, 0x8, 0xf3, 0x0,
    0x4f, 0x80, 0xed, 0x0, 0x0, 0xde, 0x4f, 0x60,
    0x0, 0x6, 0xfc, 0xf1, 0x0, 0x0, 0xf, 0xfa,
    0x0, 0x0, 0x0, 0xbf, 0x30, 0x0, 0x19, 0xbf,
    0xb0, 0x0, 0x1, 0xff, 0xa1, 0x0, 0x0,

    /* U+04F1 "ӱ" */
    0x3, 0xf5, 0xe, 0x90, 0x2, 0xe5, 0xd, 0x80,
    0x6f, 0x70, 0x0, 0xfc, 0xf, 0xd0, 0x4, 0xf7,
    0x9, 0xf3, 0x9, 0xf1, 0x2, 0xf8, 0xe, 0xb0,
    0x0, 0xce, 0x3f, 0x50, 0x0, 0x5f, 0xbf, 0x0,
    0x0, 0xe, 0xf9, 0x0, 0x0, 0xa, 0xf3, 0x0,
    0x0, 0xe, 0xd0, 0x0, 0x18, 0xcf, 0x50, 0x0,
    0x2f, 0xe7, 0x0, 0x0,

    /* U+04F2 "Ӳ" */
    0x0, 0x4f, 0x6c, 0xd0, 0x0, 0xd, 0x85, 0xe2,
    0x0, 0x0, 0x40, 0x31, 0x0, 0x0, 0x0, 0x0,
    0x0, 0x0, 0x9f, 0x50, 0x0, 0xdf, 0x2, 0xfb,
    0x0, 0x2f, 0x90, 0xb, 0xf2, 0x8, 0xf3, 0x0,
    0x4f, 0x80, 0xed, 0x0, 0x0, 0xde, 0x4f, 0x60,
    0x0, 0x6, 0xfc, 0xf1, 0x0, 0x0, 0xf, 0xfa,
    0x0, 0x0, 0x0, 0xbf, 0x30, 0x0, 0x19, 0xbf,
    0xb0, 0x0, 0x1, 0xff, 0xa1, 0x0, 0x0,

    /* U+04F3 "ӳ" */
    0x0, 0x4f, 0x6c, 0xd0, 0x0, 0xd8, 0x5e, 0x20,
    0x0, 0x40, 0x31, 0x0, 0x0, 0x0, 0x0, 0x0,
    0x6f, 0x70, 0x0, 0xfc, 0xf, 0xd0, 0x4, 0xf7,
    0x9, 0xf3, 0x9, 0xf1, 0x2, 0xf8, 0xe, 0xb0,
    0x0, 0xce, 0x3f, 0x50, 0x0, 0x5f, 0xbf, 0x0,
    0x0, 0xe, 0xf9, 0x0, 0x0, 0xa, 0xf3, 0x0,
    0x0, 0xe, 0xd0, 0x0, 0x18, 0xcf, 0x50, 0x0,
    0x2f, 0xe7, 0x0, 0x0,

    /* U+04F4 "Ӵ" */
    0x3, 0xf5, 0xe, 0x90, 0x2, 0xe4, 0xd, 0x80,
    0x0, 0x0, 0x0, 0x0, 0x6f, 0x50, 0x1, 0xfa,
    0x6f, 0x50, 0x1, 0xfa, 0x6f, 0x50, 0x1, 0xfa,
    0x6f, 0x60, 0x1, 0xfa, 0x2f, 0xf9, 0x9d, 0xfa,
    0x5, 0xdf, 0xfb, 0xfa, 0x0, 0x0, 0x1, 0xfa,
    0x0, 0x0, 0x1, 0xfa, 0x0, 0x0, 0x1, 0xfa,
    0x0, 0x0, 0x1, 0xfa,

    /* U+04F5 "ӵ" */
    0x3, 0xf5, 0xe, 0x90, 0x2, 0xe5, 0xd, 0x80,
    0x1f, 0xa0, 0x4, 0xf8, 0x1f, 0xa0, 0x4, 0xf8,
    0x1f, 0xb0, 0x4, 0xf8, 0xe, 0xf4, 0x28, 0xf8,
    0x5, 0xff, 0xff, 0xf8, 0x0, 0x14, 0x44, 0xf8,
    0x0, 0x0, 0x4, 0xf8, 0x0, 0x0, 0x4, 0xf8,

    /* U+04F6 "Ӷ" */
    0xbf, 0xff, 0xff, 0xab, 0xf9, 0x99, 0x96, 0xbf,
    0x0, 0x0, 0xb, 0xf0, 0x0, 0x0, 0xbf, 0x0,
    0x0, 0xb, 0xf0, 0x0, 0x0, 0xbf, 0x0, 0x0,
    0xb, 0xf0, 0x0, 0x0, 0xbf, 0xa7, 0x0, 0xb,
    0xff, 0xc0, 0x0, 0x0, 0xfc, 0x0, 0x0, 0xf,
    0xc0, 0x0, 0x0, 0xfc, 0x0, 0x0,

    /* U+04F7 "ӷ" */
    0x3f, 0xff, 0xff, 0xa3, 0xfb, 0x77, 0x74, 0x3f,
    0x70, 0x0, 0x3, 0xf7, 0x0, 0x0, 0x3f, 0x70,
    0x0, 0x3, 0xf7, 0x0, 0x0, 0x3f, 0xa6, 0x0,
    0x3, 0xff, 0xf0, 0x0, 0x0, 0x9f, 0x0, 0x0,
    0x9, 0xf0, 0x0, 0x0, 0x9f, 0x0, 0x0,

    /* U+04F8 "Ӹ" */
    0x3, 0xf5, 0xe, 0x90, 0x2, 0xe4, 0xd, 0x80,
    0x0, 0x0, 0x0, 0x0, 0x7f, 0x10, 0x0, 0xae,
    0x7f, 0x10, 0x0, 0xae, 0x7f, 0x10, 0x0, 0xae,
    0x7f, 0x20, 0x0, 0xae, 0x7f, 0xff, 0x90, 0xae,
    0x7f, 0x59, 0xf6, 0xae, 0x7f, 0x10, 0xfa, 0xae,
    0x7f, 0x10, 0xf9, 0xae, 0x7f, 0x7b, 0xf5, 0xae,
    0x7f, 0xfe, 0x70, 0xae,

    /* U+04F9 "ӹ" */
    0x3, 0xf5, 0xe, 0x90, 0x2, 0xe5, 0xd, 0x80,
    0x7f, 0x10, 0x0, 0xae, 0x7f, 0x10, 0x0, 0xae,
    0x7f, 0x10, 0x0, 0xae, 0x7f, 0xff, 0x90, 0xae,
    0x7f, 0x47, 0xf7, 0xae, 0x7f, 0x10, 0xf9, 0xae,
    0x7f, 0x48, 0xf6, 0xae, 0x7f, 0xfe, 0x80, 0xae,

    /* U+04FA "Ӻ" */
    0xb, 0xff, 0xff, 0xfa, 0xb, 0xf9, 0x99, 0x96,
    0xb, 0xf0, 0x0, 0x0, 0xb, 0xf0, 0x0, 0x0,
    0xaf, 0xff, 0xfd, 0x0, 0x5d, 0xf8, 0x86, 0x0,
    0xb, 0xf0, 0x0, 0x0, 0xb, 0xf0, 0x0, 0x0,
    0xb, 0xf8, 0x30, 0x0, 0xb, 0xff, 0x60, 0x0,
    0x0, 0x3f, 0x60, 0x0, 0x5, 0xaf, 0x50, 0x0,
    0xb, 0xfa, 0x0, 0x0,

    /* U+04FB "ӻ" */
    0x3, 0xff, 0xff, 0xfa, 0x3, 0xfb, 0x77, 0x74,
    0x4, 0xf8, 0x11, 0x0, 0x5f, 0xff, 0xfd, 0x0,
    0x17, 0xfa, 0x44, 0x0, 0x3, 0xf7, 0x0, 0x0,
    0x3, 0xfc, 0x70, 0x0, 0x3, 0xff, 0xf0, 0x0,
    0x0, 0xa, 0xf0, 0x0, 0x2, 0x7e, 0xd0, 0x0,
    0x3, 0xfe, 0x40, 0x0,

    /* U+04FC "Ӽ" */
    0x2f, 0xa0, 0x3, 0xf8, 0x0, 0x8f, 0x20, 0xce,
    0x0, 0x0, 0xeb, 0x5f, 0x50, 0x0, 0x6, 0xfe,
    0xc0, 0x0, 0x0, 0xc, 0xf3, 0x0, 0x0, 0x1,
    0xef, 0x60, 0x0, 0x0, 0x9f, 0xbe, 0x10, 0x0,
    0x2f, 0x82, 0xf9, 0x0, 0xc, 0xe0, 0x9, 0xf8,
    0x25, 0xf6, 0x0, 0x1f, 0xf4, 0x0, 0x0, 0x0,
    0x5f, 0x40, 0x0, 0x0, 0x6b, 0xf3, 0x0, 0x0,
    0xd, 0xf9, 0x0,

    /* U+04FD "ӽ" */
    0x2f, 0xd0, 0x6, 0xf9, 0x0, 0x7f, 0x71, 0xfe,
    0x0, 0x0, 0xcf, 0xbf, 0x40, 0x0, 0x2, 0xff,
    0x90, 0x0, 0x0, 0x3f, 0xfa, 0x0, 0x0, 0xd,
    0xfa, 0xf5, 0x0, 0x9, 0xf6, 0x1e, 0xe8, 0x14,
    0xfc, 0x0, 0x5f, 0xf3, 0x0, 0x0, 0x0, 0x6f,
    0x20, 0x0, 0x0, 0x7c, 0xf1, 0x0, 0x0, 0xf,
    0xf7, 0x0,

    /* U+04FE "Ӿ" */
    0x2f, 0xa0, 0x4, 0xf8, 0x0, 0x8f, 0x30, 0xdd,
    0x0, 0x0, 0xdd, 0x7f, 0x40, 0x0, 0x26, 0xff,
    0xb2, 0x10, 0x2f, 0xff, 0xff, 0xf8, 0x0, 0x57,
    0xff, 0xc5, 0x20, 0x0, 0xae, 0x9f, 0x10, 0x0,
    0x3f, 0x71, 0xfa, 0x0, 0xc, 0xe0, 0x8, 0xf3,
    0x5, 0xf6, 0x0, 0x1f, 0xc0,

    /* U+04FF "ӿ" */
    0x2f, 0xe0, 0x7, 0xf9, 0x5, 0xf9, 0x2f, 0xc0,
    0x1, 0xbf, 0xef, 0x30, 0xf, 0xff, 0xff, 0xf7,
    0x4, 0xaf, 0xfe, 0x42, 0x1, 0xfd, 0x7f, 0x70,
    0xa, 0xf5, 0xd, 0xf1, 0x4f, 0xc0, 0x5, 0xfa,

    /* U+0500 "Ԁ" */
    0x0, 0x0, 0x8, 0xf3, 0x0, 0x0, 0x8, 0xf3,
    0x0, 0x0, 0x8, 0xf3, 0x0, 0x37, 0x8c, 0xf3,
    0x8, 0xff, 0xff, 0xf3, 0x2f, 0xd2, 0x8, 0xf3,
    0x5f, 0x60, 0x8, 0xf3, 0x4f, 0x80, 0x8, 0xf3,
    0xe, 0xf9, 0x8c, 0xf3, 0x3, 0xcf, 0xff, 0xf3,

    /* U+0501 "ԁ" */
    0x0, 0x0, 0x0, 0x21, 0x0, 0x0, 0x3, 0xf8,
    0x0, 0x0, 0x3, 0xf8, 0x0, 0x0, 0x3, 0xf8,
    0x2, 0xcf, 0xd7, 0xf8, 0xd, 0xfa, 0x8e, 0xf8,
    0x3f, 0xb0, 0x5, 0xf8, 0x5f, 0x70, 0x2, 0xf8,
    0x5f, 0x60, 0x2, 0xf8, 0x3f, 0xa0, 0x5, 0xf8,
    0xd, 0xf9, 0x8e, 0xf8, 0x2, 0xcf, 0xd3, 0xf8,

    /* U+0502 "Ԃ" */
    0x0, 0xa, 0xf0, 0x0, 0x0, 0xa, 0xf0, 0x0,
    0x0, 0xa, 0xf0, 0x0, 0x0, 0x1b, 0xf0, 0x0,
    0xb, 0xff, 0xf0, 0x8a, 0x6f, 0x8c, 0xf0, 0xbe,
    0x9f, 0xa, 0xf0, 0xbe, 0x9f, 0xa, 0xf0, 0xbe,
    0x6f, 0xae, 0xf9, 0xfb, 0xb, 0xfa, 0x7f, 0xd3,

    /* U+0503 "ԃ" */
    0x0, 0x5, 0xf2, 0x0, 0x0, 0x5, 0xf2, 0x0,
    0x0, 0x5, 0xf2, 0x0, 0xb, 0xfb, 0xf2, 0x0,
    0x6f, 0x7c, 0xf2, 0x0, 0x9e, 0x6, 0xf2, 0x0,
    0xbc, 0x5, 0xf2, 0x7f, 0xbc, 0x5, 0xf2, 0x7f,
    0x9e, 0x6, 0xf2, 0x7f, 0x6f, 0x7c, 0xf9, 0xcd,
    0xb, 0xfa, 0x5e, 0xe4,

    /* U+0504 "Ԅ" */
    0x9f, 0xfa, 0x0, 0x0, 0x58, 0xbf, 0x60, 0x0,
    0x0, 0x2f, 0x70, 0x0, 0x2, 0x8f, 0x30, 0x12,
    0xf, 0xf8, 0x0, 0xbe, 0x5, 0xaf, 0x40, 0xbe,
    0x0, 0xf, 0x90, 0xbe, 0x0, 0xf, 0xb0, 0xcd,
    0x0, 0xc, 0xf8, 0xfa, 0x0, 0x3, 0xdf, 0xc2,

    /* U+0505 "ԅ" */
    0x7e, 0xf9, 0x0, 0x0, 0x46, 0x9f, 0x30, 0x0,
    0x0, 0x5f, 0x20, 0x22, 0xb, 0xfa, 0x0, 0xcb,
    0x2, 0x6f, 0x60, 0xcb, 0x0, 0xf, 0x90, 0xdb,
    0x0, 0xd, 0xe7, 0xf8, 0x0, 0x4, 0xef, 0xc1,

    /* U+0506 "Ԇ" */
    0x3b, 0xff, 0xd5, 0x0, 0x8, 0xc8, 0x8e, 0xf2,
    0x0, 0x0, 0x0, 0x5f, 0x40, 0x0, 0x1, 0x3c,
    0xd0, 0x0, 0xb, 0xff, 0xd2, 0x0, 0x0, 0x34,
    0x6d, 0xe1, 0x0, 0x0, 0x0, 0x3f, 0x70, 0x0,
    0x0, 0x1, 0xf8, 0x0, 0x0, 0x0, 0x1f, 0xc8,
    0x10, 0x0, 0x1, 0xff, 0xf2, 0x0, 0x0, 0x0,
    0x7f, 0x20, 0x0, 0x0, 0x7, 0xf2, 0x0, 0x0,
    0x0, 0x7f, 0x20,

    /* U+0507 "ԇ" */
    0x4c, 0xff, 0xd6, 0x0, 0x4a, 0x76, 0xbf, 0x20,
    0x0, 0x11, 0x8f, 0x20, 0x5, 0xff, 0xf5, 0x0,
    0x1, 0x45, 0xbf, 0x20, 0x0, 0x0, 0x3f, 0x70,
    0x0, 0x0, 0x2f, 0x91, 0x0, 0x0, 0x2f, 0xfb,
    0x0, 0x0, 0x0, 0xdb, 0x0, 0x0, 0x0, 0xdb,
    0x0, 0x0, 0x0, 0xdb,

    /* U+0508 "Ԉ" */
    0x5, 0xff, 0xf7, 0x0, 0x0, 0x6f, 0xaf, 0x70,
    0x0, 0x6, 0xf2, 0xf7, 0x0, 0x0, 0x7f, 0x2f,
    0x70, 0x0, 0x8, 0xf1, 0xf7, 0x7d, 0x0, 0x9e,
    0x1f, 0x78, 0xf0, 0xa, 0xd1, 0xf7, 0x8f, 0x0,
    0xdc, 0x1f, 0x78, 0xf0, 0x8f, 0x80, 0xfc, 0xdf,
    0xe, 0xc1, 0x7, 0xfe, 0x50,

    /* U+0509 "ԉ" */
    0xb, 0xff, 0xf1, 0x0, 0xb, 0xc9, 0xf1, 0x0,
    0xc, 0xa5, 0xf1, 0x1, 0xd, 0x95, 0xf1, 0x8e,
    0xe, 0x75, 0xf1, 0x8e, 0x1f, 0x55, 0xf1, 0x8e,
    0x8f, 0x23, 0xf8, 0xdc, 0xea, 0x0, 0xaf, 0xe4,

    /* U+050A "Ԋ" */
    0x3f, 0x23, 0xf2, 0x0, 0x3f, 0x23, 0xf2, 0x0,
    0x3f, 0x23, 0xf2, 0x0, 0x3f, 0x44, 0xf2, 0x1,
    0x3f, 0xff, 0xf2, 0x8d, 0x3f, 0x66, 0xf2, 0x8d,
    0x3f, 0x23, 0xf2, 0x8d, 0x3f, 0x22, 0xf2, 0x8c,
    0x3f, 0x21, 0xf9, 0xdb, 0x3f, 0x20, 0x8f, 0xe3,

    /* U+050B "ԋ" */
    0x5f, 0x25, 0xf1, 0x0, 0x5f, 0x25, 0xf1, 0x0,
    0x5f, 0x26, 0xf1, 0x0, 0x5f, 0xff, 0xf1, 0x9d,
    0x5f, 0x58, 0xf1, 0x9d, 0x5f, 0x25, 0xf1, 0x9d,
    0x5f, 0x23, 0xf8, 0xdb, 0x5f, 0x20, 0xaf, 0xd3,

    /* U+050C "Ԍ" */
    0x0, 0x6d, 0xfe, 0xa0, 0x7, 0xfd, 0x89, 0x90,
    0xe, 0xd0, 0x0, 0x0, 0x3f, 0x80, 0x2, 0x21,
    0x5f, 0x60, 0x7f, 0xfb, 0x5f, 0x60, 0x25, 0xfb,
    0x3f, 0x70, 0x0, 0xf9, 0xf, 0xd0, 0x3, 0xf6,
    0x7, 0xfb, 0x8e, 0xf1, 0x0, 0x8e, 0xfc, 0x30,

    /* U+050D "ԍ" */
    0x0, 0x8e, 0xfe, 0xa0, 0xa, 0xfc, 0x88, 0x70,
    0x2f, 0xc0, 0x11, 0x11, 0x5f, 0x70, 0xbf, 0xfb,
    0x5f, 0x70, 0x35, 0xfa, 0x2f, 0xb0, 0x4, 0xf7,
    0xa, 0xfa, 0x7e, 0xf1, 0x0, 0x9e, 0xfc, 0x30,

    /* U+050E "Ԏ" */
    0xef, 0xff, 0xff, 0x60, 0x78, 0xcf, 0x98, 0x30,
    0x0, 0x8f, 0x20, 0x0, 0x0, 0x8f, 0x20, 0x0,
    0x0, 0x8f, 0x20, 0xca, 0x0, 0x8f, 0x20, 0xec,
    0x0, 0x8f, 0x20, 0xec, 0x0, 0x8f, 0x20, 0xfb,
    0x0, 0x5f, 0xba, 0xf8, 0x0, 0x9, 0xff, 0xb1,

    /* U+050F "ԏ" */
    0xdf, 0xff, 0xfe, 0x0, 0x56, 0xde, 0x65, 0x0,
    0x0, 0xcd, 0x0, 0x11, 0x0, 0xcd, 0x0, 0xfa,
    0x0, 0xcd, 0x0, 0xfa, 0x0, 0xbe, 0x0, 0xfa,
    0x0, 0x8f, 0x89, 0xf6, 0x0, 0xa, 0xff, 0xa0,

    /* U+0510 "Ԑ" */
    0x1, 0xae, 0xfe, 0xa3, 0xd, 0xfb, 0x9a, 0xf8,
    0xf, 0xb0, 0x0, 0x0, 0xa, 0xf6, 0x22, 0x10,
    0x0, 0x9f, 0xff, 0x80, 0xb, 0xf9, 0x65, 0x20,
    0x4f, 0x80, 0x0, 0x0, 0x4f, 0x90, 0x0, 0x0,
    0xe, 0xfb, 0x89, 0xcc, 0x2, 0xae, 0xff, 0xd7,

    /* U+0511 "ԑ" */
    0x8, 0xdf, 0xfc, 0x35, 0xfa, 0x67, 0xb1, 0x4f,
    0x61, 0x0, 0x0, 0x8f, 0xff, 0x10, 0x6f, 0x84,
    0x30, 0xc, 0xf0, 0x0, 0x0, 0x9f, 0xa6, 0x7a,
    0x70, 0x9e, 0xff, 0xc4,

    /* U+0512 "Ԓ" */
    0x0, 0xdf, 0xff, 0xe0, 0x0, 0xfd, 0x9e, 0xe0,
    0x0, 0xf8, 0xc, 0xe0, 0x1, 0xf7, 0xc, 0xe0,
    0x3, 0xf6, 0xc, 0xe0, 0x5, 0xf4, 0xc, 0xe0,
    0x7, 0xf2, 0xc, 0xe0, 0xa, 0xf0, 0xc, 0xe0,
    0x5f, 0xb0, 0xc, 0xe5, 0xee, 0x30, 0xc, 0xff,
    0x0, 0x0, 0x0, 0x9f, 0x0, 0x0, 0x1, 0xce,
    0x0, 0x0, 0xe, 0xf8, 0x0, 0x0, 0x3, 0x30,

    /* U+0513 "ԓ" */
    0x0, 0xdf, 0xff, 0xf8, 0x0, 0xe, 0xd7, 0x9f,
    0x80, 0x0, 0xfa, 0x4, 0xf8, 0x0, 0xf, 0x90,
    0x4f, 0x80, 0x1, 0xf8, 0x4, 0xf8, 0x0, 0x2f,
    0x60, 0x4f, 0x80, 0x3a, 0xf3, 0x4, 0xfa, 0x17,
    0xfa, 0x0, 0x4f, 0xf5, 0x0, 0x0, 0x0, 0x2f,
    0x50, 0x0, 0x0, 0x5, 0xf4, 0x0, 0x0, 0x6,
    0xfd, 0x0, 0x0, 0x0, 0x13, 0x0,

    /* U+0514 "Ԕ" */
    0x5, 0xff, 0xb0, 0x6f, 0x10, 0x6f, 0xcf, 0xb,
    0xc0, 0x7, 0xf3, 0xf5, 0xf7, 0x0, 0x8f, 0xd,
    0xdf, 0x20, 0x8, 0xf0, 0x8f, 0xc0, 0x0, 0x9e,
    0xa, 0xfe, 0x0, 0xb, 0xd0, 0xfa, 0xf3, 0x0,
    0xdb, 0x5f, 0x2e, 0x90, 0x7f, 0x7a, 0xd0, 0x9e,
    0xf, 0xc1, 0xf8, 0x4, 0xf3,

    /* U+0515 "ԕ" */
    0xb, 0xff, 0x90, 0x6f, 0x20, 0xcc, 0xaf, 0x1e,
    0xa0, 0xc, 0x91, 0xfc, 0xf2, 0x0, 0xd8, 0x9,
    0xfb, 0x0, 0xf, 0x70, 0xaf, 0xc0, 0x1, 0xf5,
    0x2f, 0xaf, 0x30, 0x7f, 0x19, 0xe0, 0xdb, 0xf,
    0x91, 0xf7, 0x6, 0xf2,

    /* U+0516 "Ԗ" */
    0x6f, 0xff, 0xc2, 0xde, 0x16, 0xfb, 0xaf, 0xff,
    0x60, 0x6f, 0x50, 0xbf, 0xd0, 0x6, 0xf5, 0xb,
    0xf4, 0x0, 0x6f, 0xaa, 0xfe, 0x0, 0x6, 0xff,
    0xfe, 0xf4, 0x0, 0x6f, 0x50, 0x4f, 0xb0, 0x6,
    0xf5, 0x0, 0xcf, 0x30, 0x6f, 0x50, 0x5, 0xfb,
    0x6, 0xf5, 0x0, 0xd, 0xf2,

    /* U+0517 "ԗ" */
    0x4f, 0x8f, 0xb0, 0x8f, 0x14, 0xfa, 0x4f, 0x5e,
    0x90, 0x4f, 0x30, 0xdc, 0xf3, 0x4, 0xf2, 0xb,
    0xfb, 0x0, 0x4f, 0x20, 0xbf, 0xd0, 0x4, 0xf3,
    0xd, 0xbf, 0x40, 0x4f, 0xa5, 0xf3, 0xdb, 0x4,
    0xfb, 0xfa, 0x7, 0xf2, 0x4f, 0x20, 0x0, 0x0,
    0x4, 0xf2, 0x0, 0x0, 0x0, 0x4f, 0x20, 0x0,
    0x0, 0x0,

    /* U+0518 "Ԙ" */
    0x0, 0x6c, 0xff, 0xff, 0xff, 0xff, 0xf5, 0x6,
    0xfe, 0x98, 0x9f, 0xe8, 0x88, 0x83, 0xc, 0xf1,
    0x0, 0x2f, 0xc0, 0x0, 0x0, 0xb, 0xf1, 0x0,
    0x2f, 0xc0, 0x0, 0x0, 0x6, 0xfe, 0x98, 0x9f,
    0xff, 0xff, 0xf1, 0x0, 0x6f, 0xff, 0xff, 0xe9,
    0x99, 0x90, 0x0, 0x7f, 0x50, 0x2f, 0xc0, 0x0,
    0x0, 0x1, 0xfb, 0x0, 0x2f, 0xc0, 0x0, 0x0,
    0xa, 0xf2, 0x0, 0x2f, 0xe9, 0x99, 0x93, 0x4f,
    0x90, 0x0, 0x2f, 0xff, 0xff, 0xf5,

    /* U+0519 "ԙ" */
    0x1b, 0xff, 0xde, 0xe4, 0x8, 0xf5, 0xbf, 0x5b,
    0xe0, 0xae, 0xa, 0xe0, 0x5f, 0x17, 0xf2, 0xaf,
    0xff, 0xf2, 0xc, 0xff, 0xe2, 0x22, 0x0, 0xdb,
    0x9f, 0x0, 0x0, 0x3f, 0x54, 0xfa, 0x56, 0x9,
    0xe0, 0x7, 0xef, 0x90,

    /* U+051A "Ԛ" */
    0x0, 0x9e, 0xfc, 0x30, 0xb, 0xfb, 0x9f, 0xf2,
    0x2f, 0xb0, 0x5, 0xf8, 0x6f, 0x60, 0x0, 0xfc,
    0x7f, 0x40, 0x0, 0xed, 0x7f, 0x40, 0x0, 0xed,
    0x6f, 0x60, 0x0, 0xfc, 0x2f, 0xb0, 0x5, 0xf8,
    0xb, 0xfb, 0x9f, 0xf2, 0x0, 0x9f, 0xff, 0x50,
    0x0, 0x0, 0x2f, 0xa0, 0x0, 0x0, 0xa, 0xf2,
    0x0, 0x0, 0x2, 0x84,

    /* U+051B "ԛ" */
    0x2, 0xcf, 0xd4, 0xf8, 0xc, 0xfa, 0x8e, 0xf8,
    0x2f, 0xb0, 0x6, 0xf8, 0x5f, 0x70, 0x2, 0xf8,
    0x5f, 0x70, 0x2, 0xf8, 0x3f, 0xb0, 0x5, 0xf8,
    0xd, 0xfa, 0x8e, 0xf8, 0x2, 0xcf, 0xd6, 0xf8,
    0x0, 0x0, 0x3, 0xf8, 0x0, 0x0, 0x3, 0xf8,
    0x0, 0x0, 0x3, 0xf8,

    /* U+051C "Ԝ" */
    0xbc, 0x0, 0x0, 0x6f, 0x2a, 0xe0, 0x0, 0x7,
    0xf0, 0x9f, 0xb, 0xf2, 0x8f, 0x7, 0xf0, 0xef,
    0x49, 0xe0, 0x6f, 0x2f, 0xc7, 0xbc, 0x4, 0xf6,
    0xf8, 0xab, 0xb0, 0x3f, 0x9c, 0x5d, 0xca, 0x1,
    0xfc, 0x92, 0xfd, 0x90, 0xf, 0xf6, 0xf, 0xf7,
    0x0, 0xff, 0x30, 0xcf, 0x60,

    /* U+051D "ԝ" */
    0xdc, 0x0, 0x0, 0x5f, 0x3a, 0xd0, 0x7b, 0x16,
    0xf1, 0x8f, 0xd, 0xf4, 0x8f, 0x6, 0xf2, 0xfd,
    0x7a, 0xc0, 0x4f, 0x7e, 0x8b, 0xba, 0x1, 0xfb,
    0xb5, 0xed, 0x80, 0xf, 0xf8, 0x2f, 0xf6, 0x0,
    0xdf, 0x40, 0xff, 0x30,

    /* U+051E "Ԟ" */
    0x4f, 0x84, 0x42, 0xfa, 0x4, 0xf8, 0x6f, 0xee,
    0x10, 0x4f, 0x80, 0x8f, 0xe3, 0x4, 0xf8, 0x1f,
    0xb9, 0xd0, 0x4f, 0xff, 0xf2, 0x0, 0x4, 0xfc,
    0xbf, 0x70, 0x0, 0x4f, 0x80, 0xdf, 0x10, 0x4,
    0xf8, 0x4, 0xfa, 0x0, 0x4f, 0x80, 0xb, 0xf3,
    0x4, 0xf8, 0x0, 0x2f, 0xd0,

    /* U+051F "ԟ" */
    0x2f, 0x92, 0x86, 0xf7, 0x2f, 0x92, 0xdf, 0xc0,
    0x2f, 0xa2, 0xbf, 0xf6, 0x2f, 0xff, 0xf9, 0x42,
    0x2f, 0xb5, 0xef, 0x10, 0x2f, 0x90, 0x6f, 0x90,
    0x2f, 0x90, 0xd, 0xf2, 0x2f, 0x90, 0x4, 0xfa,

    /* U+0520 "Ԡ" */
    0x0, 0x0, 0xef, 0xff, 0xff, 0x50, 0x0, 0x0,
    0x0, 0x0, 0xfd, 0x88, 0xaf, 0x50, 0x0, 0x0,
    0x0, 0x3, 0xf8, 0x0, 0x5f, 0x50, 0x0, 0x0,
    0x0, 0x5, 0xf5, 0x0, 0x5f, 0x97, 0x62, 0x0,
    0x0, 0x7, 0xf3, 0x0, 0x5f, 0xff, 0xff, 0x50,
    0x0, 0xa, 0xf0, 0x0, 0x5f, 0x60, 0x4e, 0xf1,
    0x0, 0xd, 0xd0, 0x0, 0x5f, 0x50, 0x5, 0xf7,
    0x0, 0x1f, 0x90, 0x0, 0x5f, 0x50, 0x2, 0xf9,
    0x16, 0xbf, 0x40, 0x0, 0x5f, 0x50, 0x1, 0xfa,
    0x2f, 0xf8, 0x0, 0x0, 0x5f, 0x50, 0x3, 0xf8,
    0x0, 0x0, 0x0, 0x0, 0x0, 0x0, 0xa, 0xf4,
    0x0, 0x0, 0x0, 0x0, 0x0, 0x78, 0xbf, 0xb0,
    0x0, 0x0, 0x0, 0x0, 0x0, 0xaf, 0xe9, 0x0,

    /* U+0521 "ԡ" */
    0x0, 0x1f, 0xff, 0xff, 0xd0, 0x0, 0x0, 0x0,
    0x3, 0xfa, 0x66, 0xfd, 0x0, 0x0, 0x0, 0x0,
    0x5f, 0x50, 0xf, 0xd0, 0x0, 0x0, 0x0, 0x7,
    0xf3, 0x0, 0xff, 0xff, 0xd6, 0x0, 0x0, 0xaf,
    0x0, 0xf, 0xe9, 0x9e, 0xf8, 0x0, 0xe, 0xc0,
    0x0, 0xfd, 0x0, 0xd, 0xf1, 0x4a, 0xf6, 0x0,
    0xf, 0xd0, 0x0, 0x7f, 0x49, 0xfa, 0x0, 0x0,
    0xfd, 0x0, 0x7, 0xf4, 0x0, 0x0, 0x0, 0x0,
    0x0, 0x0, 0xcf, 0x20, 0x0, 0x0, 0x0, 0x1,
    0xb9, 0xcf, 0xa0, 0x0, 0x0, 0x0, 0x0, 0xd,
    0xfe, 0x90, 0x0,

    /* U+0522 "Ԣ" */
    0x9f, 0x20, 0x0, 0xde, 0x0, 0x0, 0x0, 0x9f,
    0x20, 0x0, 0xde, 0x0, 0x0, 0x0, 0x9f, 0x20,
    0x0, 0xde, 0x0, 0x0, 0x0, 0x9f, 0xa9, 0x99,
    0xfe, 0x67, 0x61, 0x0, 0x9f, 0xff, 0xff, 0xff,
    0xff, 0xff, 0x50, 0x9f, 0x20, 0x0, 0xde, 0x0,
    0x4e, 0xf2, 0x9f, 0x20, 0x0, 0xde, 0x0, 0x5,
    0xf7, 0x9f, 0x20, 0x0, 0xde, 0x0, 0x1, 0xfa,
    0x9f, 0x20, 0x0, 0xde, 0x0, 0x0, 0xfa, 0x9f,
    0x20, 0x0, 0xde, 0x0, 0x3, 0xf9, 0x0, 0x0,
    0x0, 0x0, 0x0, 0xa, 0xf4, 0x0, 0x0, 0x0,
    0x0, 0x98, 0xcf, 0xb0, 0x0, 0x0, 0x0, 0x0,
    0xdf, 0xe9, 0x0,

    /* U+0523 "ԣ" */
    0x8f, 0x30, 0x0, 0xfc, 0x0, 0x0, 0x0, 0x8f,
    0x30, 0x0, 0xfc, 0x0, 0x0, 0x0, 0x8f, 0x98,
    0x88, 0xfc, 0x0, 0x0, 0x0, 0x8f, 0xff, 0xff,
    0xff, 0xff, 0xd6, 0x0, 0x8f, 0x30, 0x0, 0xfe,
    0x99, 0xef, 0x80, 0x8f, 0x30, 0x0, 0xfc, 0x0,
    0xd, 0xf1, 0x8f, 0x30, 0x0, 0xfc, 0x0, 0x7,
    0xf4, 0x8f, 0x30, 0x0, 0xfc, 0x0, 0x7, 0xf4,
    0x0, 0x0, 0x0, 0x0, 0x0, 0xc, 0xf2, 0x0,
    0x0, 0x0, 0x1, 0xb9, 0xcf, 0xa0, 0x0, 0x0,
    0x0, 0x0, 0xdf, 0xe9, 0x0,

    /* U+0524 "Ԥ" */
    0xf, 0xff, 0xff, 0xf6, 0x0, 0xfd, 0x88, 0xaf,
    0x60, 0xf, 0xa0, 0x5, 0xf6, 0x0, 0xfa, 0x0,
    0x5f, 0x60, 0xf, 0xa0, 0x5, 0xf6, 0x0, 0xfa,
    0x0, 0x5f, 0x60, 0xf, 0xa0, 0x5, 0xf6, 0x0,
    0xfa, 0x0, 0x5f, 0x60, 0xf, 0xa0, 0x5, 0xfa,
    0x10, 0xfa, 0x0, 0x5f, 0xf3, 0x0, 0x0, 0x0,
    0x5f, 0x30, 0x0, 0x0, 0x5, 0xf3, 0x0, 0x0,
    0x0, 0x5f, 0x30,

    /* U+0525 "ԥ" */
    0x1f, 0xff, 0xff, 0xf8, 0x1, 0xfc, 0x77, 0x9f,
    0x80, 0x1f, 0xa0, 0x3, 0xf8, 0x1, 0xfa, 0x0,
    0x3f, 0x80, 0x1f, 0xa0, 0x3, 0xf8, 0x1, 0xfa,
    0x0, 0x3f, 0x80, 0x1f, 0xa0, 0x3, 0xfa, 0x21,
    0xfa, 0x0, 0x3f, 0xf6, 0x0, 0x0, 0x0, 0x2f,
    0x60, 0x0, 0x0, 0x2, 0xf6, 0x0, 0x0, 0x0,
    0x2f, 0x60,

    /* U+0526 "Ԧ" */
    0x4f, 0x80, 0x0, 0x0, 0x4, 0xf8, 0x0, 0x0,
    0x0, 0x4f, 0x80, 0x0, 0x0, 0x4, 0xf9, 0x79,
    0x72, 0x0, 0x4f, 0xff, 0xff, 0xf3, 0x4, 0xfa,
    0x10, 0x5f, 0xb0, 0x4f, 0x80, 0x0, 0xed, 0x4,
    0xf8, 0x0, 0xe, 0xd0, 0x4f, 0x80, 0x0, 0xee,
    0x24, 0xf8, 0x0, 0xe, 0xf6, 0x0, 0x0, 0x0,
    0x2f, 0x60, 0x0, 0x0, 0x2, 0xf6, 0x0, 0x0,
    0x0, 0x2f, 0x60,

    /* U+0527 "ԧ" */
    0x1f, 0xa0, 0x0, 0x0, 0x1, 0xfa, 0x0, 0x0,
    0x0, 0x1f, 0xa0, 0x0, 0x0, 0x1, 0xfa, 0x9f,
    0xe8, 0x0, 0x1f, 0xfc, 0x8e, 0xf5, 0x1, 0xfe,
    0x0, 0x4f, 0x80, 0x1f, 0xa0, 0x2, 0xf9, 0x1,
    0xfa, 0x0, 0x2f, 0x90, 0x1f, 0xa0, 0x2, 0xf9,
    0x1, 0xfa, 0x0, 0x2f, 0xb2, 0x1f, 0xa0, 0x2,
    0xff, 0x60, 0x0, 0x0, 0x2, 0xf6, 0x0, 0x0,
    0x0, 0x2f, 0x60, 0x0, 0x0, 0x2, 0xf6,

    /* U+0528 "Ԩ" */
    0x4, 0xf8, 0x0, 0x1f, 0xa0, 0x4f, 0x80, 0x1,
    0xfa, 0x4, 0xf8, 0x0, 0x1f, 0xa0, 0x4f, 0xc9,
    0x99, 0xfa, 0x4, 0xff, 0xff, 0xff, 0xa0, 0x4f,
    0x80, 0x1, 0xfa, 0x4, 0xf8, 0x0, 0x1f, 0xa0,
    0x4f, 0x80, 0x1, 0xfa, 0x4, 0xf8, 0x0, 0x1f,
    0xa0, 0x4f, 0x80, 0x1, 0xfa, 0x4, 0xf7, 0x0,
    0x0, 0x6, 0xbf, 0x60, 0x0, 0x0, 0xbf, 0xa0,
    0x0, 0x0, 0x0,

    /* U+0529 "ԩ" */
    0x1, 0xfa, 0x0, 0x4f, 0x80, 0x1f, 0xa0, 0x4,
    0xf8, 0x1, 0xfb, 0x22, 0x5f, 0x80, 0x1f, 0xff,
    0xff, 0xf8, 0x2, 0xfc, 0x55, 0x7f, 0x80, 0x3f,
    0xc0, 0x4, 0xf8, 0x3, 0xfc, 0x0, 0x4f, 0x80,
    0x3f, 0xc0, 0x4, 0xf8, 0x1, 0xfa, 0x0, 0x0,
    0x4, 0xaf, 0x80, 0x0, 0x0, 0x9f, 0xc1, 0x0,
    0x0, 0x0,

    /* U+052A "Ԫ" */
    0x0, 0xbf, 0xff, 0xf3, 0x4, 0xf7, 0x0, 0x3f,
    0x90, 0x0, 0xce, 0x9c, 0xf3, 0x4, 0xf7, 0x0,
    0xdd, 0x0, 0x0, 0xcc, 0x7, 0xf3, 0x4, 0xf7,
    0x8, 0xf3, 0x0, 0x0, 0xdb, 0x7, 0xf4, 0x15,
    0xf8, 0x4f, 0x90, 0x0, 0x0, 0xea, 0x7, 0xff,
    0xff, 0xff, 0xff, 0x10, 0x0, 0x0, 0xf9, 0x7,
    0xf7, 0x47, 0xfa, 0x8f, 0x70, 0x0, 0x3, 0xf6,
    0x7, 0xf3, 0x4, 0xf7, 0xd, 0xf1, 0x0, 0x9,
    0xf2, 0x7, 0xf3, 0x4, 0xf7, 0x4, 0xfa, 0x0,
    0x8f, 0xe9, 0x9c, 0xfa, 0x14, 0xf7, 0x0, 0xbf,
    0x30, 0xdf, 0xff, 0xff, 0xff, 0x34, 0xf7, 0x0,
    0x2f, 0xc0, 0xdc, 0x0, 0x0, 0x7f, 0x30, 0x0,
    0x0, 0x0, 0x0, 0xdc, 0x0, 0x0, 0x7f, 0x30,
    0x0, 0x0, 0x0, 0x0, 0x43, 0x0, 0x0, 0x24,
    0x0, 0x0, 0x0, 0x0, 0x0,

    /* U+052B "ԫ" */
    0x0, 0xff, 0xff, 0xf1, 0xb, 0xf0, 0x1, 0xed,
    0x0, 0xf, 0xc6, 0xcf, 0x10, 0xbf, 0x0, 0xaf,
    0x30, 0x0, 0xf8, 0xa, 0xf1, 0xb, 0xf0, 0x4f,
    0x80, 0x0, 0x1f, 0x70, 0xaf, 0xff, 0xff, 0xff,
    0xf0, 0x0, 0x3, 0xf5, 0xa, 0xf4, 0x3c, 0xf3,
    0x9f, 0x60, 0x0, 0x7f, 0x20, 0xaf, 0x10, 0xbf,
    0x1, 0xee, 0x0, 0x4e, 0xf7, 0x7c, 0xf7, 0xb,
    0xf0, 0x7, 0xf8, 0xa, 0xff, 0xff, 0xff, 0xf1,
    0xbf, 0x0, 0xd, 0xf1, 0xaf, 0x0, 0x0, 0x9f,
    0x10, 0x0, 0x0, 0x0, 0xa, 0xf0, 0x0, 0x9,
    0xf1, 0x0, 0x0, 0x0, 0x0, 0x0, 0x0, 0x0,
    0x0, 0x0, 0x0, 0x0, 0x0, 0x0,

    /* U+052C "Ԭ" */
    0x9e, 0xc, 0xff, 0xf4, 0x9, 0xe0, 0xea, 0xaf,
    0x40, 0x9e, 0xf, 0x55, 0xf4, 0x9, 0xe2, 0xf3,
    0x5f, 0x40, 0x8f, 0x7f, 0x6, 0xf4, 0x3, 0xff,
    0xfd, 0xff, 0x40, 0x3, 0xfc, 0x66, 0xf4, 0x0,
    0x4f, 0x40, 0x5f, 0x40, 0x6c, 0xf7, 0x7a, 0xf9,
    0x2e, 0xff, 0xff, 0xff, 0xf4, 0xea, 0x0, 0x0,
    0x4f, 0x4e, 0xa0, 0x0, 0x4, 0xf4, 0xc9, 0x0,
    0x0, 0x3e, 0x40,

    /* U+052D "ԭ" */
    0xca, 0xf, 0xff, 0xf5, 0xc, 0xa1, 0xf8, 0x9f,
    0x50, 0xca, 0x3f, 0x25, 0xf5, 0xa, 0xe9, 0xf2,
    0xaf, 0x50, 0x3f, 0xff, 0xfd, 0xf5, 0x0, 0x4f,
    0x82, 0x5f, 0x50, 0x5b, 0xf6, 0x69, 0xf9, 0x1e,
    0xff, 0xff, 0xff, 0xf4, 0xea, 0x0, 0x0, 0x4f,
    0x4e, 0xa0, 0x0, 0x4, 0xf4, 0xb8, 0x0, 0x0,
    0x3c, 0x30,

    /* U+052E "Ԯ" */
    0x0, 0xef, 0xff, 0xfa, 0x0, 0xe, 0xd9, 0x9f,
    0xa0, 0x0, 0xf9, 0x1, 0xfa, 0x0, 0xf, 0x80,
    0x1f, 0xa0, 0x1, 0xf7, 0x1, 0xfa, 0x0, 0x2f,
    0x60, 0x1f, 0xa0, 0x3, 0xf5, 0x1, 0xfa, 0x0,
    0x5f, 0x40, 0x1f, 0xa0, 0x5d, 0xf1, 0x1, 0xfd,
    0x3b, 0xf8, 0x0, 0x1f, 0xf6, 0x0, 0x0, 0x0,
    0x3f, 0x60, 0x0, 0x0, 0x3, 0xf6, 0x0, 0x0,
    0x0, 0x3f, 0x60,

    /* U+052F "ԯ" */
    0x0, 0xdf, 0xff, 0xf8, 0x0, 0xe, 0xd7, 0x9f,
    0x80, 0x0, 0xfa, 0x4, 0xf8, 0x0, 0xf, 0x90,
    0x4f, 0x80, 0x1, 0xf8, 0x4, 0xf8, 0x0, 0x2f,
    0x60, 0x4f, 0x80, 0x3a, 0xf3, 0x4, 0xfa, 0x27,
    0xfa, 0x0, 0x4f, 0xf6, 0x0, 0x0, 0x0, 0x2f,
    0x60, 0x0, 0x0, 0x2, 0xf6, 0x0, 0x0, 0x0,
    0x2f, 0x60,

    /* U+2000 " " */

    /* U+2001 " " */

    /* U+2002 " " */

    /* U+2003 " " */

    /* U+2004 " " */

    /* U+2005 " " */

    /* U+2006 " " */

    /* U+2007 " " */

    /* U+2008 " " */

    /* U+2009 " " */

    /* U+200A " " */

    /* U+200B "​" */

    /* U+200C "‌" */

    /* U+200D "‍" */

    /* U+200E "‎" */

    /* U+200F "‏" */

    /* U+2010 "‐" */
    0x89, 0x99, 0x2e, 0xff, 0xf4,

    /* U+2011 "‑" */
    0x89, 0x99, 0x2e, 0xff, 0xf4,

    /* U+2012 "‒" */
    0x1, 0x11, 0x11, 0x11, 0x4f, 0xff, 0xff, 0xfa,
    0x14, 0x44, 0x44, 0x43,

    /* U+2013 "–" */
    0x59, 0x99, 0x99, 0x9f, 0xff, 0xff,

    /* U+2014 "—" */
    0x99, 0x99, 0x99, 0x99, 0x3f, 0xff, 0xff, 0xff,
    0xf6,

    /* U+2015 "―" */
    0x99, 0x99, 0x99, 0x99, 0x3f, 0xff, 0xff, 0xff,
    0xf6,

    /* U+2016 "‖" */
    0x3f, 0x20, 0xc9, 0x3f, 0x20, 0xc9, 0x3f, 0x20,
    0xc9, 0x3f, 0x20, 0xc9, 0x3f, 0x20, 0xc9, 0x3f,
    0x20, 0xc9, 0x3f, 0x20, 0xc9, 0x3f, 0x20, 0xc9,
    0x3f, 0x20, 0xc9, 0x3f, 0x20, 0xc9, 0x3f, 0x20,
    0xc9, 0x3f, 0x20, 0xc9, 0x3f, 0x20, 0xc9, 0x3f,
    0x20, 0xc9,

    /* U+2017 "‗" */
    0xff, 0xff, 0xff, 0xff, 0x68, 0x88, 0x88, 0x88,
    0x83, 0x88, 0x88, 0x88, 0x88, 0x3f, 0xff, 0xff,
    0xff, 0xf6,

    /* U+2018 "‘" */
    0x1, 0xf5, 0x6, 0xf1, 0xc, 0xe0, 0x8, 0x60,

    /* U+2019 "’" */
    0x7, 0xf5, 0xa, 0xf1, 0xd, 0xa0, 0x8, 0x30,

    /* U+201A "‚" */
    0x0, 0x10, 0x8, 0xf4, 0xb, 0xf0, 0xe, 0xb0,
    0x1f, 0x50,

    /* U+201B "‛" */
    0xe, 0xc0, 0x9, 0xf0, 0x3, 0xf3, 0x0, 0x83,

    /* U+201C "“" */
    0x7, 0xd0, 0x9c, 0xd, 0xa0, 0xe9, 0x3f, 0x74,
    0xf5, 0x38, 0x24, 0x82,

    /* U+201D "”" */
    0xe, 0xd0, 0xfc, 0x1f, 0x82, 0xf7, 0x4f, 0x25,
    0xf1, 0x37, 0x4, 0x60,

    /* U+201E "„" */
    0x0, 0x10, 0x11, 0x0, 0xaf, 0x3c, 0xf1, 0xc,
    0xe0, 0xfc, 0x0, 0xf9, 0x1f, 0x70, 0x3f, 0x35,
    0xf1, 0x0,

    /* U+201F "‟" */
    0x6f, 0x57, 0xf4, 0x1f, 0x82, 0xf7, 0xb, 0xb0,
    0xca, 0x3, 0x70, 0x47,

    /* U+2020 "†" */
    0x0, 0xae, 0x0, 0x0, 0x8c, 0x0, 0x22, 0x7b,
    0x23, 0x8f, 0xff, 0xff, 0x12, 0x6a, 0x12, 0x0,
    0x6a, 0x0, 0x0, 0x7b, 0x0, 0x0, 0x8c, 0x0,
    0x0, 0x9d, 0x0, 0x0, 0xae, 0x0, 0x0, 0xaf,
    0x0,

    /* U+2021 "‡" */
    0x0, 0x9f, 0x0, 0x0, 0x7d, 0x0, 0x47, 0x9d,
    0x68, 0x8d, 0xde, 0xde, 0x0, 0x7c, 0x0, 0x0,
    0x9f, 0x0, 0x0, 0x6c, 0x0, 0x8d, 0xde, 0xde,
    0x47, 0x9d, 0x68, 0x0, 0x7d, 0x0, 0x0, 0x9f,
    0x0,

    /* U+2022 "•" */
    0x0, 0x0, 0x2e, 0xf8, 0x8f, 0xff, 0x8f, 0xfe,
    0x2d, 0xf6,

    /* U+2023 "‣" */
    0x81, 0x0, 0xd, 0xf7, 0x0, 0xdf, 0xfc, 0xd,
    0xfa, 0x10, 0xb4, 0x0, 0x0, 0x0, 0x0,

    /* U+2024 "․" */
    0x24, 0xd, 0xf3, 0xae, 0x20,

    /* U+2025 "‥" */
    0x2, 0x30, 0x1, 0x40, 0xf, 0xf2, 0xb, 0xf5,
    0xc, 0xe1, 0x9, 0xf3,

    /* U+2026 "…" */
    0x14, 0x2, 0x40, 0x33, 0xa, 0xf7, 0xdf, 0x5f,
    0xf1, 0x7f, 0x4a, 0xe2, 0xdd, 0x0,

    /* U+2027 "‧" */
    0x24, 0xd, 0xf3, 0xae, 0x20,

    /* U+2028 " " */

    /* U+2029 " " */

    /* U+202F " " */

    /* U+2030 "‰" */
    0x4f, 0xc0, 0x0, 0x0, 0xb, 0x7d, 0x40, 0x0,
    0x0, 0xb6, 0xd4, 0x3e, 0x70, 0x5, 0xfd, 0x7e,
    0x40, 0x0, 0x1, 0x9d, 0x20, 0x0, 0x1, 0xbb,
    0x10, 0x0, 0x0, 0x23, 0xbd, 0x46, 0xe8, 0x0,
    0x3e, 0x7c, 0xe5, 0xf1, 0x3, 0xe6, 0xce, 0x4f,
    0x10, 0xb, 0xf5, 0x7f, 0xa0,

    /* U+2031 "‱" */
    0x3, 0xdf, 0xa0, 0x0, 0xd7, 0x0, 0x0, 0x0,
    0x0, 0x0, 0x0, 0x0, 0x0, 0xd9, 0x2d, 0x70,
    0x4f, 0x10, 0x0, 0x0, 0x0, 0x0, 0x0, 0x0,
    0x0, 0xf, 0x30, 0x7a, 0xb, 0x90, 0x0, 0x0,
    0x0, 0x0, 0x0, 0x0, 0x0, 0x0, 0xf2, 0x7,
    0xb2, 0xf3, 0xae, 0xc2, 0x3, 0xde, 0x80, 0x7,
    0xed, 0x30, 0xd, 0x70, 0xc8, 0x8c, 0x6e, 0x3a,
    0xb0, 0xc9, 0x3e, 0x53, 0xf4, 0x7e, 0x0, 0x4f,
    0xfd, 0x1e, 0x6a, 0x90, 0x3f, 0xf, 0x30, 0x99,
    0x7c, 0x0, 0xf2, 0x0, 0x1, 0x6, 0xe0, 0xb7,
    0x1, 0xf2, 0xf1, 0x8, 0xa8, 0xa0, 0xe, 0x30,
    0x0, 0x0, 0xc8, 0xa, 0x80, 0x3f, 0xf, 0x20,
    0x99, 0x7b, 0x0, 0xf2, 0x0, 0x0, 0x3f, 0x20,
    0x6d, 0x29, 0xb0, 0xc8, 0x2e, 0x53, 0xf3, 0x6e,
    0x0, 0x0, 0x9, 0xb0, 0x0, 0xaf, 0xd2, 0x3,
    0xdf, 0xa0, 0x8, 0xfe, 0x40,

    /* U+2032 "′" */
    0x0, 0xe9, 0x7, 0xd0, 0x1e, 0x40, 0x36, 0x0,

    /* U+2033 "″" */
    0x5, 0xf3, 0x8e, 0x10, 0xd9, 0x1f, 0x60, 0x5e,
    0x18, 0xc0, 0x8, 0x50, 0xa2, 0x0,

    /* U+2034 "‴" */
    0x6, 0xf3, 0xe9, 0x7f, 0x20, 0xe8, 0x6e, 0x1e,
    0x80, 0x6d, 0xe, 0x66, 0xd0, 0x9, 0x43, 0x90,
    0x94, 0x0,

    /* U+2035 "‵" */
    0x3f, 0x50, 0x8, 0xd0, 0x0, 0xd6, 0x0, 0x36,

    /* U+2036 "‶" */
    0x9e, 0xc, 0xb0, 0x1, 0xe7, 0x3f, 0x30, 0x5,
    0xe0, 0x9b, 0x0, 0x9, 0x30, 0xb1,

    /* U+2037 "‷" */
    0xb, 0xd3, 0xf5, 0xbd, 0x0, 0x2, 0xf5, 0x9d,
    0x2f, 0x50, 0x0, 0x7d, 0x1e, 0x57, 0xc0, 0x0,
    0xa, 0x25, 0x80, 0xa2,

    /* U+2038 "‸" */
    0x0, 0x25, 0x0, 0x0, 0x9e, 0x10, 0x1, 0xd7,
    0x70, 0x9, 0x60, 0xd0, 0x1d, 0x0, 0x87,

    /* U+2039 "‹" */
    0x0, 0x0, 0x0, 0xa, 0xa0, 0x7, 0xf5, 0x4,
    0xf9, 0x0, 0x6f, 0x60, 0x0, 0x9f, 0x30, 0x0,
    0xcb, 0x0, 0x1, 0x0,

    /* U+203A "›" */
    0x2, 0x0, 0x6, 0xf4, 0x0, 0xb, 0xe2, 0x0,
    0x1e, 0xd0, 0x4, 0xf8, 0x1, 0xeb, 0x0, 0x4c,
    0x10, 0x0,

    /* U+203B "※" */
    0x17, 0x0, 0x6f, 0x30, 0x8, 0x3, 0xfa, 0x6,
    0xf3, 0x1c, 0xd1, 0x3, 0xeb, 0x0, 0x1d, 0xd1,
    0x0, 0x2, 0xec, 0x3d, 0xc1, 0x0, 0xae, 0x2,
    0xef, 0xc0, 0x2f, 0x6a, 0xe0, 0x2e, 0xfc, 0x12,
    0xf7, 0x0, 0x3e, 0xb2, 0xdd, 0x10, 0x0, 0x3f,
    0xa0, 0x1, 0xdd, 0x10, 0x3f, 0x90, 0x6f, 0x31,
    0xce, 0x10, 0x70, 0x6, 0xf2, 0x0, 0x70,

    /* U+203C "‼" */
    0x9f, 0x60, 0xff, 0x9, 0xf6, 0xf, 0xf0, 0x8f,
    0x50, 0xef, 0x7, 0xf4, 0xe, 0xe0, 0x7f, 0x40,
    0xde, 0x6, 0xf3, 0xd, 0xd0, 0x6f, 0x20, 0xcc,
    0x1, 0x60, 0x4, 0x40, 0xaf, 0x71, 0xff, 0x17,
    0xf4, 0xd, 0xd0,

    /* U+203D "‽" */
    0x4b, 0xff, 0xc3, 0x7, 0xdf, 0xad, 0xe0, 0x3,
    0xf5, 0x6f, 0x20, 0x2f, 0x49, 0xf1, 0x1, 0xfb,
    0xf6, 0x0, 0x1f, 0xf4, 0x0, 0x0, 0xf9, 0x0,
    0x0, 0x7, 0x40, 0x0, 0x4, 0xfd, 0x0, 0x0,
    0x2e, 0xa0, 0x0,

    /* U+203E "‾" */
    0x0, 0x0, 0xe, 0xff, 0xf5, 0x33, 0x33, 0x10,

    /* U+203F "‿" */
    0x0, 0x0, 0x0, 0x0, 0x8, 0x20, 0x0, 0x0,
    0xa0, 0x1c, 0x40, 0x2, 0xb6, 0x0, 0x1a, 0xed,
    0xc4, 0x0,

    /* U+2040 "⁀" */
    0x1, 0xae, 0xec, 0x40, 0x1, 0xc4, 0x0, 0x2a,
    0x60, 0x82, 0x0, 0x0, 0xa, 0x0, 0x0, 0x0,
    0x0, 0x0,

    /* U+2041 "⁁" */
    0x0, 0x0, 0x13, 0x0, 0x0, 0x96, 0x0, 0x1,
    0xe0, 0x0, 0x7, 0x80, 0x0, 0xe, 0x10, 0x0,
    0x6a, 0x0, 0x0, 0xdd, 0x0, 0x4, 0xb9, 0x40,
    0xb, 0x43, 0xc0, 0x2d, 0x0, 0xc3,

    /* U+2042 "⁂" */
    0x0, 0x0, 0x0, 0x4, 0xf1, 0x0, 0x0, 0x0,
    0x0, 0x0, 0x0, 0x3, 0xf0, 0x0, 0x0, 0x0,
    0x0, 0x0, 0x8, 0xeb, 0xfa, 0xf5, 0x0, 0x0,
    0x0, 0x0, 0x2, 0x6d, 0xfb, 0x62, 0x0, 0x0,
    0x0, 0x0, 0x0, 0x3f, 0x9e, 0x10, 0x0, 0x0,
    0x0, 0x0, 0x0, 0x9b, 0xd, 0x60, 0x0, 0x0,
    0x0, 0x5, 0x60, 0x0, 0x0, 0x0, 0x73, 0x0,
    0x0, 0x9, 0xb0, 0x0, 0x0, 0x0, 0xe5, 0x0,
    0x7, 0x59, 0xa4, 0x80, 0x1, 0x83, 0xd6, 0x66,
    0xb, 0xef, 0xff, 0xd0, 0x3, 0xdf, 0xff, 0xe9,
    0x0, 0x3f, 0xe5, 0x0, 0x0, 0x9, 0xee, 0x10,
    0x1, 0xe8, 0x7f, 0x20, 0x0, 0x4f, 0x3c, 0xc0,
    0x0, 0x51, 0x6, 0x0, 0x0, 0x6, 0x3, 0x30,

    /* U+2043 "⁃" */
    0x89, 0x99, 0x2e, 0xff, 0xf4,

    /* U+2044 "⁄" */
    0x0, 0x0, 0xc8, 0x0, 0x3, 0xf2, 0x0, 0xa,
    0xb0, 0x0, 0x1f, 0x40, 0x0, 0x7d, 0x0, 0x0,
    0xd7, 0x0, 0x4, 0xf1, 0x0, 0xb, 0xa0, 0x0,
    0x2f, 0x30, 0x0, 0x8c, 0x0, 0x0,

    /* U+2045 "⁅" */
    0x6f, 0xff, 0x6, 0xf6, 0x50, 0x6f, 0x10, 0x6,
    0xf1, 0x0, 0x6f, 0x10, 0x6, 0xf2, 0x0, 0x6f,
    0xff, 0x6, 0xf5, 0x30, 0x6f, 0x10, 0x6, 0xf1,
    0x0, 0x6f, 0x20, 0x6, 0xff, 0xf0, 0x13, 0x33,
    0x0,

    /* U+2046 "⁆" */
    0xaf, 0xfd, 0x35, 0xdd, 0x0, 0xbd, 0x0, 0xbd,
    0x0, 0xbd, 0x1, 0xcd, 0xaf, 0xfd, 0x24, 0xcd,
    0x0, 0xbd, 0x0, 0xbd, 0x1, 0xcd, 0xaf, 0xfd,
    0x24, 0x43,

    /* U+2047 "⁇" */
    0x8, 0xdf, 0xea, 0x0, 0x6c, 0xff, 0xb2, 0x0,
    0xeb, 0x8a, 0xf9, 0xa, 0xc8, 0x9f, 0xd0, 0x0,
    0x0, 0xe, 0xc0, 0x0, 0x0, 0xaf, 0x0, 0x0,
    0x4, 0xf8, 0x0, 0x0, 0x1e, 0xc0, 0x0, 0x7,
    0xfa, 0x0, 0x0, 0x4e, 0xd1, 0x0, 0x4, 0xf8,
    0x0, 0x0, 0xf, 0xb0, 0x0, 0x0, 0x4b, 0x10,
    0x0, 0x1, 0xb4, 0x0, 0x0, 0x1, 0x40, 0x0,
    0x0, 0x4, 0x10, 0x0, 0x0, 0xaf, 0x60, 0x0,
    0x6, 0xfa, 0x0, 0x0, 0x8, 0xf4, 0x0, 0x0,
    0x4f, 0x80, 0x0,

    /* U+2048 "⁈" */
    0x5b, 0xff, 0xcd, 0xf5, 0x8d, 0x98, 0xff, 0xf5,
    0x0, 0x0, 0x8f, 0xf4, 0x0, 0x0, 0xbf, 0xf3,
    0x0, 0xa, 0xfd, 0xf3, 0x0, 0xaf, 0x57, 0xf2,
    0x0, 0xf9, 0x7, 0xf2, 0x0, 0x83, 0x3, 0x80,
    0x4, 0xfd, 0xb, 0xf6, 0x2, 0xea, 0x8, 0xf3,

    /* U+2049 "⁉" */
    0x1f, 0xfc, 0xff, 0xd4, 0x0, 0xff, 0xc7, 0x6d,
    0xf1, 0xf, 0xe0, 0x0, 0x6f, 0x40, 0xfd, 0x0,
    0xb, 0xf2, 0xe, 0xd0, 0xb, 0xf7, 0x0, 0xec,
    0x9, 0xf5, 0x0, 0xd, 0xb0, 0xea, 0x0, 0x0,
    0x43, 0x5, 0x30, 0x0, 0x1f, 0xf3, 0xfe, 0x0,
    0x0, 0xec, 0x1e, 0xb0, 0x0,

    /* U+204A "⁊" */
    0x6f, 0xff, 0xff, 0xf5, 0x25, 0x55, 0x5b, 0xf1,
    0x0, 0x0, 0x1f, 0x80, 0x0, 0x0, 0x9e, 0x0,
    0x0, 0x2, 0xf7, 0x0, 0x0, 0xb, 0xd0, 0x0,
    0x0, 0x4f, 0x50, 0x0, 0x0, 0xdc, 0x0, 0x0,

    /* U+204B "⁋" */
    0x5f, 0xff, 0xfe, 0x70, 0x5b, 0x3f, 0xff, 0xf4,
    0x5a, 0x3f, 0xff, 0xf9, 0x5a, 0x3f, 0xff, 0xfb,
    0x5a, 0x3f, 0xff, 0xfa, 0x5a, 0x3f, 0xff, 0xf7,
    0x5a, 0x3f, 0xff, 0xc0, 0x5a, 0x3d, 0x43, 0x0,
    0x5a, 0x3c, 0x0, 0x0, 0x5a, 0x3c, 0x0, 0x0,
    0x5a, 0x3c, 0x0, 0x0, 0x5a, 0x3c, 0x0, 0x0,
    0x5a, 0x3c, 0x0, 0x0, 0x0, 0x0, 0x0, 0x0,

    /* U+204C "⁌" */
    0x3, 0xcf, 0xff, 0xfc, 0xe, 0xff, 0xfa, 0x7c,
    0x4f, 0xff, 0xf8, 0x4c, 0x5f, 0xff, 0xf8, 0x4c,
    0x5f, 0xff, 0xf8, 0x4c, 0x1f, 0xff, 0xf8, 0x4c,
    0x6, 0xff, 0xff, 0xfc, 0x0, 0x3, 0x33, 0x32,

    /* U+204D "⁍" */
    0x6f, 0xff, 0xfe, 0x80, 0x6b, 0x5f, 0xff, 0xf5,
    0x6a, 0x2f, 0xff, 0xfa, 0x6a, 0x2f, 0xff, 0xfb,
    0x6a, 0x2f, 0xff, 0xfb, 0x6a, 0x2f, 0xff, 0xf7,
    0x6f, 0xff, 0xff, 0xb0, 0x13, 0x33, 0x32, 0x0,

    /* U+204E "⁎" */
    0x0, 0x7d, 0x0, 0x0, 0x6, 0xc0, 0x10, 0xbd,
    0xce, 0xcf, 0x23, 0x6e, 0xf9, 0x51, 0x7, 0xe9,
    0xd0, 0x0, 0xb7, 0x1e, 0x30, 0x0, 0x0, 0x0,
    0x0,

    /* U+204F "⁏" */
    0x1e, 0xc0, 0x2f, 0xf0, 0x3, 0x20, 0x0, 0x0,
    0x0, 0x0, 0x0, 0x0, 0xe, 0xf0, 0xa, 0xf1,
    0x4, 0xf4, 0x0, 0xe7, 0x0, 0x10,

    /* U+2050 "⁐" */
    0x2, 0xae, 0xec, 0x50, 0x1, 0xc4, 0x0, 0x1a,
    0x60, 0x72, 0x0, 0x0, 0x9, 0x0, 0x0, 0x0,
    0x0, 0x0, 0x0, 0x0, 0x0, 0x0, 0x0, 0x0,
    0x0, 0x0, 0x0, 0x0, 0x0, 0x0, 0x0, 0x0,
    0x0, 0x0, 0x0, 0x0, 0x0, 0x0, 0x0, 0x0,
    0x0, 0x0, 0x0, 0x0, 0x0, 0x0, 0x0, 0x0,
    0x0, 0x7, 0x20, 0x0, 0x0, 0x90, 0x2c, 0x40,
    0x1, 0xa7, 0x0, 0x2a, 0xed, 0xc5, 0x0,

    /* U+2051 "⁑" */
    0x0, 0x7d, 0x0, 0x1, 0x6, 0xc0, 0x10, 0xbe,
    0xde, 0xdf, 0x22, 0x5f, 0xf9, 0x40, 0x8, 0xd8,
    0xe1, 0x0, 0x95, 0xc, 0x30, 0x0, 0x0, 0x0,
    0x0, 0x7, 0xd0, 0x0, 0x0, 0x6c, 0x1, 0xb,
    0xdc, 0xec, 0xf2, 0x36, 0xef, 0x95, 0x10, 0x7e,
    0x9d, 0x0, 0xb, 0x71, 0xe3, 0x0, 0x0, 0x0,
    0x0,

    /* U+2052 "⁒" */
    0x6f, 0x50, 0xac, 0x6f, 0x51, 0xf5, 0x0, 0x7,
    0xe0, 0x0, 0xe, 0x80, 0x0, 0x4f, 0x20, 0x0,
    0xbb, 0x0, 0x2, 0xf4, 0x0, 0x8, 0xe0, 0x0,
    0xe, 0x70, 0xec, 0x6f, 0x10, 0xec,

    /* U+2053 "⁓" */
    0x0, 0x0, 0x0, 0x0, 0x0, 0x0, 0x0, 0x0,
    0x4c, 0xff, 0xeb, 0x85, 0x30, 0x4, 0xe1, 0x2e,
    0x63, 0x46, 0x9c, 0xff, 0xff, 0xe5, 0x1, 0x20,
    0x0, 0x0, 0x0, 0x13, 0x20, 0x0,

    /* U+2054 "⁔" */
    0x1, 0x9d, 0xdb, 0x30, 0x1, 0xc5, 0x0, 0x3c,
    0x40, 0x92, 0x0, 0x0, 0xb, 0x0, 0x0, 0x0,
    0x0, 0x0,

    /* U+2055 "⁕" */
    0x0, 0x1, 0x30, 0x0, 0x1, 0x35, 0xb0, 0x40,
    0x6, 0xe7, 0xba, 0xc0, 0x0, 0x9f, 0xfe, 0x10,
    0x5f, 0xff, 0xff, 0xfb, 0x2, 0x9f, 0xfe, 0x31,
    0x5, 0xe7, 0xb9, 0xc0, 0x0, 0x15, 0xb0, 0x20,

    /* U+2056 "⁖" */
    0x0, 0x0, 0xe, 0xc0, 0x0, 0x0, 0xec, 0x0,
    0x0, 0x0, 0x0, 0x0, 0x0, 0x0, 0x2f, 0xb0,
    0x0, 0x2, 0xfa, 0x0, 0x0, 0x0, 0x0, 0x0,
    0x0, 0x0, 0x0, 0x0, 0x0, 0x0, 0xe, 0xd0,
    0x0, 0x0, 0xec,

    /* U+2057 "⁗" */
    0x0, 0xdb, 0x2f, 0x76, 0xf3, 0xad, 0x0, 0x5f,
    0x19, 0xc0, 0xd8, 0x2f, 0x40, 0xd, 0x71, 0xf3,
    0x5e, 0x9, 0xa0, 0x2, 0xa0, 0x57, 0x9, 0x40,
    0xb1, 0x0,

    /* U+2058 "⁘" */
    0x0, 0x9, 0xe2, 0x0, 0x0, 0x0, 0x9f, 0x20,
    0x0, 0x0, 0x0, 0x0, 0x0, 0x0, 0x0, 0x0,
    0x0, 0x0, 0xaf, 0x10, 0x0, 0xaf, 0x19, 0xe1,
    0x0, 0xa, 0xe1, 0x0, 0x0, 0x0, 0x0, 0x0,
    0x0, 0x0, 0x0, 0x0, 0x0, 0x9, 0xf2, 0x0,
    0x0, 0x0, 0x9e, 0x10, 0x0,

    /* U+2059 "⁙" */
    0x7f, 0x40, 0x0, 0xdd, 0x8, 0xf4, 0x0, 0xd,
    0xe0, 0x0, 0x0, 0x0, 0x0, 0x0, 0x0, 0x0,
    0x0, 0x0, 0x0, 0xb, 0xf1, 0x0, 0x0, 0x0,
    0xae, 0x10, 0x0, 0x0, 0x0, 0x0, 0x0, 0x0,
    0x0, 0x0, 0x0, 0x0, 0x8f, 0x40, 0x0, 0xed,
    0x7, 0xf4, 0x0, 0xd, 0xd0,

    /* U+205A "⁚" */
    0xae, 0x1c, 0xf2, 0x1, 0x0, 0x0, 0x0, 0x0,
    0x0, 0x0, 0x0, 0x10, 0xcf, 0x2a, 0xe1,

    /* U+205B "⁛" */
    0x0, 0xa, 0xe1, 0x0, 0x0, 0x0, 0xcf, 0x20,
    0x0, 0x0, 0x0, 0x10, 0x0, 0x0, 0x0, 0x0,
    0x0, 0x0, 0x9e, 0x20, 0x0, 0xbe, 0xb, 0xf3,
    0x0, 0xd, 0xf1, 0x2, 0x0, 0x0, 0x1, 0x0,
    0x0, 0x0, 0x0, 0x0, 0x0, 0x0, 0x10, 0x0,
    0x0, 0x0, 0xcf, 0x20, 0x0, 0x0, 0xa, 0xe1,
    0x0, 0x0,

    /* U+205C "⁜" */
    0x0, 0x7, 0xd0, 0x0, 0x3, 0xf5, 0x7d, 0xe,
    0x90, 0x5f, 0x77, 0xd1, 0xfb, 0x0, 0x20, 0x7d,
    0x1, 0x0, 0x11, 0x18, 0xd1, 0x11, 0xe, 0xff,
    0xff, 0xff, 0xf4, 0x44, 0x49, 0xe4, 0x44, 0x10,
    0x0, 0x7d, 0x0, 0x0, 0x3f, 0x57, 0xd1, 0xe8,
    0x5, 0xf7, 0x7d, 0x2f, 0xa0, 0x2, 0x7, 0xd0,
    0x10, 0x0, 0x0, 0x11, 0x0, 0x0,

    /* U+205D "⁝" */
    0xae, 0x2c, 0xf2, 0x12, 0xa, 0xe2, 0xcf, 0x20,
    0x10, 0x0, 0x1, 0x20, 0xcf, 0x3a, 0xe1,

    /* U+205E "⁞" */
    0xae, 0x2c, 0xf2, 0xbf, 0x2c, 0xf2, 0x1, 0xa,
    0xe2, 0xcf, 0x21, 0x20, 0xcf, 0x2a, 0xe2,

    /* U+20A0 "₠" */
    0x3, 0xcf, 0xe7, 0x0, 0xe, 0xf8, 0x84, 0x0,
    0x5f, 0x60, 0x11, 0x11, 0x6f, 0x32, 0xff, 0xfc,
    0x6f, 0x52, 0xf9, 0x43, 0x2f, 0xc4, 0xf7, 0x10,
    0x7, 0xff, 0xff, 0xf9, 0x0, 0x15, 0xf9, 0x42,
    0x0, 0x2, 0xfa, 0x64, 0x0, 0x2, 0xff, 0xfc,

    /* U+20A1 "₡" */
    0x0, 0x0, 0x57, 0x75, 0x0, 0x2a, 0xff, 0xf7,
    0x2, 0xff, 0xf9, 0xf6, 0xb, 0xf4, 0xd1, 0xb0,
    0xf, 0xc2, 0xa4, 0x80, 0x3f, 0x95, 0x78, 0x50,
    0x3f, 0x99, 0x4b, 0x20, 0x1f, 0xbc, 0x1d, 0x0,
    0xd, 0xfd, 0x1b, 0x0, 0x4, 0xff, 0xcd, 0xc5,
    0x0, 0x8e, 0xff, 0xc3, 0x0, 0x63, 0x71, 0x0,

    /* U+20A2 "₢" */
    0x0, 0x3b, 0xff, 0xd8, 0x0, 0x4f, 0xf9, 0x8b,
    0xa0, 0xd, 0xf2, 0x0, 0x0, 0x2, 0xf9, 0x4,
    0x43, 0x60, 0x5f, 0x70, 0xad, 0xfc, 0x5, 0xf7,
    0xa, 0xf4, 0x0, 0x3f, 0xa0, 0xaf, 0x0, 0x0,
    0xef, 0x2a, 0xf0, 0x0, 0x5, 0xff, 0xef, 0xa9,
    0x0, 0x4, 0xcf, 0xfd, 0x60,

    /* U+20A3 "₣" */
    0x0, 0xff, 0xff, 0xf5, 0x0, 0xfd, 0x99, 0x93,
    0x0, 0xfb, 0x0, 0x0, 0x0, 0xfb, 0x0, 0x0,
    0x0, 0xff, 0xff, 0xf2, 0x0, 0xfd, 0x99, 0x91,
    0x0, 0xfb, 0x0, 0x0, 0x3f, 0xff, 0xfc, 0x0,
    0x2, 0xfc, 0x21, 0x0, 0x0, 0xfb, 0x0, 0x0,

    /* U+20A4 "₤" */
    0x1, 0xaf, 0xfd, 0x60, 0x8f, 0xa7, 0x94, 0xb,
    0xf0, 0x0, 0xf, 0xff, 0xff, 0x80, 0x2b, 0xf2,
    0x21, 0xf, 0xff, 0xff, 0x80, 0x2c, 0xf2, 0x21,
    0x0, 0xeb, 0x0, 0x0, 0xbf, 0xa8, 0x88, 0x7f,
    0xff, 0xff, 0xfd,

    /* U+20A5 "₥" */
    0x0, 0x0, 0x0, 0x81, 0x0, 0x0, 0x7, 0xc0,
    0x7d, 0xaf, 0x7e, 0xf6, 0x7f, 0x9d, 0xfe, 0xdc,
    0x7f, 0x19, 0xf6, 0xad, 0x7f, 0x9, 0xf0, 0xae,
    0x7f, 0xc, 0xf0, 0xae, 0x7f, 0x4f, 0xf0, 0xae,
    0x7f, 0xbf, 0xf0, 0xae, 0x7f, 0xfb, 0xf0, 0xae,
    0x9, 0xa0, 0x0, 0x0, 0x7, 0x20, 0x0, 0x0,

    /* U+20A6 "₦" */
    0xf, 0xf4, 0x3, 0xf4, 0x0, 0xfe, 0xa0, 0x3f,
    0x40, 0xf, 0xaf, 0x3, 0xf4, 0xc, 0xff, 0xfe,
    0xef, 0xe4, 0x1f, 0x7b, 0xb4, 0xf5, 0xe, 0xff,
    0xff, 0xff, 0xf4, 0xf, 0x60, 0xf8, 0xf4, 0x0,
    0xf6, 0xa, 0xdf, 0x40, 0xf, 0x60, 0x5f, 0xf4,
    0x0, 0xf6, 0x0, 0xff, 0x40,

    /* U+20A7 "₧" */
    0x6f, 0xff, 0xa0, 0x0, 0x6, 0xfa, 0xbf, 0x80,
    0x0, 0x6f, 0x50, 0xfc, 0x0, 0x6, 0xf5, 0xf,
    0xc3, 0x0, 0x6f, 0xab, 0xfc, 0xf0, 0x6, 0xff,
    0xec, 0xdf, 0xf6, 0x6f, 0x50, 0x17, 0xf2, 0x16,
    0xf5, 0x0, 0x6f, 0x0, 0x6f, 0x50, 0x5, 0xf4,
    0x16, 0xf5, 0x0, 0x1c, 0xf5,

    /* U+20A8 "₨" */
    0xcf, 0xff, 0xb3, 0x0, 0x0, 0x0, 0x0, 0xc,
    0xf8, 0xaf, 0xf1, 0x0, 0x0, 0x0, 0x0, 0xcf,
    0x0, 0x8f, 0x50, 0x6, 0xdf, 0xfc, 0x3c, 0xf0,
    0x8, 0xf4, 0x2, 0xfd, 0x88, 0xd2, 0xcf, 0x8a,
    0xfd, 0x0, 0x3f, 0xa0, 0x0, 0xc, 0xff, 0xfd,
    0x10, 0x0, 0xcf, 0xe8, 0x10, 0xcf, 0xb, 0xf2,
    0x0, 0x0, 0x5c, 0xff, 0x2c, 0xf0, 0x2f, 0xa0,
    0x0, 0x0, 0x6, 0xf8, 0xcf, 0x0, 0x9f, 0x40,
    0x5a, 0x65, 0xaf, 0x6c, 0xf0, 0x1, 0xfd, 0x4,
    0xdf, 0xfe, 0x80,

    /* U+20A9 "₩" */
    0xb7, 0x8, 0xf0, 0xf, 0x39, 0x90, 0xbf, 0x22,
    0xf0, 0x6c, 0xd, 0xc5, 0x4d, 0x4, 0xe0, 0xf8,
    0x87, 0xb0, 0xef, 0xff, 0xff, 0xff, 0x60, 0xf7,
    0xb3, 0xca, 0x60, 0xd, 0xb8, 0x1e, 0xc4, 0x0,
    0xbe, 0x60, 0xfe, 0x20, 0x9, 0xf4, 0xd, 0xf0,
    0x0, 0x7f, 0x20, 0xae, 0x0,

    /* U+20AA "₪" */
    0x2f, 0xff, 0xb1, 0x79, 0x2e, 0x12, 0xc8, 0x79,
    0x2e, 0x4c, 0x6a, 0x79, 0x2e, 0x4c, 0x6b, 0x79,
    0x2e, 0x4c, 0x6b, 0x79, 0x2e, 0x4c, 0x6b, 0x79,
    0x2e, 0x4c, 0x6b, 0x79, 0x2e, 0x4c, 0x24, 0x89,
    0x2e, 0x4d, 0x13, 0xd6, 0x2e, 0x4f, 0xff, 0x90,

    /* U+20AB "₫" */
    0x0, 0x0, 0x3, 0xf8, 0x0, 0x0, 0x6f, 0xff,
    0xf6, 0x0, 0x1, 0x35, 0xf9, 0x10, 0x2c, 0xfe,
    0x7f, 0x80, 0xd, 0xfa, 0x8e, 0xf8, 0x3, 0xfb,
    0x0, 0x5f, 0x80, 0x5f, 0x70, 0x2, 0xf8, 0x5,
    0xf6, 0x0, 0x2f, 0x80, 0x3f, 0xa0, 0x5, 0xf8,
    0x0, 0xdf, 0x98, 0xef, 0x80, 0x2, 0xcf, 0xd3,
    0xf8, 0x0, 0x0, 0x0, 0x0, 0x0, 0xff, 0xff,
    0xff, 0xff, 0x68, 0x88, 0x88, 0x88, 0x83,

    /* U+20AC "€" */
    0x0, 0x8, 0xef, 0xe9, 0x0, 0xb, 0xfb, 0x79,
    0x80, 0x4, 0xf8, 0x0, 0x0, 0x6, 0xff, 0xff,
    0xf5, 0x0, 0x9, 0xf4, 0x22, 0x0, 0x6, 0xff,
    0xff, 0xf5, 0x0, 0x16, 0xf8, 0x22, 0x0, 0x0,
    0x1f, 0xd0, 0x0, 0x0, 0x0, 0x7f, 0xd8, 0x99,
    0x0, 0x0, 0x6d, 0xfe, 0x70,

    /* U+20AD "₭" */
    0xd, 0xe0, 0x4, 0xf8, 0x0, 0xde, 0x1, 0xec,
    0x0, 0xd, 0xe0, 0xce, 0x10, 0x0, 0xde, 0x8f,
    0x40, 0x0, 0xdf, 0xff, 0xff, 0xf5, 0x2, 0xef,
    0x9f, 0xa3, 0x10, 0xd, 0xe0, 0xcf, 0x10, 0x0,
    0xde, 0x3, 0xf9, 0x0, 0xd, 0xe0, 0xb, 0xf2,
    0x0, 0xde, 0x0, 0x3f, 0xb0,

    /* U+20AE "₮" */
    0x8f, 0xff, 0xff, 0xfe, 0x49, 0x9d, 0xf9, 0x98,
    0x0, 0xa, 0xf3, 0x60, 0x0, 0xa, 0xfe, 0x60,
    0x0, 0x2d, 0xf2, 0x0, 0x5, 0xee, 0xfa, 0xb0,
    0x2, 0x2b, 0xf9, 0x0, 0x0, 0x9f, 0xf1, 0x0,
    0x7, 0x9b, 0xf1, 0x0, 0x0, 0xa, 0xf1, 0x0,

    /* U+20AF "₯" */
    0x8f, 0xf9, 0x0, 0x0, 0x4, 0x57, 0xf6, 0x0,
    0x0, 0xd, 0x7a, 0xb0, 0x0, 0x0, 0xf5, 0x7d,
    0x0, 0x0, 0x1f, 0x27, 0xd0, 0x0, 0x4, 0xf0,
    0x9b, 0x7e, 0x90, 0x6e, 0xc, 0x9f, 0x5f, 0x18,
    0xb1, 0xf8, 0xe0, 0xf1, 0xac, 0xcc, 0x6d, 0x3e,
    0xc, 0xfc, 0x29, 0xef, 0x60, 0x0, 0x0, 0xb7,
    0x0, 0x0, 0x0, 0xe, 0x40, 0x0, 0x0, 0x0,
    0xf2, 0x0, 0x0,

    /* U+20B0 "₰" */
    0x0, 0x2, 0xcf, 0xc2, 0x0, 0xa, 0xf7, 0xfa,
    0x0, 0xd, 0xe0, 0xcc, 0x0, 0xb, 0xf0, 0xd9,
    0x0, 0x6, 0xf7, 0xf4, 0x0, 0x1, 0xff, 0xc0,
    0x0, 0x50, 0x9f, 0x60, 0x4, 0xf4, 0xef, 0xd0,
    0xd, 0xdf, 0xb8, 0xf4, 0x6e, 0x1d, 0x12, 0xfa,
    0x0, 0x0, 0x0, 0xed, 0x0, 0x0, 0x47, 0xfb,
    0x0, 0x0, 0x8f, 0xd3,

    /* U+20B1 "₱" */
    0xb, 0xff, 0xfc, 0x30, 0x0, 0xbf, 0x89, 0xff,
    0x10, 0x9f, 0xfe, 0xef, 0xff, 0x10, 0xbf, 0x0,
    0x6f, 0x50, 0x9f, 0xfe, 0xef, 0xfe, 0x10, 0xbf,
    0x35, 0xfe, 0x0, 0xb, 0xff, 0xfe, 0x30, 0x0,
    0xbf, 0x53, 0x0, 0x0, 0xb, 0xf0, 0x0, 0x0,
    0x0, 0xbf, 0x0, 0x0, 0x0,

    /* U+20B2 "₲" */
    0x0, 0x0, 0xf1, 0x0, 0x0, 0x5c, 0xff, 0xc3,
    0x7, 0xfe, 0xfa, 0xc2, 0x1f, 0xe1, 0xf1, 0x0,
    0x5f, 0x70, 0xf1, 0x0, 0x7f, 0x40, 0xff, 0xfa,
    0x7f, 0x40, 0xf9, 0xfa, 0x6f, 0x60, 0xf1, 0xfa,
    0x1f, 0xd0, 0xf1, 0xfa, 0x9, 0xfd, 0xfa, 0xfa,
    0x0, 0x7d, 0xff, 0xc5, 0x0, 0x0, 0xf1, 0x0,
    0x0, 0x0, 0x0, 0x0,

    /* U+20B3 "₳" */
    0x0, 0xe, 0xf4, 0x0, 0x0, 0x3, 0xfd, 0x90,
    0x0, 0x0, 0x8e, 0x8e, 0x0, 0xc, 0xef, 0xff,
    0xfe, 0xe3, 0x13, 0xf7, 0x2f, 0x91, 0x0, 0x6f,
    0x20, 0xcc, 0x0, 0xcf, 0xfe, 0xef, 0xfe, 0x32,
    0xfa, 0x11, 0x5f, 0x70, 0x5f, 0x60, 0x0, 0xfb,
    0xa, 0xf2, 0x0, 0xb, 0xf0,

    /* U+20B4 "₴" */
    0x8, 0xdf, 0xfb, 0x20, 0x0, 0x8a, 0x8a, 0xfe,
    0x0, 0x0, 0x0, 0xb, 0xf2, 0xa, 0xee, 0xee,
    0xff, 0xe1, 0x11, 0x3b, 0xff, 0x51, 0xa, 0xef,
    0xff, 0xfe, 0xe1, 0x2f, 0xd2, 0x11, 0x11, 0x1,
    0xfb, 0x0, 0x0, 0x10, 0xd, 0xfa, 0x89, 0xe5,
    0x0, 0x1a, 0xef, 0xeb, 0x20,

    /* U+20B5 "₵" */
    0x0, 0x0, 0x6b, 0x0, 0x0, 0x2a, 0xff, 0xd6,
    0x2, 0xff, 0xde, 0xc6, 0xb, 0xf4, 0x6b, 0x0,
    0xf, 0xc0, 0x6b, 0x0, 0x3f, 0x90, 0x6b, 0x0,
    0x3f, 0x90, 0x6b, 0x0, 0x1f, 0xb0, 0x6b, 0x0,
    0xd, 0xf3, 0x6b, 0x0, 0x4, 0xff, 0xde, 0xc5,
    0x0, 0x4c, 0xff, 0xc3, 0x0, 0x0, 0x6b, 0x0,
    0x0, 0x0, 0x0, 0x0,

    /* U+20B6 "₶" */
    0x4, 0xf2, 0x3f, 0x30, 0x0, 0x7f, 0x25, 0xf3,
    0x0, 0xcf, 0xff, 0xff, 0xff, 0x67, 0xcf, 0x9c,
    0xf9, 0x73, 0x9, 0xf2, 0x8f, 0x30, 0x0, 0x9f,
    0x28, 0xf3, 0x0, 0x9, 0xf2, 0x8f, 0x30, 0x0,
    0x9f, 0x28, 0xf4, 0x0, 0x9, 0xf2, 0x5f, 0xc8,
    0x30, 0x9f, 0x20, 0xaf, 0xf3,

    /* U+20B7 "₷" */
    0x0, 0x0, 0x0, 0x0, 0x8e, 0xff, 0xc3, 0x0,
    0x0, 0x0, 0x0, 0x8f, 0xc8, 0x9c, 0x30, 0x0,
    0x0, 0x0, 0xc, 0xf0, 0x0, 0x0, 0x0, 0x0,
    0x0, 0x0, 0x8f, 0x70, 0x0, 0x0, 0x0, 0x0,
    0x0, 0x0, 0x9f, 0xe8, 0x10, 0x0, 0xbf, 0x80,
    0x0, 0x0, 0x28, 0xef, 0x50, 0x4d, 0x1f, 0xbf,
    0x9d, 0xe3, 0x0, 0xdf, 0x4, 0xf2, 0xf6, 0x5f,
    0x29, 0x90, 0xd, 0xf0, 0xc, 0xff, 0x88, 0xf5,
    0xad, 0x9e, 0xf9, 0x0, 0x6, 0xfe, 0xff, 0xff,
    0xfd, 0xa5, 0x0, 0x0, 0xf, 0x23, 0xe0, 0x7a,
    0x0, 0x0, 0x0, 0x0, 0x20, 0x2, 0x1, 0x10,
    0x0, 0x0,

    /* U+20B8 "₸" */
    0xaf, 0xff, 0xff, 0xff, 0x5, 0x99, 0x99, 0x99,
    0x90, 0xaf, 0xff, 0xff, 0xff, 0x5, 0x99, 0xdf,
    0x99, 0x90, 0x0, 0xb, 0xf1, 0x0, 0x0, 0x0,
    0xbf, 0x10, 0x0, 0x0, 0xb, 0xf1, 0x0, 0x0,
    0x0, 0xbf, 0x10, 0x0, 0x0, 0xb, 0xf1, 0x0,
    0x0, 0x0, 0xbf, 0x10, 0x0,

    /* U+20B9 "₹" */
    0x1f, 0xff, 0xff, 0xf5, 0x0, 0x4, 0xf8, 0x0,
    0x1a, 0xaa, 0xef, 0xa3, 0x5, 0x55, 0xee, 0x51,
    0x5, 0x6a, 0xf6, 0x0, 0xf, 0xf9, 0x40, 0x0,
    0x6, 0xf7, 0x0, 0x0, 0x0, 0xaf, 0x40, 0x0,
    0x0, 0x1e, 0xe1, 0x0, 0x0, 0x4, 0xfc, 0x0,

    /* U+20BA "₺" */
    0x4, 0xf7, 0x0, 0x0, 0x4, 0xf9, 0x8c, 0x0,
    0x2a, 0xfe, 0x83, 0x0, 0x9b, 0xf9, 0x8b, 0x0,
    0x29, 0xfe, 0x83, 0x0, 0x9b, 0xf7, 0x0, 0xa8,
    0x4, 0xf7, 0x0, 0xfa, 0x4, 0xf7, 0x7, 0xf5,
    0x4, 0xfc, 0xbf, 0xc0, 0x4, 0xff, 0xd7, 0x0,

    /* U+20BB "₻" */
    0x8f, 0xd1, 0x0, 0x0, 0xf, 0x6f, 0x60, 0x0,
    0x0, 0xbf, 0xff, 0xff, 0xe7, 0x0, 0x3f, 0xa5,
    0x58, 0xf2, 0x0, 0xfb, 0x13, 0xc, 0x60, 0xf,
    0xfc, 0xf6, 0xc5, 0x2, 0xfa, 0xb6, 0xef, 0x11,
    0xef, 0xa0, 0x0, 0x10, 0x5, 0x9f, 0x96, 0x81,
    0x0, 0x1, 0xae, 0xfe, 0x20,

    /* U+20BC "₼" */
    0x0, 0x9, 0xf0, 0x0, 0x0, 0x9, 0xf0, 0x0,
    0x0, 0x9, 0xf1, 0x0, 0x8, 0xff, 0xff, 0xc1,
    0x3f, 0xbb, 0xf7, 0xf9, 0x7f, 0x29, 0xf0, 0xcd,
    0x8f, 0x9, 0xf0, 0xae, 0x8f, 0x8, 0xd0, 0xae,
    0x8f, 0x0, 0x0, 0xae, 0x8f, 0x0, 0x0, 0xae,

    /* U+20BD "₽" */
    0xa, 0xff, 0xfe, 0x91, 0x0, 0xaf, 0x99, 0xcf,
    0xb0, 0xa, 0xf2, 0x0, 0xef, 0x0, 0xaf, 0x20,
    0xe, 0xf0, 0x6d, 0xfa, 0x9d, 0xf9, 0xc, 0xff,
    0xff, 0xd8, 0x0, 0xa, 0xf2, 0x0, 0x0, 0xc,
    0xff, 0xff, 0x60, 0x0, 0x2b, 0xf5, 0x31, 0x0,
    0x0, 0xaf, 0x20, 0x0, 0x0,

    /* U+20BE "₾" */
    0x0, 0x3, 0x74, 0x70, 0x0, 0x4, 0x95, 0x90,
    0x0, 0x6d, 0xff, 0xe7, 0x8, 0xff, 0xda, 0xe9,
    0x1f, 0xd5, 0x95, 0x90, 0x5f, 0x74, 0x95, 0x90,
    0x6f, 0x50, 0x0, 0x0, 0x4f, 0x60, 0x0, 0x0,
    0xe, 0xc0, 0x0, 0x0, 0x4, 0xf8, 0x0, 0x0,
    0x48, 0xbf, 0xd9, 0x87, 0x8f, 0xff, 0xff, 0xfe,

    /* U+20BF "₿" */
    0x7, 0x77, 0x70, 0x0, 0x77, 0x77, 0x0, 0xcf,
    0xff, 0xe7, 0xc, 0xe8, 0x8d, 0xf5, 0xcd, 0x0,
    0x4f, 0x7c, 0xd0, 0x8, 0xf4, 0xcf, 0xff, 0xf8,
    0xc, 0xe8, 0x8d, 0xf4, 0xcd, 0x0, 0x2f, 0xbc,
    0xd0, 0x1, 0xfb, 0xce, 0x88, 0xdf, 0x6c, 0xff,
    0xfe, 0x70, 0x7, 0x77, 0x70, 0x0, 0x33, 0x33,
    0x0,

    /* U+20C0 "⃀" */
    0x3, 0xbf, 0xfd, 0x33, 0xff, 0xa9, 0xc1, 0xbf,
    0x30, 0x0, 0xe, 0xe0, 0x0, 0x0, 0xed, 0x0,
    0x0, 0xb, 0xf3, 0x0, 0x0, 0x4f, 0xfa, 0x8b,
    0x40, 0x4c, 0xff, 0xd2, 0x0, 0x0, 0x0, 0xe,
    0xff, 0xff, 0xf1, 0x33, 0x33, 0x33, 0x0,

    /* U+2100 "℀" */
    0x0, 0x0, 0x0, 0x30, 0x6, 0xee, 0x80, 0x6d,
    0x0, 0x0, 0x3f, 0xc, 0x70, 0x9, 0xca, 0xf2,
    0xf1, 0x0, 0xe7, 0x8f, 0x8b, 0x0, 0x2, 0x63,
    0x5e, 0x50, 0x0, 0x0, 0x4, 0xe4, 0xa9, 0x10,
    0x0, 0xbb, 0xf5, 0x50, 0x0, 0x1f, 0x8d, 0x0,
    0x0, 0x7, 0xd4, 0xe0, 0x0, 0x0, 0xd6, 0xb,
    0xdd, 0x20, 0x0, 0x0, 0x1, 0x10,

    /* U+2101 "℁" */
    0x5d, 0xe8, 0x2, 0xc1, 0x0, 0x4, 0xf0, 0x9b,
    0x0, 0x9c, 0xaf, 0xf, 0x50, 0xe, 0x57, 0xf6,
    0xe0, 0x0, 0x5a, 0x68, 0xd8, 0x0, 0x0, 0x0,
    0x3f, 0x22, 0x10, 0x0, 0xa, 0xbe, 0xcd, 0x20,
    0x1, 0xf4, 0xd9, 0x30, 0x0, 0x7d, 0x0, 0x5e,
    0x30, 0xe, 0x71, 0xfd, 0xe2, 0x0, 0x30, 0x1,
    0x20, 0x0,

    /* U+2102 "ℂ" */
    0x0, 0x19, 0xcc, 0xcb, 0x0, 0x2d, 0xb0, 0x0,
    0x0, 0xb, 0x5a, 0x0, 0x0, 0x0, 0xc1, 0xa0,
    0x0, 0x0, 0x39, 0x1a, 0x0, 0x0, 0x3, 0x91,
    0xa0, 0x0, 0x0, 0x1c, 0x1a, 0x0, 0x0, 0x0,
    0xc4, 0xa0, 0x0, 0x0, 0x3, 0xeb, 0x0, 0x0,
    0x0, 0x2, 0xac, 0xcc, 0xa0,

    /* U+2103 "℃" */
    0x0, 0x10, 0x0, 0x0, 0x0, 0x21, 0x0, 0x4f,
    0xfa, 0x0, 0x1, 0xaf, 0xff, 0xd0, 0xd5, 0xe,
    0x40, 0xc, 0xfa, 0x68, 0x90, 0xd5, 0xe, 0x40,
    0x5f, 0x80, 0x0, 0x0, 0x5f, 0xeb, 0x0, 0xaf,
    0x10, 0x0, 0x0, 0x1, 0x20, 0x0, 0xdf, 0x0,
    0x0, 0x0, 0x0, 0x0, 0x0, 0xdf, 0x0, 0x0,
    0x0, 0x0, 0x0, 0x0, 0xbf, 0x10, 0x0, 0x0,
    0x0, 0x0, 0x0, 0x7f, 0x70, 0x0, 0x0, 0x0,
    0x0, 0x0, 0x1e, 0xf9, 0x68, 0x90, 0x0, 0x0,
    0x0, 0x2, 0xcf, 0xff, 0x90, 0x0, 0x0, 0x0,
    0x0, 0x1, 0x20, 0x0,

    /* U+2104 "℄" */
    0x0, 0xf, 0x20, 0x0, 0x0, 0x8, 0xfb, 0x60,
    0x0, 0xc, 0x9f, 0x44, 0x0, 0x3, 0xe0, 0xf2,
    0x0, 0x0, 0x4c, 0xf, 0x20, 0x0, 0x3, 0xe0,
    0xf2, 0x0, 0x0, 0xc, 0x8f, 0x44, 0x0, 0x0,
    0x18, 0xfc, 0x60, 0x0, 0x0, 0xf, 0x20, 0x0,
    0x0, 0x0, 0xff, 0xff, 0xf0,

    /* U+2105 "℅" */
    0x0, 0x20, 0x2, 0x10, 0x5, 0xfd, 0xa1, 0xf4,
    0x0, 0xe6, 0x0, 0x7e, 0x0, 0xf, 0x40, 0xd,
    0x70, 0x0, 0xbc, 0x69, 0xf1, 0x0, 0x0, 0x79,
    0xea, 0x0, 0x0, 0x0, 0x1f, 0x5a, 0xc6, 0x0,
    0x7, 0xda, 0xa3, 0xf3, 0x0, 0xe7, 0xd5, 0xd,
    0x60, 0x4f, 0x1c, 0x70, 0xe4, 0xb, 0xa0, 0x4e,
    0xdb, 0x0, 0x0, 0x0, 0x1, 0x0,

    /* U+2106 "℆" */
    0x0, 0x0, 0x0, 0x0, 0x2, 0xdf, 0xc0, 0xe5,
    0x0, 0xb9, 0x1, 0x6e, 0x0, 0xd, 0x60, 0xc,
    0x80, 0x0, 0xbb, 0x15, 0xf2, 0x0, 0x2, 0xbe,
    0xfb, 0x0, 0x0, 0x0, 0x1f, 0xe0, 0xc, 0x20,
    0x7, 0xff, 0x0, 0xf3, 0x0, 0xdb, 0xf0, 0xf,
    0x30, 0x4f, 0x4f, 0x13, 0xf3, 0xb, 0xa0, 0xcf,
    0xce, 0x30, 0x0, 0x0, 0x0, 0x0,

    /* U+2107 "ℇ" */
    0x0, 0x0, 0x21, 0x0, 0x1, 0xbf, 0xff, 0xd6,
    0xb, 0xf9, 0x67, 0xc9, 0xe, 0xd0, 0x0, 0x0,
    0x9, 0xf5, 0x0, 0x0, 0x0, 0x8f, 0xff, 0x90,
    0x8, 0xfc, 0x87, 0x40, 0x2f, 0xb0, 0x0, 0x0,
    0x3f, 0xa0, 0x0, 0x0, 0xd, 0xf9, 0x66, 0x8b,
    0x2, 0xbf, 0xff, 0xfa, 0x0, 0x0, 0x21, 0x0,

    /* U+2108 "℈" */
    0x0, 0x11, 0x0, 0x0, 0x3e, 0xff, 0xf9, 0x10,
    0x1a, 0x54, 0x8f, 0xc0, 0x0, 0x0, 0x6, 0xf6,
    0x0, 0x0, 0x0, 0xfb, 0x1, 0xff, 0xff, 0xfd,
    0x0, 0x66, 0x66, 0xed, 0x0, 0x0, 0x0, 0xfc,
    0x0, 0x0, 0x7, 0xf7, 0x19, 0x55, 0x9f, 0xd0,
    0x1e, 0xff, 0xfa, 0x10, 0x0, 0x12, 0x0, 0x0,

    /* U+2109 "℉" */
    0x0, 0x1, 0x0, 0x0, 0x0, 0x0, 0x0, 0x0,
    0x5f, 0xfa, 0x0, 0x1f, 0xff, 0xff, 0xf0, 0xf,
    0x40, 0xe4, 0x1, 0xfd, 0x88, 0x88, 0x0, 0xf3,
    0xe, 0x40, 0x1f, 0x90, 0x0, 0x0, 0x7, 0xfe,
    0xb0, 0x1, 0xf9, 0x0, 0x0, 0x0, 0x1, 0x20,
    0x0, 0x1f, 0xd8, 0x88, 0x70, 0x0, 0x0, 0x0,
    0x1, 0xff, 0xff, 0xfd, 0x0, 0x0, 0x0, 0x0,
    0x1f, 0x90, 0x0, 0x0, 0x0, 0x0, 0x0, 0x1,
    0xf9, 0x0, 0x0, 0x0, 0x0, 0x0, 0x0, 0x1f,
    0x90, 0x0, 0x0, 0x0, 0x0, 0x0, 0x1, 0xf9,
    0x0, 0x0, 0x0,

    /* U+210A "ℊ" */
    0x0, 0x0, 0x5, 0x62, 0x65, 0x0, 0x0, 0xbc,
    0xa, 0xf5, 0x0, 0xa, 0xf2, 0xf, 0xc0, 0x0,
    0x5f, 0x80, 0x7f, 0x32, 0x0, 0x2f, 0x12, 0xfa,
    0x60, 0x0, 0xb, 0x4a, 0xf7, 0x0, 0x0, 0x0,
    0x5f, 0x90, 0x0, 0x0, 0x45, 0x6f, 0x10, 0x0,
    0x8, 0x40, 0xe8, 0x0, 0x0, 0x56, 0x6, 0xd0,
    0x0, 0x0, 0x71, 0x2c, 0x20, 0x0, 0x0, 0x4,
    0x50, 0x0, 0x0, 0x0,

    /* U+210B "ℋ" */
    0x0, 0x0, 0x0, 0x0, 0x0, 0x0, 0x0, 0x43,
    0x0, 0x0, 0x0, 0x0, 0x1, 0x20, 0x18, 0x18,
    0x0, 0x0, 0x14, 0xa0, 0x28, 0x1, 0xb1, 0x19,
    0x0, 0x2, 0x27, 0x72, 0xc2, 0xb, 0x41, 0xa1,
    0x0, 0x2, 0x8, 0x46, 0xc0, 0x6b, 0x37, 0x10,
    0x0, 0x0, 0x0, 0xe, 0x71, 0xe7, 0x20, 0x0,
    0x0, 0x0, 0x0, 0x6f, 0x5a, 0xd0, 0x0, 0x0,
    0x1, 0x0, 0x14, 0xfc, 0xf, 0x70, 0x0, 0x0,
    0x1f, 0xc1, 0x46, 0xf4, 0x5f, 0x10, 0x0, 0x0,
    0x2a, 0x30, 0xd, 0x90, 0x7c, 0x2, 0x20, 0x0,
    0x6, 0x1, 0xa7, 0x0, 0x49, 0x32, 0x0, 0x0,
    0x0, 0x33, 0x0, 0x0, 0x2, 0x0, 0x0, 0x0,

    /* U+210C "ℌ" */
    0x0, 0x0, 0x0, 0x0, 0x0, 0x0, 0x9c, 0x56,
    0x10, 0x0, 0xa5, 0xbb, 0x10, 0x0, 0x88, 0x0,
    0x1, 0x0, 0xc, 0x90, 0x4d, 0xf8, 0x0, 0x8f,
    0x63, 0x7, 0xf2, 0x1, 0xfa, 0x0, 0x2f, 0x30,
    0x8, 0xd0, 0x0, 0xf4, 0x0, 0x1f, 0x0, 0xf,
    0x30, 0x96, 0x50, 0x1, 0xf2, 0x69, 0x70, 0x0,
    0x3e, 0x0, 0x0, 0x3, 0x38, 0x20, 0x0, 0x0,
    0x69, 0x10, 0x0,

    /* U+210D "ℍ" */
    0x1e, 0xd4, 0xb, 0xcb, 0x1a, 0x74, 0xb, 0x1b,
    0x1a, 0x74, 0xb, 0x1b, 0x1a, 0x74, 0xb, 0x1b,
    0x1a, 0x7c, 0xbe, 0x1b, 0x1a, 0x74, 0xb, 0x1b,
    0x1a, 0x74, 0xb, 0x1b, 0x1a, 0x74, 0xb, 0x1b,
    0x1a, 0x74, 0xb, 0x1b, 0x1e, 0xd4, 0xb, 0xcb,

    /* U+210E "ℎ" */
    0x0, 0x89, 0x0, 0x0, 0x0, 0xfc, 0x0, 0x0,
    0x2, 0xf9, 0x0, 0x0, 0x5, 0xf6, 0x47, 0x50,
    0x8, 0xfc, 0xff, 0xfa, 0xa, 0xfa, 0x1, 0xef,
    0xd, 0xf1, 0x0, 0xdf, 0xf, 0xc0, 0x0, 0xfc,
    0x2f, 0x90, 0x2, 0xf9, 0x5f, 0x60, 0x5, 0xf7,
    0x8f, 0x30, 0x7, 0xf4,

    /* U+210F "ℏ" */
    0x0, 0x89, 0x0, 0x0, 0x17, 0xfe, 0x77, 0x20,
    0x3c, 0xfd, 0xbb, 0x30, 0x5, 0xf6, 0x47, 0x50,
    0x8, 0xfc, 0xff, 0xfa, 0xa, 0xfa, 0x1, 0xef,
    0xd, 0xf1, 0x0, 0xdf, 0xf, 0xc0, 0x0, 0xfc,
    0x2f, 0x90, 0x2, 0xf9, 0x5f, 0x60, 0x5, 0xf7,
    0x8f, 0x30, 0x7, 0xf4,

    /* U+2110 "ℐ" */
    0x0, 0x0, 0x0, 0x0, 0x0, 0x2, 0x20, 0x0,
    0x0, 0x0, 0x16, 0x55, 0x50, 0x0, 0x0, 0x0,
    0x7a, 0x12, 0x80, 0x0, 0x0, 0x0, 0x99, 0x1,
    0xd1, 0x0, 0x0, 0x0, 0x3d, 0x0, 0xaa, 0x1,
    0x0, 0x0, 0x8, 0x60, 0x5f, 0x40, 0x30, 0x0,
    0x0, 0x64, 0xd, 0xd0, 0x30, 0x0, 0x10, 0x0,
    0x89, 0xfa, 0x31, 0x0, 0xbf, 0x0, 0x0, 0xee,
    0x10, 0x0, 0xb, 0x60, 0x0, 0xae, 0x20, 0x0,
    0x0, 0x32, 0x1, 0x9a, 0x10, 0x0, 0x0, 0x0,
    0x13, 0x30, 0x0, 0x0, 0x0, 0x0,

    /* U+2111 "ℑ" */
    0x0, 0x0, 0x0, 0x0, 0x0, 0x1c, 0xfb, 0x51,
    0x50, 0x8, 0x54, 0x8d, 0x83, 0x1, 0x40, 0x0,
    0x19, 0x0, 0x0, 0x0, 0x8, 0xc0, 0x0, 0x0,
    0x0, 0x7e, 0x0, 0x0, 0x0, 0x5, 0xf0, 0x0,
    0x0, 0x0, 0x4f, 0x0, 0x0, 0x0, 0x5, 0xd0,
    0x0, 0x3c, 0x0, 0x93, 0x0, 0x7, 0xdc, 0x82,
    0x0, 0x0, 0x0, 0x10, 0x0, 0x0,

    /* U+2112 "ℒ" */
    0x0, 0x0, 0x1, 0x33, 0x0, 0x13, 0x0, 0x0,
    0x17, 0x30, 0x0, 0x66, 0x18, 0x0, 0x1b, 0x0,
    0x0, 0x5a, 0x0, 0x70, 0x9, 0x30, 0x0, 0x2f,
    0x30, 0x52, 0x0, 0xb0, 0x0, 0xb, 0xc0, 0x25,
    0x0, 0x8, 0x20, 0x3, 0xf6, 0x34, 0x0, 0x0,
    0x6, 0x52, 0xcf, 0x62, 0x0, 0x0, 0x0, 0x0,
    0x5f, 0xa0, 0x0, 0x0, 0x0, 0x0, 0xa, 0xf2,
    0x0, 0x10, 0x4, 0x44, 0x45, 0xf7, 0x0, 0x14,
    0x0, 0x44, 0x45, 0x97, 0x54, 0x54, 0x0, 0x0,

    /* U+2113 "ℓ" */
    0x0, 0x1, 0x0, 0x0, 0x1d, 0xff, 0x50, 0x7,
    0xf2, 0x9d, 0x0, 0x9f, 0x18, 0xe0, 0x9, 0xf1,
    0xd9, 0x0, 0x9f, 0xbd, 0x10, 0x7e, 0xf9, 0x10,
    0x7, 0xbf, 0x10, 0x0, 0x9, 0xf1, 0x7, 0x10,
    0x7f, 0x64, 0xf1, 0x0, 0xcf, 0xf8, 0x0, 0x0,
    0x11, 0x0,

    /* U+2114 "℔" */
    0x0, 0x1a, 0x60, 0x3, 0xa4, 0x0, 0x0, 0x0,
    0x7, 0x8f, 0xc7, 0x7a, 0xfb, 0x77, 0x30, 0x0,
    0xb, 0xbf, 0xeb, 0xbc, 0xfd, 0xbb, 0x50, 0x0,
    0x0, 0x2f, 0xa0, 0x4, 0xf7, 0x26, 0x74, 0x0,
    0x0, 0x2f, 0xa0, 0x4, 0xfc, 0xff, 0xff, 0xb0,
    0x0, 0x2f, 0xa0, 0x4, 0xfe, 0x30, 0x1b, 0xf6,
    0x0, 0x2f, 0xa0, 0x4, 0xf8, 0x0, 0x2, 0xfa,
    0x0, 0x2f, 0xa0, 0x4, 0xf7, 0x0, 0x1, 0xfb,
    0x0, 0x2f, 0xa0, 0x4, 0xfb, 0x0, 0x5, 0xf9,
    0x0, 0x2f, 0xa0, 0x4, 0xff, 0x85, 0x6e, 0xf3,
    0x0, 0x2f, 0xa0, 0x4, 0xf6, 0xdf, 0xfe, 0x50,
    0x0, 0x0, 0x0, 0x0, 0x0, 0x1, 0x10, 0x0,

    /* U+2115 "ℕ" */
    0xf6, 0x0, 0x0, 0xcb, 0xa2, 0x0, 0xc, 0xe2,
    0xb0, 0x0, 0xcd, 0xa4, 0x90, 0xc, 0xb4, 0x77,
    0x40, 0xcb, 0x8, 0x4a, 0x1c, 0xb0, 0xb, 0x2a,
    0xcb, 0x0, 0x2a, 0x4c, 0xb0, 0x0, 0x67, 0xcb,
    0x0, 0x0, 0xac,

    /* U+2116 "№" */
    0x3f, 0x81, 0xe0, 0x0, 0x3, 0xfb, 0x1e, 0x0,
    0x0, 0x3d, 0xe1, 0xe1, 0xa6, 0x3, 0xbf, 0x2e,
    0x89, 0xe0, 0x3b, 0xc5, 0xeb, 0x3c, 0x33, 0xc9,
    0x8e, 0xb3, 0xb3, 0x3c, 0x6b, 0xe9, 0x5d, 0x13,
    0xc3, 0xdd, 0x4f, 0xb0, 0x3c, 0xf, 0xd0, 0x32,
    0x3, 0xc0, 0xde, 0x6f, 0xd0,

    /* U+2117 "℗" */
    0x0, 0x37, 0x74, 0x0, 0x8, 0xb6, 0x5b, 0xb0,
    0x4b, 0xf, 0xc7, 0x96, 0x95, 0xe, 0x3c, 0x3b,
    0xa4, 0xf, 0xb4, 0x2c, 0x78, 0xe, 0x0, 0x69,
    0xd, 0x66, 0x5, 0xd1, 0x1, 0x8c, 0xc9, 0x10,

    /* U+2118 "℘" */
    0x0, 0x0, 0x0, 0x0, 0x0, 0x0, 0x2, 0x80,
    0x0, 0x0, 0x0, 0x0, 0x1c, 0x0, 0x0, 0x5b,
    0xc9, 0x10, 0x98, 0x0, 0x19, 0x40, 0x1a, 0xd0,
    0xe5, 0x2, 0x80, 0x0, 0x1, 0xf6, 0xe7, 0x18,
    0x0, 0x0, 0x0, 0xe9, 0x9e, 0xa0, 0x18, 0x10,
    0x0, 0xf7, 0x1e, 0xb0, 0x7f, 0x20, 0x4, 0xf2,
    0x2b, 0xf6, 0x66, 0x0, 0x1d, 0x60, 0x80, 0x9f,
    0x29, 0x99, 0xb4, 0x0, 0x90, 0xe, 0x90, 0x0,
    0x0, 0x0, 0x90, 0x9, 0xb0, 0x0, 0x0, 0x0,
    0x57, 0xa, 0x70, 0x0, 0x0, 0x0, 0x4, 0x96,
    0x0, 0x0, 0x0, 0x0,

    /* U+2119 "ℙ" */
    0xed, 0xdc, 0xeb, 0x20, 0xb5, 0x50, 0xc2, 0xc0,
    0xb5, 0x50, 0xc0, 0xc1, 0xb5, 0x50, 0xc0, 0xc0,
    0xb5, 0x50, 0xc7, 0x90, 0xb5, 0xdc, 0xb7, 0x0,
    0xb5, 0x50, 0x0, 0x0, 0xb5, 0x50, 0x0, 0x0,
    0xb5, 0x50, 0x0, 0x0, 0xed, 0x50, 0x0, 0x0,

    /* U+211A "ℚ" */
    0x1, 0x9b, 0xba, 0x10, 0x0, 0xbb, 0x0, 0xac,
    0x10, 0x74, 0xb0, 0xa, 0x48, 0xa, 0xb, 0x0,
    0xa1, 0xa0, 0xa0, 0xb0, 0xa, 0x1a, 0xb, 0xb,
    0x0, 0xa1, 0xb0, 0xb0, 0xb0, 0xa, 0x1b, 0x9,
    0x3b, 0x0, 0xa4, 0x80, 0x1c, 0xb0, 0xa, 0xc1,
    0x0, 0x2b, 0xba, 0xe2, 0x0, 0x0, 0x1, 0xa5,
    0x80, 0x0, 0x0, 0x8, 0x49, 0x50, 0x0, 0x0,
    0x19, 0x98, 0x0,

    /* U+211B "ℛ" */
    0x0, 0x0, 0x0, 0x3, 0x32, 0x1, 0x0, 0x0,
    0x0, 0x34, 0x31, 0x5, 0x89, 0x10, 0x0, 0x5,
    0x13, 0x0, 0x56, 0x5, 0xd0, 0x0, 0x50, 0x8,
    0x2, 0xd0, 0x4, 0xf1, 0x3, 0x0, 0xb, 0xc,
    0x80, 0x9, 0xb0, 0x4, 0x0, 0x86, 0x3f, 0x45,
    0x68, 0x0, 0x2, 0x48, 0x70, 0xbe, 0x6, 0x60,
    0x0, 0x24, 0x0, 0x3, 0xf8, 0x8, 0xa0, 0x0,
    0xef, 0x0, 0xc, 0xe1, 0xe, 0x70, 0x20, 0xa2,
    0x0, 0x7e, 0x20, 0x5f, 0x23, 0x30, 0x33, 0x47,
    0x81, 0x0, 0x3f, 0x73, 0x0,

    /* U+211C "ℜ" */
    0x0, 0x0, 0x0, 0x0, 0x0, 0x0, 0x0, 0x0,
    0x9f, 0xe6, 0x1, 0x9d, 0xe1, 0x0, 0x8, 0x0,
    0x9f, 0x68, 0x10, 0xf5, 0x0, 0x4c, 0x0, 0xc,
    0xe1, 0x0, 0xea, 0x30, 0x2f, 0x70, 0x7, 0xd0,
    0x1, 0x73, 0x0, 0x5, 0xe0, 0x5, 0xe7, 0x9e,
    0xa0, 0x0, 0x4, 0x50, 0x5, 0xc0, 0x2, 0xf3,
    0x0, 0x2, 0x0, 0x7, 0x90, 0x0, 0xd4, 0x0,
    0x0, 0x0, 0xd, 0x40, 0x0, 0xd5, 0x0, 0x3,
    0xb3, 0x96, 0x0, 0x0, 0xdb, 0x50, 0x27, 0xbd,
    0x20, 0x0, 0x0, 0x5c, 0x10, 0x0, 0x0, 0x0,
    0x0, 0x0, 0x0, 0x0,

    /* U+211D "ℝ" */
    0xed, 0xdc, 0xe9, 0x0, 0xb5, 0x60, 0xc6, 0x80,
    0xb5, 0x60, 0xc0, 0xc0, 0xb5, 0x60, 0xc1, 0xb0,
    0xb5, 0x60, 0xcb, 0x40, 0xb5, 0xed, 0xd4, 0x0,
    0xb5, 0x6c, 0x39, 0x0, 0xb5, 0x67, 0x5a, 0x20,
    0xb5, 0x60, 0xb3, 0xa0, 0xed, 0x60, 0x8c, 0xf2,

    /* U+211E "℞" */
    0x1f, 0xff, 0xfd, 0x50, 0x1, 0xfd, 0x78, 0xef,
    0x20, 0x1f, 0xa0, 0x5, 0xf7, 0x1, 0xfa, 0x0,
    0x5f, 0x60, 0x1f, 0xc6, 0x8e, 0xf2, 0x1, 0xff,
    0xff, 0xe6, 0x61, 0x1f, 0xa1, 0x9f, 0xdc, 0x1,
    0xfa, 0x0, 0xef, 0x20, 0x1f, 0xa0, 0x4f, 0xf7,
    0x1, 0xfa, 0x1e, 0x99, 0xf2,

    /* U+211F "℟" */
    0x1, 0x0, 0x0, 0x0, 0x6d, 0xc7, 0x10, 0x0,
    0x2, 0xd3, 0xc, 0xff, 0xff, 0x20, 0xcf, 0x7a,
    0xfe, 0xc, 0xf0, 0x6f, 0xf3, 0xcf, 0x9, 0xef,
    0x2c, 0xf6, 0xef, 0xc0, 0xcf, 0xff, 0xc1, 0xc,
    0xf6, 0xfe, 0x0, 0xcf, 0x89, 0xf8, 0xc, 0xfc,
    0x2b, 0xf2, 0xcf, 0xd0, 0x2f, 0xb0, 0x3a, 0x0,
    0x0, 0x7, 0x60, 0x0, 0x0, 0x0, 0x0, 0x0,

    /* U+2120 "℠" */
    0x5d, 0xd3, 0xf2, 0x7d, 0xa5, 0x3, 0xf6, 0xbd,
    0x3c, 0x93, 0xba, 0xbe, 0x0, 0xe5, 0xad, 0x7e,
    0x9c, 0xb3, 0x98, 0x3c,

    /* U+2121 "℡" */
    0xdf, 0x9f, 0xe5, 0xe0, 0x1, 0xe0, 0xf0, 0xe,
    0x0, 0x1e, 0xf, 0xe3, 0xe0, 0x1, 0xe0, 0xf0,
    0xe, 0x0, 0x1d, 0xe, 0xe5, 0xff, 0x10,

    /* U+2122 "™" */
    0x2e, 0xfe, 0x5f, 0x66, 0xf1, 0x0, 0xe1, 0x1e,
    0x99, 0xe1, 0x0, 0xe1, 0x1d, 0xaa, 0xe1, 0x0,
    0xe1, 0x1d, 0x97, 0xe1, 0x0, 0xc1, 0x1c, 0x10,
    0xc1,

    /* U+2123 "℣" */
    0x2, 0x30, 0x0, 0x0, 0x0, 0x4b, 0xd8, 0x20,
    0x0, 0x0, 0x0, 0xb6, 0x0, 0xa, 0xf1, 0xd,
    0x2b, 0xf0, 0x5f, 0x61, 0xd0, 0xfb, 0x0, 0xfa,
    0x5a, 0x4f, 0x60, 0xb, 0xe9, 0x68, 0xf1, 0x0,
    0x6f, 0xf2, 0xcd, 0x0, 0x1, 0xfe, 0x1f, 0x80,
    0x0, 0xc, 0xc5, 0xf3, 0x0, 0x0, 0x9f, 0x9e,
    0x0, 0x0, 0xc, 0xfe, 0x90, 0x0, 0x0, 0xde,
    0xf5, 0x0, 0x0, 0x49, 0x0, 0x0, 0x0, 0x8,
    0x50, 0x0, 0x0, 0x0, 0x0, 0x0, 0x0, 0x0,

    /* U+2124 "ℤ" */
    0x9, 0xcc, 0xce, 0xcf, 0x0, 0x0, 0x0, 0xb2,
    0xa0, 0x0, 0x0, 0x84, 0xa2, 0x0, 0x0, 0x1b,
    0x39, 0x0, 0x0, 0x9, 0x3b, 0x10, 0x0, 0x2,
    0xa5, 0x80, 0x0, 0x0, 0xa2, 0xc0, 0x0, 0x0,
    0x49, 0x67, 0x0, 0x0, 0xc, 0x2c, 0x0, 0x0,
    0x3, 0xec, 0xeb, 0xbb, 0xa0,

    /* U+2125 "℥" */
    0x3f, 0xff, 0xff, 0xf3, 0x17, 0x77, 0xbf, 0xc0,
    0x0, 0x4, 0xfc, 0x0, 0x18, 0x9f, 0xf9, 0x81,
    0x2f, 0xff, 0xff, 0xf2, 0x0, 0x1, 0xcf, 0x40,
    0x0, 0x1d, 0xf3, 0x0, 0x0, 0xdf, 0x82, 0x0,
    0x1, 0xde, 0xff, 0xb0, 0x0, 0x0, 0xa, 0xf6,
    0x0, 0x0, 0x4, 0xf8, 0x45, 0x21, 0x3c, 0xf5,
    0x6f, 0xff, 0xff, 0x80, 0x2, 0x45, 0x41, 0x0,

    /* U+2126 "Ω" */
    0x0, 0x1, 0x10, 0x0, 0x3, 0xdf, 0xfd, 0x30,
    0xe, 0xf6, 0x6e, 0xe1, 0x5f, 0x70, 0x5, 0xf6,
    0x8f, 0x30, 0x1, 0xf9, 0x8f, 0x20, 0x0, 0xf9,
    0x7f, 0x20, 0x1, 0xf8, 0x4f, 0x50, 0x3, 0xf5,
    0xd, 0xa0, 0x9, 0xe0, 0x58, 0xf4, 0x3f, 0x96,
    0xef, 0xf6, 0x6f, 0xff,

    /* U+2127 "℧" */
    0xef, 0xf7, 0x5f, 0xff, 0x58, 0xf4, 0x3f, 0x96,
    0xd, 0xa0, 0x9, 0xe0, 0x3f, 0x50, 0x3, 0xf5,
    0x7f, 0x20, 0x1, 0xf8, 0x8f, 0x10, 0x0, 0xfa,
    0x7f, 0x20, 0x1, 0xf9, 0x4f, 0x60, 0x5, 0xf6,
    0xe, 0xe6, 0x6e, 0xe1, 0x2, 0xdf, 0xfd, 0x30,
    0x0, 0x1, 0x10, 0x0,

    /* U+2128 "ℨ" */
    0x0, 0x50, 0x0, 0x0, 0x4, 0xfe, 0xef, 0x90,
    0x0, 0x43, 0x39, 0xd0, 0x0, 0x0, 0x6, 0x80,
    0x0, 0x0, 0x29, 0x0, 0x0, 0x9, 0xec, 0x90,
    0x0, 0x3, 0x16, 0xf9, 0x0, 0x0, 0x0, 0xac,
    0x0, 0x0, 0x0, 0x8b, 0x0, 0x0, 0x0, 0xa8,
    0x2a, 0xe0, 0x0, 0xe2, 0x3, 0xf2, 0x9, 0x50,
    0x1, 0x88, 0x61, 0x0,

    /* U+2129 "℩" */
    0x9d, 0xc4, 0x8, 0x8f, 0xe0, 0x0, 0xaf, 0x10,
    0xa, 0xf1, 0x0, 0xaf, 0x10, 0xa, 0xf1, 0x0,
    0xaf, 0x10, 0x9, 0xe1,

    /* U+212A "K" */
    0x1f, 0xa0, 0x5, 0xf9, 0x1f, 0xa0, 0x1e, 0xd0,
    0x1f, 0xa0, 0xbf, 0x30, 0x1f, 0xa6, 0xf7, 0x0,
    0x1f, 0xcf, 0xe0, 0x0, 0x1f, 0xff, 0xf5, 0x0,
    0x1f, 0xd1, 0xed, 0x0, 0x1f, 0xa0, 0x6f, 0x70,
    0x1f, 0xa0, 0xd, 0xf1, 0x1f, 0xa0, 0x4, 0xfa,

    /* U+212B "Å" */
    0x0, 0x0, 0x0, 0x0, 0x0, 0x0, 0xce, 0x80,
    0x0, 0x0, 0x3c, 0xf, 0x0, 0x0, 0x0, 0xdd,
    0xa0, 0x0, 0x0, 0x0, 0x10, 0x0, 0x0, 0x0,
    0xdf, 0x90, 0x0, 0x0, 0x1f, 0xee, 0x0, 0x0,
    0x6, 0xf7, 0xf2, 0x0, 0x0, 0xbd, 0x1f, 0x70,
    0x0, 0xf, 0x90, 0xdc, 0x0, 0x4, 0xf7, 0x2a,
    0xf1, 0x0, 0x9f, 0xff, 0xff, 0x50, 0xe, 0xd4,
    0x45, 0xfa, 0x2, 0xf8, 0x0, 0xc, 0xe0, 0x7f,
    0x30, 0x0, 0x7f, 0x30,

    /* U+212C "ℬ" */
    0x0, 0x0, 0x0, 0x0, 0x0, 0x0, 0x0, 0x0,
    0x0, 0x0, 0x44, 0x43, 0x39, 0xa9, 0x10, 0x0,
    0x3, 0x40, 0x40, 0x7, 0x20, 0x6e, 0x0, 0x3,
    0x20, 0x8, 0x5, 0x80, 0x3, 0xf0, 0x0, 0x40,
    0x7, 0x51, 0xe1, 0x0, 0xa6, 0x0, 0x4, 0x4,
    0xa0, 0x9b, 0x35, 0x52, 0x0, 0x0, 0x25, 0x60,
    0x2f, 0x60, 0x6, 0x60, 0x0, 0x0, 0x0, 0xa,
    0xf1, 0x0, 0x4f, 0x10, 0x1f, 0xb0, 0x3, 0xf8,
    0x23, 0x7, 0xf0, 0x3, 0xa3, 0x1, 0xdb, 0x5,
    0x1, 0xe6, 0x0, 0x5, 0x35, 0xa6, 0x0, 0x76,
    0x94, 0x0, 0x0,

    /* U+212D "ℭ" */
    0x0, 0x0, 0x0, 0x0, 0x0, 0x0, 0x4b, 0xa0,
    0x1, 0x7c, 0xa5, 0xf6, 0x2d, 0xb, 0xc0, 0x10,
    0x89, 0x6, 0xf0, 0x0, 0xb7, 0x3, 0xf0, 0x0,
    0xc8, 0x9, 0x60, 0x0, 0xac, 0x21, 0x0, 0x0,
    0x5f, 0x50, 0x0, 0x0, 0xc, 0xf7, 0x10, 0x35,
    0x0, 0x9f, 0xfe, 0x60, 0x0, 0x0, 0x10, 0x0,

    /* U+212E "℮" */
    0x0, 0x37, 0x84, 0x0, 0x7, 0x91, 0x7, 0x80,
    0x2f, 0x10, 0x0, 0xe3, 0x7f, 0x10, 0x0, 0xe8,
    0x7f, 0xa9, 0x99, 0x96, 0x5f, 0x10, 0x0, 0x0,
    0xd, 0x20, 0x0, 0x80, 0x1, 0x99, 0x99, 0x20,
    0x0, 0x0, 0x0, 0x0,

    /* U+212F "ℯ" */
    0x0, 0x4, 0x66, 0x0, 0xa, 0xd0, 0xc1, 0xa,
    0xf4, 0x5b, 0x5, 0xfd, 0x78, 0x20, 0x2f, 0x70,
    0x13, 0x0, 0xc4, 0x34, 0x0, 0x0, 0x31, 0x0,
    0x0,

    /* U+2130 "ℰ" */
    0x0, 0x0, 0x15, 0x40, 0x0, 0x4, 0xe4, 0x15,
    0x0, 0xd, 0x80, 0x55, 0x0, 0xf, 0x42, 0x24,
    0x0, 0xb, 0x71, 0x42, 0x4, 0xd5, 0x55, 0x0,
    0x3f, 0x50, 0x22, 0x0, 0xad, 0x5, 0x42, 0x20,
    0xb9, 0x6, 0x0, 0x30, 0x79, 0x3, 0x5, 0x0,
    0x8, 0x44, 0x40, 0x0,

    /* U+2131 "ℱ" */
    0x0, 0x0, 0x0, 0x36, 0x66, 0x30, 0x0, 0x10,
    0x0, 0x6, 0x52, 0x12, 0x6b, 0xfd, 0xc3, 0x0,
    0x6, 0x0, 0x50, 0x3, 0x0, 0x31, 0x0, 0x4,
    0x0, 0x8, 0x4, 0x70, 0x0, 0x0, 0x0, 0x40,
    0x6, 0x61, 0xe2, 0x0, 0x0, 0x0, 0x4, 0x2,
    0xc0, 0x9d, 0x8, 0x60, 0x0, 0x0, 0x34, 0x71,
    0x3f, 0xb4, 0xa0, 0x0, 0x0, 0x40, 0x4, 0x3a,
    0xf3, 0x55, 0x0, 0x0, 0xaf, 0x31, 0x2, 0xfb,
    0x5, 0x10, 0x0, 0x9, 0x50, 0x0, 0xbd, 0x10,
    0x0, 0x0, 0x0, 0x33, 0x1, 0xaa, 0x10, 0x0,
    0x0, 0x0, 0x0, 0x3, 0x31, 0x0, 0x0, 0x0,
    0x0, 0x0,

    /* U+2132 "Ⅎ" */
    0x0, 0x0, 0xa, 0xf1, 0x0, 0x0, 0xa, 0xf1,
    0x0, 0x0, 0xa, 0xf1, 0x0, 0x0, 0xa, 0xf1,
    0xd, 0xff, 0xff, 0xf1, 0x7, 0x88, 0x8d, 0xf1,
    0x0, 0x0, 0xa, 0xf1, 0x0, 0x0, 0xa, 0xf1,
    0x8, 0x88, 0x8d, 0xf1, 0x1f, 0xff, 0xff, 0xf1,

    /* U+2133 "ℳ" */
    0x0, 0x0, 0x0, 0x0, 0x0, 0x0, 0x0, 0x0,
    0x0, 0x0, 0x0, 0x0, 0x0, 0x0, 0x80, 0x0,
    0x64, 0x0, 0x0, 0x0, 0x0, 0x0, 0x67, 0x0,
    0x59, 0x0, 0x0, 0x0, 0x0, 0x0, 0x5b, 0x10,
    0x5b, 0x20, 0x0, 0x0, 0x0, 0x0, 0x47, 0xa0,
    0x39, 0xa0, 0x0, 0x0, 0x0, 0x0, 0x23, 0xe3,
    0x26, 0xf2, 0x0, 0x0, 0x0, 0x0, 0x14, 0x9d,
    0x4, 0xda, 0x0, 0x0, 0x0, 0x0, 0x4, 0x1f,
    0x64, 0x6f, 0x30, 0x0, 0x5f, 0x40, 0x4, 0x6,
    0xf3, 0x2b, 0xc0, 0x0, 0xa, 0x91, 0x3, 0x20,
    0xab, 0x40, 0xe6, 0x22, 0x0, 0x43, 0x4, 0x30,
    0x9, 0xb0, 0xc, 0x33, 0x0, 0x0, 0x23, 0x0,
    0x0, 0x11, 0x0, 0x12, 0x0, 0x0,

    /* U+2134 "ℴ" */
    0x0, 0x6, 0x72, 0x0, 0x1d, 0xc0, 0x70, 0x1d,
    0xf2, 0x8, 0x8, 0xf9, 0x3, 0x51, 0x6f, 0x25,
    0x95, 0x1, 0xe1, 0x94, 0x0, 0x1, 0x30, 0x0,
    0x0,

    /* U+2135 "ℵ" */
    0x2, 0x0, 0x0, 0x12, 0x7e, 0x20, 0x0, 0x8c,
    0x9, 0xe2, 0x0, 0xc8, 0x0, 0xee, 0x12, 0xf3,
    0x7, 0xec, 0xcb, 0xa0, 0xf, 0x51, 0xdf, 0x10,
    0x5e, 0x0, 0x2f, 0x60, 0x9a, 0x0, 0x5, 0xf3,
    0xb8, 0x0, 0x0, 0x9c, 0x0, 0x0, 0x0, 0x1,

    /* U+2136 "ℶ" */
    0x1, 0x21, 0x0, 0x0, 0xb, 0xff, 0xe6, 0x0,
    0x0, 0x0, 0x6f, 0x10, 0x0, 0x0, 0xe, 0x50,
    0x0, 0x0, 0xd, 0x60, 0x0, 0x0, 0xd, 0x60,
    0x0, 0x0, 0xd, 0x60, 0x1, 0x11, 0x1d, 0x70,
    0x1f, 0xff, 0xff, 0xf7,

    /* U+2137 "ℷ" */
    0x2, 0x0, 0x0, 0xc, 0xe9, 0x0, 0x0, 0x4f,
    0x30, 0x0, 0xe, 0x40, 0x0, 0xe, 0x50, 0x0,
    0xf, 0x60, 0x0, 0x5f, 0xa0, 0x7, 0xf7, 0xe0,
    0x5c, 0x30, 0xf3, 0x10, 0x0, 0x0,

    /* U+2138 "ℸ" */
    0x22, 0x22, 0x22, 0xe, 0xff, 0xff, 0xf5, 0x0,
    0x1, 0xf2, 0x0, 0x0, 0x1f, 0x20, 0x0, 0x1,
    0xf2, 0x0, 0x0, 0x1f, 0x20, 0x0, 0x1, 0xf2,
    0x0, 0x0, 0x1f, 0x20, 0x0, 0x1, 0xf2, 0x0,

    /* U+2139 "ℹ" */
    0x0, 0x9, 0xc1, 0x0, 0x0, 0xd, 0xf3, 0x0,
    0x0, 0x1, 0x30, 0x0, 0x8, 0x99, 0x90, 0x0,
    0xa, 0xcf, 0xf1, 0x0, 0x0, 0xa, 0xf1, 0x0,
    0x0, 0xa, 0xf1, 0x0, 0x0, 0xa, 0xf1, 0x0,
    0x0, 0xa, 0xf1, 0x0, 0x3, 0x5c, 0xf6, 0x31,
    0x4f, 0xff, 0xff, 0xf7,

    /* U+213A "℺" */
    0x0, 0x37, 0x99, 0x85, 0x0, 0x0, 0x21, 0xbf,
    0xff, 0xff, 0xfe, 0x42, 0xbb, 0x9f, 0xa4, 0x22,
    0x37, 0xef, 0xff, 0x8e, 0xb0, 0x0, 0x0, 0x4,
    0xfb, 0x20, 0xe9, 0x0, 0x0, 0x0, 0x3f, 0x50,
    0xb, 0xf5, 0x0, 0x0, 0x2c, 0xf2, 0x0, 0x2e,
    0xff, 0xed, 0xff, 0xf8, 0x0, 0x0, 0x18, 0xce,
    0xed, 0xa4, 0x0, 0x0,

    /* U+213B "℻" */
    0x0, 0x0, 0x0, 0x0, 0xd, 0xe5, 0xd8, 0x68,
    0xd0, 0xd1, 0xc, 0xb1, 0xe7, 0xd, 0xd7, 0xbc,
    0xd, 0x40, 0xd1, 0x5d, 0xe2, 0xd9, 0xc, 0x16,
    0x6a, 0x96, 0xd0,

    /* U+213C "ℼ" */
    0x3a, 0xbb, 0xbb, 0xbb, 0x20, 0x93, 0xb3, 0x89,
    0x30, 0xb, 0x1a, 0x65, 0xb0, 0x0, 0xb4, 0x7a,
    0x2b, 0x0, 0x38, 0x83, 0xc3, 0x80, 0x6, 0x5b,
    0x1b, 0x56, 0x0, 0x92, 0xb1, 0xb2, 0xb7, 0xb,
    0xb8, 0x8, 0xbc, 0x40,

    /* U+213D "ℽ" */
    0x4b, 0xb1, 0x0, 0x44, 0x1b, 0x48, 0x0, 0xa1,
    0x8, 0x4b, 0x11, 0xb0, 0x1, 0xb4, 0x76, 0x50,
    0x0, 0x93, 0xbb, 0x0, 0x0, 0x1a, 0x69, 0x0,
    0x0, 0x9, 0xa3, 0x0, 0x0, 0x2, 0xd0, 0x0,
    0x0, 0x3, 0x80, 0x0, 0x0, 0x7, 0x30, 0x0,
    0x0, 0xa, 0x0, 0x0, 0x0, 0x1, 0x0, 0x0,

    /* U+213E "ℾ" */
    0xbc, 0xfc, 0xcc, 0xab, 0xc, 0x0, 0x0, 0xb0,
    0xc0, 0x0, 0xb, 0xc, 0x0, 0x0, 0xb0, 0xc0,
    0x0, 0xb, 0xc, 0x0, 0x0, 0xb0, 0xc0, 0x0,
    0xb, 0xc, 0x0, 0x0, 0xb0, 0xc0, 0x0, 0xb,
    0xbc, 0x0, 0x0,

    /* U+213F "ℿ" */
    0x1e, 0xdd, 0xce, 0xcb, 0x1a, 0x74, 0xb, 0x1b,
    0x1a, 0x74, 0xb, 0x1b, 0x1a, 0x74, 0xb, 0x1b,
    0x1a, 0x74, 0xb, 0x1b, 0x1a, 0x74, 0xb, 0x1b,
    0x1a, 0x74, 0xb, 0x1b, 0x1a, 0x74, 0xb, 0x1b,
    0x1a, 0x74, 0xb, 0x1b, 0x1e, 0xd4, 0xb, 0xcb,

    /* U+2140 "⅀" */
    0x9d, 0xed, 0xcc, 0xcb, 0x2, 0xb4, 0xa0, 0x0,
    0x0, 0x9, 0x4a, 0x30, 0x0, 0x0, 0x1c, 0x2b,
    0x0, 0x0, 0x0, 0x66, 0x85, 0x0, 0x0, 0x0,
    0xb2, 0xc0, 0x0, 0x0, 0x4, 0x9c, 0x20, 0x0,
    0x0, 0xe, 0x40, 0x0, 0x0, 0xa, 0x60, 0x0,
    0x0, 0x7, 0x80, 0x0, 0x0, 0x5, 0xc2, 0x22,
    0x22, 0x2, 0xc8, 0x88, 0x88, 0xc2, 0xbb, 0x99,
    0x99, 0x9d, 0x21, 0x22, 0x22, 0x22, 0x20,

    /* U+2141 "⅁" */
    0x0, 0x2, 0x10, 0x0, 0x0, 0xcf, 0xff, 0xd4,
    0x0, 0x1f, 0xb5, 0x7e, 0xf3, 0x1, 0xf8, 0x0,
    0x3f, 0xb0, 0x1f, 0x80, 0x0, 0xdf, 0x1, 0xff,
    0xf1, 0xb, 0xf0, 0x7, 0x77, 0x0, 0xbf, 0x0,
    0x0, 0x0, 0xe, 0xe0, 0x0, 0x0, 0x5, 0xf9,
    0x0, 0x78, 0x69, 0xff, 0x20, 0xa, 0xff, 0xfc,
    0x30, 0x0, 0x0, 0x21, 0x0, 0x0,

    /* U+2142 "⅂" */
    0xff, 0xff, 0xff, 0x8, 0x99, 0x9e, 0xf0, 0x0,
    0x0, 0xbf, 0x0, 0x0, 0xb, 0xf0, 0x0, 0x0,
    0xbf, 0x0, 0x0, 0xb, 0xf0, 0x0, 0x0, 0xbf,
    0x0, 0x0, 0xb, 0xf0, 0x0, 0x0, 0xbf, 0x0,
    0x0, 0xb, 0xf0,

    /* U+2143 "⅃" */
    0x0, 0x0, 0xbf, 0x0, 0x0, 0xb, 0xf0, 0x0,
    0x0, 0xbf, 0x0, 0x0, 0xb, 0xf0, 0x0, 0x0,
    0xbf, 0x0, 0x0, 0xb, 0xf0, 0x0, 0x0, 0xbf,
    0x0, 0x0, 0xb, 0xf0, 0x88, 0x88, 0xef, 0xf,
    0xff, 0xff, 0xf0,

    /* U+2144 "⅄" */
    0x0, 0xa, 0xf0, 0x0, 0x0, 0x0, 0xaf, 0x0,
    0x0, 0x0, 0xa, 0xf0, 0x0, 0x0, 0x0, 0xaf,
    0x0, 0x0, 0x0, 0xe, 0xf5, 0x0, 0x0, 0x7,
    0xfe, 0xd0, 0x0, 0x0, 0xeb, 0x5f, 0x50, 0x0,
    0x6f, 0x40, 0xec, 0x0, 0xe, 0xd0, 0x7, 0xf4,
    0x6, 0xf6, 0x0, 0x1f, 0xc0,

    /* U+2145 "ⅅ" */
    0x0, 0x1e, 0xeb, 0xb8, 0x0, 0x0, 0x47, 0xb0,
    0xc, 0x70, 0x0, 0x74, 0xb0, 0xa, 0xc0, 0x0,
    0xb3, 0x90, 0x37, 0xc0, 0x0, 0xb6, 0x50, 0x64,
    0xc0, 0x2, 0x99, 0x20, 0xa1, 0xc0, 0x5, 0x6b,
    0x0, 0xb3, 0x90, 0x8, 0x3b, 0x0, 0xab, 0x20,
    0xb, 0x38, 0x4, 0xe5, 0x0, 0xe, 0xdd, 0xba,
    0x30, 0x0,

    /* U+2146 "ⅆ" */
    0x0, 0x0, 0x0, 0xac, 0x30, 0x0, 0x0, 0xa,
    0xa1, 0x0, 0x0, 0x4, 0x7b, 0x0, 0x6, 0xa6,
    0x75, 0xa0, 0x9, 0xb3, 0x7d, 0x57, 0x3, 0x8a,
    0x1, 0xd8, 0x30, 0x92, 0xb0, 0x29, 0xb0, 0xc,
    0x19, 0x6, 0x6b, 0x0, 0xb5, 0x60, 0xc5, 0x90,
    0xb, 0x93, 0x7e, 0x66, 0x0, 0x3e, 0xb5, 0xcc,
    0x20, 0x0,

    /* U+2147 "ⅇ" */
    0x0, 0x5, 0xab, 0x91, 0x0, 0xbf, 0x37, 0x8a,
    0x7, 0x7c, 0xa, 0x4a, 0xd, 0x1d, 0x6e, 0xb1,
    0x2a, 0x4a, 0x51, 0x0, 0x39, 0x84, 0x0, 0x0,
    0xc, 0xc0, 0x0, 0x20, 0x3, 0xbc, 0xcc, 0x50,

    /* U+2148 "ⅈ" */
    0x0, 0x6b, 0x20, 0xc, 0x65, 0x0, 0x57, 0x0,
    0x4b, 0xb0, 0x9, 0x2c, 0x0, 0xb2, 0xa0, 0xb,
    0x56, 0x3, 0x88, 0x30, 0x65, 0xb0, 0x9, 0x2b,
    0x0, 0xcb, 0x90, 0x0,

    /* U+2149 "ⅉ" */
    0x0, 0x0, 0x3, 0xb6, 0x0, 0x0, 0xa, 0x3a,
    0x0, 0x0, 0x3, 0x81, 0x0, 0x0, 0x1b, 0xb3,
    0x0, 0x0, 0x47, 0xa2, 0x0, 0x0, 0x83, 0xc0,
    0x0, 0x0, 0xb1, 0xb0, 0x0, 0x0, 0xc4, 0x70,
    0x0, 0x2, 0x97, 0x40, 0x0, 0x6, 0x6a, 0x0,
    0x0, 0x9, 0x2b, 0x0, 0x0, 0xc, 0x29, 0x0,
    0x0, 0x1c, 0xa1, 0x0, 0xb, 0xdd, 0x30, 0x0,
    0x1, 0x10, 0x0, 0x0,

    /* U+214A "⅊" */
    0x0, 0xe, 0x40, 0x0, 0x3d, 0xdf, 0xec, 0x70,
    0x4f, 0x3f, 0x76, 0xea, 0x4f, 0xe, 0x50, 0x6f,
    0x4f, 0xe, 0x50, 0x5f, 0x4f, 0xe, 0x53, 0xda,
    0x4f, 0xe, 0xff, 0x90, 0x4f, 0xe, 0x50, 0x0,
    0x2b, 0xe, 0x50, 0x0, 0x0, 0xe, 0x50, 0x0,
    0x0, 0xe, 0xff, 0xfa,

    /* U+214B "⅋" */
    0x0, 0x0, 0x2, 0x0, 0x4, 0xfa, 0x9f, 0xfe,
    0x40, 0x8, 0xff, 0x75, 0xee, 0x0, 0x6f, 0xf2,
    0x8, 0xf0, 0xd, 0xde, 0xd1, 0xcd, 0x1, 0xf7,
    0x3f, 0xef, 0x50, 0x2, 0x1, 0xdf, 0x90, 0x0,
    0x0, 0xbe, 0xce, 0x0, 0x0, 0x2f, 0x55, 0xf3,
    0x0, 0x2, 0xf6, 0x7f, 0x20, 0x0, 0x9, 0xff,
    0x90, 0x0, 0x0, 0x1, 0x10, 0x0,

    /* U+214C "⅌" */
    0x0, 0x0, 0x3, 0x10, 0xa, 0xeb, 0x16, 0x8,
    0x30, 0x82, 0x70, 0x50, 0x1d, 0x0, 0x6, 0x6,
    0x0, 0xf1, 0x4, 0x93, 0xa6, 0x6f, 0x5, 0x9,
    0x8, 0x7, 0xc0, 0x44, 0xa0, 0xa5, 0x67, 0x0,
    0x2a, 0x3b, 0x0, 0x60, 0x3, 0x80, 0xb0, 0x0,
    0x0, 0x38, 0xc, 0x0, 0x0, 0x0, 0xa7, 0x80,
    0x0, 0x0,

    /* U+214D "⅍" */
    0x8, 0xa0, 0x0, 0x93, 0x0, 0xed, 0x10, 0x3e,
    0x0, 0x3c, 0x96, 0x9, 0x70, 0x8, 0xed, 0xc1,
    0xe1, 0x0, 0xa3, 0x1c, 0x89, 0x0, 0x0, 0x0,
    0xe, 0x8d, 0xb0, 0x0, 0x5, 0xbd, 0x52, 0x0,
    0x0, 0xc4, 0x5e, 0x90, 0x0, 0x3d, 0x1, 0x1f,
    0x20, 0xa, 0x60, 0xee, 0xb0, 0x0, 0x30, 0x0,
    0x0, 0x0,

    /* U+214E "ⅎ" */
    0x0, 0x0, 0x96, 0x0, 0x1, 0xfb, 0x0, 0x1,
    0xfb, 0xf, 0xff, 0xfb, 0x6, 0x67, 0xfb, 0x0,
    0x1, 0xfb, 0x15, 0x56, 0xfb, 0x5f, 0xff, 0xfb,

    /* U+214F "⅏" */
    0x0, 0x5b, 0x70, 0x7, 0xb5, 0x0, 0x8b, 0x40,
    0x1, 0xe3, 0xc3, 0x2d, 0x3e, 0x15, 0xb3, 0xe0,
    0x3, 0xb0, 0x77, 0x68, 0xa, 0x49, 0x50, 0xd2,
    0x4, 0xa0, 0x77, 0x77, 0x9, 0x59, 0x50, 0xc2,
    0x3, 0xb0, 0x86, 0x59, 0xb, 0x38, 0x60, 0xd0,
    0x0, 0xe0, 0xc1, 0x1d, 0xd, 0x4, 0xa2, 0xc0,
    0x0, 0x7d, 0x90, 0xa, 0xd7, 0x0, 0xcd, 0x40,
    0xd, 0xc8, 0xce, 0xdc, 0x9d, 0xed, 0xb9, 0xdb,

    /* U+2190 "←" */
    0x0, 0x91, 0x0, 0x0, 0xc, 0xd9, 0x99, 0x95,
    0x2, 0xa0, 0x0, 0x0, 0x0, 0x10, 0x0, 0x0,

    /* U+2191 "↑" */
    0x2, 0xa0, 0x1b, 0xe8, 0x10, 0x92, 0x0, 0x90,
    0x0, 0x90, 0x0, 0x90, 0x0, 0x90, 0x0, 0x90,
    0x0, 0x30,

    /* U+2192 "→" */
    0x0, 0x0, 0x7, 0x30, 0x9, 0x99, 0x9a, 0xf4,
    0x0, 0x0, 0x5, 0x80, 0x0, 0x0, 0x2, 0x0,

    /* U+2193 "↓" */
    0x0, 0x90, 0x0, 0x90, 0x0, 0x90, 0x0, 0x90,
    0x0, 0x90, 0x0, 0x90, 0x38, 0xb9, 0x6, 0xe1,
    0x0, 0x20,

    /* U+2194 "↔" */
    0x3, 0x70, 0x2, 0x80, 0x5f, 0xa9, 0x99, 0xdb,
    0x8, 0x50, 0x0, 0xb2, 0x0, 0x20, 0x1, 0x10,

    /* U+2195 "↕" */
    0x2, 0xa0, 0x1b, 0xe8, 0x10, 0x92, 0x0, 0x90,
    0x0, 0x90, 0x0, 0x90, 0x38, 0xb9, 0x6, 0xe1,
    0x0, 0x20,

    /* U+219C "↜" */
    0x10, 0x0, 0x0, 0x0, 0xa, 0xfb, 0x10, 0x48,
    0x10, 0x7d, 0x80, 0x8a, 0x5c, 0x15, 0x28, 0xc7,
    0x0, 0x43,

    /* U+219D "↝" */
    0x0, 0x0, 0x0, 0x0, 0x10, 0x28, 0x30, 0x3c,
    0xf6, 0x2c, 0x5b, 0x60, 0xbd, 0x45, 0x20, 0x9,
    0xc5, 0x42,

    /* U+219E "↞" */
    0x0, 0x10, 0x0, 0x0, 0x0, 0xa5, 0xb3, 0x0,
    0x0, 0xbf, 0xef, 0xcc, 0xcc, 0x51, 0xc5, 0xd2,
    0x0, 0x0, 0x1, 0x21, 0x20, 0x0, 0x0,

    /* U+21A0 "↠" */
    0x0, 0x0, 0x10, 0x10, 0x0, 0x0, 0xb, 0x4c,
    0x30, 0xbc, 0xcc, 0xdf, 0xef, 0x40, 0x0, 0x9,
    0x7b, 0x60, 0x0, 0x0, 0x30, 0x30, 0x0,

    /* U+21A2 "↢" */
    0x0, 0x10, 0x0, 0x0, 0x0, 0x86, 0x0, 0x0,
    0xc2, 0xaf, 0xcc, 0xcc, 0xd7, 0x1, 0xb4, 0x0,
    0x2, 0xc1, 0x0, 0x30, 0x0, 0x2, 0x20,

    /* U+21A3 "↣" */
    0x10, 0x0, 0x0, 0x10, 0x5, 0xa0, 0x0, 0x9,
    0x50, 0xa, 0xcc, 0xcc, 0xdf, 0x63, 0xc0, 0x0,
    0x8, 0x90, 0x31, 0x0, 0x0, 0x40, 0x0,

    /* U+21A4 "↤" */
    0x0, 0x10, 0x0, 0x0, 0x10, 0x5a, 0x0, 0x0,
    0xb, 0x6f, 0xdc, 0xcc, 0xcc, 0xb0, 0x98, 0x0,
    0x0, 0xb, 0x0, 0x40, 0x0, 0x0, 0x30,

    /* U+21A6 "↦" */
    0x10, 0x0, 0x0, 0x10, 0xb, 0x0, 0x0, 0xa,
    0x40, 0xcc, 0xcc, 0xcc, 0xdf, 0x6b, 0x0, 0x0,
    0x9, 0x80, 0x30, 0x0, 0x0, 0x40, 0x0,

    /* U+21D0 "⇐" */
    0x0, 0x0, 0x0, 0x0, 0x0, 0xb, 0x10, 0x0,
    0x0, 0xc, 0xd8, 0x88, 0x88, 0x4a, 0xd2, 0x22,
    0x22, 0x21, 0x2e, 0xdb, 0xbb, 0xbb, 0x60, 0x2c,
    0x0, 0x0, 0x0, 0x0, 0x21, 0x0, 0x0, 0x0,

    /* U+21D1 "⇑" */
    0x0, 0x5a, 0x0, 0x6, 0xec, 0xb0, 0x5a, 0xb5,
    0xba, 0x0, 0xb5, 0x50, 0x0, 0xb5, 0x50, 0x0,
    0xb5, 0x50, 0x0, 0xb5, 0x50, 0x0, 0xb5, 0x50,
    0x0, 0x42, 0x20,

    /* U+21D2 "⇒" */
    0x0, 0x0, 0x0, 0x0, 0x0, 0x0, 0x0, 0x3a,
    0x0, 0x68, 0x88, 0x88, 0xe9, 0x1, 0x22, 0x22,
    0x22, 0xf6, 0x8b, 0xbb, 0xbb, 0xdc, 0x0, 0x0,
    0x0, 0x1c, 0x10, 0x0, 0x0, 0x2, 0x10, 0x0,

    /* U+21D3 "⇓" */
    0x0, 0x94, 0x50, 0x0, 0xb5, 0x50, 0x0, 0xb5,
    0x50, 0x0, 0xb5, 0x50, 0x0, 0xb5, 0x50, 0x32,
    0xb5, 0x65, 0x2d, 0xc6, 0xf6, 0x1, 0xdf, 0x40,
    0x0, 0x13, 0x0,

    /* U+21D4 "⇔" */
    0x0, 0x0, 0x0, 0x0, 0x0, 0x0, 0x3b, 0x0,
    0xc, 0x10, 0x2, 0xeb, 0x88, 0x8c, 0xd1, 0xe,
    0x92, 0x22, 0x22, 0xcb, 0x5, 0xfc, 0xbb, 0xbc,
    0xe3, 0x0, 0x69, 0x0, 0xc, 0x30, 0x0, 0x3,
    0x0, 0x2, 0x0,

    /* U+21DA "⇚" */
    0x0, 0x40, 0x0, 0x0, 0x0, 0x3b, 0x0, 0x0,
    0x0, 0x1e, 0xbb, 0xbb, 0xbb, 0x4b, 0xe7, 0x77,
    0x77, 0x73, 0x8e, 0x33, 0x33, 0x33, 0x10, 0xce,
    0xbb, 0xbb, 0xb4, 0x1, 0xc0, 0x0, 0x0, 0x0,
    0x0, 0x0, 0x0, 0x0,

    /* U+21DB "⇛" */
    0x0, 0x0, 0x3, 0x10, 0x0, 0x0, 0x0, 0x4b,
    0x0, 0xab, 0xbb, 0xbb, 0xe7, 0x7, 0x77, 0x77,
    0x7a, 0xf3, 0x33, 0x33, 0x33, 0x8e, 0x1a, 0xbb,
    0xbb, 0xbf, 0x40, 0x0, 0x0, 0x6, 0x70, 0x0,
    0x0, 0x0, 0x0, 0x0,

    /* U+21E6 "⇦" */
    0x0, 0x0, 0x0, 0x0, 0x0, 0x39, 0x0, 0x0,
    0x0, 0x17, 0x76, 0x66, 0x66, 0x58, 0x0, 0x0,
    0x0, 0x6, 0x44, 0x46, 0x66, 0x66, 0x70, 0x68,
    0x0, 0x0, 0x0, 0x0, 0x30, 0x0, 0x0, 0x0,

    /* U+21E8 "⇨" */
    0x0, 0x0, 0x0, 0x0, 0x0, 0x0, 0x0, 0xb,
    0x10, 0x76, 0x66, 0x66, 0x68, 0x6, 0x0, 0x0,
    0x0, 0x17, 0x96, 0x66, 0x66, 0x36, 0x20, 0x0,
    0x0, 0xa, 0x40, 0x0, 0x0, 0x0, 0x30, 0x0,

    /* U+2200 "∀" */
    0xaf, 0x10, 0x0, 0xaf, 0x15, 0xf5, 0x0, 0xe,
    0xc0, 0x1f, 0xb5, 0x56, 0xf7, 0x0, 0xcf, 0xff,
    0xff, 0x20, 0x7, 0xf4, 0x2c, 0xe0, 0x0, 0x2f,
    0x70, 0xf9, 0x0, 0x0, 0xeb, 0x4f, 0x40, 0x0,
    0x9, 0xf9, 0xf0, 0x0, 0x0, 0x4f, 0xeb, 0x0,
    0x0, 0x0, 0xff, 0x60, 0x0, 0x0, 0x0, 0x0,
    0x0, 0x0,

    /* U+2201 "∁" */
    0x0, 0x11, 0x0, 0xa, 0xff, 0xa0, 0x4f, 0x98,
    0xf4, 0x8f, 0x21, 0xf7, 0x8f, 0x10, 0x31, 0x8f,
    0x10, 0x0, 0x8f, 0x10, 0x0, 0x8f, 0x10, 0x31,
    0x8f, 0x21, 0xf7, 0x5f, 0x98, 0xf4, 0xb, 0xff,
    0xa0, 0x0, 0x11, 0x0,

    /* U+2202 "∂" */
    0x0, 0x0, 0x10, 0x0, 0x0, 0x6f, 0xff, 0x70,
    0x0, 0x67, 0x5c, 0xf3, 0x0, 0x0, 0x2, 0xf8,
    0x0, 0x6e, 0xfa, 0xf9, 0x5, 0xfb, 0x5b, 0xf9,
    0xd, 0xe0, 0x5, 0xf7, 0x2f, 0x90, 0x8, 0xf3,
    0x3f, 0x70, 0x1e, 0xd0, 0x1f, 0xc4, 0xcf, 0x40,
    0x7, 0xff, 0xe5, 0x0, 0x0, 0x1, 0x0, 0x0,

    /* U+2203 "∃" */
    0xf, 0xff, 0xff, 0xf8, 0x7, 0x77, 0x78, 0xf8,
    0x0, 0x0, 0x1, 0xf8, 0x0, 0x0, 0x1, 0xf8,
    0xb, 0xff, 0xff, 0xf8, 0x6, 0x88, 0x89, 0xf8,
    0x0, 0x0, 0x1, 0xf8, 0x0, 0x0, 0x1, 0xf8,
    0x8, 0x88, 0x88, 0xf8, 0x1f, 0xff, 0xff, 0xf8,

    /* U+2204 "∄" */
    0x0, 0x0, 0x5, 0x60, 0xf, 0xff, 0xff, 0xf8,
    0x7, 0x77, 0xaf, 0xf8, 0x0, 0x0, 0xaa, 0xf8,
    0x0, 0x1, 0xf4, 0xf8, 0xb, 0xff, 0xff, 0xf8,
    0x6, 0x8f, 0xa9, 0xf8, 0x0, 0x3f, 0x1, 0xf8,
    0x0, 0xa9, 0x1, 0xf8, 0x8, 0xfa, 0x88, 0xf8,
    0x1f, 0xff, 0xff, 0xf8, 0xa, 0x50, 0x0, 0x0,

    /* U+2205 "∅" */
    0x0, 0x2, 0x67, 0x61, 0x1, 0x0, 0xa, 0xff,
    0xef, 0xf8, 0xe5, 0xc, 0xf6, 0x0, 0xa, 0xfd,
    0x6, 0xf4, 0x0, 0x3, 0xfe, 0xf3, 0xcb, 0x0,
    0x3, 0xfa, 0xe, 0x9f, 0x80, 0x3, 0xfa, 0x0,
    0xbc, 0xf8, 0x3, 0xfa, 0x0, 0xb, 0xbb, 0xd4,
    0xfa, 0x0, 0x1, 0xf8, 0x4f, 0xfa, 0x0, 0x0,
    0xaf, 0x24, 0xff, 0xa4, 0x24, 0xcf, 0x60, 0x6a,
    0x6e, 0xff, 0xfd, 0x40, 0x0, 0x0, 0x2, 0x42,
    0x0, 0x0,

    /* U+2206 "∆" */
    0x0, 0x0, 0x0, 0x0, 0x0, 0x1, 0xff, 0x30,
    0x0, 0x0, 0x6f, 0xf8, 0x0, 0x0, 0xb, 0xca,
    0xe0, 0x0, 0x1, 0xf7, 0x5f, 0x30, 0x0, 0x6f,
    0x20, 0xf9, 0x0, 0xb, 0xd0, 0xb, 0xe0, 0x1,
    0xf8, 0x0, 0x6f, 0x30, 0x6f, 0x30, 0x1, 0xf9,
    0xc, 0xf7, 0x77, 0x7e, 0xe0, 0xef, 0xff, 0xff,
    0xff, 0x10,

    /* U+2207 "∇" */
    0xbf, 0xff, 0xff, 0xff, 0x18, 0xfa, 0x77, 0x7f,
    0xe0, 0x2f, 0x90, 0x2, 0xf8, 0x0, 0xde, 0x0,
    0x8f, 0x30, 0x7, 0xf4, 0xd, 0xe0, 0x0, 0x2f,
    0x92, 0xf8, 0x0, 0x0, 0xce, 0x7f, 0x30, 0x0,
    0x7, 0xfe, 0xd0, 0x0, 0x0, 0x1f, 0xf8, 0x0,
    0x0, 0x0, 0xcf, 0x20, 0x0,

    /* U+2208 "∈" */
    0x0, 0x0, 0x0, 0x0, 0x0, 0x6c, 0xff, 0xfe,
    0x8, 0xfb, 0x65, 0x55, 0x1f, 0xa0, 0x0, 0x0,
    0x4f, 0x96, 0x66, 0x65, 0x5f, 0xff, 0xff, 0xfd,
    0x2f, 0x60, 0x0, 0x0, 0xa, 0xf9, 0x43, 0x33,
    0x0, 0x7e, 0xff, 0xfe, 0x0, 0x0, 0x11, 0x21,

    /* U+2209 "∉" */
    0x0, 0x0, 0x2, 0x90, 0x0, 0x0, 0x8, 0xb0,
    0x0, 0x6c, 0xff, 0xfe, 0x8, 0xfb, 0xae, 0x55,
    0x1f, 0xa0, 0xa9, 0x0, 0x4f, 0x96, 0xf9, 0x65,
    0x5f, 0xff, 0xff, 0xfd, 0x2f, 0x6d, 0x60, 0x0,
    0xa, 0xff, 0x53, 0x33, 0x0, 0xcf, 0xff, 0xfe,
    0x0, 0xf4, 0x11, 0x21, 0x5, 0xd0, 0x0, 0x0,
    0x0, 0x0, 0x0, 0x0,

    /* U+220A "∊" */
    0x0, 0x0, 0x0, 0x0, 0x9e, 0xff, 0xf6, 0x9e,
    0x52, 0x22, 0x1e, 0x95, 0x44, 0x41, 0xfe, 0xdd,
    0xdd, 0x5a, 0xb2, 0x0, 0x0, 0x1b, 0xff, 0xff,
    0x60, 0x0, 0x12, 0x20,

    /* U+220B "∋" */
    0x0, 0x0, 0x0, 0x0, 0x4f, 0xff, 0xea, 0x20,
    0x15, 0x55, 0x8e, 0xf3, 0x0, 0x0, 0x1, 0xeb,
    0x16, 0x66, 0x66, 0xce, 0x4f, 0xff, 0xff, 0xff,
    0x0, 0x0, 0x0, 0xcc, 0x13, 0x34, 0x5b, 0xf4,
    0x4f, 0xff, 0xfc, 0x40, 0x2, 0x21, 0x0, 0x0,

    /* U+220C "∌" */
    0x0, 0x0, 0x0, 0x61, 0x0, 0x0, 0x5, 0xd0,
    0x4f, 0xff, 0xee, 0x80, 0x15, 0x55, 0x9f, 0xf3,
    0x0, 0x0, 0x9b, 0xeb, 0x16, 0x66, 0xe9, 0xce,
    0x4f, 0xff, 0xff, 0xff, 0x0, 0xc, 0x70, 0xcc,
    0x13, 0x5f, 0x7b, 0xf4, 0x4f, 0xff, 0xfc, 0x40,
    0x2, 0xf5, 0x0, 0x0, 0x4, 0xb0, 0x0, 0x0,

    /* U+220D "∍" */
    0x0, 0x0, 0x0, 0xf, 0xff, 0xfc, 0x30, 0x22,
    0x23, 0xae, 0x14, 0x44, 0x55, 0xf5, 0xdd, 0xdd,
    0xdf, 0x50, 0x0, 0x17, 0xf1, 0xff, 0xff, 0xd4,
    0x2, 0x22, 0x10, 0x0,

    /* U+220E "∎" */
    0x66, 0x66, 0x66, 0x2f, 0xff, 0xff, 0xf6, 0xff,
    0xff, 0xff, 0x6f, 0xff, 0xff, 0xf6, 0xff, 0xff,
    0xff, 0x6f, 0xff, 0xff, 0xf6, 0xff, 0xff, 0xff,
    0x6f, 0xff, 0xff, 0xf6, 0xff, 0xff, 0xff, 0x6f,
    0xff, 0xff, 0xf6,

    /* U+2210 "∐" */
    0x0, 0x0, 0x0, 0x0, 0x1f, 0xa0, 0x0, 0xde,
    0x1f, 0xa0, 0x0, 0xde, 0x1f, 0xa0, 0x0, 0xde,
    0x1f, 0xa0, 0x0, 0xde, 0x1f, 0xa0, 0x0, 0xde,
    0x1f, 0xa0, 0x0, 0xde, 0x1f, 0xa0, 0x0, 0xde,
    0x1f, 0xa0, 0x0, 0xde, 0x1f, 0xa0, 0x0, 0xde,
    0x1f, 0xa0, 0x0, 0xde, 0x1f, 0xa0, 0x0, 0xde,
    0x1f, 0xb2, 0x22, 0xde, 0x1f, 0xff, 0xff, 0xfe,
    0x5, 0x55, 0x55, 0x55,

    /* U+2212 "−" */
    0x9, 0x99, 0x99, 0x93, 0xf, 0xff, 0xff, 0xf6,

    /* U+2218 "∘" */
    0x0, 0x0, 0x4, 0xef, 0x90, 0xe6, 0x1e, 0x4e,
    0x40, 0xe4, 0x5f, 0xfb, 0x0, 0x12, 0x0,

    /* U+2219 "∙" */
    0xae, 0x2d, 0xf3, 0x13, 0x0,

    /* U+221A "√" */
    0x0, 0x0, 0x0, 0x1c, 0x40, 0x0, 0x0, 0x5,
    0xf1, 0x0, 0x0, 0x0, 0xab, 0x0, 0x0, 0x0,
    0xf, 0x60, 0x0, 0x0, 0x5, 0xf1, 0x3, 0x52,
    0x0, 0xac, 0x0, 0xaf, 0xc0, 0xf, 0x60, 0x0,
    0x3f, 0x24, 0xf1, 0x0, 0x0, 0xd7, 0x9c, 0x0,
    0x0, 0x8, 0xde, 0x70, 0x0, 0x0, 0x2f, 0xf1,
    0x0, 0x0, 0x0, 0xcc, 0x0, 0x0, 0x0, 0x0,
    0x0, 0x0, 0x0,

    /* U+221E "∞" */
    0x1, 0x20, 0x0, 0x10, 0x4, 0xff, 0x93, 0xef,
    0xa0, 0xc8, 0x1d, 0xf5, 0x2f, 0x3d, 0x70, 0xcf,
    0x31, 0xf3, 0x6f, 0xfb, 0x7f, 0xfc, 0x0, 0x23,
    0x0, 0x34, 0x0,

    /* U+2220 "∠" */
    0x0, 0x0, 0x0, 0x0, 0x0, 0x0, 0x0, 0xbb,
    0x0, 0x0, 0x0, 0xaf, 0x40, 0x0, 0x0, 0x8f,
    0x60, 0x0, 0x0, 0x6f, 0x80, 0x0, 0x0, 0x4f,
    0xa0, 0x0, 0x0, 0x3f, 0xe6, 0x55, 0x55, 0xa,
    0xff, 0xff, 0xff, 0xf0,

    /* U+2223 "∣" */
    0x59, 0x8f, 0x8f, 0x8f, 0x8f, 0x8f, 0x8f, 0x8f,
    0x8f, 0x8f, 0x8f,

    /* U+2227 "∧" */
    0x0, 0x5, 0x90, 0x0, 0x0, 0x0, 0xdf, 0x40,
    0x0, 0x0, 0x5f, 0xdb, 0x0, 0x0, 0xc, 0xb5,
    0xf3, 0x0, 0x4, 0xf4, 0xe, 0xa0, 0x0, 0xbd,
    0x0, 0x7f, 0x20, 0x3f, 0x60, 0x1, 0xf9, 0x5,
    0xa0, 0x0, 0x7, 0x90,

    /* U+2228 "∨" */
    0x6b, 0x10, 0x0, 0x8a, 0x2, 0xf7, 0x0, 0x1f,
    0x80, 0xb, 0xe0, 0x8, 0xf1, 0x0, 0x3f, 0x50,
    0xea, 0x0, 0x0, 0xcc, 0x5f, 0x20, 0x0, 0x4,
    0xfe, 0xb0, 0x0, 0x0, 0xd, 0xf3, 0x0, 0x0,
    0x0, 0x48, 0x0, 0x0,

    /* U+2229 "∩" */
    0x0, 0x3, 0x41, 0x0, 0x3, 0xef, 0xff, 0x60,
    0xd, 0xd3, 0x2a, 0xf1, 0x2f, 0x50, 0x1, 0xf6,
    0x4f, 0x30, 0x0, 0xf8, 0x4f, 0x30, 0x0, 0xe8,
    0x4f, 0x30, 0x0, 0xe8, 0x4f, 0x30, 0x0, 0xe8,
    0x4f, 0x30, 0x0, 0xe8, 0x15, 0x10, 0x0, 0x53,

    /* U+222A "∪" */
    0x14, 0x0, 0x0, 0x42, 0x4f, 0x30, 0x0, 0xe8,
    0x4f, 0x30, 0x0, 0xe8, 0x4f, 0x30, 0x0, 0xe8,
    0x4f, 0x30, 0x0, 0xe8, 0x4f, 0x30, 0x0, 0xf8,
    0x2f, 0x50, 0x1, 0xf6, 0xd, 0xd2, 0x1a, 0xf2,
    0x3, 0xef, 0xff, 0x60, 0x0, 0x4, 0x51, 0x0,

    /* U+2234 "∴" */
    0x0, 0x7, 0xa0, 0x0, 0x0, 0xd, 0xf2, 0x0,
    0x0, 0x1, 0x30, 0x0, 0x0, 0x0, 0x0, 0x0,
    0x0, 0x0, 0x0, 0x0, 0x1, 0x0, 0x0, 0x20,
    0x3f, 0xb0, 0x5, 0xf9, 0x1c, 0x70, 0x3, 0xd6,

    /* U+2235 "∵" */
    0x1a, 0x60, 0x2, 0xb5, 0x4f, 0xb0, 0x5, 0xfa,
    0x3, 0x10, 0x0, 0x41, 0x0, 0x0, 0x0, 0x0,
    0x0, 0x0, 0x0, 0x0, 0x0, 0x0, 0x10, 0x0,
    0x0, 0xc, 0xf2, 0x0, 0x0, 0x8, 0xc1, 0x0,

    /* U+2236 "∶" */
    0x7a, 0xc, 0xf3, 0x13, 0x0, 0x0, 0x0, 0x0,
    0x10, 0xcf, 0x28, 0xc1,

    /* U+2237 "∷" */
    0x1a, 0x60, 0x1, 0xb5, 0x4f, 0xb0, 0x4, 0xfb,
    0x3, 0x10, 0x0, 0x31, 0x0, 0x0, 0x0, 0x0,
    0x0, 0x0, 0x0, 0x0, 0x2, 0x0, 0x0, 0x20,
    0x3f, 0xb0, 0x4, 0xfa, 0x2c, 0x70, 0x2, 0xc7,

    /* U+2238 "∸" */
    0x0, 0x6, 0xa0, 0x0, 0x0, 0xc, 0xf3, 0x0,
    0x0, 0x1, 0x30, 0x0, 0x6, 0x66, 0x66, 0x63,
    0x1f, 0xff, 0xff, 0xf7,

    /* U+223C "∼" */
    0x0, 0x0, 0x0, 0x0, 0xb, 0xfe, 0x94, 0x57,
    0x1b, 0x68, 0xef, 0xf6, 0x0, 0x0, 0x2, 0x10,

    /* U+223D "∽" */
    0x0, 0x0, 0x0, 0x0, 0x19, 0x36, 0xcf, 0xe5,
    0xd, 0xff, 0xb6, 0x78, 0x0, 0x20, 0x0, 0x0,

    /* U+2241 "≁" */
    0x0, 0x0, 0x9, 0x10, 0x0, 0x0, 0x6d, 0x0,
    0x0, 0x0, 0xc7, 0x0, 0xb, 0xfe, 0xf5, 0x57,
    0x1b, 0x6d, 0xff, 0xf6, 0x0, 0xe, 0x42, 0x10,
    0x0, 0x5d, 0x0, 0x0, 0x0, 0x97, 0x0, 0x0,

    /* U+2243 "≃" */
    0x3, 0x76, 0x10, 0x2, 0x1f, 0xef, 0xfb, 0xc9,
    0x4, 0x1, 0x7b, 0x92, 0x6, 0x66, 0x66, 0x64,
    0x1f, 0xff, 0xff, 0xf9,

    /* U+2245 "≅" */
    0x3, 0x76, 0x10, 0x2, 0x1f, 0xef, 0xfc, 0xd7,
    0x4, 0x1, 0x7b, 0x91, 0x6, 0x66, 0x66, 0x63,
    0x1f, 0xff, 0xff, 0xf7, 0x0, 0x0, 0x0, 0x0,
    0x1f, 0xff, 0xff, 0xf7, 0x6, 0x66, 0x66, 0x63,

    /* U+2247 "≇" */
    0x0, 0x0, 0x0, 0x10, 0x0, 0x0, 0x9, 0x90,
    0x3, 0x76, 0x2f, 0x32, 0x1f, 0xef, 0xff, 0xd7,
    0x4, 0x1, 0xed, 0x91, 0x6, 0x67, 0xf7, 0x63,
    0x1f, 0xff, 0xff, 0xf7, 0x0, 0xe, 0x40, 0x0,
    0x1f, 0xff, 0xff, 0xf7, 0x6, 0xeb, 0x66, 0x63,
    0x1, 0xf2, 0x0, 0x0, 0x1, 0x30, 0x0, 0x0,

    /* U+2248 "≈" */
    0x0, 0x32, 0x0, 0x0, 0xe, 0xff, 0xd8, 0x89,
    0x16, 0x3, 0x9d, 0xc3, 0x4, 0x97, 0x30, 0x3,
    0x1e, 0xac, 0xfe, 0xf9, 0x1, 0x0, 0x26, 0x50,

    /* U+2249 "≉" */
    0x0, 0x0, 0xb, 0x60, 0x0, 0x0, 0x3f, 0x10,
    0x0, 0x32, 0x9a, 0x0, 0xe, 0xff, 0xfa, 0x89,
    0x16, 0x8, 0xed, 0xc3, 0x4, 0x9d, 0x90, 0x3,
    0x1e, 0xbf, 0xfe, 0xf9, 0x1, 0x8b, 0x26, 0x50,
    0x0, 0xe4, 0x0, 0x0, 0x5, 0xe0, 0x0, 0x0,
    0x0, 0x0, 0x0, 0x0,

    /* U+224A "≊" */
    0x8, 0xdb, 0x61, 0x35, 0x1e, 0x8b, 0xff, 0xf6,
    0x1, 0x10, 0x26, 0x40, 0xc, 0xff, 0xa5, 0x76,
    0x1a, 0x47, 0xdf, 0xf4, 0x0, 0x0, 0x1, 0x10,
    0x1f, 0xff, 0xff, 0xf8, 0x5, 0x55, 0x55, 0x52,

    /* U+224B "≋" */
    0x6, 0xb9, 0x40, 0x14, 0x1f, 0xbd, 0xff, 0xf7,
    0x1, 0x10, 0x37, 0x50, 0xc, 0xff, 0xa5, 0x76,
    0x1a, 0x47, 0xdf, 0xf4, 0x2, 0x65, 0x1, 0x1,
    0xf, 0xff, 0xe9, 0xb8, 0x16, 0x13, 0x9d, 0xb2,

    /* U+224C "≌" */
    0x2, 0x0, 0x47, 0x60, 0x1f, 0xbe, 0xfe, 0xf7,
    0x6, 0xb9, 0x30, 0x14, 0x6, 0x66, 0x66, 0x63,
    0x1f, 0xff, 0xff, 0xf7, 0x0, 0x0, 0x0, 0x0,
    0x1f, 0xff, 0xff, 0xf7, 0x6, 0x66, 0x66, 0x63,

    /* U+2254 "≔" */
    0x18, 0x41, 0x33, 0x33, 0x5, 0xfb, 0x9f, 0xff,
    0xf1, 0x6, 0x21, 0x22, 0x22, 0x0, 0x62, 0x1,
    0x11, 0x10, 0x5f, 0xb9, 0xff, 0xff, 0x10, 0x83,
    0x24, 0x44, 0x40,

    /* U+2255 "≕" */
    0x13, 0x33, 0x30, 0x85, 0x9f, 0xff, 0xf4, 0xfd,
    0x12, 0x22, 0x20, 0x53, 0x1, 0x11, 0x10, 0x63,
    0x9f, 0xff, 0xf4, 0xfd, 0x24, 0x44, 0x40, 0x84,

    /* U+2257 "≗" */
    0x0, 0x3c, 0xe8, 0x0, 0x0, 0xd8, 0x4e, 0x40,
    0x0, 0xe4, 0xd, 0x50, 0x0, 0x6f, 0xec, 0x0,
    0x0, 0x1, 0x20, 0x0, 0xf, 0xff, 0xff, 0xf7,
    0x6, 0x66, 0x66, 0x63, 0x0, 0x0, 0x0, 0x0,
    0xf, 0xff, 0xff, 0xf7, 0x6, 0x66, 0x66, 0x63,

    /* U+225F "≟" */
    0x0, 0x8, 0xd3, 0x0, 0x0, 0x1, 0xc2, 0x0,
    0x0, 0x3, 0x70, 0x0, 0x0, 0x1, 0x20, 0x0,
    0xf, 0xff, 0xff, 0xf7, 0x6, 0x66, 0x66, 0x63,
    0x0, 0x0, 0x0, 0x0, 0xf, 0xff, 0xff, 0xf7,
    0x6, 0x66, 0x66, 0x63,

    /* U+2260 "≠" */
    0x0, 0x0, 0x1b, 0x20, 0x0, 0x0, 0x7f, 0x10,
    0xf, 0xff, 0xff, 0xf6, 0x7, 0x7a, 0xf8, 0x73,
    0x2, 0x2b, 0xe2, 0x21, 0xf, 0xff, 0xff, 0xf6,
    0x4, 0xbf, 0x54, 0x42, 0x0, 0xa9, 0x0, 0x0,
    0x0, 0x0, 0x0, 0x0,

    /* U+2261 "≡" */
    0x0, 0x0, 0x0, 0x0, 0xf, 0xff, 0xff, 0xf6,
    0x7, 0x77, 0x77, 0x73, 0x5, 0x55, 0x55, 0x52,
    0xf, 0xff, 0xff, 0xf6, 0x1, 0x11, 0x11, 0x10,
    0x8, 0x88, 0x88, 0x83, 0xf, 0xff, 0xff, 0xf6,

    /* U+2262 "≢" */
    0x0, 0x0, 0x7, 0x90, 0x0, 0x0, 0x1e, 0x60,
    0xf, 0xff, 0xff, 0xf6, 0x7, 0x77, 0xeb, 0x73,
    0x5, 0x56, 0xf8, 0x52, 0xf, 0xff, 0xff, 0xf6,
    0x1, 0x1e, 0x61, 0x10, 0x8, 0x9f, 0x88, 0x83,
    0xf, 0xff, 0xff, 0xf6, 0x1, 0xf2, 0x0, 0x0,
    0x5, 0xa0, 0x0, 0x0,

    /* U+2264 "≤" */
    0x0, 0x0, 0x0, 0x57, 0x0, 0x0, 0x5d, 0xf6,
    0x0, 0x5d, 0xe7, 0x10, 0xd, 0xf7, 0x0, 0x0,
    0x9, 0xfd, 0x71, 0x0, 0x0, 0x7, 0xdf, 0x92,
    0x0, 0x0, 0x5, 0xca, 0x4, 0x44, 0x44, 0x43,
    0x1f, 0xff, 0xff, 0xfa,

    /* U+2265 "≥" */
    0x1a, 0x20, 0x0, 0x0, 0xc, 0xfa, 0x20, 0x0,
    0x0, 0x3b, 0xfa, 0x20, 0x0, 0x0, 0x3b, 0xf7,
    0x0, 0x3, 0xaf, 0xc4, 0x6, 0xcf, 0xb3, 0x0,
    0x1f, 0x82, 0x0, 0x0, 0x5, 0x44, 0x44, 0x42,
    0x1f, 0xff, 0xff, 0xfa,

    /* U+226C "≬" */
    0x59, 0x69, 0x0, 0xdf, 0x40, 0x1f, 0xf7, 0x7,
    0xfa, 0xe0, 0xca, 0x4f, 0x2d, 0x92, 0xf4, 0xc9,
    0x3f, 0x39, 0xd7, 0xf0, 0x3f, 0xea, 0x0, 0xcf,
    0x30, 0x6f, 0xcb, 0x0,

    /* U+226E "≮" */
    0x0, 0x0, 0x9a, 0x0, 0x0, 0xf, 0x61, 0x0,
    0x6, 0xff, 0x20, 0x19, 0xfc, 0x40, 0x7f, 0xef,
    0x10, 0x8, 0xfe, 0xc0, 0x0, 0x2, 0xff, 0xc5,
    0x0, 0x5e, 0x29, 0xf3, 0xb, 0x80, 0x1, 0x12,
    0xf2, 0x0, 0x0,

    /* U+226F "≯" */
    0x0, 0x1, 0xf3, 0x4, 0x0, 0x6d, 0x0, 0xcd,
    0x5c, 0x60, 0x1, 0x9f, 0xf5, 0x0, 0x0, 0x9e,
    0xfb, 0x10, 0xf, 0xcf, 0xd1, 0x2b, 0xfd, 0x50,
    0xc, 0xf8, 0x0, 0x0, 0x5f, 0x10, 0x0, 0x8,
    0xb0, 0x0, 0x0,

    /* U+2270 "≰" */
    0x0, 0x0, 0xd, 0x70, 0x0, 0x0, 0x3f, 0x67,
    0x0, 0x0, 0xaf, 0xf6, 0x0, 0x5d, 0xf8, 0x10,
    0xd, 0xfb, 0xe0, 0x0, 0x8, 0xff, 0xc1, 0x0,
    0x0, 0x2f, 0xef, 0x92, 0x0, 0x7d, 0x5, 0xca,
    0x4, 0xda, 0x44, 0x43, 0x1f, 0xff, 0xff, 0xfa,
    0x9, 0xa0, 0x0, 0x0, 0x5, 0x20, 0x0, 0x0,

    /* U+2271 "≱" */
    0x0, 0x0, 0xe, 0x40, 0x1a, 0x20, 0x5e, 0x0,
    0xc, 0xfa, 0xc8, 0x0, 0x0, 0x3b, 0xfa, 0x20,
    0x0, 0x7, 0xdb, 0xf7, 0x0, 0xd, 0xdf, 0xc4,
    0x6, 0xcf, 0xa3, 0x0, 0x1f, 0xe9, 0x0, 0x0,
    0x5, 0xf7, 0x44, 0x42, 0x1f, 0xff, 0xff, 0xfa,
    0x9, 0x60, 0x0, 0x0,

    /* U+2272 "≲" */
    0x0, 0x0, 0x1, 0x77, 0x0, 0x5, 0xbf, 0xd5,
    0x9, 0xfc, 0x72, 0x0, 0xa, 0xfc, 0x61, 0x0,
    0x0, 0x6, 0xcf, 0xc5, 0x0, 0x0, 0x2, 0x87,
    0x5, 0xa9, 0x30, 0x4, 0x1f, 0xbe, 0xfe, 0xf9,
    0x2, 0x0, 0x47, 0x60,

    /* U+2273 "≳" */
    0x1a, 0x40, 0x0, 0x0, 0xa, 0xfe, 0x82, 0x0,
    0x0, 0x4, 0x9e, 0xd5, 0x0, 0x4, 0x9e, 0xd5,
    0x9, 0xee, 0x93, 0x0, 0x1b, 0x50, 0x0, 0x0,
    0x5, 0xa9, 0x30, 0x4, 0x1f, 0xbe, 0xfe, 0xf9,
    0x2, 0x0, 0x37, 0x60,

    /* U+2274 "≴" */
    0x0, 0x0, 0x0, 0x0, 0x0, 0x0, 0xa, 0x90,
    0x0, 0x0, 0x1f, 0xa7, 0x0, 0x5, 0xcf, 0xd5,
    0xa, 0xfc, 0xf7, 0x0, 0xa, 0xfc, 0xf3, 0x0,
    0x0, 0xb, 0xff, 0xc5, 0x0, 0xe, 0x52, 0x87,
    0x5, 0xbf, 0x40, 0x4, 0x1f, 0xff, 0xfe, 0xf9,
    0x3, 0xf3, 0x47, 0x60, 0x5, 0xb0, 0x0, 0x0,

    /* U+2275 "≵" */
    0x0, 0x0, 0x0, 0x0, 0x0, 0x0, 0x1f, 0x20,
    0x1a, 0x40, 0x6d, 0x0, 0xa, 0xfe, 0xe8, 0x0,
    0x0, 0x7, 0xfe, 0xd5, 0x0, 0x9, 0xfe, 0xd5,
    0x9, 0xef, 0xa3, 0x0, 0x1b, 0x9e, 0x0, 0x0,
    0x5, 0xdd, 0x30, 0x4, 0x1f, 0xfe, 0xfe, 0xf9,
    0x8, 0xd0, 0x37, 0x60, 0x9, 0x60, 0x0, 0x0,

    /* U+227A "≺" */
    0x0, 0x0, 0x3, 0x30, 0x0, 0x7, 0xf4, 0x0,
    0x5d, 0xf7, 0x8, 0xef, 0x91, 0x0, 0x9f, 0xe8,
    0x0, 0x0, 0x7, 0xee, 0x50, 0x0, 0x0, 0x8f,
    0x40, 0x0, 0x0, 0x43,

    /* U+227B "≻" */
    0x60, 0x0, 0x0, 0xd, 0xb1, 0x0, 0x0, 0x3d,
    0xf8, 0x10, 0x0, 0x6, 0xdf, 0xa2, 0x0, 0x5c,
    0xfc, 0x22, 0xbf, 0xa3, 0x0, 0xdc, 0x30, 0x0,
    0x7, 0x0, 0x0, 0x0,

    /* U+2282 "⊂" */
    0x0, 0x0, 0x0, 0x0, 0x0, 0x8d, 0xff, 0xfb,
    0xc, 0xf9, 0x65, 0x53, 0x5f, 0x50, 0x0, 0x0,
    0x8f, 0x0, 0x0, 0x0, 0x8f, 0x0, 0x0, 0x0,
    0x5f, 0x40, 0x0, 0x0, 0xd, 0xe7, 0x43, 0x32,
    0x1, 0xaf, 0xff, 0xfb, 0x0, 0x0, 0x12, 0x21,

    /* U+2283 "⊃" */
    0x0, 0x0, 0x0, 0x0, 0x4f, 0xff, 0xea, 0x20,
    0x15, 0x56, 0x8e, 0xf3, 0x0, 0x0, 0x1, 0xeb,
    0x0, 0x0, 0x0, 0x9e, 0x0, 0x0, 0x0, 0x9f,
    0x0, 0x0, 0x0, 0xdc, 0x13, 0x33, 0x6c, 0xf4,
    0x4f, 0xff, 0xfc, 0x40, 0x2, 0x22, 0x0, 0x0,

    /* U+2284 "⊄" */
    0x0, 0x0, 0x3, 0x80, 0x0, 0x0, 0xb, 0x80,
    0x0, 0x8d, 0xff, 0xfb, 0xc, 0xf9, 0xcc, 0x53,
    0x5f, 0x50, 0xe5, 0x0, 0x8f, 0x4, 0xe0, 0x0,
    0x8f, 0xa, 0x80, 0x0, 0x5f, 0x5f, 0x20, 0x0,
    0xd, 0xfe, 0x43, 0x32, 0x1, 0xff, 0xff, 0xfb,
    0x4, 0xf1, 0x12, 0x21, 0x7, 0x80, 0x0, 0x0,

    /* U+2285 "⊅" */
    0x0, 0x0, 0x1, 0xa1, 0x0, 0x0, 0x6, 0xc0,
    0x4f, 0xff, 0xee, 0x70, 0x15, 0x56, 0xaf, 0xf3,
    0x0, 0x0, 0x9b, 0xeb, 0x0, 0x0, 0xf3, 0x9e,
    0x0, 0x6, 0xd0, 0x9f, 0x0, 0xc, 0x70, 0xdc,
    0x13, 0x5f, 0x7c, 0xf4, 0x4f, 0xff, 0xfc, 0x40,
    0x2, 0xf5, 0x0, 0x0, 0x4, 0xc0, 0x0, 0x0,

    /* U+2286 "⊆" */
    0x0, 0x0, 0x11, 0x11, 0x1, 0xaf, 0xff, 0xfb,
    0xd, 0xe7, 0x44, 0x42, 0x6f, 0x30, 0x0, 0x0,
    0x8f, 0x0, 0x0, 0x0, 0x7f, 0x0, 0x0, 0x0,
    0x3f, 0x80, 0x0, 0x0, 0x8, 0xfe, 0xcb, 0xb8,
    0x0, 0x38, 0x9a, 0xa7, 0x6, 0x66, 0x66, 0x64,
    0xf, 0xff, 0xff, 0xfb,

    /* U+2287 "⊇" */
    0x1, 0x11, 0x0, 0x0, 0x1, 0xff, 0xff, 0xd7,
    0x0, 0x4, 0x44, 0x5a, 0xf8, 0x0, 0x0, 0x0,
    0x9, 0xf0, 0x0, 0x0, 0x0, 0x5f, 0x20, 0x0,
    0x0, 0x6, 0xf1, 0x0, 0x0, 0x1, 0xdd, 0x0,
    0xbb, 0xbc, 0xfe, 0x30, 0xa, 0xaa, 0x96, 0x10,
    0x0, 0x66, 0x66, 0x66, 0x40, 0x1f, 0xff, 0xff,
    0xf9, 0x0,

    /* U+2288 "⊈" */
    0x0, 0x0, 0x15, 0x81, 0x1, 0xaf, 0xff, 0xfb,
    0xd, 0xe7, 0x7f, 0x42, 0x6f, 0x30, 0x8a, 0x0,
    0x8f, 0x0, 0xe4, 0x0, 0x7f, 0x5, 0xe0, 0x0,
    0x3f, 0x8b, 0x80, 0x0, 0x8, 0xff, 0xdb, 0xb8,
    0x0, 0x9d, 0x9a, 0xa7, 0x6, 0xea, 0x66, 0x64,
    0xf, 0xff, 0xff, 0xfb, 0x8, 0x70, 0x0, 0x0,

    /* U+2289 "⊉" */
    0x1, 0x11, 0x0, 0x93, 0x1, 0xff, 0xff, 0xef,
    0x0, 0x4, 0x44, 0x5d, 0xf8, 0x0, 0x0, 0x1,
    0xfc, 0xf0, 0x0, 0x0, 0x6c, 0x5f, 0x20, 0x0,
    0xd, 0x66, 0xf1, 0x0, 0x3, 0xf2, 0xdd, 0x0,
    0xbb, 0xdf, 0xfe, 0x30, 0xa, 0xbf, 0xa6, 0x10,
    0x0, 0x69, 0xf6, 0x66, 0x40, 0x1f, 0xff, 0xff,
    0xf9, 0x0, 0x1c, 0x10, 0x0, 0x0,

    /* U+228E "⊎" */
    0x6e, 0x0, 0x0, 0x6e, 0x7e, 0x0, 0x0, 0x6f,
    0x7e, 0x0, 0x0, 0x6e, 0x7e, 0x0, 0x0, 0x6e,
    0x7e, 0x1, 0x70, 0x6e, 0x7e, 0x1b, 0xe6, 0x6e,
    0x6f, 0x4, 0xb1, 0x7e, 0x4f, 0x30, 0x20, 0xbb,
    0xd, 0xe7, 0x6a, 0xf5, 0x1, 0xae, 0xfd, 0x60,

    /* U+2291 "⊑" */
    0x4f, 0xff, 0xff, 0xfa, 0x4f, 0x86, 0x66, 0x64,
    0x4f, 0x30, 0x0, 0x0, 0x4f, 0x30, 0x0, 0x0,
    0x4f, 0x30, 0x0, 0x0, 0x4f, 0x30, 0x0, 0x0,
    0x4f, 0xff, 0xff, 0xfa, 0x16, 0x66, 0x66, 0x64,
    0x15, 0x55, 0x55, 0x53, 0x4f, 0xff, 0xff, 0xfb,

    /* U+2292 "⊒" */
    0x1f, 0xff, 0xff, 0xfd, 0x6, 0x66, 0x66, 0xbe,
    0x0, 0x0, 0x0, 0x9e, 0x0, 0x0, 0x0, 0x9e,
    0x0, 0x0, 0x0, 0x9e, 0x0, 0x0, 0x0, 0x9e,
    0x1f, 0xff, 0xff, 0xfe, 0x6, 0x66, 0x66, 0x65,
    0x5, 0x55, 0x55, 0x54, 0x1f, 0xff, 0xff, 0xfe,

    /* U+2293 "⊓" */
    0x4f, 0xff, 0xff, 0xf8, 0x4f, 0x86, 0x66, 0xf8,
    0x4f, 0x30, 0x0, 0xe8, 0x4f, 0x30, 0x0, 0xe8,
    0x4f, 0x30, 0x0, 0xe8, 0x4f, 0x30, 0x0, 0xe8,
    0x4f, 0x30, 0x0, 0xe8, 0x2a, 0x10, 0x0, 0x95,

    /* U+2294 "⊔" */
    0x2a, 0x10, 0x0, 0x95, 0x4f, 0x30, 0x0, 0xe8,
    0x4f, 0x30, 0x0, 0xe8, 0x4f, 0x30, 0x0, 0xe8,
    0x4f, 0x30, 0x0, 0xe8, 0x4f, 0x30, 0x0, 0xe8,
    0x4f, 0x86, 0x66, 0xf8, 0x4f, 0xff, 0xff, 0xf8,

    /* U+2295 "⊕" */
    0x0, 0x7, 0xcd, 0xb6, 0x0, 0x0, 0x1d, 0xe8,
    0x69, 0xfb, 0x0, 0xb, 0xd1, 0x1a, 0x2, 0xe8,
    0x3, 0xf2, 0x2, 0xf0, 0x6, 0xf0, 0x6d, 0x14,
    0x5f, 0x44, 0x1f, 0x36, 0xd4, 0xdd, 0xfd, 0xd3,
    0xf3, 0x3f, 0x20, 0x2f, 0x0, 0x5f, 0x0, 0xcc,
    0x12, 0xd0, 0x2e, 0x90, 0x2, 0xee, 0x76, 0x8f,
    0xc0, 0x0, 0x1, 0x8d, 0xec, 0x60, 0x0,

    /* U+2296 "⊖" */
    0x0, 0x7, 0xcd, 0xb6, 0x0, 0x0, 0x1d, 0xe8,
    0x69, 0xfb, 0x0, 0xb, 0xd1, 0x0, 0x2, 0xe8,
    0x3, 0xf2, 0x0, 0x0, 0x6, 0xf0, 0x6d, 0x14,
    0x44, 0x44, 0x1f, 0x36, 0xd4, 0xdd, 0xdd, 0xd3,
    0xf3, 0x3f, 0x20, 0x0, 0x0, 0x5f, 0x0, 0xcc,
    0x10, 0x0, 0x2e, 0x90, 0x2, 0xee, 0x76, 0x8f,
    0xc0, 0x0, 0x1, 0x8d, 0xec, 0x60, 0x0,

    /* U+2297 "⊗" */
    0x0, 0x7, 0xcd, 0xb6, 0x0, 0x0, 0x1d, 0xe8,
    0x69, 0xfb, 0x0, 0xb, 0xd2, 0x0, 0x13, 0xe8,
    0x3, 0xf2, 0xba, 0x1c, 0x76, 0xf0, 0x6d, 0x1,
    0xdf, 0xa0, 0x1f, 0x36, 0xd0, 0xc, 0xfa, 0x0,
    0xf3, 0x3f, 0x2a, 0xb1, 0xd7, 0x5f, 0x0, 0xcc,
    0x30, 0x1, 0x3e, 0x90, 0x2, 0xee, 0x76, 0x8f,
    0xc0, 0x0, 0x1, 0x8d, 0xec, 0x60, 0x0,

    /* U+2298 "⊘" */
    0x0, 0x7, 0xcd, 0xb6, 0x0, 0x0, 0x1d, 0xe8,
    0x69, 0xfb, 0x0, 0xb, 0xd1, 0x0, 0x13, 0xe8,
    0x3, 0xf2, 0x0, 0x1c, 0x76, 0xf0, 0x6d, 0x0,
    0xc, 0xa0, 0x1f, 0x36, 0xd0, 0xc, 0xb0, 0x0,
    0xf3, 0x3f, 0x2a, 0xb0, 0x0, 0x5f, 0x0, 0xcc,
    0x30, 0x0, 0x2e, 0x90, 0x2, 0xee, 0x76, 0x8f,
    0xc0, 0x0, 0x1, 0x8d, 0xec, 0x60, 0x0,

    /* U+2299 "⊙" */
    0x0, 0x7, 0xcd, 0xb6, 0x0, 0x0, 0x1d, 0xe8,
    0x69, 0xfb, 0x0, 0xb, 0xd1, 0x0, 0x2, 0xe8,
    0x3, 0xf2, 0x0, 0x10, 0x6, 0xf0, 0x6d, 0x0,
    0xbf, 0x70, 0x1f, 0x36, 0xd0, 0xd, 0xfa, 0x0,
    0xf3, 0x3f, 0x20, 0x38, 0x10, 0x5f, 0x0, 0xcc,
    0x10, 0x0, 0x2e, 0x90, 0x2, 0xee, 0x76, 0x8f,
    0xc0, 0x0, 0x1, 0x8d, 0xec, 0x60, 0x0,

    /* U+229A "⊚" */
    0x0, 0x7, 0xcd, 0xb6, 0x0, 0x0, 0x1d, 0xe8,
    0x69, 0xfb, 0x0, 0xb, 0xd1, 0x0, 0x2, 0xe8,
    0x3, 0xf2, 0x2d, 0xf7, 0x6, 0xf0, 0x6d, 0xa,
    0x71, 0xe2, 0x1f, 0x36, 0xd0, 0xb6, 0xe, 0x20,
    0xf3, 0x3f, 0x23, 0xee, 0x90, 0x5f, 0x0, 0xcc,
    0x10, 0x10, 0x2e, 0x90, 0x2, 0xee, 0x76, 0x8f,
    0xc0, 0x0, 0x1, 0x8d, 0xec, 0x60, 0x0,

    /* U+229B "⊛" */
    0x0, 0x7, 0xcd, 0xb6, 0x0, 0x0, 0x1d, 0xe8,
    0x69, 0xfb, 0x0, 0xb, 0xd1, 0x3d, 0x2, 0xe8,
    0x3, 0xf3, 0x12, 0xf0, 0x26, 0xf0, 0x6d, 0x3f,
    0xcf, 0xcf, 0x2f, 0x36, 0xd0, 0xb, 0xf8, 0x0,
    0xf3, 0x3f, 0x25, 0xe4, 0xf3, 0x5f, 0x0, 0xcc,
    0x55, 0x7, 0x4e, 0x90, 0x2, 0xee, 0x76, 0x8f,
    0xc0, 0x0, 0x1, 0x8d, 0xec, 0x60, 0x0,

    /* U+229C "⊜" */
    0x0, 0x7, 0xcd, 0xb6, 0x0, 0x0, 0x1d, 0xe8,
    0x69, 0xfb, 0x0, 0xb, 0xd1, 0x0, 0x2, 0xe8,
    0x3, 0xf7, 0xdd, 0xdd, 0xd6, 0xf0, 0x6d, 0x14,
    0x44, 0x44, 0x1f, 0x36, 0xd0, 0x22, 0x22, 0x21,
    0xf3, 0x3f, 0x8f, 0xff, 0xff, 0x6f, 0x0, 0xcc,
    0x10, 0x0, 0x2e, 0x90, 0x2, 0xee, 0x76, 0x8f,
    0xc0, 0x0, 0x1, 0x8d, 0xec, 0x60, 0x0,

    /* U+22A2 "⊢" */
    0x14, 0x0, 0x0, 0x0, 0x4f, 0x30, 0x0, 0x0,
    0x4f, 0x30, 0x0, 0x0, 0x4f, 0x30, 0x0, 0x0,
    0x4f, 0x86, 0x66, 0x64, 0x4f, 0xff, 0xff, 0xfa,
    0x4f, 0x30, 0x0, 0x0, 0x4f, 0x30, 0x0, 0x0,
    0x4f, 0x30, 0x0, 0x0, 0x3d, 0x20, 0x0, 0x0,

    /* U+22A3 "⊣" */
    0x0, 0x0, 0x0, 0x42, 0x0, 0x0, 0x0, 0xe8,
    0x0, 0x0, 0x0, 0xe8, 0x0, 0x0, 0x0, 0xe8,
    0x26, 0x66, 0x66, 0xf8, 0x6f, 0xff, 0xff, 0xf8,
    0x0, 0x0, 0x0, 0xe8, 0x0, 0x0, 0x0, 0xe8,
    0x0, 0x0, 0x0, 0xe8, 0x0, 0x0, 0x0, 0xc7,

    /* U+22A4 "⊤" */
    0x36, 0x66, 0x66, 0x66, 0x8f, 0xff, 0xff, 0xfe,
    0x0, 0x8, 0xf0, 0x0, 0x0, 0x8, 0xf0, 0x0,
    0x0, 0x8, 0xf0, 0x0, 0x0, 0x8, 0xf0, 0x0,
    0x0, 0x8, 0xf0, 0x0, 0x0, 0x8, 0xf0, 0x0,
    0x0, 0x8, 0xf0, 0x0, 0x0, 0x6, 0xb0, 0x0,

    /* U+22A5 "⊥" */
    0x0, 0x6, 0xb0, 0x0, 0x0, 0x8, 0xf0, 0x0,
    0x0, 0x8, 0xf0, 0x0, 0x0, 0x8, 0xf0, 0x0,
    0x0, 0x8, 0xf0, 0x0, 0x0, 0x8, 0xf0, 0x0,
    0x0, 0x8, 0xf0, 0x0, 0x0, 0x8, 0xf0, 0x0,
    0x8f, 0xff, 0xff, 0xfe, 0x36, 0x66, 0x66, 0x66,

    /* U+22B4 "⊴" */
    0x0, 0x0, 0x0, 0x44, 0x0, 0x2, 0x8e, 0xf8,
    0x6, 0xcf, 0xa5, 0xb8, 0xc, 0xf9, 0x40, 0xb8,
    0x0, 0x28, 0xee, 0xe8, 0x0, 0x0, 0x4, 0xa7,
    0x6, 0x66, 0x66, 0x63, 0x1f, 0xff, 0xff, 0xf7,

    /* U+22B5 "⊵" */
    0x6, 0x0, 0x0, 0x0, 0x1f, 0xfa, 0x40, 0x0,
    0x1f, 0x48, 0xde, 0x81, 0x1f, 0x12, 0x7e, 0xe5,
    0x1f, 0xdf, 0xa4, 0x0, 0x1c, 0x60, 0x0, 0x0,
    0x6, 0x66, 0x66, 0x63, 0x1f, 0xff, 0xff, 0xf7,

    /* U+22B8 "⊸" */
    0x0, 0x0, 0x0, 0x0, 0x0, 0x0, 0x7, 0xff,
    0x50, 0x48, 0x88, 0xf3, 0x4f, 0x4, 0xaa, 0xaf,
    0x12, 0xf0, 0x0, 0x0, 0x8f, 0xf6, 0x0, 0x0,
    0x0, 0x11, 0x0,

    /* U+22C2 "⋂" */
    0x0, 0x8c, 0xdb, 0x40, 0xc, 0xfa, 0x8d, 0xf4,
    0x3f, 0x50, 0x0, 0xdb, 0x6f, 0x0, 0x0, 0x9e,
    0x7f, 0x0, 0x0, 0x8e, 0x7f, 0x0, 0x0, 0x8e,
    0x7f, 0x0, 0x0, 0x8e, 0x7f, 0x0, 0x0, 0x8e,
    0x7f, 0x0, 0x0, 0x8f, 0x6e, 0x0, 0x0, 0x7d,

    /* U+22C3 "⋃" */
    0x5c, 0x0, 0x0, 0x6b, 0x7f, 0x0, 0x0, 0x8f,
    0x7f, 0x0, 0x0, 0x8f, 0x7f, 0x0, 0x0, 0x8e,
    0x7f, 0x0, 0x0, 0x8e, 0x7f, 0x0, 0x0, 0x8e,
    0x7f, 0x0, 0x0, 0x9e, 0x4f, 0x40, 0x0, 0xcb,
    0xd, 0xe7, 0x6b, 0xf5, 0x1, 0xae, 0xfd, 0x60,

    /* U+22C4 "⋄" */
    0x0, 0x0, 0x30, 0x0, 0x0, 0xc, 0xf4, 0x0,
    0x0, 0xcc, 0x7f, 0x40, 0xc, 0xc0, 0x6, 0xf4,
    0x1d, 0xb0, 0x5, 0xf6, 0x1, 0xdb, 0x5f, 0x60,
    0x0, 0x1d, 0xf6, 0x0, 0x0, 0x1, 0x50, 0x0,

    /* U+22C6 "⋆" */
    0x0, 0x0, 0x0, 0x0, 0x0, 0x60, 0x0, 0x0,
    0x5b, 0x0, 0x5, 0xbe, 0xfb, 0x90, 0x6, 0xff,
    0xb0, 0x0, 0x5f, 0xcb, 0x0, 0x7, 0x20, 0x81,
    0x0, 0x0, 0x0, 0x0,

    /* U+22C8 "⋈" */
    0x71, 0x0, 0x0, 0x7, 0xec, 0x10, 0x1, 0xce,
    0xee, 0xd1, 0x1c, 0xee, 0xe5, 0xbd, 0xcb, 0x5e,
    0xe5, 0x1f, 0xf2, 0x4e, 0xe6, 0xdb, 0xbd, 0x6e,
    0xef, 0xb0, 0xa, 0xfe, 0xeb, 0x0, 0x0, 0xae,
    0x50, 0x0, 0x0, 0x5,

    /* U+22C9 "⋉" */
    0x71, 0x0, 0x0, 0x13, 0xec, 0x10, 0x1, 0xd9,
    0xee, 0xc1, 0x1d, 0xa0, 0xe5, 0xbc, 0xdb, 0x0,
    0xe5, 0x2f, 0xf1, 0x0, 0xe6, 0xdb, 0xbd, 0x10,
    0xef, 0xb0, 0xb, 0xc1, 0xeb, 0x0, 0x0, 0xba,
    0x50, 0x0, 0x0, 0x1,

    /* U+22CA "⋊" */
    0x12, 0x0, 0x0, 0x7, 0x6, 0xe2, 0x0, 0xa,
    0xf0, 0x8, 0xe2, 0xa, 0xef, 0x0, 0x8, 0xeb,
    0xd4, 0xf0, 0x0, 0xd, 0xf4, 0x2f, 0x0, 0xb,
    0xd9, 0xe5, 0xf0, 0xa, 0xd1, 0x8, 0xff, 0x7,
    0xd1, 0x0, 0x8, 0xf0, 0x1, 0x0, 0x0, 0x5,
    0x0,

    /* U+22CD "⋍" */
    0x1, 0x0, 0x36, 0x50, 0x1e, 0xad, 0xff, 0xf7,
    0x6, 0xba, 0x40, 0x14, 0x6, 0x66, 0x66, 0x63,
    0x1f, 0xff, 0xff, 0xf7,

    /* U+22CE "⋎" */
    0x36, 0x0, 0x0, 0x46, 0x1, 0xe9, 0x0, 0x2f,
    0x60, 0x5, 0xf2, 0xb, 0xc0, 0x0, 0xc, 0xa3,
    0xf3, 0x0, 0x0, 0x5f, 0xbb, 0x0, 0x0, 0x0,
    0xef, 0x50, 0x0, 0x0, 0x9, 0xf0, 0x0, 0x0,
    0x0, 0x36, 0x0, 0x0,

    /* U+22D0 "⋐" */
    0x0, 0x6c, 0xef, 0xfc, 0x9, 0xe6, 0x33, 0x32,
    0x2f, 0x3a, 0xff, 0xfc, 0x6d, 0x5e, 0x20, 0x0,
    0x7c, 0x5e, 0x0, 0x0, 0x3f, 0x2c, 0xfd, 0xda,
    0xb, 0xd4, 0x23, 0x43, 0x0, 0x8e, 0xff, 0xfc,
    0x0, 0x0, 0x11, 0x21,

    /* U+22D1 "⋑" */
    0x4f, 0xff, 0xe9, 0x20, 0x3, 0x33, 0x4a, 0xf2,
    0x4f, 0xff, 0xe4, 0xab, 0x0, 0x0, 0x8d, 0x4e,
    0x0, 0x0, 0x6d, 0x4f, 0x3d, 0xdd, 0xf5, 0x9b,
    0x14, 0x43, 0x28, 0xf3, 0x4f, 0xff, 0xfb, 0x30,
    0x2, 0x21, 0x0, 0x0,

    /* U+22E2 "⋢" */
    0x0, 0x0, 0x2, 0xa0, 0x4f, 0xff, 0xff, 0xfa,
    0x4f, 0x86, 0x6f, 0x84, 0x4f, 0x30, 0x5e, 0x0,
    0x4f, 0x30, 0xb8, 0x0, 0x4f, 0x32, 0xf1, 0x0,
    0x4f, 0x38, 0xb0, 0x0, 0x4f, 0xff, 0xff, 0xfa,
    0x16, 0xae, 0x66, 0x64, 0x15, 0xcc, 0x55, 0x53,
    0x4f, 0xff, 0xff, 0xfb, 0x5, 0xa0, 0x0, 0x0,

    /* U+22E3 "⋣" */
    0x0, 0x0, 0x1, 0xa1, 0x1f, 0xff, 0xff, 0xfd,
    0x6, 0x66, 0x6e, 0xfe, 0x0, 0x0, 0x3f, 0xae,
    0x0, 0x0, 0x9a, 0x9e, 0x0, 0x0, 0xf4, 0x9e,
    0x0, 0x6, 0xd0, 0x9e, 0x1f, 0xff, 0xff, 0xfe,
    0x6, 0x8f, 0x66, 0x65, 0x5, 0xad, 0x55, 0x54,
    0x1f, 0xff, 0xff, 0xfe, 0x3, 0xc0, 0x0, 0x0
};


/*---------------------
 *  GLYPH DESCRIPTION
 *--------------------*/

static const lv_font_fmt_txt_glyph_dsc_t glyph_dsc[] = {
    {.bitmap_index = 0, .adv_w = 0, .box_w = 0, .box_h = 0, .ofs_x = 0, .ofs_y = 0} /* id = 0 reserved */,
    {.bitmap_index = 0, .adv_w = 134, .box_w = 0, .box_h = 0, .ofs_x = 0, .ofs_y = 0},
    {.bitmap_index = 0, .adv_w = 134, .box_w = 3, .box_h = 10, .ofs_x = 3, .ofs_y = 0},
    {.bitmap_index = 15, .adv_w = 134, .box_w = 6, .box_h = 4, .ofs_x = 1, .ofs_y = 6},
    {.bitmap_index = 27, .adv_w = 134, .box_w = 9, .box_h = 10, .ofs_x = 0, .ofs_y = 0},
    {.bitmap_index = 72, .adv_w = 134, .box_w = 7, .box_h = 12, .ofs_x = 1, .ofs_y = -1},
    {.bitmap_index = 114, .adv_w = 134, .box_w = 9, .box_h = 10, .ofs_x = 0, .ofs_y = 0},
    {.bitmap_index = 159, .adv_w = 134, .box_w = 9, .box_h = 10, .ofs_x = 0, .ofs_y = 0},
    {.bitmap_index = 204, .adv_w = 134, .box_w = 3, .box_h = 4, .ofs_x = 3, .ofs_y = 6},
    {.bitmap_index = 210, .adv_w = 134, .box_w = 5, .box_h = 13, .ofs_x = 2, .ofs_y = -3},
    {.bitmap_index = 243, .adv_w = 134, .box_w = 4, .box_h = 13, .ofs_x = 2, .ofs_y = -3},
    {.bitmap_index = 269, .adv_w = 134, .box_w = 7, .box_h = 7, .ofs_x = 1, .ofs_y = 4},
    {.bitmap_index = 294, .adv_w = 134, .box_w = 7, .box_h = 7, .ofs_x = 1, .ofs_y = 2},
    {.bitmap_index = 319, .adv_w = 134, .box_w = 4, .box_h = 5, .ofs_x = 2, .ofs_y = -2},
    {.bitmap_index = 329, .adv_w = 134, .box_w = 5, .box_h = 2, .ofs_x = 2, .ofs_y = 3},
    {.bitmap_index = 334, .adv_w = 134, .box_w = 3, .box_h = 3, .ofs_x = 3, .ofs_y = 0},
    {.bitmap_index = 339, .adv_w = 134, .box_w = 6, .box_h = 10, .ofs_x = 1, .ofs_y = 0},
    {.bitmap_index = 369, .adv_w = 134, .box_w = 8, .box_h = 10, .ofs_x = 0, .ofs_y = 0},
    {.bitmap_index = 409, .adv_w = 134, .box_w = 7, .box_h = 10, .ofs_x = 1, .ofs_y = 0},
    {.bitmap_index = 444, .adv_w = 134, .box_w = 8, .box_h = 10, .ofs_x = 0, .ofs_y = 0},
    {.bitmap_index = 484, .adv_w = 134, .box_w = 7, .box_h = 10, .ofs_x = 1, .ofs_y = 0},
    {.bitmap_index = 519, .adv_w = 134, .box_w = 8, .box_h = 10, .ofs_x = 0, .ofs_y = 0},
    {.bitmap_index = 559, .adv_w = 134, .box_w = 7, .box_h = 10, .ofs_x = 1, .ofs_y = 0},
    {.bitmap_index = 594, .adv_w = 134, .box_w = 8, .box_h = 10, .ofs_x = 0, .ofs_y = 0},
    {.bitmap_index = 634, .adv_w = 134, .box_w = 8, .box_h = 10, .ofs_x = 0, .ofs_y = 0},
    {.bitmap_index = 674, .adv_w = 134, .box_w = 8, .box_h = 10, .ofs_x = 0, .ofs_y = 0},
    {.bitmap_index = 714, .adv_w = 134, .box_w = 8, .box_h = 10, .ofs_x = 0, .ofs_y = 0},
    {.bitmap_index = 754, .adv_w = 134, .box_w = 3, .box_h = 8, .ofs_x = 3, .ofs_y = 0},
    {.bitmap_index = 766, .adv_w = 134, .box_w = 4, .box_h = 11, .ofs_x = 2, .ofs_y = -3},
    {.bitmap_index = 788, .adv_w = 134, .box_w = 7, .box_h = 8, .ofs_x = 1, .ofs_y = 1},
    {.bitmap_index = 816, .adv_w = 134, .box_w = 8, .box_h = 5, .ofs_x = 0, .ofs_y = 3},
    {.bitmap_index = 836, .adv_w = 134, .box_w = 7, .box_h = 8, .ofs_x = 1, .ofs_y = 1},
    {.bitmap_index = 864, .adv_w = 134, .box_w = 7, .box_h = 10, .ofs_x = 1, .ofs_y = 0},
    {.bitmap_index = 899, .adv_w = 134, .box_w = 9, .box_h = 12, .ofs_x = 0, .ofs_y = -2},
    {.bitmap_index = 953, .adv_w = 134, .box_w = 9, .box_h = 10, .ofs_x = 0, .ofs_y = 0},
    {.bitmap_index = 998, .adv_w = 134, .box_w = 7, .box_h = 10, .ofs_x = 1, .ofs_y = 0},
    {.bitmap_index = 1033, .adv_w = 134, .box_w = 8, .box_h = 10, .ofs_x = 0, .ofs_y = 0},
    {.bitmap_index = 1073, .adv_w = 134, .box_w = 8, .box_h = 10, .ofs_x = 0, .ofs_y = 0},
    {.bitmap_index = 1113, .adv_w = 134, .box_w = 7, .box_h = 10, .ofs_x = 1, .ofs_y = 0},
    {.bitmap_index = 1148, .adv_w = 134, .box_w = 7, .box_h = 10, .ofs_x = 1, .ofs_y = 0},
    {.bitmap_index = 1183, .adv_w = 134, .box_w = 8, .box_h = 10, .ofs_x = 0, .ofs_y = 0},
    {.bitmap_index = 1223, .adv_w = 134, .box_w = 8, .box_h = 10, .ofs_x = 0, .ofs_y = 0},
    {.bitmap_index = 1263, .adv_w = 134, .box_w = 7, .box_h = 10, .ofs_x = 1, .ofs_y = 0},
    {.bitmap_index = 1298, .adv_w = 134, .box_w = 6, .box_h = 10, .ofs_x = 1, .ofs_y = 0},
    {.bitmap_index = 1328, .adv_w = 134, .box_w = 8, .box_h = 10, .ofs_x = 0, .ofs_y = 0},
    {.bitmap_index = 1368, .adv_w = 134, .box_w = 7, .box_h = 10, .ofs_x = 1, .ofs_y = 0},
    {.bitmap_index = 1403, .adv_w = 134, .box_w = 8, .box_h = 10, .ofs_x = 0, .ofs_y = 0},
    {.bitmap_index = 1443, .adv_w = 134, .box_w = 8, .box_h = 10, .ofs_x = 0, .ofs_y = 0},
    {.bitmap_index = 1483, .adv_w = 134, .box_w = 8, .box_h = 10, .ofs_x = 0, .ofs_y = 0},
    {.bitmap_index = 1523, .adv_w = 134, .box_w = 7, .box_h = 10, .ofs_x = 1, .ofs_y = 0},
    {.bitmap_index = 1558, .adv_w = 134, .box_w = 8, .box_h = 13, .ofs_x = 0, .ofs_y = -3},
    {.bitmap_index = 1610, .adv_w = 134, .box_w = 8, .box_h = 10, .ofs_x = 1, .ofs_y = 0},
    {.bitmap_index = 1650, .adv_w = 134, .box_w = 7, .box_h = 10, .ofs_x = 1, .ofs_y = 0},
    {.bitmap_index = 1685, .adv_w = 134, .box_w = 8, .box_h = 10, .ofs_x = 0, .ofs_y = 0},
    {.bitmap_index = 1725, .adv_w = 134, .box_w = 8, .box_h = 10, .ofs_x = 0, .ofs_y = 0},
    {.bitmap_index = 1765, .adv_w = 134, .box_w = 9, .box_h = 10, .ofs_x = 0, .ofs_y = 0},
    {.bitmap_index = 1810, .adv_w = 134, .box_w = 9, .box_h = 10, .ofs_x = 0, .ofs_y = 0},
    {.bitmap_index = 1855, .adv_w = 134, .box_w = 9, .box_h = 10, .ofs_x = 0, .ofs_y = 0},
    {.bitmap_index = 1900, .adv_w = 134, .box_w = 9, .box_h = 10, .ofs_x = 0, .ofs_y = 0},
    {.bitmap_index = 1945, .adv_w = 134, .box_w = 7, .box_h = 10, .ofs_x = 1, .ofs_y = 0},
    {.bitmap_index = 1980, .adv_w = 134, .box_w = 4, .box_h = 13, .ofs_x = 3, .ofs_y = -3},
    {.bitmap_index = 2006, .adv_w = 134, .box_w = 6, .box_h = 10, .ofs_x = 1, .ofs_y = 0},
    {.bitmap_index = 2036, .adv_w = 134, .box_w = 5, .box_h = 13, .ofs_x = 1, .ofs_y = -3},
    {.bitmap_index = 2069, .adv_w = 134, .box_w = 8, .box_h = 7, .ofs_x = 0, .ofs_y = 4},
    {.bitmap_index = 2097, .adv_w = 134, .box_w = 9, .box_h = 2, .ofs_x = 0, .ofs_y = -3},
    {.bitmap_index = 2106, .adv_w = 134, .box_w = 4, .box_h = 3, .ofs_x = 2, .ofs_y = 9},
    {.bitmap_index = 2112, .adv_w = 134, .box_w = 8, .box_h = 8, .ofs_x = 0, .ofs_y = 0},
    {.bitmap_index = 2144, .adv_w = 134, .box_w = 8, .box_h = 11, .ofs_x = 0, .ofs_y = 0},
    {.bitmap_index = 2188, .adv_w = 134, .box_w = 7, .box_h = 8, .ofs_x = 1, .ofs_y = 0},
    {.bitmap_index = 2216, .adv_w = 134, .box_w = 8, .box_h = 11, .ofs_x = 0, .ofs_y = 0},
    {.bitmap_index = 2260, .adv_w = 134, .box_w = 8, .box_h = 8, .ofs_x = 0, .ofs_y = 0},
    {.bitmap_index = 2292, .adv_w = 134, .box_w = 9, .box_h = 11, .ofs_x = 0, .ofs_y = 0},
    {.bitmap_index = 2342, .adv_w = 134, .box_w = 8, .box_h = 11, .ofs_x = 0, .ofs_y = -3},
    {.bitmap_index = 2386, .adv_w = 134, .box_w = 8, .box_h = 11, .ofs_x = 0, .ofs_y = 0},
    {.bitmap_index = 2430, .adv_w = 134, .box_w = 8, .box_h = 11, .ofs_x = 0, .ofs_y = 0},
    {.bitmap_index = 2474, .adv_w = 134, .box_w = 6, .box_h = 14, .ofs_x = 0, .ofs_y = -3},
    {.bitmap_index = 2516, .adv_w = 134, .box_w = 8, .box_h = 11, .ofs_x = 1, .ofs_y = 0},
    {.bitmap_index = 2560, .adv_w = 134, .box_w = 8, .box_h = 11, .ofs_x = 0, .ofs_y = 0},
    {.bitmap_index = 2604, .adv_w = 134, .box_w = 8, .box_h = 8, .ofs_x = 0, .ofs_y = 0},
    {.bitmap_index = 2636, .adv_w = 134, .box_w = 8, .box_h = 8, .ofs_x = 0, .ofs_y = 0},
    {.bitmap_index = 2668, .adv_w = 134, .box_w = 8, .box_h = 8, .ofs_x = 0, .ofs_y = 0},
    {.bitmap_index = 2700, .adv_w = 134, .box_w = 8, .box_h = 11, .ofs_x = 0, .ofs_y = -3},
    {.bitmap_index = 2744, .adv_w = 134, .box_w = 8, .box_h = 11, .ofs_x = 0, .ofs_y = -3},
    {.bitmap_index = 2788, .adv_w = 134, .box_w = 9, .box_h = 8, .ofs_x = 0, .ofs_y = 0},
    {.bitmap_index = 2824, .adv_w = 134, .box_w = 7, .box_h = 8, .ofs_x = 1, .ofs_y = 0},
    {.bitmap_index = 2852, .adv_w = 134, .box_w = 8, .box_h = 10, .ofs_x = 0, .ofs_y = 0},
    {.bitmap_index = 2892, .adv_w = 134, .box_w = 8, .box_h = 8, .ofs_x = 0, .ofs_y = 0},
    {.bitmap_index = 2924, .adv_w = 134, .box_w = 8, .box_h = 8, .ofs_x = 0, .ofs_y = 0},
    {.bitmap_index = 2956, .adv_w = 134, .box_w = 9, .box_h = 8, .ofs_x = 0, .ofs_y = 0},
    {.bitmap_index = 2992, .adv_w = 134, .box_w = 8, .box_h = 8, .ofs_x = 0, .ofs_y = 0},
    {.bitmap_index = 3024, .adv_w = 134, .box_w = 8, .box_h = 11, .ofs_x = 0, .ofs_y = -3},
    {.bitmap_index = 3068, .adv_w = 134, .box_w = 7, .box_h = 8, .ofs_x = 1, .ofs_y = 0},
    {.bitmap_index = 3096, .adv_w = 134, .box_w = 6, .box_h = 13, .ofs_x = 1, .ofs_y = -3},
    {.bitmap_index = 3135, .adv_w = 134, .box_w = 2, .box_h = 14, .ofs_x = 3, .ofs_y = -3},
    {.bitmap_index = 3149, .adv_w = 134, .box_w = 6, .box_h = 13, .ofs_x = 1, .ofs_y = -3},
    {.bitmap_index = 3188, .adv_w = 134, .box_w = 8, .box_h = 3, .ofs_x = 0, .ofs_y = 4},
    {.bitmap_index = 3200, .adv_w = 134, .box_w = 0, .box_h = 0, .ofs_x = 0, .ofs_y = 0},
    {.bitmap_index = 3200, .adv_w = 134, .box_w = 3, .box_h = 11, .ofs_x = 3, .ofs_y = -3},
    {.bitmap_index = 3217, .adv_w = 134, .box_w = 7, .box_h = 10, .ofs_x = 1, .ofs_y = 0},
    {.bitmap_index = 3252, .adv_w = 134, .box_w = 7, .box_h = 10, .ofs_x = 1, .ofs_y = 0},
    {.bitmap_index = 3287, .adv_w = 134, .box_w = 8, .box_h = 8, .ofs_x = 0, .ofs_y = 1},
    {.bitmap_index = 3319, .adv_w = 134, .box_w = 8, .box_h = 10, .ofs_x = 0, .ofs_y = 0},
    {.bitmap_index = 3359, .adv_w = 134, .box_w = 2, .box_h = 14, .ofs_x = 3, .ofs_y = -3},
    {.bitmap_index = 3373, .adv_w = 134, .box_w = 6, .box_h = 11, .ofs_x = 1, .ofs_y = 0},
    {.bitmap_index = 3406, .adv_w = 134, .box_w = 6, .box_h = 2, .ofs_x = 1, .ofs_y = 9},
    {.bitmap_index = 3412, .adv_w = 134, .box_w = 8, .box_h = 8, .ofs_x = 0, .ofs_y = 1},
    {.bitmap_index = 3444, .adv_w = 134, .box_w = 5, .box_h = 5, .ofs_x = 2, .ofs_y = 5},
    {.bitmap_index = 3457, .adv_w = 134, .box_w = 7, .box_h = 8, .ofs_x = 1, .ofs_y = 0},
    {.bitmap_index = 3485, .adv_w = 134, .box_w = 7, .box_h = 5, .ofs_x = 1, .ofs_y = 2},
    {.bitmap_index = 3503, .adv_w = 134, .box_w = 8, .box_h = 8, .ofs_x = 0, .ofs_y = 1},
    {.bitmap_index = 3535, .adv_w = 134, .box_w = 5, .box_h = 3, .ofs_x = 2, .ofs_y = 8},
    {.bitmap_index = 3543, .adv_w = 134, .box_w = 5, .box_h = 5, .ofs_x = 2, .ofs_y = 5},
    {.bitmap_index = 3556, .adv_w = 134, .box_w = 7, .box_h = 9, .ofs_x = 1, .ofs_y = 0},
    {.bitmap_index = 3588, .adv_w = 134, .box_w = 5, .box_h = 6, .ofs_x = 2, .ofs_y = 6},
    {.bitmap_index = 3603, .adv_w = 134, .box_w = 5, .box_h = 7, .ofs_x = 2, .ofs_y = 6},
    {.bitmap_index = 3621, .adv_w = 134, .box_w = 4, .box_h = 3, .ofs_x = 3, .ofs_y = 9},
    {.bitmap_index = 3627, .adv_w = 134, .box_w = 8, .box_h = 11, .ofs_x = 0, .ofs_y = -3},
    {.bitmap_index = 3671, .adv_w = 134, .box_w = 8, .box_h = 14, .ofs_x = 0, .ofs_y = -3},
    {.bitmap_index = 3727, .adv_w = 134, .box_w = 3, .box_h = 3, .ofs_x = 3, .ofs_y = 4},
    {.bitmap_index = 3732, .adv_w = 134, .box_w = 4, .box_h = 4, .ofs_x = 2, .ofs_y = -3},
    {.bitmap_index = 3740, .adv_w = 134, .box_w = 5, .box_h = 6, .ofs_x = 2, .ofs_y = 6},
    {.bitmap_index = 3755, .adv_w = 134, .box_w = 5, .box_h = 5, .ofs_x = 2, .ofs_y = 5},
    {.bitmap_index = 3768, .adv_w = 134, .box_w = 7, .box_h = 8, .ofs_x = 1, .ofs_y = 0},
    {.bitmap_index = 3796, .adv_w = 134, .box_w = 9, .box_h = 11, .ofs_x = 0, .ofs_y = 0},
    {.bitmap_index = 3846, .adv_w = 134, .box_w = 9, .box_h = 11, .ofs_x = 0, .ofs_y = 0},
    {.bitmap_index = 3896, .adv_w = 134, .box_w = 9, .box_h = 11, .ofs_x = 0, .ofs_y = 0},
    {.bitmap_index = 3946, .adv_w = 134, .box_w = 7, .box_h = 11, .ofs_x = 0, .ofs_y = -3},
    {.bitmap_index = 3985, .adv_w = 134, .box_w = 9, .box_h = 14, .ofs_x = 0, .ofs_y = 0},
    {.bitmap_index = 4048, .adv_w = 134, .box_w = 9, .box_h = 14, .ofs_x = 0, .ofs_y = 0},
    {.bitmap_index = 4111, .adv_w = 134, .box_w = 9, .box_h = 14, .ofs_x = 0, .ofs_y = 0},
    {.bitmap_index = 4174, .adv_w = 134, .box_w = 9, .box_h = 14, .ofs_x = 0, .ofs_y = 0},
    {.bitmap_index = 4237, .adv_w = 134, .box_w = 9, .box_h = 13, .ofs_x = 0, .ofs_y = 0},
    {.bitmap_index = 4296, .adv_w = 134, .box_w = 9, .box_h = 15, .ofs_x = 0, .ofs_y = 0},
    {.bitmap_index = 4364, .adv_w = 134, .box_w = 8, .box_h = 10, .ofs_x = 0, .ofs_y = 0},
    {.bitmap_index = 4404, .adv_w = 134, .box_w = 8, .box_h = 13, .ofs_x = 0, .ofs_y = -3},
    {.bitmap_index = 4456, .adv_w = 134, .box_w = 7, .box_h = 14, .ofs_x = 1, .ofs_y = 0},
    {.bitmap_index = 4505, .adv_w = 134, .box_w = 7, .box_h = 14, .ofs_x = 1, .ofs_y = 0},
    {.bitmap_index = 4554, .adv_w = 134, .box_w = 7, .box_h = 14, .ofs_x = 1, .ofs_y = 0},
    {.bitmap_index = 4603, .adv_w = 134, .box_w = 7, .box_h = 13, .ofs_x = 1, .ofs_y = 0},
    {.bitmap_index = 4649, .adv_w = 134, .box_w = 7, .box_h = 14, .ofs_x = 1, .ofs_y = 0},
    {.bitmap_index = 4698, .adv_w = 134, .box_w = 7, .box_h = 14, .ofs_x = 1, .ofs_y = 0},
    {.bitmap_index = 4747, .adv_w = 134, .box_w = 7, .box_h = 14, .ofs_x = 1, .ofs_y = 0},
    {.bitmap_index = 4796, .adv_w = 134, .box_w = 7, .box_h = 13, .ofs_x = 1, .ofs_y = 0},
    {.bitmap_index = 4842, .adv_w = 134, .box_w = 8, .box_h = 10, .ofs_x = 0, .ofs_y = 0},
    {.bitmap_index = 4882, .adv_w = 134, .box_w = 8, .box_h = 14, .ofs_x = 0, .ofs_y = 0},
    {.bitmap_index = 4938, .adv_w = 134, .box_w = 8, .box_h = 14, .ofs_x = 0, .ofs_y = 0},
    {.bitmap_index = 4994, .adv_w = 134, .box_w = 8, .box_h = 14, .ofs_x = 0, .ofs_y = 0},
    {.bitmap_index = 5050, .adv_w = 134, .box_w = 8, .box_h = 14, .ofs_x = 0, .ofs_y = 0},
    {.bitmap_index = 5106, .adv_w = 134, .box_w = 8, .box_h = 14, .ofs_x = 0, .ofs_y = 0},
    {.bitmap_index = 5162, .adv_w = 134, .box_w = 8, .box_h = 14, .ofs_x = 0, .ofs_y = 0},
    {.bitmap_index = 5218, .adv_w = 134, .box_w = 7, .box_h = 8, .ofs_x = 1, .ofs_y = 1},
    {.bitmap_index = 5246, .adv_w = 134, .box_w = 9, .box_h = 12, .ofs_x = 0, .ofs_y = -1},
    {.bitmap_index = 5300, .adv_w = 134, .box_w = 8, .box_h = 14, .ofs_x = 0, .ofs_y = 0},
    {.bitmap_index = 5356, .adv_w = 134, .box_w = 8, .box_h = 14, .ofs_x = 0, .ofs_y = 0},
    {.bitmap_index = 5412, .adv_w = 134, .box_w = 8, .box_h = 14, .ofs_x = 0, .ofs_y = 0},
    {.bitmap_index = 5468, .adv_w = 134, .box_w = 8, .box_h = 14, .ofs_x = 0, .ofs_y = 0},
    {.bitmap_index = 5524, .adv_w = 134, .box_w = 9, .box_h = 14, .ofs_x = 0, .ofs_y = 0},
    {.bitmap_index = 5587, .adv_w = 134, .box_w = 7, .box_h = 10, .ofs_x = 1, .ofs_y = 0},
    {.bitmap_index = 5622, .adv_w = 134, .box_w = 9, .box_h = 11, .ofs_x = 0, .ofs_y = 0},
    {.bitmap_index = 5672, .adv_w = 134, .box_w = 8, .box_h = 11, .ofs_x = 0, .ofs_y = 0},
    {.bitmap_index = 5716, .adv_w = 134, .box_w = 8, .box_h = 11, .ofs_x = 0, .ofs_y = 0},
    {.bitmap_index = 5760, .adv_w = 134, .box_w = 8, .box_h = 11, .ofs_x = 0, .ofs_y = 0},
    {.bitmap_index = 5804, .adv_w = 134, .box_w = 8, .box_h = 11, .ofs_x = 0, .ofs_y = 0},
    {.bitmap_index = 5848, .adv_w = 134, .box_w = 8, .box_h = 11, .ofs_x = 0, .ofs_y = 0},
    {.bitmap_index = 5892, .adv_w = 134, .box_w = 8, .box_h = 12, .ofs_x = 0, .ofs_y = 0},
    {.bitmap_index = 5940, .adv_w = 134, .box_w = 9, .box_h = 8, .ofs_x = 0, .ofs_y = 0},
    {.bitmap_index = 5976, .adv_w = 134, .box_w = 7, .box_h = 11, .ofs_x = 1, .ofs_y = -3},
    {.bitmap_index = 6015, .adv_w = 134, .box_w = 8, .box_h = 11, .ofs_x = 0, .ofs_y = 0},
    {.bitmap_index = 6059, .adv_w = 134, .box_w = 8, .box_h = 11, .ofs_x = 0, .ofs_y = 0},
    {.bitmap_index = 6103, .adv_w = 134, .box_w = 8, .box_h = 11, .ofs_x = 0, .ofs_y = 0},
    {.bitmap_index = 6147, .adv_w = 134, .box_w = 8, .box_h = 11, .ofs_x = 0, .ofs_y = 0},
    {.bitmap_index = 6191, .adv_w = 134, .box_w = 8, .box_h = 11, .ofs_x = 0, .ofs_y = 0},
    {.bitmap_index = 6235, .adv_w = 134, .box_w = 8, .box_h = 11, .ofs_x = 0, .ofs_y = 0},
    {.bitmap_index = 6279, .adv_w = 134, .box_w = 8, .box_h = 11, .ofs_x = 0, .ofs_y = 0},
    {.bitmap_index = 6323, .adv_w = 134, .box_w = 8, .box_h = 11, .ofs_x = 0, .ofs_y = 0},
    {.bitmap_index = 6367, .adv_w = 134, .box_w = 8, .box_h = 12, .ofs_x = 0, .ofs_y = 0},
    {.bitmap_index = 6415, .adv_w = 134, .box_w = 8, .box_h = 11, .ofs_x = 0, .ofs_y = 0},
    {.bitmap_index = 6459, .adv_w = 134, .box_w = 8, .box_h = 11, .ofs_x = 0, .ofs_y = 0},
    {.bitmap_index = 6503, .adv_w = 134, .box_w = 8, .box_h = 11, .ofs_x = 0, .ofs_y = 0},
    {.bitmap_index = 6547, .adv_w = 134, .box_w = 8, .box_h = 11, .ofs_x = 0, .ofs_y = 0},
    {.bitmap_index = 6591, .adv_w = 134, .box_w = 8, .box_h = 11, .ofs_x = 0, .ofs_y = 0},
    {.bitmap_index = 6635, .adv_w = 134, .box_w = 8, .box_h = 11, .ofs_x = 0, .ofs_y = 0},
    {.bitmap_index = 6679, .adv_w = 134, .box_w = 7, .box_h = 8, .ofs_x = 1, .ofs_y = 2},
    {.bitmap_index = 6707, .adv_w = 134, .box_w = 8, .box_h = 10, .ofs_x = 0, .ofs_y = -1},
    {.bitmap_index = 6747, .adv_w = 134, .box_w = 8, .box_h = 11, .ofs_x = 0, .ofs_y = 0},
    {.bitmap_index = 6791, .adv_w = 134, .box_w = 8, .box_h = 11, .ofs_x = 0, .ofs_y = 0},
    {.bitmap_index = 6835, .adv_w = 134, .box_w = 8, .box_h = 11, .ofs_x = 0, .ofs_y = 0},
    {.bitmap_index = 6879, .adv_w = 134, .box_w = 8, .box_h = 11, .ofs_x = 0, .ofs_y = 0},
    {.bitmap_index = 6923, .adv_w = 134, .box_w = 8, .box_h = 14, .ofs_x = 0, .ofs_y = -3},
    {.bitmap_index = 6979, .adv_w = 134, .box_w = 8, .box_h = 14, .ofs_x = 0, .ofs_y = -3},
    {.bitmap_index = 7035, .adv_w = 134, .box_w = 8, .box_h = 14, .ofs_x = 0, .ofs_y = -3},
    {.bitmap_index = 7091, .adv_w = 134, .box_w = 9, .box_h = 14, .ofs_x = 0, .ofs_y = 0},
    {.bitmap_index = 7154, .adv_w = 134, .box_w = 8, .box_h = 10, .ofs_x = 0, .ofs_y = 0},
    {.bitmap_index = 7194, .adv_w = 134, .box_w = 9, .box_h = 14, .ofs_x = 0, .ofs_y = 0},
    {.bitmap_index = 7257, .adv_w = 134, .box_w = 8, .box_h = 11, .ofs_x = 0, .ofs_y = 0},
    {.bitmap_index = 7301, .adv_w = 134, .box_w = 9, .box_h = 13, .ofs_x = 0, .ofs_y = -3},
    {.bitmap_index = 7360, .adv_w = 134, .box_w = 8, .box_h = 11, .ofs_x = 0, .ofs_y = -3},
    {.bitmap_index = 7404, .adv_w = 134, .box_w = 8, .box_h = 14, .ofs_x = 0, .ofs_y = 0},
    {.bitmap_index = 7460, .adv_w = 134, .box_w = 7, .box_h = 11, .ofs_x = 1, .ofs_y = 0},
    {.bitmap_index = 7499, .adv_w = 134, .box_w = 8, .box_h = 14, .ofs_x = 0, .ofs_y = 0},
    {.bitmap_index = 7555, .adv_w = 134, .box_w = 7, .box_h = 11, .ofs_x = 1, .ofs_y = 0},
    {.bitmap_index = 7594, .adv_w = 134, .box_w = 8, .box_h = 14, .ofs_x = 0, .ofs_y = 0},
    {.bitmap_index = 7650, .adv_w = 134, .box_w = 7, .box_h = 11, .ofs_x = 1, .ofs_y = 0},
    {.bitmap_index = 7689, .adv_w = 134, .box_w = 8, .box_h = 14, .ofs_x = 0, .ofs_y = 0},
    {.bitmap_index = 7745, .adv_w = 134, .box_w = 7, .box_h = 11, .ofs_x = 1, .ofs_y = 0},
    {.bitmap_index = 7784, .adv_w = 134, .box_w = 8, .box_h = 14, .ofs_x = 0, .ofs_y = 0},
    {.bitmap_index = 7840, .adv_w = 134, .box_w = 10, .box_h = 11, .ofs_x = 0, .ofs_y = 0},
    {.bitmap_index = 7895, .adv_w = 134, .box_w = 8, .box_h = 10, .ofs_x = 0, .ofs_y = 0},
    {.bitmap_index = 7935, .adv_w = 134, .box_w = 9, .box_h = 11, .ofs_x = 0, .ofs_y = 0},
    {.bitmap_index = 7985, .adv_w = 134, .box_w = 7, .box_h = 14, .ofs_x = 1, .ofs_y = 0},
    {.bitmap_index = 8034, .adv_w = 134, .box_w = 8, .box_h = 10, .ofs_x = 0, .ofs_y = 0},
    {.bitmap_index = 8074, .adv_w = 134, .box_w = 7, .box_h = 14, .ofs_x = 1, .ofs_y = 0},
    {.bitmap_index = 8123, .adv_w = 134, .box_w = 8, .box_h = 11, .ofs_x = 0, .ofs_y = 0},
    {.bitmap_index = 8167, .adv_w = 134, .box_w = 7, .box_h = 14, .ofs_x = 1, .ofs_y = 0},
    {.bitmap_index = 8216, .adv_w = 134, .box_w = 8, .box_h = 11, .ofs_x = 0, .ofs_y = 0},
    {.bitmap_index = 8260, .adv_w = 134, .box_w = 7, .box_h = 13, .ofs_x = 1, .ofs_y = -3},
    {.bitmap_index = 8306, .adv_w = 134, .box_w = 8, .box_h = 11, .ofs_x = 0, .ofs_y = -3},
    {.bitmap_index = 8350, .adv_w = 134, .box_w = 7, .box_h = 14, .ofs_x = 1, .ofs_y = 0},
    {.bitmap_index = 8399, .adv_w = 134, .box_w = 8, .box_h = 11, .ofs_x = 0, .ofs_y = 0},
    {.bitmap_index = 8443, .adv_w = 134, .box_w = 8, .box_h = 14, .ofs_x = 0, .ofs_y = 0},
    {.bitmap_index = 8499, .adv_w = 134, .box_w = 8, .box_h = 14, .ofs_x = 0, .ofs_y = -3},
    {.bitmap_index = 8555, .adv_w = 134, .box_w = 8, .box_h = 14, .ofs_x = 0, .ofs_y = 0},
    {.bitmap_index = 8611, .adv_w = 134, .box_w = 8, .box_h = 14, .ofs_x = 0, .ofs_y = -3},
    {.bitmap_index = 8667, .adv_w = 134, .box_w = 8, .box_h = 14, .ofs_x = 0, .ofs_y = 0},
    {.bitmap_index = 8723, .adv_w = 134, .box_w = 8, .box_h = 14, .ofs_x = 0, .ofs_y = -3},
    {.bitmap_index = 8779, .adv_w = 134, .box_w = 8, .box_h = 13, .ofs_x = 0, .ofs_y = -3},
    {.bitmap_index = 8831, .adv_w = 134, .box_w = 8, .box_h = 14, .ofs_x = 0, .ofs_y = -3},
    {.bitmap_index = 8887, .adv_w = 134, .box_w = 8, .box_h = 14, .ofs_x = 0, .ofs_y = 0},
    {.bitmap_index = 8943, .adv_w = 134, .box_w = 9, .box_h = 15, .ofs_x = -1, .ofs_y = 0},
    {.bitmap_index = 9011, .adv_w = 134, .box_w = 9, .box_h = 10, .ofs_x = 0, .ofs_y = 0},
    {.bitmap_index = 9056, .adv_w = 134, .box_w = 8, .box_h = 11, .ofs_x = 0, .ofs_y = 0},
    {.bitmap_index = 9100, .adv_w = 134, .box_w = 7, .box_h = 14, .ofs_x = 1, .ofs_y = 0},
    {.bitmap_index = 9149, .adv_w = 134, .box_w = 8, .box_h = 11, .ofs_x = 0, .ofs_y = 0},
    {.bitmap_index = 9193, .adv_w = 134, .box_w = 7, .box_h = 14, .ofs_x = 1, .ofs_y = 0},
    {.bitmap_index = 9242, .adv_w = 134, .box_w = 8, .box_h = 10, .ofs_x = 0, .ofs_y = 0},
    {.bitmap_index = 9282, .adv_w = 134, .box_w = 7, .box_h = 14, .ofs_x = 1, .ofs_y = 0},
    {.bitmap_index = 9331, .adv_w = 134, .box_w = 8, .box_h = 11, .ofs_x = 0, .ofs_y = 0},
    {.bitmap_index = 9375, .adv_w = 134, .box_w = 7, .box_h = 13, .ofs_x = 1, .ofs_y = -3},
    {.bitmap_index = 9421, .adv_w = 134, .box_w = 8, .box_h = 14, .ofs_x = 0, .ofs_y = -3},
    {.bitmap_index = 9477, .adv_w = 134, .box_w = 7, .box_h = 14, .ofs_x = 1, .ofs_y = 0},
    {.bitmap_index = 9526, .adv_w = 134, .box_w = 8, .box_h = 8, .ofs_x = 0, .ofs_y = 0},
    {.bitmap_index = 9558, .adv_w = 134, .box_w = 7, .box_h = 10, .ofs_x = 1, .ofs_y = 0},
    {.bitmap_index = 9593, .adv_w = 134, .box_w = 7, .box_h = 14, .ofs_x = 1, .ofs_y = -3},
    {.bitmap_index = 9642, .adv_w = 134, .box_w = 8, .box_h = 14, .ofs_x = 1, .ofs_y = 0},
    {.bitmap_index = 9698, .adv_w = 134, .box_w = 8, .box_h = 14, .ofs_x = 0, .ofs_y = -3},
    {.bitmap_index = 9754, .adv_w = 134, .box_w = 8, .box_h = 13, .ofs_x = 0, .ofs_y = -3},
    {.bitmap_index = 9806, .adv_w = 134, .box_w = 8, .box_h = 14, .ofs_x = 1, .ofs_y = -3},
    {.bitmap_index = 9862, .adv_w = 134, .box_w = 8, .box_h = 8, .ofs_x = 1, .ofs_y = 0},
    {.bitmap_index = 9894, .adv_w = 134, .box_w = 7, .box_h = 14, .ofs_x = 1, .ofs_y = 0},
    {.bitmap_index = 9943, .adv_w = 134, .box_w = 8, .box_h = 15, .ofs_x = 0, .ofs_y = 0},
    {.bitmap_index = 10003, .adv_w = 134, .box_w = 7, .box_h = 13, .ofs_x = 1, .ofs_y = -3},
    {.bitmap_index = 10049, .adv_w = 134, .box_w = 8, .box_h = 14, .ofs_x = 0, .ofs_y = -3},
    {.bitmap_index = 10105, .adv_w = 134, .box_w = 7, .box_h = 10, .ofs_x = 1, .ofs_y = 0},
    {.bitmap_index = 10140, .adv_w = 134, .box_w = 9, .box_h = 11, .ofs_x = 0, .ofs_y = 0},
    {.bitmap_index = 10190, .adv_w = 134, .box_w = 7, .box_h = 10, .ofs_x = 1, .ofs_y = 0},
    {.bitmap_index = 10225, .adv_w = 134, .box_w = 10, .box_h = 11, .ofs_x = 0, .ofs_y = 0},
    {.bitmap_index = 10280, .adv_w = 134, .box_w = 8, .box_h = 10, .ofs_x = 0, .ofs_y = 0},
    {.bitmap_index = 10320, .adv_w = 134, .box_w = 8, .box_h = 11, .ofs_x = 0, .ofs_y = 0},
    {.bitmap_index = 10364, .adv_w = 134, .box_w = 8, .box_h = 14, .ofs_x = 0, .ofs_y = 0},
    {.bitmap_index = 10420, .adv_w = 134, .box_w = 8, .box_h = 11, .ofs_x = 0, .ofs_y = 0},
    {.bitmap_index = 10464, .adv_w = 134, .box_w = 8, .box_h = 13, .ofs_x = 0, .ofs_y = -3},
    {.bitmap_index = 10516, .adv_w = 134, .box_w = 8, .box_h = 11, .ofs_x = 0, .ofs_y = -3},
    {.bitmap_index = 10560, .adv_w = 134, .box_w = 8, .box_h = 14, .ofs_x = 0, .ofs_y = 0},
    {.bitmap_index = 10616, .adv_w = 134, .box_w = 8, .box_h = 11, .ofs_x = 0, .ofs_y = 0},
    {.bitmap_index = 10660, .adv_w = 134, .box_w = 10, .box_h = 10, .ofs_x = -2, .ofs_y = 0},
    {.bitmap_index = 10710, .adv_w = 134, .box_w = 8, .box_h = 14, .ofs_x = 0, .ofs_y = -4},
    {.bitmap_index = 10766, .adv_w = 134, .box_w = 8, .box_h = 11, .ofs_x = 0, .ofs_y = -3},
    {.bitmap_index = 10810, .adv_w = 134, .box_w = 8, .box_h = 14, .ofs_x = 0, .ofs_y = 0},
    {.bitmap_index = 10866, .adv_w = 134, .box_w = 8, .box_h = 10, .ofs_x = 0, .ofs_y = 0},
    {.bitmap_index = 10906, .adv_w = 134, .box_w = 8, .box_h = 14, .ofs_x = 0, .ofs_y = 0},
    {.bitmap_index = 10962, .adv_w = 134, .box_w = 8, .box_h = 11, .ofs_x = 0, .ofs_y = 0},
    {.bitmap_index = 11006, .adv_w = 134, .box_w = 8, .box_h = 14, .ofs_x = 0, .ofs_y = 0},
    {.bitmap_index = 11062, .adv_w = 134, .box_w = 8, .box_h = 11, .ofs_x = 0, .ofs_y = 0},
    {.bitmap_index = 11106, .adv_w = 134, .box_w = 9, .box_h = 10, .ofs_x = 0, .ofs_y = 0},
    {.bitmap_index = 11151, .adv_w = 134, .box_w = 9, .box_h = 8, .ofs_x = 0, .ofs_y = 0},
    {.bitmap_index = 11187, .adv_w = 134, .box_w = 8, .box_h = 14, .ofs_x = 1, .ofs_y = 0},
    {.bitmap_index = 11243, .adv_w = 134, .box_w = 9, .box_h = 11, .ofs_x = 0, .ofs_y = 0},
    {.bitmap_index = 11293, .adv_w = 134, .box_w = 8, .box_h = 13, .ofs_x = 1, .ofs_y = -3},
    {.bitmap_index = 11345, .adv_w = 134, .box_w = 9, .box_h = 11, .ofs_x = 0, .ofs_y = -3},
    {.bitmap_index = 11395, .adv_w = 134, .box_w = 8, .box_h = 14, .ofs_x = 1, .ofs_y = 0},
    {.bitmap_index = 11451, .adv_w = 134, .box_w = 9, .box_h = 11, .ofs_x = 0, .ofs_y = 0},
    {.bitmap_index = 11501, .adv_w = 134, .box_w = 7, .box_h = 14, .ofs_x = 1, .ofs_y = 0},
    {.bitmap_index = 11550, .adv_w = 134, .box_w = 7, .box_h = 11, .ofs_x = 1, .ofs_y = 0},
    {.bitmap_index = 11589, .adv_w = 134, .box_w = 7, .box_h = 14, .ofs_x = 1, .ofs_y = 0},
    {.bitmap_index = 11638, .adv_w = 134, .box_w = 7, .box_h = 11, .ofs_x = 1, .ofs_y = 0},
    {.bitmap_index = 11677, .adv_w = 134, .box_w = 7, .box_h = 13, .ofs_x = 1, .ofs_y = -3},
    {.bitmap_index = 11723, .adv_w = 134, .box_w = 7, .box_h = 11, .ofs_x = 1, .ofs_y = -3},
    {.bitmap_index = 11762, .adv_w = 134, .box_w = 7, .box_h = 14, .ofs_x = 1, .ofs_y = 0},
    {.bitmap_index = 11811, .adv_w = 134, .box_w = 7, .box_h = 11, .ofs_x = 1, .ofs_y = 0},
    {.bitmap_index = 11850, .adv_w = 134, .box_w = 8, .box_h = 13, .ofs_x = 0, .ofs_y = -3},
    {.bitmap_index = 11902, .adv_w = 134, .box_w = 8, .box_h = 14, .ofs_x = 0, .ofs_y = -3},
    {.bitmap_index = 11958, .adv_w = 134, .box_w = 8, .box_h = 14, .ofs_x = 0, .ofs_y = 0},
    {.bitmap_index = 12014, .adv_w = 134, .box_w = 8, .box_h = 11, .ofs_x = 0, .ofs_y = 0},
    {.bitmap_index = 12058, .adv_w = 134, .box_w = 8, .box_h = 10, .ofs_x = 0, .ofs_y = 0},
    {.bitmap_index = 12098, .adv_w = 134, .box_w = 8, .box_h = 10, .ofs_x = 0, .ofs_y = 0},
    {.bitmap_index = 12138, .adv_w = 134, .box_w = 8, .box_h = 14, .ofs_x = 0, .ofs_y = 0},
    {.bitmap_index = 12194, .adv_w = 134, .box_w = 8, .box_h = 11, .ofs_x = 0, .ofs_y = 0},
    {.bitmap_index = 12238, .adv_w = 134, .box_w = 8, .box_h = 14, .ofs_x = 0, .ofs_y = 0},
    {.bitmap_index = 12294, .adv_w = 134, .box_w = 8, .box_h = 10, .ofs_x = 0, .ofs_y = 0},
    {.bitmap_index = 12334, .adv_w = 134, .box_w = 8, .box_h = 14, .ofs_x = 0, .ofs_y = 0},
    {.bitmap_index = 12390, .adv_w = 134, .box_w = 8, .box_h = 11, .ofs_x = 0, .ofs_y = 0},
    {.bitmap_index = 12434, .adv_w = 134, .box_w = 8, .box_h = 15, .ofs_x = 0, .ofs_y = 0},
    {.bitmap_index = 12494, .adv_w = 134, .box_w = 8, .box_h = 12, .ofs_x = 0, .ofs_y = 0},
    {.bitmap_index = 12542, .adv_w = 134, .box_w = 8, .box_h = 14, .ofs_x = 0, .ofs_y = 0},
    {.bitmap_index = 12598, .adv_w = 134, .box_w = 8, .box_h = 11, .ofs_x = 0, .ofs_y = 0},
    {.bitmap_index = 12642, .adv_w = 134, .box_w = 8, .box_h = 13, .ofs_x = 0, .ofs_y = -3},
    {.bitmap_index = 12694, .adv_w = 134, .box_w = 8, .box_h = 11, .ofs_x = 0, .ofs_y = -3},
    {.bitmap_index = 12738, .adv_w = 134, .box_w = 9, .box_h = 14, .ofs_x = 0, .ofs_y = 0},
    {.bitmap_index = 12801, .adv_w = 134, .box_w = 9, .box_h = 11, .ofs_x = 0, .ofs_y = 0},
    {.bitmap_index = 12851, .adv_w = 134, .box_w = 9, .box_h = 14, .ofs_x = 0, .ofs_y = 0},
    {.bitmap_index = 12914, .adv_w = 134, .box_w = 8, .box_h = 14, .ofs_x = 0, .ofs_y = -3},
    {.bitmap_index = 12970, .adv_w = 134, .box_w = 9, .box_h = 13, .ofs_x = 0, .ofs_y = 0},
    {.bitmap_index = 13029, .adv_w = 134, .box_w = 7, .box_h = 14, .ofs_x = 1, .ofs_y = 0},
    {.bitmap_index = 13078, .adv_w = 134, .box_w = 7, .box_h = 11, .ofs_x = 1, .ofs_y = 0},
    {.bitmap_index = 13117, .adv_w = 134, .box_w = 7, .box_h = 14, .ofs_x = 1, .ofs_y = 0},
    {.bitmap_index = 13166, .adv_w = 134, .box_w = 7, .box_h = 11, .ofs_x = 1, .ofs_y = 0},
    {.bitmap_index = 13205, .adv_w = 134, .box_w = 7, .box_h = 14, .ofs_x = 1, .ofs_y = 0},
    {.bitmap_index = 13254, .adv_w = 134, .box_w = 7, .box_h = 11, .ofs_x = 1, .ofs_y = 0},
    {.bitmap_index = 13293, .adv_w = 134, .box_w = 6, .box_h = 11, .ofs_x = 2, .ofs_y = 0},
    {.bitmap_index = 13326, .adv_w = 134, .box_w = 8, .box_h = 11, .ofs_x = 0, .ofs_y = 0},
    {.bitmap_index = 13370, .adv_w = 134, .box_w = 9, .box_h = 10, .ofs_x = 0, .ofs_y = 0},
    {.bitmap_index = 13415, .adv_w = 134, .box_w = 7, .box_h = 10, .ofs_x = 1, .ofs_y = 0},
    {.bitmap_index = 13450, .adv_w = 134, .box_w = 8, .box_h = 11, .ofs_x = 0, .ofs_y = 0},
    {.bitmap_index = 13494, .adv_w = 134, .box_w = 7, .box_h = 10, .ofs_x = 1, .ofs_y = 0},
    {.bitmap_index = 13529, .adv_w = 134, .box_w = 8, .box_h = 11, .ofs_x = 0, .ofs_y = 0},
    {.bitmap_index = 13573, .adv_w = 134, .box_w = 8, .box_h = 10, .ofs_x = 0, .ofs_y = 0},
    {.bitmap_index = 13613, .adv_w = 134, .box_w = 10, .box_h = 14, .ofs_x = 0, .ofs_y = 0},
    {.bitmap_index = 13683, .adv_w = 134, .box_w = 8, .box_h = 11, .ofs_x = 1, .ofs_y = 0},
    {.bitmap_index = 13727, .adv_w = 134, .box_w = 8, .box_h = 10, .ofs_x = 0, .ofs_y = 0},
    {.bitmap_index = 13767, .adv_w = 134, .box_w = 8, .box_h = 10, .ofs_x = 0, .ofs_y = 0},
    {.bitmap_index = 13807, .adv_w = 134, .box_w = 8, .box_h = 10, .ofs_x = 0, .ofs_y = 0},
    {.bitmap_index = 13847, .adv_w = 134, .box_w = 8, .box_h = 11, .ofs_x = 0, .ofs_y = 0},
    {.bitmap_index = 13891, .adv_w = 134, .box_w = 8, .box_h = 11, .ofs_x = 0, .ofs_y = -3},
    {.bitmap_index = 13935, .adv_w = 134, .box_w = 7, .box_h = 10, .ofs_x = 1, .ofs_y = 0},
    {.bitmap_index = 13970, .adv_w = 134, .box_w = 8, .box_h = 10, .ofs_x = 0, .ofs_y = 0},
    {.bitmap_index = 14010, .adv_w = 134, .box_w = 8, .box_h = 10, .ofs_x = 0, .ofs_y = 0},
    {.bitmap_index = 14050, .adv_w = 134, .box_w = 8, .box_h = 13, .ofs_x = 0, .ofs_y = -3},
    {.bitmap_index = 14102, .adv_w = 134, .box_w = 9, .box_h = 14, .ofs_x = 0, .ofs_y = -3},
    {.bitmap_index = 14165, .adv_w = 134, .box_w = 9, .box_h = 14, .ofs_x = 0, .ofs_y = 0},
    {.bitmap_index = 14228, .adv_w = 134, .box_w = 9, .box_h = 13, .ofs_x = 0, .ofs_y = -3},
    {.bitmap_index = 14287, .adv_w = 134, .box_w = 8, .box_h = 11, .ofs_x = 0, .ofs_y = 0},
    {.bitmap_index = 14331, .adv_w = 134, .box_w = 5, .box_h = 10, .ofs_x = 2, .ofs_y = 0},
    {.bitmap_index = 14356, .adv_w = 134, .box_w = 7, .box_h = 10, .ofs_x = 1, .ofs_y = 0},
    {.bitmap_index = 14391, .adv_w = 134, .box_w = 9, .box_h = 10, .ofs_x = 0, .ofs_y = 0},
    {.bitmap_index = 14436, .adv_w = 134, .box_w = 8, .box_h = 11, .ofs_x = 1, .ofs_y = 0},
    {.bitmap_index = 14480, .adv_w = 134, .box_w = 8, .box_h = 11, .ofs_x = 0, .ofs_y = 0},
    {.bitmap_index = 14524, .adv_w = 134, .box_w = 9, .box_h = 11, .ofs_x = 0, .ofs_y = 0},
    {.bitmap_index = 14574, .adv_w = 134, .box_w = 8, .box_h = 10, .ofs_x = 0, .ofs_y = 0},
    {.bitmap_index = 14614, .adv_w = 134, .box_w = 9, .box_h = 14, .ofs_x = -1, .ofs_y = -4},
    {.bitmap_index = 14677, .adv_w = 134, .box_w = 8, .box_h = 11, .ofs_x = 0, .ofs_y = -3},
    {.bitmap_index = 14721, .adv_w = 134, .box_w = 8, .box_h = 10, .ofs_x = 0, .ofs_y = 0},
    {.bitmap_index = 14761, .adv_w = 134, .box_w = 9, .box_h = 13, .ofs_x = 0, .ofs_y = 0},
    {.bitmap_index = 14820, .adv_w = 134, .box_w = 9, .box_h = 11, .ofs_x = 0, .ofs_y = 0},
    {.bitmap_index = 14870, .adv_w = 269, .box_w = 16, .box_h = 10, .ofs_x = 0, .ofs_y = 0},
    {.bitmap_index = 14950, .adv_w = 134, .box_w = 8, .box_h = 11, .ofs_x = 0, .ofs_y = -3},
    {.bitmap_index = 14994, .adv_w = 134, .box_w = 9, .box_h = 10, .ofs_x = -1, .ofs_y = 0},
    {.bitmap_index = 15039, .adv_w = 134, .box_w = 8, .box_h = 14, .ofs_x = 0, .ofs_y = -3},
    {.bitmap_index = 15095, .adv_w = 134, .box_w = 8, .box_h = 12, .ofs_x = 1, .ofs_y = -2},
    {.bitmap_index = 15143, .adv_w = 134, .box_w = 8, .box_h = 10, .ofs_x = 0, .ofs_y = 0},
    {.bitmap_index = 15183, .adv_w = 134, .box_w = 7, .box_h = 8, .ofs_x = 1, .ofs_y = 0},
    {.bitmap_index = 15211, .adv_w = 134, .box_w = 7, .box_h = 10, .ofs_x = 1, .ofs_y = 0},
    {.bitmap_index = 15246, .adv_w = 134, .box_w = 8, .box_h = 14, .ofs_x = 0, .ofs_y = -3},
    {.bitmap_index = 15302, .adv_w = 134, .box_w = 8, .box_h = 14, .ofs_x = 0, .ofs_y = -3},
    {.bitmap_index = 15358, .adv_w = 134, .box_w = 9, .box_h = 10, .ofs_x = -1, .ofs_y = 0},
    {.bitmap_index = 15403, .adv_w = 134, .box_w = 8, .box_h = 11, .ofs_x = 0, .ofs_y = 0},
    {.bitmap_index = 15447, .adv_w = 134, .box_w = 8, .box_h = 14, .ofs_x = 0, .ofs_y = -4},
    {.bitmap_index = 15503, .adv_w = 134, .box_w = 9, .box_h = 13, .ofs_x = 0, .ofs_y = 0},
    {.bitmap_index = 15562, .adv_w = 134, .box_w = 10, .box_h = 12, .ofs_x = 0, .ofs_y = 0},
    {.bitmap_index = 15622, .adv_w = 134, .box_w = 9, .box_h = 10, .ofs_x = 0, .ofs_y = 0},
    {.bitmap_index = 15667, .adv_w = 134, .box_w = 8, .box_h = 10, .ofs_x = 0, .ofs_y = 0},
    {.bitmap_index = 15707, .adv_w = 134, .box_w = 9, .box_h = 10, .ofs_x = 0, .ofs_y = 0},
    {.bitmap_index = 15752, .adv_w = 134, .box_w = 9, .box_h = 11, .ofs_x = 0, .ofs_y = -3},
    {.bitmap_index = 15802, .adv_w = 134, .box_w = 7, .box_h = 10, .ofs_x = 1, .ofs_y = 0},
    {.bitmap_index = 15837, .adv_w = 134, .box_w = 7, .box_h = 8, .ofs_x = 1, .ofs_y = 0},
    {.bitmap_index = 15865, .adv_w = 134, .box_w = 8, .box_h = 10, .ofs_x = 0, .ofs_y = 0},
    {.bitmap_index = 15905, .adv_w = 134, .box_w = 8, .box_h = 10, .ofs_x = 0, .ofs_y = 0},
    {.bitmap_index = 15945, .adv_w = 134, .box_w = 8, .box_h = 11, .ofs_x = 0, .ofs_y = -3},
    {.bitmap_index = 15989, .adv_w = 134, .box_w = 8, .box_h = 11, .ofs_x = 0, .ofs_y = -3},
    {.bitmap_index = 16033, .adv_w = 134, .box_w = 8, .box_h = 10, .ofs_x = 0, .ofs_y = 0},
    {.bitmap_index = 16073, .adv_w = 134, .box_w = 8, .box_h = 10, .ofs_x = 0, .ofs_y = 0},
    {.bitmap_index = 16113, .adv_w = 134, .box_w = 8, .box_h = 8, .ofs_x = 0, .ofs_y = 0},
    {.bitmap_index = 16145, .adv_w = 134, .box_w = 8, .box_h = 10, .ofs_x = 0, .ofs_y = 0},
    {.bitmap_index = 16185, .adv_w = 134, .box_w = 7, .box_h = 11, .ofs_x = 1, .ofs_y = -3},
    {.bitmap_index = 16224, .adv_w = 134, .box_w = 2, .box_h = 11, .ofs_x = 3, .ofs_y = 0},
    {.bitmap_index = 16235, .adv_w = 134, .box_w = 6, .box_h = 11, .ofs_x = 1, .ofs_y = 0},
    {.bitmap_index = 16268, .adv_w = 134, .box_w = 7, .box_h = 11, .ofs_x = 1, .ofs_y = 0},
    {.bitmap_index = 16307, .adv_w = 134, .box_w = 3, .box_h = 10, .ofs_x = 3, .ofs_y = 0},
    {.bitmap_index = 16322, .adv_w = 269, .box_w = 15, .box_h = 14, .ofs_x = 1, .ofs_y = 0},
    {.bitmap_index = 16427, .adv_w = 269, .box_w = 16, .box_h = 11, .ofs_x = 0, .ofs_y = 0},
    {.bitmap_index = 16515, .adv_w = 269, .box_w = 16, .box_h = 11, .ofs_x = 0, .ofs_y = 0},
    {.bitmap_index = 16603, .adv_w = 269, .box_w = 15, .box_h = 10, .ofs_x = 1, .ofs_y = 0},
    {.bitmap_index = 16678, .adv_w = 269, .box_w = 14, .box_h = 14, .ofs_x = 1, .ofs_y = -3},
    {.bitmap_index = 16776, .adv_w = 269, .box_w = 15, .box_h = 14, .ofs_x = 0, .ofs_y = -3},
    {.bitmap_index = 16881, .adv_w = 269, .box_w = 16, .box_h = 10, .ofs_x = 0, .ofs_y = 0},
    {.bitmap_index = 16961, .adv_w = 269, .box_w = 15, .box_h = 14, .ofs_x = 0, .ofs_y = -3},
    {.bitmap_index = 17066, .adv_w = 269, .box_w = 15, .box_h = 14, .ofs_x = 0, .ofs_y = -3},
    {.bitmap_index = 17171, .adv_w = 134, .box_w = 9, .box_h = 14, .ofs_x = 0, .ofs_y = 0},
    {.bitmap_index = 17234, .adv_w = 134, .box_w = 8, .box_h = 11, .ofs_x = 0, .ofs_y = 0},
    {.bitmap_index = 17278, .adv_w = 134, .box_w = 7, .box_h = 14, .ofs_x = 1, .ofs_y = 0},
    {.bitmap_index = 17327, .adv_w = 134, .box_w = 8, .box_h = 11, .ofs_x = 0, .ofs_y = 0},
    {.bitmap_index = 17371, .adv_w = 134, .box_w = 8, .box_h = 14, .ofs_x = 0, .ofs_y = 0},
    {.bitmap_index = 17427, .adv_w = 134, .box_w = 8, .box_h = 11, .ofs_x = 0, .ofs_y = 0},
    {.bitmap_index = 17471, .adv_w = 134, .box_w = 8, .box_h = 14, .ofs_x = 0, .ofs_y = 0},
    {.bitmap_index = 17527, .adv_w = 134, .box_w = 8, .box_h = 11, .ofs_x = 0, .ofs_y = 0},
    {.bitmap_index = 17571, .adv_w = 134, .box_w = 8, .box_h = 17, .ofs_x = 0, .ofs_y = 0},
    {.bitmap_index = 17639, .adv_w = 134, .box_w = 8, .box_h = 14, .ofs_x = 0, .ofs_y = 0},
    {.bitmap_index = 17695, .adv_w = 134, .box_w = 8, .box_h = 17, .ofs_x = 0, .ofs_y = 0},
    {.bitmap_index = 17763, .adv_w = 134, .box_w = 8, .box_h = 14, .ofs_x = 0, .ofs_y = 0},
    {.bitmap_index = 17819, .adv_w = 134, .box_w = 8, .box_h = 17, .ofs_x = 0, .ofs_y = 0},
    {.bitmap_index = 17887, .adv_w = 134, .box_w = 8, .box_h = 14, .ofs_x = 0, .ofs_y = 0},
    {.bitmap_index = 17943, .adv_w = 134, .box_w = 8, .box_h = 17, .ofs_x = 0, .ofs_y = 0},
    {.bitmap_index = 18011, .adv_w = 134, .box_w = 8, .box_h = 14, .ofs_x = 0, .ofs_y = 0},
    {.bitmap_index = 18067, .adv_w = 134, .box_w = 8, .box_h = 8, .ofs_x = 0, .ofs_y = 0},
    {.bitmap_index = 18099, .adv_w = 134, .box_w = 9, .box_h = 17, .ofs_x = 0, .ofs_y = 0},
    {.bitmap_index = 18176, .adv_w = 134, .box_w = 8, .box_h = 14, .ofs_x = 0, .ofs_y = 0},
    {.bitmap_index = 18232, .adv_w = 134, .box_w = 9, .box_h = 16, .ofs_x = 0, .ofs_y = 0},
    {.bitmap_index = 18304, .adv_w = 134, .box_w = 8, .box_h = 14, .ofs_x = 0, .ofs_y = 0},
    {.bitmap_index = 18360, .adv_w = 134, .box_w = 8, .box_h = 14, .ofs_x = 0, .ofs_y = 0},
    {.bitmap_index = 18416, .adv_w = 134, .box_w = 9, .box_h = 10, .ofs_x = 0, .ofs_y = 0},
    {.bitmap_index = 18461, .adv_w = 134, .box_w = 9, .box_h = 10, .ofs_x = 0, .ofs_y = 0},
    {.bitmap_index = 18506, .adv_w = 134, .box_w = 9, .box_h = 11, .ofs_x = 0, .ofs_y = -3},
    {.bitmap_index = 18556, .adv_w = 134, .box_w = 8, .box_h = 14, .ofs_x = 0, .ofs_y = 0},
    {.bitmap_index = 18612, .adv_w = 134, .box_w = 8, .box_h = 14, .ofs_x = 0, .ofs_y = -3},
    {.bitmap_index = 18668, .adv_w = 134, .box_w = 8, .box_h = 14, .ofs_x = 0, .ofs_y = 0},
    {.bitmap_index = 18724, .adv_w = 134, .box_w = 8, .box_h = 15, .ofs_x = 1, .ofs_y = 0},
    {.bitmap_index = 18784, .adv_w = 134, .box_w = 8, .box_h = 13, .ofs_x = 0, .ofs_y = -3},
    {.bitmap_index = 18836, .adv_w = 134, .box_w = 8, .box_h = 11, .ofs_x = 0, .ofs_y = -3},
    {.bitmap_index = 18880, .adv_w = 134, .box_w = 8, .box_h = 17, .ofs_x = 0, .ofs_y = -3},
    {.bitmap_index = 18948, .adv_w = 134, .box_w = 8, .box_h = 13, .ofs_x = 0, .ofs_y = -3},
    {.bitmap_index = 19000, .adv_w = 134, .box_w = 8, .box_h = 14, .ofs_x = 0, .ofs_y = 0},
    {.bitmap_index = 19056, .adv_w = 134, .box_w = 8, .box_h = 14, .ofs_x = 0, .ofs_y = -3},
    {.bitmap_index = 19112, .adv_w = 134, .box_w = 8, .box_h = 14, .ofs_x = 0, .ofs_y = -3},
    {.bitmap_index = 19168, .adv_w = 269, .box_w = 15, .box_h = 10, .ofs_x = 1, .ofs_y = 0},
    {.bitmap_index = 19243, .adv_w = 269, .box_w = 16, .box_h = 10, .ofs_x = 0, .ofs_y = 0},
    {.bitmap_index = 19323, .adv_w = 269, .box_w = 16, .box_h = 11, .ofs_x = 0, .ofs_y = 0},
    {.bitmap_index = 19411, .adv_w = 134, .box_w = 8, .box_h = 14, .ofs_x = 0, .ofs_y = 0},
    {.bitmap_index = 19467, .adv_w = 134, .box_w = 8, .box_h = 14, .ofs_x = 0, .ofs_y = -3},
    {.bitmap_index = 19523, .adv_w = 134, .box_w = 8, .box_h = 10, .ofs_x = 0, .ofs_y = 0},
    {.bitmap_index = 19563, .adv_w = 134, .box_w = 7, .box_h = 13, .ofs_x = 1, .ofs_y = -3},
    {.bitmap_index = 19609, .adv_w = 134, .box_w = 8, .box_h = 14, .ofs_x = 0, .ofs_y = 0},
    {.bitmap_index = 19665, .adv_w = 134, .box_w = 8, .box_h = 11, .ofs_x = 0, .ofs_y = 0},
    {.bitmap_index = 19709, .adv_w = 134, .box_w = 9, .box_h = 16, .ofs_x = 0, .ofs_y = 0},
    {.bitmap_index = 19781, .adv_w = 134, .box_w = 8, .box_h = 16, .ofs_x = 0, .ofs_y = 0},
    {.bitmap_index = 19845, .adv_w = 134, .box_w = 8, .box_h = 14, .ofs_x = 0, .ofs_y = 0},
    {.bitmap_index = 19901, .adv_w = 134, .box_w = 9, .box_h = 11, .ofs_x = 0, .ofs_y = 0},
    {.bitmap_index = 19951, .adv_w = 134, .box_w = 9, .box_h = 15, .ofs_x = 0, .ofs_y = -1},
    {.bitmap_index = 20019, .adv_w = 134, .box_w = 8, .box_h = 12, .ofs_x = 0, .ofs_y = -1},
    {.bitmap_index = 20067, .adv_w = 134, .box_w = 9, .box_h = 14, .ofs_x = 0, .ofs_y = 0},
    {.bitmap_index = 20130, .adv_w = 134, .box_w = 8, .box_h = 11, .ofs_x = 0, .ofs_y = 0},
    {.bitmap_index = 20174, .adv_w = 134, .box_w = 9, .box_h = 14, .ofs_x = 0, .ofs_y = 0},
    {.bitmap_index = 20237, .adv_w = 134, .box_w = 8, .box_h = 11, .ofs_x = 0, .ofs_y = 0},
    {.bitmap_index = 20281, .adv_w = 134, .box_w = 7, .box_h = 14, .ofs_x = 1, .ofs_y = 0},
    {.bitmap_index = 20330, .adv_w = 134, .box_w = 8, .box_h = 11, .ofs_x = 0, .ofs_y = 0},
    {.bitmap_index = 20374, .adv_w = 134, .box_w = 7, .box_h = 14, .ofs_x = 1, .ofs_y = 0},
    {.bitmap_index = 20423, .adv_w = 134, .box_w = 8, .box_h = 11, .ofs_x = 0, .ofs_y = 0},
    {.bitmap_index = 20467, .adv_w = 134, .box_w = 8, .box_h = 14, .ofs_x = 0, .ofs_y = 0},
    {.bitmap_index = 20523, .adv_w = 134, .box_w = 8, .box_h = 11, .ofs_x = 0, .ofs_y = 0},
    {.bitmap_index = 20567, .adv_w = 134, .box_w = 7, .box_h = 14, .ofs_x = 1, .ofs_y = 0},
    {.bitmap_index = 20616, .adv_w = 134, .box_w = 8, .box_h = 11, .ofs_x = 0, .ofs_y = 0},
    {.bitmap_index = 20660, .adv_w = 134, .box_w = 8, .box_h = 14, .ofs_x = 0, .ofs_y = 0},
    {.bitmap_index = 20716, .adv_w = 134, .box_w = 8, .box_h = 11, .ofs_x = 0, .ofs_y = 0},
    {.bitmap_index = 20760, .adv_w = 134, .box_w = 8, .box_h = 14, .ofs_x = 0, .ofs_y = 0},
    {.bitmap_index = 20816, .adv_w = 134, .box_w = 8, .box_h = 11, .ofs_x = 0, .ofs_y = 0},
    {.bitmap_index = 20860, .adv_w = 134, .box_w = 9, .box_h = 14, .ofs_x = 0, .ofs_y = 0},
    {.bitmap_index = 20923, .adv_w = 134, .box_w = 9, .box_h = 11, .ofs_x = 0, .ofs_y = 0},
    {.bitmap_index = 20973, .adv_w = 134, .box_w = 8, .box_h = 14, .ofs_x = 1, .ofs_y = 0},
    {.bitmap_index = 21029, .adv_w = 134, .box_w = 9, .box_h = 11, .ofs_x = 0, .ofs_y = 0},
    {.bitmap_index = 21079, .adv_w = 134, .box_w = 8, .box_h = 14, .ofs_x = 0, .ofs_y = 0},
    {.bitmap_index = 21135, .adv_w = 134, .box_w = 8, .box_h = 11, .ofs_x = 0, .ofs_y = 0},
    {.bitmap_index = 21179, .adv_w = 134, .box_w = 8, .box_h = 14, .ofs_x = 0, .ofs_y = 0},
    {.bitmap_index = 21235, .adv_w = 134, .box_w = 8, .box_h = 11, .ofs_x = 0, .ofs_y = 0},
    {.bitmap_index = 21279, .adv_w = 134, .box_w = 7, .box_h = 13, .ofs_x = 1, .ofs_y = -3},
    {.bitmap_index = 21325, .adv_w = 134, .box_w = 7, .box_h = 11, .ofs_x = 1, .ofs_y = -3},
    {.bitmap_index = 21364, .adv_w = 134, .box_w = 8, .box_h = 13, .ofs_x = 0, .ofs_y = -3},
    {.bitmap_index = 21416, .adv_w = 134, .box_w = 8, .box_h = 13, .ofs_x = 0, .ofs_y = -3},
    {.bitmap_index = 21468, .adv_w = 134, .box_w = 8, .box_h = 14, .ofs_x = 0, .ofs_y = -4},
    {.bitmap_index = 21524, .adv_w = 134, .box_w = 8, .box_h = 12, .ofs_x = 0, .ofs_y = -4},
    {.bitmap_index = 21572, .adv_w = 134, .box_w = 8, .box_h = 14, .ofs_x = 0, .ofs_y = 0},
    {.bitmap_index = 21628, .adv_w = 134, .box_w = 9, .box_h = 15, .ofs_x = -1, .ofs_y = 0},
    {.bitmap_index = 21696, .adv_w = 134, .box_w = 7, .box_h = 13, .ofs_x = 1, .ofs_y = -3},
    {.bitmap_index = 21742, .adv_w = 134, .box_w = 9, .box_h = 13, .ofs_x = 0, .ofs_y = -2},
    {.bitmap_index = 21801, .adv_w = 134, .box_w = 8, .box_h = 10, .ofs_x = 0, .ofs_y = 0},
    {.bitmap_index = 21841, .adv_w = 134, .box_w = 8, .box_h = 11, .ofs_x = 0, .ofs_y = 0},
    {.bitmap_index = 21885, .adv_w = 134, .box_w = 7, .box_h = 13, .ofs_x = 1, .ofs_y = -3},
    {.bitmap_index = 21931, .adv_w = 134, .box_w = 7, .box_h = 11, .ofs_x = 1, .ofs_y = -3},
    {.bitmap_index = 21970, .adv_w = 134, .box_w = 9, .box_h = 14, .ofs_x = 0, .ofs_y = 0},
    {.bitmap_index = 22033, .adv_w = 134, .box_w = 8, .box_h = 11, .ofs_x = 0, .ofs_y = 0},
    {.bitmap_index = 22077, .adv_w = 134, .box_w = 7, .box_h = 13, .ofs_x = 1, .ofs_y = -3},
    {.bitmap_index = 22123, .adv_w = 134, .box_w = 8, .box_h = 11, .ofs_x = 0, .ofs_y = -3},
    {.bitmap_index = 22167, .adv_w = 134, .box_w = 8, .box_h = 17, .ofs_x = 0, .ofs_y = 0},
    {.bitmap_index = 22235, .adv_w = 134, .box_w = 8, .box_h = 14, .ofs_x = 0, .ofs_y = 0},
    {.bitmap_index = 22291, .adv_w = 134, .box_w = 8, .box_h = 17, .ofs_x = 0, .ofs_y = 0},
    {.bitmap_index = 22359, .adv_w = 134, .box_w = 8, .box_h = 14, .ofs_x = 0, .ofs_y = 0},
    {.bitmap_index = 22415, .adv_w = 134, .box_w = 8, .box_h = 14, .ofs_x = 0, .ofs_y = 0},
    {.bitmap_index = 22471, .adv_w = 134, .box_w = 8, .box_h = 11, .ofs_x = 0, .ofs_y = 0},
    {.bitmap_index = 22515, .adv_w = 134, .box_w = 8, .box_h = 16, .ofs_x = 0, .ofs_y = 0},
    {.bitmap_index = 22579, .adv_w = 134, .box_w = 8, .box_h = 14, .ofs_x = 0, .ofs_y = 0},
    {.bitmap_index = 22635, .adv_w = 134, .box_w = 9, .box_h = 14, .ofs_x = 0, .ofs_y = 0},
    {.bitmap_index = 22698, .adv_w = 134, .box_w = 8, .box_h = 13, .ofs_x = 0, .ofs_y = -3},
    {.bitmap_index = 22750, .adv_w = 134, .box_w = 8, .box_h = 12, .ofs_x = 0, .ofs_y = -1},
    {.bitmap_index = 22798, .adv_w = 134, .box_w = 9, .box_h = 9, .ofs_x = 0, .ofs_y = -1},
    {.bitmap_index = 22839, .adv_w = 134, .box_w = 8, .box_h = 11, .ofs_x = 0, .ofs_y = -1},
    {.bitmap_index = 22883, .adv_w = 134, .box_w = 6, .box_h = 11, .ofs_x = 0, .ofs_y = -3},
    {.bitmap_index = 22916, .adv_w = 134, .box_w = 8, .box_h = 11, .ofs_x = 0, .ofs_y = 0},
    {.bitmap_index = 22960, .adv_w = 134, .box_w = 9, .box_h = 11, .ofs_x = 0, .ofs_y = -3},
    {.bitmap_index = 23010, .adv_w = 134, .box_w = 9, .box_h = 12, .ofs_x = 0, .ofs_y = -1},
    {.bitmap_index = 23064, .adv_w = 134, .box_w = 8, .box_h = 12, .ofs_x = 0, .ofs_y = -1},
    {.bitmap_index = 23112, .adv_w = 134, .box_w = 7, .box_h = 14, .ofs_x = 1, .ofs_y = -3},
    {.bitmap_index = 23161, .adv_w = 134, .box_w = 8, .box_h = 10, .ofs_x = 0, .ofs_y = 0},
    {.bitmap_index = 23201, .adv_w = 134, .box_w = 8, .box_h = 12, .ofs_x = 0, .ofs_y = -1},
    {.bitmap_index = 23249, .adv_w = 134, .box_w = 7, .box_h = 11, .ofs_x = 1, .ofs_y = -3},
    {.bitmap_index = 23288, .adv_w = 134, .box_w = 7, .box_h = 11, .ofs_x = 1, .ofs_y = -3},
    {.bitmap_index = 23327, .adv_w = 134, .box_w = 8, .box_h = 10, .ofs_x = 0, .ofs_y = 0},
    {.bitmap_index = 23367, .adv_w = 134, .box_w = 7, .box_h = 8, .ofs_x = 1, .ofs_y = 0},
    {.bitmap_index = 23395, .adv_w = 134, .box_w = 8, .box_h = 10, .ofs_x = 0, .ofs_y = 0},
    {.bitmap_index = 23435, .adv_w = 134, .box_w = 9, .box_h = 10, .ofs_x = 0, .ofs_y = 0},
    {.bitmap_index = 23480, .adv_w = 134, .box_w = 9, .box_h = 10, .ofs_x = 0, .ofs_y = 0},
    {.bitmap_index = 23525, .adv_w = 134, .box_w = 7, .box_h = 13, .ofs_x = 1, .ofs_y = -2},
    {.bitmap_index = 23571, .adv_w = 134, .box_w = 8, .box_h = 14, .ofs_x = 0, .ofs_y = -3},
    {.bitmap_index = 23627, .adv_w = 134, .box_w = 8, .box_h = 13, .ofs_x = -1, .ofs_y = -3},
    {.bitmap_index = 23679, .adv_w = 134, .box_w = 8, .box_h = 14, .ofs_x = 0, .ofs_y = -3},
    {.bitmap_index = 23735, .adv_w = 134, .box_w = 10, .box_h = 13, .ofs_x = 0, .ofs_y = -3},
    {.bitmap_index = 23800, .adv_w = 134, .box_w = 9, .box_h = 11, .ofs_x = 0, .ofs_y = -3},
    {.bitmap_index = 23850, .adv_w = 134, .box_w = 9, .box_h = 10, .ofs_x = 0, .ofs_y = 0},
    {.bitmap_index = 23895, .adv_w = 134, .box_w = 9, .box_h = 8, .ofs_x = 0, .ofs_y = 0},
    {.bitmap_index = 23931, .adv_w = 134, .box_w = 9, .box_h = 10, .ofs_x = 0, .ofs_y = 0},
    {.bitmap_index = 23976, .adv_w = 134, .box_w = 9, .box_h = 11, .ofs_x = 0, .ofs_y = -3},
    {.bitmap_index = 24026, .adv_w = 134, .box_w = 6, .box_h = 10, .ofs_x = 1, .ofs_y = 0},
    {.bitmap_index = 24056, .adv_w = 134, .box_w = 5, .box_h = 8, .ofs_x = 2, .ofs_y = 0},
    {.bitmap_index = 24076, .adv_w = 134, .box_w = 8, .box_h = 10, .ofs_x = 0, .ofs_y = 0},
    {.bitmap_index = 24116, .adv_w = 134, .box_w = 8, .box_h = 11, .ofs_x = 0, .ofs_y = 0},
    {.bitmap_index = 24160, .adv_w = 134, .box_w = 4, .box_h = 4, .ofs_x = 2, .ofs_y = 6},
    {.bitmap_index = 24168, .adv_w = 134, .box_w = 4, .box_h = 3, .ofs_x = 2, .ofs_y = -3},
    {.bitmap_index = 24174, .adv_w = 134, .box_w = 8, .box_h = 10, .ofs_x = 0, .ofs_y = 0},
    {.bitmap_index = 24214, .adv_w = 134, .box_w = 8, .box_h = 8, .ofs_x = 0, .ofs_y = 0},
    {.bitmap_index = 24246, .adv_w = 134, .box_w = 3, .box_h = 3, .ofs_x = 3, .ofs_y = -3},
    {.bitmap_index = 24251, .adv_w = 134, .box_w = 7, .box_h = 8, .ofs_x = 1, .ofs_y = 0},
    {.bitmap_index = 24279, .adv_w = 134, .box_w = 7, .box_h = 8, .ofs_x = 1, .ofs_y = 0},
    {.bitmap_index = 24307, .adv_w = 134, .box_w = 7, .box_h = 8, .ofs_x = 1, .ofs_y = 0},
    {.bitmap_index = 24335, .adv_w = 134, .box_w = 4, .box_h = 11, .ofs_x = 2, .ofs_y = -3},
    {.bitmap_index = 24357, .adv_w = 134, .box_w = 6, .box_h = 10, .ofs_x = 1, .ofs_y = 0},
    {.bitmap_index = 24387, .adv_w = 134, .box_w = 3, .box_h = 3, .ofs_x = 3, .ofs_y = 9},
    {.bitmap_index = 24392, .adv_w = 134, .box_w = 6, .box_h = 3, .ofs_x = 1, .ofs_y = 9},
    {.bitmap_index = 24401, .adv_w = 134, .box_w = 10, .box_h = 12, .ofs_x = -1, .ofs_y = 0},
    {.bitmap_index = 24461, .adv_w = 134, .box_w = 3, .box_h = 3, .ofs_x = 3, .ofs_y = 5},
    {.bitmap_index = 24466, .adv_w = 134, .box_w = 9, .box_h = 12, .ofs_x = -1, .ofs_y = 0},
    {.bitmap_index = 24520, .adv_w = 134, .box_w = 9, .box_h = 12, .ofs_x = -1, .ofs_y = 0},
    {.bitmap_index = 24574, .adv_w = 134, .box_w = 9, .box_h = 12, .ofs_x = -1, .ofs_y = 0},
    {.bitmap_index = 24628, .adv_w = 134, .box_w = 9, .box_h = 12, .ofs_x = -1, .ofs_y = 0},
    {.bitmap_index = 24682, .adv_w = 134, .box_w = 10, .box_h = 12, .ofs_x = -1, .ofs_y = 0},
    {.bitmap_index = 24742, .adv_w = 134, .box_w = 10, .box_h = 12, .ofs_x = -1, .ofs_y = 0},
    {.bitmap_index = 24802, .adv_w = 134, .box_w = 7, .box_h = 13, .ofs_x = 1, .ofs_y = 0},
    {.bitmap_index = 24848, .adv_w = 134, .box_w = 9, .box_h = 10, .ofs_x = 0, .ofs_y = 0},
    {.bitmap_index = 24893, .adv_w = 134, .box_w = 7, .box_h = 10, .ofs_x = 1, .ofs_y = 0},
    {.bitmap_index = 24928, .adv_w = 134, .box_w = 7, .box_h = 10, .ofs_x = 1, .ofs_y = 0},
    {.bitmap_index = 24963, .adv_w = 134, .box_w = 9, .box_h = 10, .ofs_x = 0, .ofs_y = 0},
    {.bitmap_index = 25008, .adv_w = 134, .box_w = 7, .box_h = 10, .ofs_x = 1, .ofs_y = 0},
    {.bitmap_index = 25043, .adv_w = 134, .box_w = 7, .box_h = 10, .ofs_x = 1, .ofs_y = 0},
    {.bitmap_index = 25078, .adv_w = 134, .box_w = 8, .box_h = 10, .ofs_x = 0, .ofs_y = 0},
    {.bitmap_index = 25118, .adv_w = 134, .box_w = 8, .box_h = 10, .ofs_x = 0, .ofs_y = 0},
    {.bitmap_index = 25158, .adv_w = 134, .box_w = 7, .box_h = 10, .ofs_x = 1, .ofs_y = 0},
    {.bitmap_index = 25193, .adv_w = 134, .box_w = 8, .box_h = 10, .ofs_x = 0, .ofs_y = 0},
    {.bitmap_index = 25233, .adv_w = 134, .box_w = 9, .box_h = 10, .ofs_x = 0, .ofs_y = 0},
    {.bitmap_index = 25278, .adv_w = 134, .box_w = 8, .box_h = 10, .ofs_x = 0, .ofs_y = 0},
    {.bitmap_index = 25318, .adv_w = 134, .box_w = 8, .box_h = 10, .ofs_x = 0, .ofs_y = 0},
    {.bitmap_index = 25358, .adv_w = 134, .box_w = 8, .box_h = 10, .ofs_x = 0, .ofs_y = 0},
    {.bitmap_index = 25398, .adv_w = 134, .box_w = 8, .box_h = 10, .ofs_x = 0, .ofs_y = 0},
    {.bitmap_index = 25438, .adv_w = 134, .box_w = 8, .box_h = 10, .ofs_x = 0, .ofs_y = 0},
    {.bitmap_index = 25478, .adv_w = 134, .box_w = 7, .box_h = 10, .ofs_x = 1, .ofs_y = 0},
    {.bitmap_index = 25513, .adv_w = 134, .box_w = 7, .box_h = 10, .ofs_x = 1, .ofs_y = 0},
    {.bitmap_index = 25548, .adv_w = 134, .box_w = 8, .box_h = 10, .ofs_x = 0, .ofs_y = 0},
    {.bitmap_index = 25588, .adv_w = 134, .box_w = 9, .box_h = 10, .ofs_x = 0, .ofs_y = 0},
    {.bitmap_index = 25633, .adv_w = 134, .box_w = 8, .box_h = 10, .ofs_x = 0, .ofs_y = 0},
    {.bitmap_index = 25673, .adv_w = 134, .box_w = 9, .box_h = 10, .ofs_x = 0, .ofs_y = 0},
    {.bitmap_index = 25718, .adv_w = 134, .box_w = 8, .box_h = 10, .ofs_x = 0, .ofs_y = 0},
    {.bitmap_index = 25758, .adv_w = 134, .box_w = 9, .box_h = 10, .ofs_x = 0, .ofs_y = 0},
    {.bitmap_index = 25803, .adv_w = 134, .box_w = 7, .box_h = 13, .ofs_x = 1, .ofs_y = 0},
    {.bitmap_index = 25849, .adv_w = 134, .box_w = 9, .box_h = 13, .ofs_x = 0, .ofs_y = 0},
    {.bitmap_index = 25908, .adv_w = 134, .box_w = 9, .box_h = 12, .ofs_x = 0, .ofs_y = 0},
    {.bitmap_index = 25962, .adv_w = 134, .box_w = 7, .box_h = 12, .ofs_x = 1, .ofs_y = 0},
    {.bitmap_index = 26004, .adv_w = 134, .box_w = 8, .box_h = 15, .ofs_x = 0, .ofs_y = -3},
    {.bitmap_index = 26064, .adv_w = 134, .box_w = 5, .box_h = 12, .ofs_x = 3, .ofs_y = 0},
    {.bitmap_index = 26094, .adv_w = 134, .box_w = 8, .box_h = 13, .ofs_x = 0, .ofs_y = 0},
    {.bitmap_index = 26146, .adv_w = 134, .box_w = 9, .box_h = 8, .ofs_x = 0, .ofs_y = 0},
    {.bitmap_index = 26182, .adv_w = 134, .box_w = 8, .box_h = 14, .ofs_x = 0, .ofs_y = -3},
    {.bitmap_index = 26238, .adv_w = 134, .box_w = 8, .box_h = 11, .ofs_x = 0, .ofs_y = -3},
    {.bitmap_index = 26282, .adv_w = 134, .box_w = 8, .box_h = 11, .ofs_x = 0, .ofs_y = 0},
    {.bitmap_index = 26326, .adv_w = 134, .box_w = 7, .box_h = 8, .ofs_x = 1, .ofs_y = 0},
    {.bitmap_index = 26354, .adv_w = 134, .box_w = 7, .box_h = 14, .ofs_x = 1, .ofs_y = -3},
    {.bitmap_index = 26403, .adv_w = 134, .box_w = 8, .box_h = 11, .ofs_x = 0, .ofs_y = -3},
    {.bitmap_index = 26447, .adv_w = 134, .box_w = 8, .box_h = 11, .ofs_x = 0, .ofs_y = 0},
    {.bitmap_index = 26491, .adv_w = 134, .box_w = 5, .box_h = 8, .ofs_x = 3, .ofs_y = 0},
    {.bitmap_index = 26511, .adv_w = 134, .box_w = 8, .box_h = 8, .ofs_x = 1, .ofs_y = 0},
    {.bitmap_index = 26543, .adv_w = 134, .box_w = 9, .box_h = 11, .ofs_x = 0, .ofs_y = 0},
    {.bitmap_index = 26593, .adv_w = 134, .box_w = 8, .box_h = 11, .ofs_x = 0, .ofs_y = -3},
    {.bitmap_index = 26637, .adv_w = 134, .box_w = 8, .box_h = 8, .ofs_x = 0, .ofs_y = 0},
    {.bitmap_index = 26669, .adv_w = 134, .box_w = 7, .box_h = 14, .ofs_x = 1, .ofs_y = -3},
    {.bitmap_index = 26718, .adv_w = 134, .box_w = 8, .box_h = 8, .ofs_x = 0, .ofs_y = 0},
    {.bitmap_index = 26750, .adv_w = 134, .box_w = 9, .box_h = 8, .ofs_x = 0, .ofs_y = 0},
    {.bitmap_index = 26786, .adv_w = 134, .box_w = 8, .box_h = 11, .ofs_x = 0, .ofs_y = -3},
    {.bitmap_index = 26830, .adv_w = 134, .box_w = 7, .box_h = 11, .ofs_x = 1, .ofs_y = -3},
    {.bitmap_index = 26869, .adv_w = 134, .box_w = 9, .box_h = 8, .ofs_x = 0, .ofs_y = 0},
    {.bitmap_index = 26905, .adv_w = 134, .box_w = 8, .box_h = 8, .ofs_x = 0, .ofs_y = 0},
    {.bitmap_index = 26937, .adv_w = 134, .box_w = 8, .box_h = 8, .ofs_x = 0, .ofs_y = 0},
    {.bitmap_index = 26969, .adv_w = 134, .box_w = 8, .box_h = 11, .ofs_x = 0, .ofs_y = -3},
    {.bitmap_index = 27013, .adv_w = 134, .box_w = 8, .box_h = 11, .ofs_x = 0, .ofs_y = -3},
    {.bitmap_index = 27057, .adv_w = 134, .box_w = 8, .box_h = 14, .ofs_x = 0, .ofs_y = -3},
    {.bitmap_index = 27113, .adv_w = 134, .box_w = 8, .box_h = 8, .ofs_x = 0, .ofs_y = 0},
    {.bitmap_index = 27145, .adv_w = 134, .box_w = 7, .box_h = 11, .ofs_x = 1, .ofs_y = 0},
    {.bitmap_index = 27184, .adv_w = 134, .box_w = 8, .box_h = 11, .ofs_x = 0, .ofs_y = 0},
    {.bitmap_index = 27228, .adv_w = 134, .box_w = 8, .box_h = 12, .ofs_x = 0, .ofs_y = 0},
    {.bitmap_index = 27276, .adv_w = 134, .box_w = 8, .box_h = 12, .ofs_x = 0, .ofs_y = 0},
    {.bitmap_index = 27324, .adv_w = 134, .box_w = 8, .box_h = 12, .ofs_x = 0, .ofs_y = 0},
    {.bitmap_index = 27372, .adv_w = 134, .box_w = 8, .box_h = 13, .ofs_x = 0, .ofs_y = -3},
    {.bitmap_index = 27424, .adv_w = 134, .box_w = 8, .box_h = 14, .ofs_x = 0, .ofs_y = -3},
    {.bitmap_index = 27480, .adv_w = 134, .box_w = 8, .box_h = 11, .ofs_x = 0, .ofs_y = 0},
    {.bitmap_index = 27524, .adv_w = 134, .box_w = 9, .box_h = 10, .ofs_x = 0, .ofs_y = 0},
    {.bitmap_index = 27569, .adv_w = 134, .box_w = 10, .box_h = 12, .ofs_x = -1, .ofs_y = 0},
    {.bitmap_index = 27629, .adv_w = 134, .box_w = 9, .box_h = 13, .ofs_x = 0, .ofs_y = 0},
    {.bitmap_index = 27688, .adv_w = 134, .box_w = 8, .box_h = 11, .ofs_x = 0, .ofs_y = -3},
    {.bitmap_index = 27732, .adv_w = 134, .box_w = 9, .box_h = 8, .ofs_x = 0, .ofs_y = 0},
    {.bitmap_index = 27768, .adv_w = 134, .box_w = 9, .box_h = 11, .ofs_x = 0, .ofs_y = -3},
    {.bitmap_index = 27818, .adv_w = 134, .box_w = 8, .box_h = 10, .ofs_x = 0, .ofs_y = 0},
    {.bitmap_index = 27858, .adv_w = 134, .box_w = 8, .box_h = 11, .ofs_x = 0, .ofs_y = -3},
    {.bitmap_index = 27902, .adv_w = 134, .box_w = 9, .box_h = 10, .ofs_x = 0, .ofs_y = 0},
    {.bitmap_index = 27947, .adv_w = 134, .box_w = 7, .box_h = 12, .ofs_x = 1, .ofs_y = -4},
    {.bitmap_index = 27989, .adv_w = 134, .box_w = 7, .box_h = 10, .ofs_x = 1, .ofs_y = 0},
    {.bitmap_index = 28024, .adv_w = 134, .box_w = 7, .box_h = 11, .ofs_x = 1, .ofs_y = -3},
    {.bitmap_index = 28063, .adv_w = 134, .box_w = 8, .box_h = 10, .ofs_x = 0, .ofs_y = 0},
    {.bitmap_index = 28103, .adv_w = 134, .box_w = 8, .box_h = 14, .ofs_x = 0, .ofs_y = -3},
    {.bitmap_index = 28159, .adv_w = 134, .box_w = 8, .box_h = 10, .ofs_x = 0, .ofs_y = 0},
    {.bitmap_index = 28199, .adv_w = 134, .box_w = 8, .box_h = 15, .ofs_x = 0, .ofs_y = -3},
    {.bitmap_index = 28259, .adv_w = 134, .box_w = 9, .box_h = 8, .ofs_x = 0, .ofs_y = 0},
    {.bitmap_index = 28295, .adv_w = 134, .box_w = 8, .box_h = 11, .ofs_x = 0, .ofs_y = -3},
    {.bitmap_index = 28339, .adv_w = 134, .box_w = 7, .box_h = 8, .ofs_x = 1, .ofs_y = 0},
    {.bitmap_index = 28367, .adv_w = 134, .box_w = 6, .box_h = 14, .ofs_x = 0, .ofs_y = -3},
    {.bitmap_index = 28409, .adv_w = 134, .box_w = 8, .box_h = 10, .ofs_x = 0, .ofs_y = 0},
    {.bitmap_index = 28449, .adv_w = 134, .box_w = 7, .box_h = 8, .ofs_x = 1, .ofs_y = 0},
    {.bitmap_index = 28477, .adv_w = 134, .box_w = 8, .box_h = 8, .ofs_x = 0, .ofs_y = 0},
    {.bitmap_index = 28509, .adv_w = 134, .box_w = 7, .box_h = 10, .ofs_x = 1, .ofs_y = 0},
    {.bitmap_index = 28544, .adv_w = 134, .box_w = 8, .box_h = 14, .ofs_x = 0, .ofs_y = -3},
    {.bitmap_index = 28600, .adv_w = 134, .box_w = 7, .box_h = 10, .ofs_x = 1, .ofs_y = 0},
    {.bitmap_index = 28635, .adv_w = 134, .box_w = 8, .box_h = 10, .ofs_x = 0, .ofs_y = 0},
    {.bitmap_index = 28675, .adv_w = 134, .box_w = 8, .box_h = 11, .ofs_x = 0, .ofs_y = -3},
    {.bitmap_index = 28719, .adv_w = 134, .box_w = 8, .box_h = 11, .ofs_x = 0, .ofs_y = -3},
    {.bitmap_index = 28763, .adv_w = 134, .box_w = 8, .box_h = 10, .ofs_x = 0, .ofs_y = 0},
    {.bitmap_index = 28803, .adv_w = 134, .box_w = 8, .box_h = 10, .ofs_x = 0, .ofs_y = 0},
    {.bitmap_index = 28843, .adv_w = 134, .box_w = 8, .box_h = 10, .ofs_x = 0, .ofs_y = 0},
    {.bitmap_index = 28883, .adv_w = 134, .box_w = 7, .box_h = 14, .ofs_x = 1, .ofs_y = 0},
    {.bitmap_index = 28932, .adv_w = 134, .box_w = 7, .box_h = 14, .ofs_x = 1, .ofs_y = 0},
    {.bitmap_index = 28981, .adv_w = 134, .box_w = 9, .box_h = 10, .ofs_x = 0, .ofs_y = 0},
    {.bitmap_index = 29026, .adv_w = 134, .box_w = 7, .box_h = 14, .ofs_x = 1, .ofs_y = 0},
    {.bitmap_index = 29075, .adv_w = 134, .box_w = 8, .box_h = 10, .ofs_x = 0, .ofs_y = 0},
    {.bitmap_index = 29115, .adv_w = 134, .box_w = 7, .box_h = 10, .ofs_x = 1, .ofs_y = 0},
    {.bitmap_index = 29150, .adv_w = 134, .box_w = 7, .box_h = 10, .ofs_x = 1, .ofs_y = 0},
    {.bitmap_index = 29185, .adv_w = 134, .box_w = 7, .box_h = 14, .ofs_x = 1, .ofs_y = 0},
    {.bitmap_index = 29234, .adv_w = 134, .box_w = 6, .box_h = 10, .ofs_x = 1, .ofs_y = 0},
    {.bitmap_index = 29264, .adv_w = 134, .box_w = 9, .box_h = 10, .ofs_x = 0, .ofs_y = 0},
    {.bitmap_index = 29309, .adv_w = 134, .box_w = 9, .box_h = 10, .ofs_x = 0, .ofs_y = 0},
    {.bitmap_index = 29354, .adv_w = 134, .box_w = 8, .box_h = 10, .ofs_x = 0, .ofs_y = 0},
    {.bitmap_index = 29394, .adv_w = 134, .box_w = 9, .box_h = 14, .ofs_x = 0, .ofs_y = 0},
    {.bitmap_index = 29457, .adv_w = 134, .box_w = 8, .box_h = 14, .ofs_x = 0, .ofs_y = 0},
    {.bitmap_index = 29513, .adv_w = 134, .box_w = 9, .box_h = 15, .ofs_x = 0, .ofs_y = 0},
    {.bitmap_index = 29581, .adv_w = 134, .box_w = 8, .box_h = 13, .ofs_x = 0, .ofs_y = -3},
    {.bitmap_index = 29633, .adv_w = 134, .box_w = 9, .box_h = 10, .ofs_x = 0, .ofs_y = 0},
    {.bitmap_index = 29678, .adv_w = 134, .box_w = 7, .box_h = 10, .ofs_x = 1, .ofs_y = 0},
    {.bitmap_index = 29713, .adv_w = 134, .box_w = 7, .box_h = 10, .ofs_x = 1, .ofs_y = 0},
    {.bitmap_index = 29748, .adv_w = 134, .box_w = 7, .box_h = 10, .ofs_x = 1, .ofs_y = 0},
    {.bitmap_index = 29783, .adv_w = 134, .box_w = 9, .box_h = 13, .ofs_x = 0, .ofs_y = -3},
    {.bitmap_index = 29842, .adv_w = 134, .box_w = 7, .box_h = 10, .ofs_x = 1, .ofs_y = 0},
    {.bitmap_index = 29877, .adv_w = 134, .box_w = 9, .box_h = 10, .ofs_x = 0, .ofs_y = 0},
    {.bitmap_index = 29922, .adv_w = 134, .box_w = 8, .box_h = 10, .ofs_x = 0, .ofs_y = 0},
    {.bitmap_index = 29962, .adv_w = 134, .box_w = 8, .box_h = 10, .ofs_x = 0, .ofs_y = 0},
    {.bitmap_index = 30002, .adv_w = 134, .box_w = 8, .box_h = 14, .ofs_x = 0, .ofs_y = 0},
    {.bitmap_index = 30058, .adv_w = 134, .box_w = 9, .box_h = 10, .ofs_x = 0, .ofs_y = 0},
    {.bitmap_index = 30103, .adv_w = 134, .box_w = 8, .box_h = 10, .ofs_x = 0, .ofs_y = 0},
    {.bitmap_index = 30143, .adv_w = 134, .box_w = 8, .box_h = 10, .ofs_x = 0, .ofs_y = 0},
    {.bitmap_index = 30183, .adv_w = 134, .box_w = 8, .box_h = 10, .ofs_x = 0, .ofs_y = 0},
    {.bitmap_index = 30223, .adv_w = 134, .box_w = 8, .box_h = 10, .ofs_x = 0, .ofs_y = 0},
    {.bitmap_index = 30263, .adv_w = 134, .box_w = 8, .box_h = 10, .ofs_x = 0, .ofs_y = 0},
    {.bitmap_index = 30303, .adv_w = 134, .box_w = 7, .box_h = 10, .ofs_x = 1, .ofs_y = 0},
    {.bitmap_index = 30338, .adv_w = 134, .box_w = 8, .box_h = 10, .ofs_x = 0, .ofs_y = 0},
    {.bitmap_index = 30378, .adv_w = 134, .box_w = 8, .box_h = 10, .ofs_x = 0, .ofs_y = 0},
    {.bitmap_index = 30418, .adv_w = 134, .box_w = 9, .box_h = 10, .ofs_x = 0, .ofs_y = 0},
    {.bitmap_index = 30463, .adv_w = 134, .box_w = 9, .box_h = 10, .ofs_x = 0, .ofs_y = 0},
    {.bitmap_index = 30508, .adv_w = 134, .box_w = 9, .box_h = 10, .ofs_x = 0, .ofs_y = 0},
    {.bitmap_index = 30553, .adv_w = 134, .box_w = 9, .box_h = 13, .ofs_x = 0, .ofs_y = -3},
    {.bitmap_index = 30612, .adv_w = 134, .box_w = 8, .box_h = 10, .ofs_x = 0, .ofs_y = 0},
    {.bitmap_index = 30652, .adv_w = 134, .box_w = 8, .box_h = 10, .ofs_x = 0, .ofs_y = 0},
    {.bitmap_index = 30692, .adv_w = 134, .box_w = 9, .box_h = 13, .ofs_x = 0, .ofs_y = -3},
    {.bitmap_index = 30751, .adv_w = 134, .box_w = 8, .box_h = 10, .ofs_x = 0, .ofs_y = 0},
    {.bitmap_index = 30791, .adv_w = 134, .box_w = 8, .box_h = 10, .ofs_x = 0, .ofs_y = 0},
    {.bitmap_index = 30831, .adv_w = 134, .box_w = 7, .box_h = 10, .ofs_x = 1, .ofs_y = 0},
    {.bitmap_index = 30866, .adv_w = 134, .box_w = 8, .box_h = 10, .ofs_x = 0, .ofs_y = 0},
    {.bitmap_index = 30906, .adv_w = 134, .box_w = 9, .box_h = 10, .ofs_x = 0, .ofs_y = 0},
    {.bitmap_index = 30951, .adv_w = 134, .box_w = 8, .box_h = 10, .ofs_x = 0, .ofs_y = 0},
    {.bitmap_index = 30991, .adv_w = 134, .box_w = 8, .box_h = 8, .ofs_x = 0, .ofs_y = 0},
    {.bitmap_index = 31023, .adv_w = 134, .box_w = 8, .box_h = 12, .ofs_x = 0, .ofs_y = 0},
    {.bitmap_index = 31071, .adv_w = 134, .box_w = 7, .box_h = 8, .ofs_x = 1, .ofs_y = 0},
    {.bitmap_index = 31099, .adv_w = 134, .box_w = 7, .box_h = 8, .ofs_x = 1, .ofs_y = 0},
    {.bitmap_index = 31127, .adv_w = 134, .box_w = 9, .box_h = 11, .ofs_x = 0, .ofs_y = -3},
    {.bitmap_index = 31177, .adv_w = 134, .box_w = 8, .box_h = 8, .ofs_x = 0, .ofs_y = 0},
    {.bitmap_index = 31209, .adv_w = 134, .box_w = 9, .box_h = 8, .ofs_x = 0, .ofs_y = 0},
    {.bitmap_index = 31245, .adv_w = 134, .box_w = 7, .box_h = 8, .ofs_x = 1, .ofs_y = 0},
    {.bitmap_index = 31273, .adv_w = 134, .box_w = 8, .box_h = 8, .ofs_x = 0, .ofs_y = 0},
    {.bitmap_index = 31305, .adv_w = 134, .box_w = 8, .box_h = 12, .ofs_x = 0, .ofs_y = 0},
    {.bitmap_index = 31353, .adv_w = 134, .box_w = 8, .box_h = 8, .ofs_x = 0, .ofs_y = 0},
    {.bitmap_index = 31385, .adv_w = 134, .box_w = 8, .box_h = 8, .ofs_x = 0, .ofs_y = 0},
    {.bitmap_index = 31417, .adv_w = 134, .box_w = 8, .box_h = 8, .ofs_x = 0, .ofs_y = 0},
    {.bitmap_index = 31449, .adv_w = 134, .box_w = 8, .box_h = 8, .ofs_x = 0, .ofs_y = 0},
    {.bitmap_index = 31481, .adv_w = 134, .box_w = 8, .box_h = 8, .ofs_x = 0, .ofs_y = 0},
    {.bitmap_index = 31513, .adv_w = 134, .box_w = 8, .box_h = 8, .ofs_x = 0, .ofs_y = 0},
    {.bitmap_index = 31545, .adv_w = 134, .box_w = 8, .box_h = 11, .ofs_x = 0, .ofs_y = -3},
    {.bitmap_index = 31589, .adv_w = 134, .box_w = 7, .box_h = 8, .ofs_x = 1, .ofs_y = 0},
    {.bitmap_index = 31617, .adv_w = 134, .box_w = 8, .box_h = 8, .ofs_x = 0, .ofs_y = 0},
    {.bitmap_index = 31649, .adv_w = 134, .box_w = 8, .box_h = 11, .ofs_x = 0, .ofs_y = -3},
    {.bitmap_index = 31693, .adv_w = 134, .box_w = 8, .box_h = 15, .ofs_x = 0, .ofs_y = -3},
    {.bitmap_index = 31753, .adv_w = 134, .box_w = 8, .box_h = 8, .ofs_x = 0, .ofs_y = 0},
    {.bitmap_index = 31785, .adv_w = 134, .box_w = 9, .box_h = 10, .ofs_x = 0, .ofs_y = -2},
    {.bitmap_index = 31830, .adv_w = 134, .box_w = 8, .box_h = 8, .ofs_x = 0, .ofs_y = 0},
    {.bitmap_index = 31862, .adv_w = 134, .box_w = 8, .box_h = 8, .ofs_x = 0, .ofs_y = 0},
    {.bitmap_index = 31894, .adv_w = 134, .box_w = 9, .box_h = 11, .ofs_x = 0, .ofs_y = -3},
    {.bitmap_index = 31944, .adv_w = 134, .box_w = 8, .box_h = 8, .ofs_x = 0, .ofs_y = 0},
    {.bitmap_index = 31976, .adv_w = 134, .box_w = 8, .box_h = 8, .ofs_x = 0, .ofs_y = 0},
    {.bitmap_index = 32008, .adv_w = 134, .box_w = 7, .box_h = 8, .ofs_x = 1, .ofs_y = 0},
    {.bitmap_index = 32036, .adv_w = 134, .box_w = 8, .box_h = 8, .ofs_x = 0, .ofs_y = 0},
    {.bitmap_index = 32068, .adv_w = 134, .box_w = 9, .box_h = 8, .ofs_x = 0, .ofs_y = 0},
    {.bitmap_index = 32104, .adv_w = 134, .box_w = 8, .box_h = 8, .ofs_x = 0, .ofs_y = 0},
    {.bitmap_index = 32136, .adv_w = 134, .box_w = 8, .box_h = 11, .ofs_x = 0, .ofs_y = 0},
    {.bitmap_index = 32180, .adv_w = 134, .box_w = 8, .box_h = 12, .ofs_x = 0, .ofs_y = 0},
    {.bitmap_index = 32228, .adv_w = 134, .box_w = 8, .box_h = 15, .ofs_x = 0, .ofs_y = -3},
    {.bitmap_index = 32288, .adv_w = 134, .box_w = 7, .box_h = 11, .ofs_x = 1, .ofs_y = 0},
    {.bitmap_index = 32327, .adv_w = 134, .box_w = 7, .box_h = 8, .ofs_x = 1, .ofs_y = 0},
    {.bitmap_index = 32355, .adv_w = 134, .box_w = 7, .box_h = 8, .ofs_x = 1, .ofs_y = 0},
    {.bitmap_index = 32383, .adv_w = 134, .box_w = 8, .box_h = 12, .ofs_x = 0, .ofs_y = 0},
    {.bitmap_index = 32431, .adv_w = 134, .box_w = 8, .box_h = 11, .ofs_x = 0, .ofs_y = 0},
    {.bitmap_index = 32475, .adv_w = 134, .box_w = 6, .box_h = 15, .ofs_x = 0, .ofs_y = -3},
    {.bitmap_index = 32520, .adv_w = 134, .box_w = 9, .box_h = 8, .ofs_x = 0, .ofs_y = 0},
    {.bitmap_index = 32556, .adv_w = 134, .box_w = 9, .box_h = 8, .ofs_x = 0, .ofs_y = 0},
    {.bitmap_index = 32592, .adv_w = 134, .box_w = 8, .box_h = 12, .ofs_x = 0, .ofs_y = 0},
    {.bitmap_index = 32640, .adv_w = 134, .box_w = 8, .box_h = 11, .ofs_x = 0, .ofs_y = 0},
    {.bitmap_index = 32684, .adv_w = 134, .box_w = 8, .box_h = 11, .ofs_x = 0, .ofs_y = 0},
    {.bitmap_index = 32728, .adv_w = 134, .box_w = 8, .box_h = 15, .ofs_x = 0, .ofs_y = -3},
    {.bitmap_index = 32788, .adv_w = 134, .box_w = 8, .box_h = 10, .ofs_x = 0, .ofs_y = -2},
    {.bitmap_index = 32828, .adv_w = 134, .box_w = 9, .box_h = 10, .ofs_x = 0, .ofs_y = 0},
    {.bitmap_index = 32873, .adv_w = 134, .box_w = 9, .box_h = 8, .ofs_x = 0, .ofs_y = 0},
    {.bitmap_index = 32909, .adv_w = 134, .box_w = 8, .box_h = 10, .ofs_x = 0, .ofs_y = 0},
    {.bitmap_index = 32949, .adv_w = 134, .box_w = 9, .box_h = 10, .ofs_x = 0, .ofs_y = 0},
    {.bitmap_index = 32994, .adv_w = 134, .box_w = 9, .box_h = 10, .ofs_x = 0, .ofs_y = 0},
    {.bitmap_index = 33039, .adv_w = 134, .box_w = 9, .box_h = 8, .ofs_x = 0, .ofs_y = 0},
    {.bitmap_index = 33075, .adv_w = 134, .box_w = 9, .box_h = 10, .ofs_x = 0, .ofs_y = 0},
    {.bitmap_index = 33120, .adv_w = 134, .box_w = 9, .box_h = 8, .ofs_x = 0, .ofs_y = 0},
    {.bitmap_index = 33156, .adv_w = 269, .box_w = 16, .box_h = 10, .ofs_x = 1, .ofs_y = 0},
    {.bitmap_index = 33236, .adv_w = 134, .box_w = 9, .box_h = 8, .ofs_x = 0, .ofs_y = 0},
    {.bitmap_index = 33272, .adv_w = 134, .box_w = 9, .box_h = 10, .ofs_x = 0, .ofs_y = 0},
    {.bitmap_index = 33317, .adv_w = 134, .box_w = 9, .box_h = 8, .ofs_x = 0, .ofs_y = 0},
    {.bitmap_index = 33353, .adv_w = 269, .box_w = 15, .box_h = 10, .ofs_x = 1, .ofs_y = 0},
    {.bitmap_index = 33428, .adv_w = 269, .box_w = 15, .box_h = 8, .ofs_x = 1, .ofs_y = 0},
    {.bitmap_index = 33488, .adv_w = 134, .box_w = 8, .box_h = 16, .ofs_x = 0, .ofs_y = -3},
    {.bitmap_index = 33552, .adv_w = 134, .box_w = 8, .box_h = 13, .ofs_x = 0, .ofs_y = -3},
    {.bitmap_index = 33604, .adv_w = 134, .box_w = 8, .box_h = 10, .ofs_x = 0, .ofs_y = 0},
    {.bitmap_index = 33644, .adv_w = 134, .box_w = 8, .box_h = 15, .ofs_x = 0, .ofs_y = -3},
    {.bitmap_index = 33704, .adv_w = 134, .box_w = 8, .box_h = 10, .ofs_x = 0, .ofs_y = 0},
    {.bitmap_index = 33744, .adv_w = 134, .box_w = 8, .box_h = 8, .ofs_x = 0, .ofs_y = 0},
    {.bitmap_index = 33776, .adv_w = 134, .box_w = 9, .box_h = 10, .ofs_x = 0, .ofs_y = 0},
    {.bitmap_index = 33821, .adv_w = 134, .box_w = 9, .box_h = 8, .ofs_x = 0, .ofs_y = 0},
    {.bitmap_index = 33857, .adv_w = 134, .box_w = 9, .box_h = 14, .ofs_x = 0, .ofs_y = 0},
    {.bitmap_index = 33920, .adv_w = 134, .box_w = 9, .box_h = 11, .ofs_x = 0, .ofs_y = 0},
    {.bitmap_index = 33970, .adv_w = 269, .box_w = 17, .box_h = 13, .ofs_x = 0, .ofs_y = -3},
    {.bitmap_index = 34081, .adv_w = 269, .box_w = 17, .box_h = 11, .ofs_x = 0, .ofs_y = -3},
    {.bitmap_index = 34175, .adv_w = 134, .box_w = 8, .box_h = 12, .ofs_x = 0, .ofs_y = -1},
    {.bitmap_index = 34223, .adv_w = 134, .box_w = 8, .box_h = 10, .ofs_x = 0, .ofs_y = -1},
    {.bitmap_index = 34263, .adv_w = 134, .box_w = 9, .box_h = 16, .ofs_x = 0, .ofs_y = 0},
    {.bitmap_index = 34335, .adv_w = 134, .box_w = 8, .box_h = 14, .ofs_x = 0, .ofs_y = 0},
    {.bitmap_index = 34391, .adv_w = 134, .box_w = 9, .box_h = 13, .ofs_x = 0, .ofs_y = 0},
    {.bitmap_index = 34450, .adv_w = 134, .box_w = 9, .box_h = 10, .ofs_x = 0, .ofs_y = 0},
    {.bitmap_index = 34495, .adv_w = 134, .box_w = 8, .box_h = 13, .ofs_x = 0, .ofs_y = -3},
    {.bitmap_index = 34547, .adv_w = 134, .box_w = 7, .box_h = 11, .ofs_x = 1, .ofs_y = -3},
    {.bitmap_index = 34586, .adv_w = 134, .box_w = 8, .box_h = 11, .ofs_x = 0, .ofs_y = -1},
    {.bitmap_index = 34630, .adv_w = 0, .box_w = 6, .box_h = 3, .ofs_x = -3, .ofs_y = 8},
    {.bitmap_index = 34639, .adv_w = 0, .box_w = 6, .box_h = 4, .ofs_x = -3, .ofs_y = 8},
    {.bitmap_index = 34651, .adv_w = 0, .box_w = 2, .box_h = 3, .ofs_x = -1, .ofs_y = 8},
    {.bitmap_index = 34654, .adv_w = 0, .box_w = 2, .box_h = 3, .ofs_x = -1, .ofs_y = 8},
    {.bitmap_index = 34657, .adv_w = 0, .box_w = 6, .box_h = 4, .ofs_x = -3, .ofs_y = 10},
    {.bitmap_index = 34669, .adv_w = 0, .box_w = 16, .box_h = 15, .ofs_x = -8, .ofs_y = -4},
    {.bitmap_index = 34789, .adv_w = 0, .box_w = 16, .box_h = 16, .ofs_x = -8, .ofs_y = -4},
    {.bitmap_index = 34917, .adv_w = 134, .box_w = 9, .box_h = 17, .ofs_x = 0, .ofs_y = -3},
    {.bitmap_index = 34994, .adv_w = 134, .box_w = 9, .box_h = 14, .ofs_x = 0, .ofs_y = -3},
    {.bitmap_index = 35057, .adv_w = 134, .box_w = 8, .box_h = 10, .ofs_x = 0, .ofs_y = 0},
    {.bitmap_index = 35097, .adv_w = 134, .box_w = 8, .box_h = 11, .ofs_x = 0, .ofs_y = 0},
    {.bitmap_index = 35141, .adv_w = 134, .box_w = 7, .box_h = 10, .ofs_x = 1, .ofs_y = 0},
    {.bitmap_index = 35176, .adv_w = 134, .box_w = 8, .box_h = 11, .ofs_x = 0, .ofs_y = -3},
    {.bitmap_index = 35220, .adv_w = 134, .box_w = 7, .box_h = 13, .ofs_x = 1, .ofs_y = 0},
    {.bitmap_index = 35266, .adv_w = 134, .box_w = 7, .box_h = 10, .ofs_x = 1, .ofs_y = 0},
    {.bitmap_index = 35301, .adv_w = 134, .box_w = 8, .box_h = 10, .ofs_x = 0, .ofs_y = 0},
    {.bitmap_index = 35341, .adv_w = 134, .box_w = 8, .box_h = 8, .ofs_x = 0, .ofs_y = 0},
    {.bitmap_index = 35373, .adv_w = 134, .box_w = 7, .box_h = 13, .ofs_x = 1, .ofs_y = -3},
    {.bitmap_index = 35419, .adv_w = 134, .box_w = 7, .box_h = 11, .ofs_x = 1, .ofs_y = -3},
    {.bitmap_index = 35458, .adv_w = 134, .box_w = 9, .box_h = 13, .ofs_x = 0, .ofs_y = -3},
    {.bitmap_index = 35517, .adv_w = 134, .box_w = 9, .box_h = 11, .ofs_x = 0, .ofs_y = -3},
    {.bitmap_index = 35567, .adv_w = 134, .box_w = 8, .box_h = 13, .ofs_x = 0, .ofs_y = -3},
    {.bitmap_index = 35619, .adv_w = 134, .box_w = 7, .box_h = 11, .ofs_x = 1, .ofs_y = -3},
    {.bitmap_index = 35658, .adv_w = 134, .box_w = 9, .box_h = 13, .ofs_x = 0, .ofs_y = -3},
    {.bitmap_index = 35717, .adv_w = 134, .box_w = 9, .box_h = 11, .ofs_x = 0, .ofs_y = -3},
    {.bitmap_index = 35767, .adv_w = 134, .box_w = 9, .box_h = 10, .ofs_x = 0, .ofs_y = 0},
    {.bitmap_index = 35812, .adv_w = 134, .box_w = 8, .box_h = 8, .ofs_x = 0, .ofs_y = 0},
    {.bitmap_index = 35844, .adv_w = 134, .box_w = 9, .box_h = 10, .ofs_x = -1, .ofs_y = 0},
    {.bitmap_index = 35889, .adv_w = 134, .box_w = 9, .box_h = 11, .ofs_x = 0, .ofs_y = 0},
    {.bitmap_index = 35939, .adv_w = 134, .box_w = 9, .box_h = 10, .ofs_x = 0, .ofs_y = 0},
    {.bitmap_index = 35984, .adv_w = 134, .box_w = 9, .box_h = 8, .ofs_x = 0, .ofs_y = 0},
    {.bitmap_index = 36020, .adv_w = 134, .box_w = 8, .box_h = 13, .ofs_x = 1, .ofs_y = -3},
    {.bitmap_index = 36072, .adv_w = 134, .box_w = 9, .box_h = 11, .ofs_x = 0, .ofs_y = -3},
    {.bitmap_index = 36122, .adv_w = 134, .box_w = 9, .box_h = 10, .ofs_x = 0, .ofs_y = 0},
    {.bitmap_index = 36167, .adv_w = 134, .box_w = 9, .box_h = 8, .ofs_x = 0, .ofs_y = 0},
    {.bitmap_index = 36203, .adv_w = 134, .box_w = 9, .box_h = 13, .ofs_x = 0, .ofs_y = -3},
    {.bitmap_index = 36262, .adv_w = 134, .box_w = 9, .box_h = 11, .ofs_x = 0, .ofs_y = -3},
    {.bitmap_index = 36312, .adv_w = 134, .box_w = 9, .box_h = 11, .ofs_x = 0, .ofs_y = -1},
    {.bitmap_index = 36362, .adv_w = 134, .box_w = 9, .box_h = 8, .ofs_x = 0, .ofs_y = 0},
    {.bitmap_index = 36398, .adv_w = 134, .box_w = 8, .box_h = 13, .ofs_x = 0, .ofs_y = -3},
    {.bitmap_index = 36450, .adv_w = 134, .box_w = 7, .box_h = 11, .ofs_x = 1, .ofs_y = -3},
    {.bitmap_index = 36489, .adv_w = 134, .box_w = 8, .box_h = 13, .ofs_x = 0, .ofs_y = -3},
    {.bitmap_index = 36541, .adv_w = 134, .box_w = 8, .box_h = 11, .ofs_x = 0, .ofs_y = -3},
    {.bitmap_index = 36585, .adv_w = 134, .box_w = 9, .box_h = 10, .ofs_x = 0, .ofs_y = 0},
    {.bitmap_index = 36630, .adv_w = 134, .box_w = 8, .box_h = 11, .ofs_x = 0, .ofs_y = -3},
    {.bitmap_index = 36674, .adv_w = 134, .box_w = 9, .box_h = 10, .ofs_x = 0, .ofs_y = 0},
    {.bitmap_index = 36719, .adv_w = 134, .box_w = 8, .box_h = 11, .ofs_x = 0, .ofs_y = -3},
    {.bitmap_index = 36763, .adv_w = 134, .box_w = 9, .box_h = 13, .ofs_x = 0, .ofs_y = -3},
    {.bitmap_index = 36822, .adv_w = 134, .box_w = 9, .box_h = 11, .ofs_x = 0, .ofs_y = -3},
    {.bitmap_index = 36872, .adv_w = 134, .box_w = 9, .box_h = 13, .ofs_x = 0, .ofs_y = -3},
    {.bitmap_index = 36931, .adv_w = 134, .box_w = 9, .box_h = 11, .ofs_x = 0, .ofs_y = -3},
    {.bitmap_index = 36981, .adv_w = 134, .box_w = 9, .box_h = 13, .ofs_x = 0, .ofs_y = -3},
    {.bitmap_index = 37040, .adv_w = 134, .box_w = 9, .box_h = 11, .ofs_x = 0, .ofs_y = -3},
    {.bitmap_index = 37090, .adv_w = 134, .box_w = 8, .box_h = 10, .ofs_x = 0, .ofs_y = 0},
    {.bitmap_index = 37130, .adv_w = 134, .box_w = 8, .box_h = 8, .ofs_x = 0, .ofs_y = 0},
    {.bitmap_index = 37162, .adv_w = 134, .box_w = 8, .box_h = 10, .ofs_x = 0, .ofs_y = 0},
    {.bitmap_index = 37202, .adv_w = 134, .box_w = 8, .box_h = 11, .ofs_x = 0, .ofs_y = 0},
    {.bitmap_index = 37246, .adv_w = 134, .box_w = 9, .box_h = 10, .ofs_x = 0, .ofs_y = 0},
    {.bitmap_index = 37291, .adv_w = 134, .box_w = 9, .box_h = 8, .ofs_x = 0, .ofs_y = 0},
    {.bitmap_index = 37327, .adv_w = 134, .box_w = 9, .box_h = 13, .ofs_x = 0, .ofs_y = -3},
    {.bitmap_index = 37386, .adv_w = 134, .box_w = 9, .box_h = 11, .ofs_x = 0, .ofs_y = -3},
    {.bitmap_index = 37436, .adv_w = 134, .box_w = 7, .box_h = 10, .ofs_x = 1, .ofs_y = 0},
    {.bitmap_index = 37471, .adv_w = 134, .box_w = 9, .box_h = 14, .ofs_x = 0, .ofs_y = 0},
    {.bitmap_index = 37534, .adv_w = 134, .box_w = 9, .box_h = 11, .ofs_x = 0, .ofs_y = 0},
    {.bitmap_index = 37584, .adv_w = 134, .box_w = 7, .box_h = 13, .ofs_x = 1, .ofs_y = -3},
    {.bitmap_index = 37630, .adv_w = 134, .box_w = 7, .box_h = 11, .ofs_x = 1, .ofs_y = -3},
    {.bitmap_index = 37669, .adv_w = 134, .box_w = 9, .box_h = 13, .ofs_x = 0, .ofs_y = -3},
    {.bitmap_index = 37728, .adv_w = 134, .box_w = 9, .box_h = 11, .ofs_x = 0, .ofs_y = -3},
    {.bitmap_index = 37778, .adv_w = 134, .box_w = 8, .box_h = 13, .ofs_x = 0, .ofs_y = -3},
    {.bitmap_index = 37830, .adv_w = 134, .box_w = 8, .box_h = 11, .ofs_x = 0, .ofs_y = -3},
    {.bitmap_index = 37874, .adv_w = 134, .box_w = 9, .box_h = 13, .ofs_x = 0, .ofs_y = -3},
    {.bitmap_index = 37933, .adv_w = 134, .box_w = 9, .box_h = 11, .ofs_x = 0, .ofs_y = -3},
    {.bitmap_index = 37983, .adv_w = 134, .box_w = 8, .box_h = 13, .ofs_x = 0, .ofs_y = -3},
    {.bitmap_index = 38035, .adv_w = 134, .box_w = 8, .box_h = 11, .ofs_x = 0, .ofs_y = -3},
    {.bitmap_index = 38079, .adv_w = 134, .box_w = 9, .box_h = 13, .ofs_x = 0, .ofs_y = -3},
    {.bitmap_index = 38138, .adv_w = 134, .box_w = 9, .box_h = 11, .ofs_x = 0, .ofs_y = -3},
    {.bitmap_index = 38188, .adv_w = 134, .box_w = 7, .box_h = 10, .ofs_x = 1, .ofs_y = 0},
    {.bitmap_index = 38223, .adv_w = 134, .box_w = 9, .box_h = 14, .ofs_x = 0, .ofs_y = 0},
    {.bitmap_index = 38286, .adv_w = 134, .box_w = 8, .box_h = 12, .ofs_x = 0, .ofs_y = 0},
    {.bitmap_index = 38334, .adv_w = 134, .box_w = 9, .box_h = 13, .ofs_x = 0, .ofs_y = 0},
    {.bitmap_index = 38393, .adv_w = 134, .box_w = 8, .box_h = 10, .ofs_x = 0, .ofs_y = 0},
    {.bitmap_index = 38433, .adv_w = 134, .box_w = 8, .box_h = 10, .ofs_x = 0, .ofs_y = 0},
    {.bitmap_index = 38473, .adv_w = 134, .box_w = 9, .box_h = 8, .ofs_x = 0, .ofs_y = 0},
    {.bitmap_index = 38509, .adv_w = 134, .box_w = 7, .box_h = 14, .ofs_x = 1, .ofs_y = 0},
    {.bitmap_index = 38558, .adv_w = 134, .box_w = 8, .box_h = 11, .ofs_x = 0, .ofs_y = 0},
    {.bitmap_index = 38602, .adv_w = 134, .box_w = 8, .box_h = 10, .ofs_x = 0, .ofs_y = 0},
    {.bitmap_index = 38642, .adv_w = 134, .box_w = 8, .box_h = 8, .ofs_x = 0, .ofs_y = 0},
    {.bitmap_index = 38674, .adv_w = 134, .box_w = 8, .box_h = 14, .ofs_x = 0, .ofs_y = 0},
    {.bitmap_index = 38730, .adv_w = 134, .box_w = 8, .box_h = 10, .ofs_x = 0, .ofs_y = 0},
    {.bitmap_index = 38770, .adv_w = 134, .box_w = 9, .box_h = 13, .ofs_x = 0, .ofs_y = 0},
    {.bitmap_index = 38829, .adv_w = 134, .box_w = 9, .box_h = 10, .ofs_x = 0, .ofs_y = 0},
    {.bitmap_index = 38874, .adv_w = 134, .box_w = 8, .box_h = 14, .ofs_x = 0, .ofs_y = 0},
    {.bitmap_index = 38930, .adv_w = 134, .box_w = 7, .box_h = 10, .ofs_x = 1, .ofs_y = 0},
    {.bitmap_index = 38965, .adv_w = 134, .box_w = 8, .box_h = 10, .ofs_x = 0, .ofs_y = 0},
    {.bitmap_index = 39005, .adv_w = 134, .box_w = 8, .box_h = 11, .ofs_x = 0, .ofs_y = -3},
    {.bitmap_index = 39049, .adv_w = 134, .box_w = 8, .box_h = 14, .ofs_x = 0, .ofs_y = 0},
    {.bitmap_index = 39105, .adv_w = 134, .box_w = 8, .box_h = 10, .ofs_x = 0, .ofs_y = 0},
    {.bitmap_index = 39145, .adv_w = 134, .box_w = 8, .box_h = 13, .ofs_x = 0, .ofs_y = 0},
    {.bitmap_index = 39197, .adv_w = 134, .box_w = 8, .box_h = 10, .ofs_x = 0, .ofs_y = 0},
    {.bitmap_index = 39237, .adv_w = 134, .box_w = 8, .box_h = 14, .ofs_x = 0, .ofs_y = 0},
    {.bitmap_index = 39293, .adv_w = 134, .box_w = 8, .box_h = 10, .ofs_x = 0, .ofs_y = 0},
    {.bitmap_index = 39333, .adv_w = 134, .box_w = 8, .box_h = 10, .ofs_x = 0, .ofs_y = 0},
    {.bitmap_index = 39373, .adv_w = 134, .box_w = 8, .box_h = 8, .ofs_x = 0, .ofs_y = 0},
    {.bitmap_index = 39405, .adv_w = 134, .box_w = 8, .box_h = 14, .ofs_x = 0, .ofs_y = 0},
    {.bitmap_index = 39461, .adv_w = 134, .box_w = 8, .box_h = 10, .ofs_x = 0, .ofs_y = 0},
    {.bitmap_index = 39501, .adv_w = 134, .box_w = 8, .box_h = 14, .ofs_x = 0, .ofs_y = 0},
    {.bitmap_index = 39557, .adv_w = 134, .box_w = 8, .box_h = 10, .ofs_x = 0, .ofs_y = 0},
    {.bitmap_index = 39597, .adv_w = 134, .box_w = 9, .box_h = 14, .ofs_x = 0, .ofs_y = 0},
    {.bitmap_index = 39660, .adv_w = 134, .box_w = 8, .box_h = 13, .ofs_x = 0, .ofs_y = -3},
    {.bitmap_index = 39712, .adv_w = 134, .box_w = 9, .box_h = 14, .ofs_x = 0, .ofs_y = 0},
    {.bitmap_index = 39775, .adv_w = 134, .box_w = 8, .box_h = 13, .ofs_x = 0, .ofs_y = -3},
    {.bitmap_index = 39827, .adv_w = 134, .box_w = 9, .box_h = 14, .ofs_x = 0, .ofs_y = 0},
    {.bitmap_index = 39890, .adv_w = 134, .box_w = 8, .box_h = 15, .ofs_x = 0, .ofs_y = -3},
    {.bitmap_index = 39950, .adv_w = 134, .box_w = 8, .box_h = 13, .ofs_x = 0, .ofs_y = 0},
    {.bitmap_index = 40002, .adv_w = 134, .box_w = 8, .box_h = 10, .ofs_x = 0, .ofs_y = 0},
    {.bitmap_index = 40042, .adv_w = 134, .box_w = 7, .box_h = 13, .ofs_x = 1, .ofs_y = -3},
    {.bitmap_index = 40088, .adv_w = 134, .box_w = 7, .box_h = 11, .ofs_x = 1, .ofs_y = -3},
    {.bitmap_index = 40127, .adv_w = 134, .box_w = 8, .box_h = 13, .ofs_x = 0, .ofs_y = 0},
    {.bitmap_index = 40179, .adv_w = 134, .box_w = 8, .box_h = 10, .ofs_x = 0, .ofs_y = 0},
    {.bitmap_index = 40219, .adv_w = 134, .box_w = 8, .box_h = 13, .ofs_x = 0, .ofs_y = -3},
    {.bitmap_index = 40271, .adv_w = 134, .box_w = 8, .box_h = 11, .ofs_x = 0, .ofs_y = -3},
    {.bitmap_index = 40315, .adv_w = 134, .box_w = 9, .box_h = 13, .ofs_x = 0, .ofs_y = -3},
    {.bitmap_index = 40374, .adv_w = 134, .box_w = 9, .box_h = 11, .ofs_x = 0, .ofs_y = -3},
    {.bitmap_index = 40424, .adv_w = 134, .box_w = 9, .box_h = 10, .ofs_x = 0, .ofs_y = 0},
    {.bitmap_index = 40469, .adv_w = 134, .box_w = 8, .box_h = 8, .ofs_x = 0, .ofs_y = 0},
    {.bitmap_index = 40501, .adv_w = 134, .box_w = 8, .box_h = 10, .ofs_x = 0, .ofs_y = 0},
    {.bitmap_index = 40541, .adv_w = 134, .box_w = 8, .box_h = 12, .ofs_x = 0, .ofs_y = 0},
    {.bitmap_index = 40589, .adv_w = 134, .box_w = 8, .box_h = 10, .ofs_x = 0, .ofs_y = 0},
    {.bitmap_index = 40629, .adv_w = 134, .box_w = 8, .box_h = 11, .ofs_x = 0, .ofs_y = 0},
    {.bitmap_index = 40673, .adv_w = 134, .box_w = 8, .box_h = 10, .ofs_x = 0, .ofs_y = 0},
    {.bitmap_index = 40713, .adv_w = 134, .box_w = 8, .box_h = 8, .ofs_x = 0, .ofs_y = 0},
    {.bitmap_index = 40745, .adv_w = 134, .box_w = 9, .box_h = 13, .ofs_x = 0, .ofs_y = -3},
    {.bitmap_index = 40804, .adv_w = 134, .box_w = 8, .box_h = 11, .ofs_x = 0, .ofs_y = -3},
    {.bitmap_index = 40848, .adv_w = 134, .box_w = 9, .box_h = 10, .ofs_x = 0, .ofs_y = 0},
    {.bitmap_index = 40893, .adv_w = 134, .box_w = 8, .box_h = 8, .ofs_x = 0, .ofs_y = 0},
    {.bitmap_index = 40925, .adv_w = 134, .box_w = 8, .box_h = 10, .ofs_x = 0, .ofs_y = 0},
    {.bitmap_index = 40965, .adv_w = 134, .box_w = 8, .box_h = 8, .ofs_x = 0, .ofs_y = 0},
    {.bitmap_index = 40997, .adv_w = 134, .box_w = 8, .box_h = 10, .ofs_x = 0, .ofs_y = 0},
    {.bitmap_index = 41037, .adv_w = 134, .box_w = 8, .box_h = 8, .ofs_x = 0, .ofs_y = 0},
    {.bitmap_index = 41069, .adv_w = 134, .box_w = 8, .box_h = 10, .ofs_x = 0, .ofs_y = 0},
    {.bitmap_index = 41109, .adv_w = 134, .box_w = 8, .box_h = 8, .ofs_x = 0, .ofs_y = 0},
    {.bitmap_index = 41141, .adv_w = 134, .box_w = 8, .box_h = 10, .ofs_x = 0, .ofs_y = 0},
    {.bitmap_index = 41181, .adv_w = 134, .box_w = 7, .box_h = 8, .ofs_x = 1, .ofs_y = 0},
    {.bitmap_index = 41209, .adv_w = 134, .box_w = 8, .box_h = 14, .ofs_x = 0, .ofs_y = -4},
    {.bitmap_index = 41265, .adv_w = 134, .box_w = 9, .box_h = 12, .ofs_x = 0, .ofs_y = -4},
    {.bitmap_index = 41319, .adv_w = 134, .box_w = 9, .box_h = 10, .ofs_x = 0, .ofs_y = 0},
    {.bitmap_index = 41364, .adv_w = 134, .box_w = 9, .box_h = 8, .ofs_x = 0, .ofs_y = 0},
    {.bitmap_index = 41400, .adv_w = 134, .box_w = 9, .box_h = 10, .ofs_x = 0, .ofs_y = 0},
    {.bitmap_index = 41445, .adv_w = 134, .box_w = 9, .box_h = 11, .ofs_x = 0, .ofs_y = -3},
    {.bitmap_index = 41495, .adv_w = 269, .box_w = 14, .box_h = 10, .ofs_x = 1, .ofs_y = 0},
    {.bitmap_index = 41565, .adv_w = 134, .box_w = 9, .box_h = 8, .ofs_x = 0, .ofs_y = 0},
    {.bitmap_index = 41601, .adv_w = 134, .box_w = 8, .box_h = 13, .ofs_x = 0, .ofs_y = -3},
    {.bitmap_index = 41653, .adv_w = 134, .box_w = 8, .box_h = 11, .ofs_x = 0, .ofs_y = -3},
    {.bitmap_index = 41697, .adv_w = 134, .box_w = 9, .box_h = 10, .ofs_x = 0, .ofs_y = 0},
    {.bitmap_index = 41742, .adv_w = 134, .box_w = 9, .box_h = 8, .ofs_x = 0, .ofs_y = 0},
    {.bitmap_index = 41778, .adv_w = 134, .box_w = 9, .box_h = 10, .ofs_x = 0, .ofs_y = 0},
    {.bitmap_index = 41823, .adv_w = 134, .box_w = 8, .box_h = 8, .ofs_x = 0, .ofs_y = 0},
    {.bitmap_index = 41855, .adv_w = 269, .box_w = 16, .box_h = 13, .ofs_x = 0, .ofs_y = -3},
    {.bitmap_index = 41959, .adv_w = 269, .box_w = 15, .box_h = 11, .ofs_x = 1, .ofs_y = -3},
    {.bitmap_index = 42042, .adv_w = 269, .box_w = 14, .box_h = 13, .ofs_x = 2, .ofs_y = -3},
    {.bitmap_index = 42133, .adv_w = 269, .box_w = 14, .box_h = 11, .ofs_x = 2, .ofs_y = -3},
    {.bitmap_index = 42210, .adv_w = 134, .box_w = 9, .box_h = 13, .ofs_x = 0, .ofs_y = -3},
    {.bitmap_index = 42269, .adv_w = 134, .box_w = 9, .box_h = 11, .ofs_x = 0, .ofs_y = -3},
    {.bitmap_index = 42319, .adv_w = 134, .box_w = 9, .box_h = 13, .ofs_x = 0, .ofs_y = -3},
    {.bitmap_index = 42378, .adv_w = 134, .box_w = 9, .box_h = 14, .ofs_x = 0, .ofs_y = -3},
    {.bitmap_index = 42441, .adv_w = 134, .box_w = 9, .box_h = 13, .ofs_x = -1, .ofs_y = -3},
    {.bitmap_index = 42500, .adv_w = 134, .box_w = 9, .box_h = 11, .ofs_x = -1, .ofs_y = -3},
    {.bitmap_index = 42550, .adv_w = 269, .box_w = 18, .box_h = 13, .ofs_x = 0, .ofs_y = -3},
    {.bitmap_index = 42667, .adv_w = 269, .box_w = 17, .box_h = 11, .ofs_x = 0, .ofs_y = -3},
    {.bitmap_index = 42761, .adv_w = 134, .box_w = 9, .box_h = 13, .ofs_x = 0, .ofs_y = -3},
    {.bitmap_index = 42820, .adv_w = 134, .box_w = 9, .box_h = 11, .ofs_x = 0, .ofs_y = -3},
    {.bitmap_index = 42870, .adv_w = 134, .box_w = 9, .box_h = 13, .ofs_x = 0, .ofs_y = -3},
    {.bitmap_index = 42929, .adv_w = 134, .box_w = 9, .box_h = 11, .ofs_x = 0, .ofs_y = -3},
    {.bitmap_index = 42979, .adv_w = 134, .box_w = 0, .box_h = 0, .ofs_x = 0, .ofs_y = 0},
    {.bitmap_index = 42979, .adv_w = 134, .box_w = 0, .box_h = 0, .ofs_x = 0, .ofs_y = 0},
    {.bitmap_index = 42979, .adv_w = 134, .box_w = 0, .box_h = 0, .ofs_x = 0, .ofs_y = 0},
    {.bitmap_index = 42979, .adv_w = 134, .box_w = 0, .box_h = 0, .ofs_x = 0, .ofs_y = 0},
    {.bitmap_index = 42979, .adv_w = 134, .box_w = 0, .box_h = 0, .ofs_x = 0, .ofs_y = 0},
    {.bitmap_index = 42979, .adv_w = 134, .box_w = 0, .box_h = 0, .ofs_x = 0, .ofs_y = 0},
    {.bitmap_index = 42979, .adv_w = 134, .box_w = 0, .box_h = 0, .ofs_x = 0, .ofs_y = 0},
    {.bitmap_index = 42979, .adv_w = 134, .box_w = 0, .box_h = 0, .ofs_x = 0, .ofs_y = 0},
    {.bitmap_index = 42979, .adv_w = 134, .box_w = 0, .box_h = 0, .ofs_x = 0, .ofs_y = 0},
    {.bitmap_index = 42979, .adv_w = 134, .box_w = 0, .box_h = 0, .ofs_x = 0, .ofs_y = 0},
    {.bitmap_index = 42979, .adv_w = 134, .box_w = 0, .box_h = 0, .ofs_x = 0, .ofs_y = 0},
    {.bitmap_index = 42979, .adv_w = 0, .box_w = 0, .box_h = 0, .ofs_x = 0, .ofs_y = 0},
    {.bitmap_index = 42979, .adv_w = 0, .box_w = 0, .box_h = 0, .ofs_x = 0, .ofs_y = 0},
    {.bitmap_index = 42979, .adv_w = 0, .box_w = 0, .box_h = 0, .ofs_x = 0, .ofs_y = 0},
    {.bitmap_index = 42979, .adv_w = 0, .box_w = 0, .box_h = 0, .ofs_x = 0, .ofs_y = 0},
    {.bitmap_index = 42979, .adv_w = 0, .box_w = 0, .box_h = 0, .ofs_x = 0, .ofs_y = 0},
    {.bitmap_index = 42979, .adv_w = 134, .box_w = 5, .box_h = 2, .ofs_x = 2, .ofs_y = 3},
    {.bitmap_index = 42984, .adv_w = 134, .box_w = 5, .box_h = 2, .ofs_x = 2, .ofs_y = 3},
    {.bitmap_index = 42989, .adv_w = 134, .box_w = 8, .box_h = 3, .ofs_x = 0, .ofs_y = 4},
    {.bitmap_index = 43001, .adv_w = 134, .box_w = 6, .box_h = 2, .ofs_x = 1, .ofs_y = 3},
    {.bitmap_index = 43007, .adv_w = 134, .box_w = 9, .box_h = 2, .ofs_x = 0, .ofs_y = 3},
    {.bitmap_index = 43016, .adv_w = 134, .box_w = 9, .box_h = 2, .ofs_x = 0, .ofs_y = 3},
    {.bitmap_index = 43025, .adv_w = 134, .box_w = 6, .box_h = 14, .ofs_x = 1, .ofs_y = -3},
    {.bitmap_index = 43067, .adv_w = 134, .box_w = 9, .box_h = 4, .ofs_x = 0, .ofs_y = -5},
    {.bitmap_index = 43085, .adv_w = 134, .box_w = 4, .box_h = 4, .ofs_x = 2, .ofs_y = 6},
    {.bitmap_index = 43093, .adv_w = 134, .box_w = 4, .box_h = 4, .ofs_x = 2, .ofs_y = 6},
    {.bitmap_index = 43101, .adv_w = 134, .box_w = 4, .box_h = 5, .ofs_x = 2, .ofs_y = -2},
    {.bitmap_index = 43111, .adv_w = 134, .box_w = 4, .box_h = 4, .ofs_x = 2, .ofs_y = 6},
    {.bitmap_index = 43119, .adv_w = 134, .box_w = 6, .box_h = 4, .ofs_x = 1, .ofs_y = 6},
    {.bitmap_index = 43131, .adv_w = 134, .box_w = 6, .box_h = 4, .ofs_x = 1, .ofs_y = 6},
    {.bitmap_index = 43143, .adv_w = 134, .box_w = 7, .box_h = 5, .ofs_x = 1, .ofs_y = -2},
    {.bitmap_index = 43161, .adv_w = 134, .box_w = 6, .box_h = 4, .ofs_x = 1, .ofs_y = 6},
    {.bitmap_index = 43173, .adv_w = 134, .box_w = 6, .box_h = 11, .ofs_x = 1, .ofs_y = 0},
    {.bitmap_index = 43206, .adv_w = 134, .box_w = 6, .box_h = 11, .ofs_x = 1, .ofs_y = 0},
    {.bitmap_index = 43239, .adv_w = 134, .box_w = 4, .box_h = 5, .ofs_x = 2, .ofs_y = 3},
    {.bitmap_index = 43249, .adv_w = 134, .box_w = 5, .box_h = 6, .ofs_x = 2, .ofs_y = 2},
    {.bitmap_index = 43264, .adv_w = 134, .box_w = 3, .box_h = 3, .ofs_x = 3, .ofs_y = 0},
    {.bitmap_index = 43269, .adv_w = 134, .box_w = 8, .box_h = 3, .ofs_x = 0, .ofs_y = 0},
    {.bitmap_index = 43281, .adv_w = 134, .box_w = 9, .box_h = 3, .ofs_x = 0, .ofs_y = 0},
    {.bitmap_index = 43295, .adv_w = 134, .box_w = 3, .box_h = 3, .ofs_x = 3, .ofs_y = 3},
    {.bitmap_index = 43300, .adv_w = 134, .box_w = 0, .box_h = 0, .ofs_x = 0, .ofs_y = 0},
    {.bitmap_index = 43300, .adv_w = 134, .box_w = 0, .box_h = 0, .ofs_x = 0, .ofs_y = 0},
    {.bitmap_index = 43300, .adv_w = 134, .box_w = 0, .box_h = 0, .ofs_x = 0, .ofs_y = 0},
    {.bitmap_index = 43300, .adv_w = 134, .box_w = 9, .box_h = 10, .ofs_x = 0, .ofs_y = 0},
    {.bitmap_index = 43345, .adv_w = 403, .box_w = 25, .box_h = 10, .ofs_x = 0, .ofs_y = 0},
    {.bitmap_index = 43470, .adv_w = 134, .box_w = 4, .box_h = 4, .ofs_x = 2, .ofs_y = 6},
    {.bitmap_index = 43478, .adv_w = 134, .box_w = 7, .box_h = 4, .ofs_x = 1, .ofs_y = 6},
    {.bitmap_index = 43492, .adv_w = 134, .box_w = 9, .box_h = 4, .ofs_x = 0, .ofs_y = 6},
    {.bitmap_index = 43510, .adv_w = 134, .box_w = 4, .box_h = 4, .ofs_x = 2, .ofs_y = 6},
    {.bitmap_index = 43518, .adv_w = 134, .box_w = 7, .box_h = 4, .ofs_x = 1, .ofs_y = 6},
    {.bitmap_index = 43532, .adv_w = 134, .box_w = 10, .box_h = 4, .ofs_x = -1, .ofs_y = 6},
    {.bitmap_index = 43552, .adv_w = 134, .box_w = 6, .box_h = 5, .ofs_x = 1, .ofs_y = -3},
    {.bitmap_index = 43567, .adv_w = 134, .box_w = 5, .box_h = 8, .ofs_x = 2, .ofs_y = 0},
    {.bitmap_index = 43587, .adv_w = 134, .box_w = 5, .box_h = 7, .ofs_x = 2, .ofs_y = 1},
    {.bitmap_index = 43605, .adv_w = 269, .box_w = 11, .box_h = 10, .ofs_x = 3, .ofs_y = 0},
    {.bitmap_index = 43660, .adv_w = 134, .box_w = 7, .box_h = 10, .ofs_x = 1, .ofs_y = 0},
    {.bitmap_index = 43695, .adv_w = 134, .box_w = 7, .box_h = 10, .ofs_x = 1, .ofs_y = 0},
    {.bitmap_index = 43730, .adv_w = 134, .box_w = 5, .box_h = 3, .ofs_x = 2, .ofs_y = 8},
    {.bitmap_index = 43738, .adv_w = 134, .box_w = 9, .box_h = 4, .ofs_x = 0, .ofs_y = -3},
    {.bitmap_index = 43756, .adv_w = 134, .box_w = 9, .box_h = 4, .ofs_x = 0, .ofs_y = 7},
    {.bitmap_index = 43774, .adv_w = 134, .box_w = 6, .box_h = 10, .ofs_x = 1, .ofs_y = -3},
    {.bitmap_index = 43804, .adv_w = 269, .box_w = 16, .box_h = 13, .ofs_x = 0, .ofs_y = -2},
    {.bitmap_index = 43908, .adv_w = 134, .box_w = 5, .box_h = 2, .ofs_x = 2, .ofs_y = 3},
    {.bitmap_index = 43913, .adv_w = 0, .box_w = 6, .box_h = 10, .ofs_x = -3, .ofs_y = 0},
    {.bitmap_index = 43943, .adv_w = 134, .box_w = 5, .box_h = 13, .ofs_x = 2, .ofs_y = -3},
    {.bitmap_index = 43976, .adv_w = 134, .box_w = 4, .box_h = 13, .ofs_x = 2, .ofs_y = -3},
    {.bitmap_index = 44002, .adv_w = 269, .box_w = 15, .box_h = 10, .ofs_x = 1, .ofs_y = 0},
    {.bitmap_index = 44077, .adv_w = 134, .box_w = 8, .box_h = 10, .ofs_x = 0, .ofs_y = 0},
    {.bitmap_index = 44117, .adv_w = 134, .box_w = 9, .box_h = 10, .ofs_x = 0, .ofs_y = 0},
    {.bitmap_index = 44162, .adv_w = 134, .box_w = 8, .box_h = 8, .ofs_x = 0, .ofs_y = 0},
    {.bitmap_index = 44194, .adv_w = 134, .box_w = 8, .box_h = 14, .ofs_x = 0, .ofs_y = -3},
    {.bitmap_index = 44250, .adv_w = 134, .box_w = 8, .box_h = 8, .ofs_x = 0, .ofs_y = 0},
    {.bitmap_index = 44282, .adv_w = 134, .box_w = 8, .box_h = 8, .ofs_x = 0, .ofs_y = 0},
    {.bitmap_index = 44314, .adv_w = 134, .box_w = 7, .box_h = 7, .ofs_x = 1, .ofs_y = -3},
    {.bitmap_index = 44339, .adv_w = 134, .box_w = 4, .box_h = 11, .ofs_x = 2, .ofs_y = -3},
    {.bitmap_index = 44361, .adv_w = 134, .box_w = 9, .box_h = 14, .ofs_x = 0, .ofs_y = -3},
    {.bitmap_index = 44424, .adv_w = 134, .box_w = 7, .box_h = 14, .ofs_x = 1, .ofs_y = -3},
    {.bitmap_index = 44473, .adv_w = 134, .box_w = 6, .box_h = 10, .ofs_x = 1, .ofs_y = 0},
    {.bitmap_index = 44503, .adv_w = 269, .box_w = 15, .box_h = 4, .ofs_x = 1, .ofs_y = 2},
    {.bitmap_index = 44533, .adv_w = 134, .box_w = 9, .box_h = 4, .ofs_x = 0, .ofs_y = -4},
    {.bitmap_index = 44551, .adv_w = 134, .box_w = 8, .box_h = 8, .ofs_x = 0, .ofs_y = 0},
    {.bitmap_index = 44583, .adv_w = 134, .box_w = 7, .box_h = 10, .ofs_x = 0, .ofs_y = 0},
    {.bitmap_index = 44618, .adv_w = 269, .box_w = 13, .box_h = 4, .ofs_x = 2, .ofs_y = 6},
    {.bitmap_index = 44644, .adv_w = 134, .box_w = 9, .box_h = 10, .ofs_x = 0, .ofs_y = 0},
    {.bitmap_index = 44689, .adv_w = 134, .box_w = 9, .box_h = 10, .ofs_x = 0, .ofs_y = 0},
    {.bitmap_index = 44734, .adv_w = 134, .box_w = 3, .box_h = 10, .ofs_x = 3, .ofs_y = 0},
    {.bitmap_index = 44749, .adv_w = 134, .box_w = 9, .box_h = 11, .ofs_x = 0, .ofs_y = 0},
    {.bitmap_index = 44799, .adv_w = 134, .box_w = 9, .box_h = 12, .ofs_x = 0, .ofs_y = -1},
    {.bitmap_index = 44853, .adv_w = 134, .box_w = 3, .box_h = 10, .ofs_x = 3, .ofs_y = 0},
    {.bitmap_index = 44868, .adv_w = 134, .box_w = 3, .box_h = 10, .ofs_x = 3, .ofs_y = 0},
    {.bitmap_index = 44883, .adv_w = 134, .box_w = 8, .box_h = 10, .ofs_x = 0, .ofs_y = 0},
    {.bitmap_index = 44923, .adv_w = 134, .box_w = 8, .box_h = 12, .ofs_x = 0, .ofs_y = -1},
    {.bitmap_index = 44971, .adv_w = 134, .box_w = 9, .box_h = 10, .ofs_x = 0, .ofs_y = 0},
    {.bitmap_index = 45016, .adv_w = 134, .box_w = 8, .box_h = 10, .ofs_x = 0, .ofs_y = 0},
    {.bitmap_index = 45056, .adv_w = 134, .box_w = 7, .box_h = 10, .ofs_x = 1, .ofs_y = 0},
    {.bitmap_index = 45091, .adv_w = 134, .box_w = 8, .box_h = 12, .ofs_x = 0, .ofs_y = -2},
    {.bitmap_index = 45139, .adv_w = 134, .box_w = 9, .box_h = 10, .ofs_x = 0, .ofs_y = 0},
    {.bitmap_index = 45184, .adv_w = 134, .box_w = 9, .box_h = 10, .ofs_x = 0, .ofs_y = 0},
    {.bitmap_index = 45229, .adv_w = 269, .box_w = 15, .box_h = 10, .ofs_x = 1, .ofs_y = 0},
    {.bitmap_index = 45304, .adv_w = 134, .box_w = 9, .box_h = 10, .ofs_x = 0, .ofs_y = 0},
    {.bitmap_index = 45349, .adv_w = 134, .box_w = 8, .box_h = 10, .ofs_x = 0, .ofs_y = 0},
    {.bitmap_index = 45389, .adv_w = 134, .box_w = 9, .box_h = 14, .ofs_x = 0, .ofs_y = -3},
    {.bitmap_index = 45452, .adv_w = 134, .box_w = 9, .box_h = 10, .ofs_x = 0, .ofs_y = 0},
    {.bitmap_index = 45497, .adv_w = 134, .box_w = 9, .box_h = 10, .ofs_x = 0, .ofs_y = 0},
    {.bitmap_index = 45542, .adv_w = 134, .box_w = 8, .box_h = 10, .ofs_x = 0, .ofs_y = 0},
    {.bitmap_index = 45582, .adv_w = 134, .box_w = 9, .box_h = 13, .ofs_x = 0, .ofs_y = -3},
    {.bitmap_index = 45641, .adv_w = 134, .box_w = 8, .box_h = 13, .ofs_x = 0, .ofs_y = -3},
    {.bitmap_index = 45693, .adv_w = 134, .box_w = 9, .box_h = 10, .ofs_x = 0, .ofs_y = 0},
    {.bitmap_index = 45738, .adv_w = 134, .box_w = 8, .box_h = 13, .ofs_x = 0, .ofs_y = -2},
    {.bitmap_index = 45790, .adv_w = 134, .box_w = 9, .box_h = 10, .ofs_x = 0, .ofs_y = 0},
    {.bitmap_index = 45835, .adv_w = 134, .box_w = 9, .box_h = 10, .ofs_x = 0, .ofs_y = 0},
    {.bitmap_index = 45880, .adv_w = 134, .box_w = 8, .box_h = 13, .ofs_x = 0, .ofs_y = -2},
    {.bitmap_index = 45932, .adv_w = 134, .box_w = 9, .box_h = 10, .ofs_x = 0, .ofs_y = 0},
    {.bitmap_index = 45977, .adv_w = 269, .box_w = 15, .box_h = 12, .ofs_x = 1, .ofs_y = -2},
    {.bitmap_index = 46067, .adv_w = 134, .box_w = 9, .box_h = 10, .ofs_x = 0, .ofs_y = 0},
    {.bitmap_index = 46112, .adv_w = 134, .box_w = 8, .box_h = 10, .ofs_x = 0, .ofs_y = 0},
    {.bitmap_index = 46152, .adv_w = 134, .box_w = 8, .box_h = 10, .ofs_x = 0, .ofs_y = 0},
    {.bitmap_index = 46192, .adv_w = 134, .box_w = 9, .box_h = 10, .ofs_x = 0, .ofs_y = 0},
    {.bitmap_index = 46237, .adv_w = 134, .box_w = 8, .box_h = 10, .ofs_x = 0, .ofs_y = 0},
    {.bitmap_index = 46277, .adv_w = 134, .box_w = 9, .box_h = 10, .ofs_x = 0, .ofs_y = 0},
    {.bitmap_index = 46322, .adv_w = 134, .box_w = 8, .box_h = 12, .ofs_x = 0, .ofs_y = 0},
    {.bitmap_index = 46370, .adv_w = 134, .box_w = 7, .box_h = 14, .ofs_x = 1, .ofs_y = -2},
    {.bitmap_index = 46419, .adv_w = 134, .box_w = 7, .box_h = 11, .ofs_x = 1, .ofs_y = -3},
    {.bitmap_index = 46458, .adv_w = 134, .box_w = 9, .box_h = 12, .ofs_x = 0, .ofs_y = -1},
    {.bitmap_index = 46512, .adv_w = 134, .box_w = 9, .box_h = 11, .ofs_x = 0, .ofs_y = -1},
    {.bitmap_index = 46562, .adv_w = 134, .box_w = 9, .box_h = 10, .ofs_x = 0, .ofs_y = 0},
    {.bitmap_index = 46607, .adv_w = 269, .box_w = 14, .box_h = 12, .ofs_x = 2, .ofs_y = -1},
    {.bitmap_index = 46691, .adv_w = 134, .box_w = 9, .box_h = 10, .ofs_x = 0, .ofs_y = 0},
    {.bitmap_index = 46736, .adv_w = 134, .box_w = 9, .box_h = 12, .ofs_x = 0, .ofs_y = -1},
    {.bitmap_index = 46790, .adv_w = 134, .box_w = 9, .box_h = 12, .ofs_x = 0, .ofs_y = -1},
    {.bitmap_index = 46844, .adv_w = 134, .box_w = 8, .box_h = 12, .ofs_x = 0, .ofs_y = -1},
    {.bitmap_index = 46892, .adv_w = 134, .box_w = 8, .box_h = 12, .ofs_x = 0, .ofs_y = -1},
    {.bitmap_index = 46940, .adv_w = 269, .box_w = 15, .box_h = 11, .ofs_x = 1, .ofs_y = 0},
    {.bitmap_index = 47023, .adv_w = 134, .box_w = 10, .box_h = 12, .ofs_x = -2, .ofs_y = -6},
    {.bitmap_index = 47083, .adv_w = 269, .box_w = 16, .box_h = 12, .ofs_x = 0, .ofs_y = -1},
    {.bitmap_index = 47179, .adv_w = 134, .box_w = 9, .box_h = 13, .ofs_x = 0, .ofs_y = -2},
    {.bitmap_index = 47238, .adv_w = 134, .box_w = 8, .box_h = 10, .ofs_x = 0, .ofs_y = 0},
    {.bitmap_index = 47278, .adv_w = 134, .box_w = 8, .box_h = 11, .ofs_x = 0, .ofs_y = 0},
    {.bitmap_index = 47322, .adv_w = 134, .box_w = 8, .box_h = 11, .ofs_x = 0, .ofs_y = 0},
    {.bitmap_index = 47366, .adv_w = 269, .box_w = 13, .box_h = 12, .ofs_x = 2, .ofs_y = -1},
    {.bitmap_index = 47444, .adv_w = 134, .box_w = 9, .box_h = 12, .ofs_x = 0, .ofs_y = -1},
    {.bitmap_index = 47498, .adv_w = 269, .box_w = 13, .box_h = 11, .ofs_x = 2, .ofs_y = 0},
    {.bitmap_index = 47570, .adv_w = 134, .box_w = 7, .box_h = 12, .ofs_x = 1, .ofs_y = -1},
    {.bitmap_index = 47612, .adv_w = 269, .box_w = 16, .box_h = 12, .ofs_x = 0, .ofs_y = -1},
    {.bitmap_index = 47708, .adv_w = 134, .box_w = 7, .box_h = 10, .ofs_x = 1, .ofs_y = 0},
    {.bitmap_index = 47743, .adv_w = 134, .box_w = 9, .box_h = 10, .ofs_x = 0, .ofs_y = 0},
    {.bitmap_index = 47788, .adv_w = 134, .box_w = 8, .box_h = 8, .ofs_x = 0, .ofs_y = 1},
    {.bitmap_index = 47820, .adv_w = 269, .box_w = 12, .box_h = 14, .ofs_x = 3, .ofs_y = -4},
    {.bitmap_index = 47904, .adv_w = 134, .box_w = 8, .box_h = 10, .ofs_x = 1, .ofs_y = 0},
    {.bitmap_index = 47944, .adv_w = 134, .box_w = 9, .box_h = 13, .ofs_x = 0, .ofs_y = -3},
    {.bitmap_index = 48003, .adv_w = 269, .box_w = 14, .box_h = 11, .ofs_x = 2, .ofs_y = 0},
    {.bitmap_index = 48080, .adv_w = 269, .box_w = 14, .box_h = 12, .ofs_x = 2, .ofs_y = -1},
    {.bitmap_index = 48164, .adv_w = 134, .box_w = 8, .box_h = 10, .ofs_x = 1, .ofs_y = 0},
    {.bitmap_index = 48204, .adv_w = 134, .box_w = 9, .box_h = 10, .ofs_x = 0, .ofs_y = 0},
    {.bitmap_index = 48249, .adv_w = 134, .box_w = 7, .box_h = 16, .ofs_x = 1, .ofs_y = -3},
    {.bitmap_index = 48305, .adv_w = 134, .box_w = 8, .box_h = 5, .ofs_x = 0, .ofs_y = 5},
    {.bitmap_index = 48325, .adv_w = 134, .box_w = 9, .box_h = 5, .ofs_x = 0, .ofs_y = 5},
    {.bitmap_index = 48348, .adv_w = 134, .box_w = 10, .box_h = 5, .ofs_x = -1, .ofs_y = 5},
    {.bitmap_index = 48373, .adv_w = 134, .box_w = 9, .box_h = 16, .ofs_x = 0, .ofs_y = -3},
    {.bitmap_index = 48445, .adv_w = 134, .box_w = 9, .box_h = 10, .ofs_x = 0, .ofs_y = 0},
    {.bitmap_index = 48490, .adv_w = 134, .box_w = 8, .box_h = 14, .ofs_x = 0, .ofs_y = -4},
    {.bitmap_index = 48546, .adv_w = 134, .box_w = 8, .box_h = 11, .ofs_x = 0, .ofs_y = 0},
    {.bitmap_index = 48590, .adv_w = 134, .box_w = 8, .box_h = 11, .ofs_x = 0, .ofs_y = -1},
    {.bitmap_index = 48634, .adv_w = 134, .box_w = 8, .box_h = 13, .ofs_x = 0, .ofs_y = -2},
    {.bitmap_index = 48686, .adv_w = 134, .box_w = 5, .box_h = 8, .ofs_x = 1, .ofs_y = 0},
    {.bitmap_index = 48706, .adv_w = 134, .box_w = 8, .box_h = 10, .ofs_x = 0, .ofs_y = 0},
    {.bitmap_index = 48746, .adv_w = 134, .box_w = 9, .box_h = 15, .ofs_x = 0, .ofs_y = 0},
    {.bitmap_index = 48814, .adv_w = 269, .box_w = 15, .box_h = 11, .ofs_x = 1, .ofs_y = 0},
    {.bitmap_index = 48897, .adv_w = 134, .box_w = 8, .box_h = 12, .ofs_x = 0, .ofs_y = -1},
    {.bitmap_index = 48945, .adv_w = 134, .box_w = 8, .box_h = 9, .ofs_x = 0, .ofs_y = -1},
    {.bitmap_index = 48981, .adv_w = 134, .box_w = 7, .box_h = 7, .ofs_x = 1, .ofs_y = -1},
    {.bitmap_index = 49006, .adv_w = 134, .box_w = 8, .box_h = 11, .ofs_x = 0, .ofs_y = 0},
    {.bitmap_index = 49050, .adv_w = 269, .box_w = 15, .box_h = 12, .ofs_x = 1, .ofs_y = -1},
    {.bitmap_index = 49140, .adv_w = 134, .box_w = 8, .box_h = 10, .ofs_x = 0, .ofs_y = 0},
    {.bitmap_index = 49180, .adv_w = 269, .box_w = 17, .box_h = 12, .ofs_x = 0, .ofs_y = -1},
    {.bitmap_index = 49282, .adv_w = 134, .box_w = 7, .box_h = 7, .ofs_x = 1, .ofs_y = -1},
    {.bitmap_index = 49307, .adv_w = 134, .box_w = 8, .box_h = 10, .ofs_x = 0, .ofs_y = -1},
    {.bitmap_index = 49347, .adv_w = 134, .box_w = 8, .box_h = 9, .ofs_x = 0, .ofs_y = 0},
    {.bitmap_index = 49383, .adv_w = 134, .box_w = 6, .box_h = 10, .ofs_x = 1, .ofs_y = -1},
    {.bitmap_index = 49413, .adv_w = 134, .box_w = 7, .box_h = 9, .ofs_x = 1, .ofs_y = 0},
    {.bitmap_index = 49445, .adv_w = 134, .box_w = 8, .box_h = 11, .ofs_x = 0, .ofs_y = 0},
    {.bitmap_index = 49489, .adv_w = 269, .box_w = 13, .box_h = 8, .ofs_x = 2, .ofs_y = 0},
    {.bitmap_index = 49541, .adv_w = 134, .box_w = 9, .box_h = 6, .ofs_x = 0, .ofs_y = 5},
    {.bitmap_index = 49568, .adv_w = 134, .box_w = 9, .box_h = 8, .ofs_x = 0, .ofs_y = 0},
    {.bitmap_index = 49604, .adv_w = 134, .box_w = 8, .box_h = 12, .ofs_x = 0, .ofs_y = -4},
    {.bitmap_index = 49652, .adv_w = 134, .box_w = 7, .box_h = 10, .ofs_x = 1, .ofs_y = 0},
    {.bitmap_index = 49687, .adv_w = 134, .box_w = 8, .box_h = 10, .ofs_x = 0, .ofs_y = 0},
    {.bitmap_index = 49727, .adv_w = 134, .box_w = 9, .box_h = 14, .ofs_x = 0, .ofs_y = -4},
    {.bitmap_index = 49790, .adv_w = 134, .box_w = 9, .box_h = 12, .ofs_x = 0, .ofs_y = -1},
    {.bitmap_index = 49844, .adv_w = 134, .box_w = 7, .box_h = 10, .ofs_x = 1, .ofs_y = 0},
    {.bitmap_index = 49879, .adv_w = 134, .box_w = 7, .box_h = 10, .ofs_x = 1, .ofs_y = 0},
    {.bitmap_index = 49914, .adv_w = 134, .box_w = 9, .box_h = 10, .ofs_x = 0, .ofs_y = 0},
    {.bitmap_index = 49959, .adv_w = 134, .box_w = 10, .box_h = 10, .ofs_x = -1, .ofs_y = 0},
    {.bitmap_index = 50009, .adv_w = 134, .box_w = 9, .box_h = 11, .ofs_x = 0, .ofs_y = 0},
    {.bitmap_index = 50059, .adv_w = 134, .box_w = 8, .box_h = 8, .ofs_x = 0, .ofs_y = 0},
    {.bitmap_index = 50091, .adv_w = 134, .box_w = 5, .box_h = 11, .ofs_x = 2, .ofs_y = 0},
    {.bitmap_index = 50119, .adv_w = 134, .box_w = 8, .box_h = 15, .ofs_x = -1, .ofs_y = -4},
    {.bitmap_index = 50179, .adv_w = 134, .box_w = 8, .box_h = 11, .ofs_x = 0, .ofs_y = 0},
    {.bitmap_index = 50223, .adv_w = 134, .box_w = 9, .box_h = 12, .ofs_x = 0, .ofs_y = -1},
    {.bitmap_index = 50277, .adv_w = 134, .box_w = 9, .box_h = 11, .ofs_x = 0, .ofs_y = 0},
    {.bitmap_index = 50327, .adv_w = 134, .box_w = 9, .box_h = 11, .ofs_x = 0, .ofs_y = -1},
    {.bitmap_index = 50377, .adv_w = 134, .box_w = 6, .box_h = 8, .ofs_x = 1, .ofs_y = 0},
    {.bitmap_index = 50401, .adv_w = 269, .box_w = 16, .box_h = 8, .ofs_x = 0, .ofs_y = 0},
    {.bitmap_index = 50465, .adv_w = 134, .box_w = 8, .box_h = 4, .ofs_x = 0, .ofs_y = 0},
    {.bitmap_index = 50481, .adv_w = 134, .box_w = 4, .box_h = 9, .ofs_x = 2, .ofs_y = -1},
    {.bitmap_index = 50499, .adv_w = 134, .box_w = 8, .box_h = 4, .ofs_x = 0, .ofs_y = 0},
    {.bitmap_index = 50515, .adv_w = 134, .box_w = 4, .box_h = 9, .ofs_x = 2, .ofs_y = -1},
    {.bitmap_index = 50533, .adv_w = 134, .box_w = 8, .box_h = 4, .ofs_x = 0, .ofs_y = 0},
    {.bitmap_index = 50549, .adv_w = 134, .box_w = 4, .box_h = 9, .ofs_x = 2, .ofs_y = -1},
    {.bitmap_index = 50567, .adv_w = 269, .box_w = 9, .box_h = 4, .ofs_x = 4, .ofs_y = 1},
    {.bitmap_index = 50585, .adv_w = 269, .box_w = 9, .box_h = 4, .ofs_x = 4, .ofs_y = 1},
    {.bitmap_index = 50603, .adv_w = 269, .box_w = 9, .box_h = 5, .ofs_x = 4, .ofs_y = 0},
    {.bitmap_index = 50626, .adv_w = 269, .box_w = 9, .box_h = 5, .ofs_x = 4, .ofs_y = 0},
    {.bitmap_index = 50649, .adv_w = 269, .box_w = 9, .box_h = 5, .ofs_x = 4, .ofs_y = 0},
    {.bitmap_index = 50672, .adv_w = 269, .box_w = 9, .box_h = 5, .ofs_x = 4, .ofs_y = 0},
    {.bitmap_index = 50695, .adv_w = 269, .box_w = 9, .box_h = 5, .ofs_x = 4, .ofs_y = 0},
    {.bitmap_index = 50718, .adv_w = 269, .box_w = 9, .box_h = 5, .ofs_x = 4, .ofs_y = 0},
    {.bitmap_index = 50741, .adv_w = 269, .box_w = 9, .box_h = 7, .ofs_x = 4, .ofs_y = -1},
    {.bitmap_index = 50773, .adv_w = 134, .box_w = 6, .box_h = 9, .ofs_x = 1, .ofs_y = -1},
    {.bitmap_index = 50800, .adv_w = 269, .box_w = 9, .box_h = 7, .ofs_x = 4, .ofs_y = -1},
    {.bitmap_index = 50832, .adv_w = 134, .box_w = 6, .box_h = 9, .ofs_x = 1, .ofs_y = -1},
    {.bitmap_index = 50859, .adv_w = 269, .box_w = 10, .box_h = 7, .ofs_x = 3, .ofs_y = -1},
    {.bitmap_index = 50894, .adv_w = 269, .box_w = 9, .box_h = 8, .ofs_x = 4, .ofs_y = -2},
    {.bitmap_index = 50930, .adv_w = 269, .box_w = 9, .box_h = 8, .ofs_x = 4, .ofs_y = -2},
    {.bitmap_index = 50966, .adv_w = 269, .box_w = 9, .box_h = 7, .ofs_x = 4, .ofs_y = -1},
    {.bitmap_index = 50998, .adv_w = 269, .box_w = 9, .box_h = 7, .ofs_x = 4, .ofs_y = -1},
    {.bitmap_index = 51030, .adv_w = 134, .box_w = 9, .box_h = 11, .ofs_x = 0, .ofs_y = -1},
    {.bitmap_index = 51080, .adv_w = 134, .box_w = 6, .box_h = 12, .ofs_x = 1, .ofs_y = -1},
    {.bitmap_index = 51116, .adv_w = 134, .box_w = 8, .box_h = 12, .ofs_x = 0, .ofs_y = -1},
    {.bitmap_index = 51164, .adv_w = 134, .box_w = 8, .box_h = 10, .ofs_x = 0, .ofs_y = 0},
    {.bitmap_index = 51204, .adv_w = 134, .box_w = 8, .box_h = 12, .ofs_x = 0, .ofs_y = -1},
    {.bitmap_index = 51252, .adv_w = 269, .box_w = 11, .box_h = 12, .ofs_x = 3, .ofs_y = -1},
    {.bitmap_index = 51318, .adv_w = 134, .box_w = 9, .box_h = 11, .ofs_x = 0, .ofs_y = 0},
    {.bitmap_index = 51368, .adv_w = 134, .box_w = 9, .box_h = 10, .ofs_x = 0, .ofs_y = 0},
    {.bitmap_index = 51413, .adv_w = 134, .box_w = 8, .box_h = 10, .ofs_x = 0, .ofs_y = 0},
    {.bitmap_index = 51453, .adv_w = 134, .box_w = 8, .box_h = 13, .ofs_x = 0, .ofs_y = -2},
    {.bitmap_index = 51505, .adv_w = 134, .box_w = 7, .box_h = 8, .ofs_x = 1, .ofs_y = 1},
    {.bitmap_index = 51533, .adv_w = 134, .box_w = 8, .box_h = 10, .ofs_x = 0, .ofs_y = 0},
    {.bitmap_index = 51573, .adv_w = 134, .box_w = 8, .box_h = 12, .ofs_x = 0, .ofs_y = -1},
    {.bitmap_index = 51621, .adv_w = 134, .box_w = 7, .box_h = 8, .ofs_x = 1, .ofs_y = 1},
    {.bitmap_index = 51649, .adv_w = 134, .box_w = 7, .box_h = 10, .ofs_x = 1, .ofs_y = 0},
    {.bitmap_index = 51684, .adv_w = 134, .box_w = 8, .box_h = 15, .ofs_x = 0, .ofs_y = -4},
    {.bitmap_index = 51744, .adv_w = 134, .box_w = 8, .box_h = 2, .ofs_x = 0, .ofs_y = 4},
    {.bitmap_index = 51752, .adv_w = 134, .box_w = 5, .box_h = 6, .ofs_x = 2, .ofs_y = 2},
    {.bitmap_index = 51767, .adv_w = 134, .box_w = 3, .box_h = 3, .ofs_x = 3, .ofs_y = 3},
    {.bitmap_index = 51772, .adv_w = 134, .box_w = 9, .box_h = 13, .ofs_x = 0, .ofs_y = -1},
    {.bitmap_index = 51831, .adv_w = 134, .box_w = 9, .box_h = 6, .ofs_x = 0, .ofs_y = 2},
    {.bitmap_index = 51858, .adv_w = 134, .box_w = 9, .box_h = 8, .ofs_x = 0, .ofs_y = 0},
    {.bitmap_index = 51894, .adv_w = 134, .box_w = 2, .box_h = 11, .ofs_x = 3, .ofs_y = 0},
    {.bitmap_index = 51905, .adv_w = 134, .box_w = 9, .box_h = 8, .ofs_x = 0, .ofs_y = 1},
    {.bitmap_index = 51941, .adv_w = 134, .box_w = 9, .box_h = 8, .ofs_x = 0, .ofs_y = 1},
    {.bitmap_index = 51977, .adv_w = 134, .box_w = 8, .box_h = 10, .ofs_x = 0, .ofs_y = 0},
    {.bitmap_index = 52017, .adv_w = 134, .box_w = 8, .box_h = 10, .ofs_x = 0, .ofs_y = 0},
    {.bitmap_index = 52057, .adv_w = 134, .box_w = 8, .box_h = 8, .ofs_x = 0, .ofs_y = 1},
    {.bitmap_index = 52089, .adv_w = 134, .box_w = 8, .box_h = 8, .ofs_x = 0, .ofs_y = 1},
    {.bitmap_index = 52121, .adv_w = 134, .box_w = 3, .box_h = 8, .ofs_x = 3, .ofs_y = 1},
    {.bitmap_index = 52133, .adv_w = 134, .box_w = 8, .box_h = 8, .ofs_x = 0, .ofs_y = 1},
    {.bitmap_index = 52165, .adv_w = 134, .box_w = 8, .box_h = 5, .ofs_x = 0, .ofs_y = 4},
    {.bitmap_index = 52185, .adv_w = 134, .box_w = 8, .box_h = 4, .ofs_x = 0, .ofs_y = 3},
    {.bitmap_index = 52201, .adv_w = 134, .box_w = 8, .box_h = 4, .ofs_x = 0, .ofs_y = 3},
    {.bitmap_index = 52217, .adv_w = 134, .box_w = 8, .box_h = 8, .ofs_x = 0, .ofs_y = 1},
    {.bitmap_index = 52249, .adv_w = 134, .box_w = 8, .box_h = 5, .ofs_x = 0, .ofs_y = 3},
    {.bitmap_index = 52269, .adv_w = 134, .box_w = 8, .box_h = 8, .ofs_x = 0, .ofs_y = 1},
    {.bitmap_index = 52301, .adv_w = 134, .box_w = 8, .box_h = 12, .ofs_x = 0, .ofs_y = -1},
    {.bitmap_index = 52349, .adv_w = 134, .box_w = 8, .box_h = 6, .ofs_x = 0, .ofs_y = 2},
    {.bitmap_index = 52373, .adv_w = 134, .box_w = 8, .box_h = 11, .ofs_x = 0, .ofs_y = -1},
    {.bitmap_index = 52417, .adv_w = 134, .box_w = 8, .box_h = 8, .ofs_x = 0, .ofs_y = 1},
    {.bitmap_index = 52449, .adv_w = 134, .box_w = 8, .box_h = 8, .ofs_x = 0, .ofs_y = 1},
    {.bitmap_index = 52481, .adv_w = 134, .box_w = 8, .box_h = 8, .ofs_x = 0, .ofs_y = 1},
    {.bitmap_index = 52513, .adv_w = 134, .box_w = 9, .box_h = 6, .ofs_x = 0, .ofs_y = 2},
    {.bitmap_index = 52540, .adv_w = 134, .box_w = 8, .box_h = 6, .ofs_x = 0, .ofs_y = 2},
    {.bitmap_index = 52564, .adv_w = 134, .box_w = 8, .box_h = 10, .ofs_x = 0, .ofs_y = 0},
    {.bitmap_index = 52604, .adv_w = 134, .box_w = 8, .box_h = 9, .ofs_x = 0, .ofs_y = 0},
    {.bitmap_index = 52640, .adv_w = 134, .box_w = 8, .box_h = 9, .ofs_x = 0, .ofs_y = 0},
    {.bitmap_index = 52676, .adv_w = 134, .box_w = 8, .box_h = 8, .ofs_x = 0, .ofs_y = 1},
    {.bitmap_index = 52708, .adv_w = 134, .box_w = 8, .box_h = 11, .ofs_x = 0, .ofs_y = -1},
    {.bitmap_index = 52752, .adv_w = 134, .box_w = 8, .box_h = 9, .ofs_x = 0, .ofs_y = 0},
    {.bitmap_index = 52788, .adv_w = 134, .box_w = 8, .box_h = 9, .ofs_x = 0, .ofs_y = 0},
    {.bitmap_index = 52824, .adv_w = 134, .box_w = 5, .box_h = 11, .ofs_x = 2, .ofs_y = 0},
    {.bitmap_index = 52852, .adv_w = 134, .box_w = 7, .box_h = 10, .ofs_x = 1, .ofs_y = 0},
    {.bitmap_index = 52887, .adv_w = 134, .box_w = 7, .box_h = 10, .ofs_x = 1, .ofs_y = 0},
    {.bitmap_index = 52922, .adv_w = 134, .box_w = 8, .box_h = 12, .ofs_x = 0, .ofs_y = -2},
    {.bitmap_index = 52970, .adv_w = 134, .box_w = 8, .box_h = 11, .ofs_x = 0, .ofs_y = -1},
    {.bitmap_index = 53014, .adv_w = 134, .box_w = 8, .box_h = 9, .ofs_x = 0, .ofs_y = 0},
    {.bitmap_index = 53050, .adv_w = 134, .box_w = 8, .box_h = 9, .ofs_x = 0, .ofs_y = 0},
    {.bitmap_index = 53086, .adv_w = 134, .box_w = 8, .box_h = 12, .ofs_x = 0, .ofs_y = -1},
    {.bitmap_index = 53134, .adv_w = 134, .box_w = 8, .box_h = 12, .ofs_x = 0, .ofs_y = -1},
    {.bitmap_index = 53182, .adv_w = 134, .box_w = 7, .box_h = 8, .ofs_x = 1, .ofs_y = 1},
    {.bitmap_index = 53210, .adv_w = 134, .box_w = 7, .box_h = 8, .ofs_x = 1, .ofs_y = 1},
    {.bitmap_index = 53238, .adv_w = 134, .box_w = 8, .box_h = 10, .ofs_x = 0, .ofs_y = 0},
    {.bitmap_index = 53278, .adv_w = 134, .box_w = 8, .box_h = 10, .ofs_x = 0, .ofs_y = 0},
    {.bitmap_index = 53318, .adv_w = 134, .box_w = 8, .box_h = 12, .ofs_x = 0, .ofs_y = -1},
    {.bitmap_index = 53366, .adv_w = 134, .box_w = 8, .box_h = 12, .ofs_x = 0, .ofs_y = -1},
    {.bitmap_index = 53414, .adv_w = 134, .box_w = 8, .box_h = 11, .ofs_x = 0, .ofs_y = 0},
    {.bitmap_index = 53458, .adv_w = 134, .box_w = 9, .box_h = 11, .ofs_x = 0, .ofs_y = 0},
    {.bitmap_index = 53508, .adv_w = 134, .box_w = 8, .box_h = 12, .ofs_x = 0, .ofs_y = -1},
    {.bitmap_index = 53556, .adv_w = 134, .box_w = 9, .box_h = 12, .ofs_x = 0, .ofs_y = -1},
    {.bitmap_index = 53610, .adv_w = 134, .box_w = 8, .box_h = 10, .ofs_x = 0, .ofs_y = 0},
    {.bitmap_index = 53650, .adv_w = 134, .box_w = 8, .box_h = 10, .ofs_x = 0, .ofs_y = 0},
    {.bitmap_index = 53690, .adv_w = 134, .box_w = 8, .box_h = 10, .ofs_x = 0, .ofs_y = 0},
    {.bitmap_index = 53730, .adv_w = 134, .box_w = 8, .box_h = 8, .ofs_x = 0, .ofs_y = 1},
    {.bitmap_index = 53762, .adv_w = 134, .box_w = 8, .box_h = 8, .ofs_x = 0, .ofs_y = 1},
    {.bitmap_index = 53794, .adv_w = 269, .box_w = 11, .box_h = 10, .ofs_x = 3, .ofs_y = 0},
    {.bitmap_index = 53849, .adv_w = 269, .box_w = 11, .box_h = 10, .ofs_x = 3, .ofs_y = 0},
    {.bitmap_index = 53904, .adv_w = 269, .box_w = 11, .box_h = 10, .ofs_x = 3, .ofs_y = 0},
    {.bitmap_index = 53959, .adv_w = 269, .box_w = 11, .box_h = 10, .ofs_x = 3, .ofs_y = 0},
    {.bitmap_index = 54014, .adv_w = 269, .box_w = 11, .box_h = 10, .ofs_x = 3, .ofs_y = 0},
    {.bitmap_index = 54069, .adv_w = 269, .box_w = 11, .box_h = 10, .ofs_x = 3, .ofs_y = 0},
    {.bitmap_index = 54124, .adv_w = 269, .box_w = 11, .box_h = 10, .ofs_x = 3, .ofs_y = 0},
    {.bitmap_index = 54179, .adv_w = 269, .box_w = 11, .box_h = 10, .ofs_x = 3, .ofs_y = 0},
    {.bitmap_index = 54234, .adv_w = 134, .box_w = 8, .box_h = 10, .ofs_x = 0, .ofs_y = 0},
    {.bitmap_index = 54274, .adv_w = 134, .box_w = 8, .box_h = 10, .ofs_x = 0, .ofs_y = 0},
    {.bitmap_index = 54314, .adv_w = 134, .box_w = 8, .box_h = 10, .ofs_x = 0, .ofs_y = 0},
    {.bitmap_index = 54354, .adv_w = 134, .box_w = 8, .box_h = 10, .ofs_x = 0, .ofs_y = 0},
    {.bitmap_index = 54394, .adv_w = 134, .box_w = 8, .box_h = 8, .ofs_x = 0, .ofs_y = 1},
    {.bitmap_index = 54426, .adv_w = 134, .box_w = 8, .box_h = 8, .ofs_x = 0, .ofs_y = 1},
    {.bitmap_index = 54458, .adv_w = 134, .box_w = 9, .box_h = 6, .ofs_x = 0, .ofs_y = 2},
    {.bitmap_index = 54485, .adv_w = 134, .box_w = 8, .box_h = 10, .ofs_x = 0, .ofs_y = 0},
    {.bitmap_index = 54525, .adv_w = 134, .box_w = 8, .box_h = 10, .ofs_x = 0, .ofs_y = 0},
    {.bitmap_index = 54565, .adv_w = 134, .box_w = 8, .box_h = 8, .ofs_x = 0, .ofs_y = 1},
    {.bitmap_index = 54597, .adv_w = 134, .box_w = 7, .box_h = 8, .ofs_x = 1, .ofs_y = 1},
    {.bitmap_index = 54625, .adv_w = 134, .box_w = 8, .box_h = 9, .ofs_x = 0, .ofs_y = 0},
    {.bitmap_index = 54661, .adv_w = 134, .box_w = 8, .box_h = 9, .ofs_x = 0, .ofs_y = 0},
    {.bitmap_index = 54697, .adv_w = 134, .box_w = 9, .box_h = 9, .ofs_x = 0, .ofs_y = 0},
    {.bitmap_index = 54738, .adv_w = 134, .box_w = 8, .box_h = 5, .ofs_x = 0, .ofs_y = 3},
    {.bitmap_index = 54758, .adv_w = 134, .box_w = 9, .box_h = 8, .ofs_x = 0, .ofs_y = 0},
    {.bitmap_index = 54794, .adv_w = 134, .box_w = 8, .box_h = 9, .ofs_x = 0, .ofs_y = 0},
    {.bitmap_index = 54830, .adv_w = 134, .box_w = 8, .box_h = 9, .ofs_x = 0, .ofs_y = 0},
    {.bitmap_index = 54866, .adv_w = 134, .box_w = 8, .box_h = 12, .ofs_x = 0, .ofs_y = -1},
    {.bitmap_index = 54914, .adv_w = 134, .box_w = 8, .box_h = 12, .ofs_x = 0, .ofs_y = -1}
};

/*---------------------
 *  CHARACTER MAPPING
 *--------------------*/

static const uint8_t glyph_id_ofs_list_4[] = {
    0, 1, 2, 3, 4, 5, 6, 7,
    0, 0, 8, 9, 10, 11, 12, 13,
    0, 0, 0, 0, 14, 15, 16, 17,
    18, 19, 20, 0, 21
};

static const uint16_t unicode_list_13[] = {
    0x0, 0x1, 0x2, 0x3, 0x4, 0x5, 0xc, 0xd,
    0xe, 0x10, 0x12, 0x13, 0x14, 0x16, 0x40, 0x41,
    0x42, 0x43, 0x44, 0x4a, 0x4b, 0x56, 0x58, 0x70,
    0x71, 0x72, 0x73, 0x74, 0x75, 0x76, 0x77, 0x78,
    0x79, 0x7a, 0x7b, 0x7c, 0x7d, 0x7e, 0x80, 0x82,
    0x88, 0x89, 0x8a, 0x8e, 0x90, 0x93, 0x97, 0x98,
    0x99, 0x9a, 0xa4, 0xa5, 0xa6, 0xa7, 0xa8, 0xac,
    0xad, 0xb1, 0xb3, 0xb5, 0xb7, 0xb8, 0xb9, 0xba,
    0xbb, 0xbc, 0xc4, 0xc5, 0xc7, 0xcf, 0xd0, 0xd1,
    0xd2, 0xd4, 0xd5, 0xdc, 0xde, 0xdf, 0xe0, 0xe1,
    0xe2, 0xe3, 0xe4, 0xe5, 0xea, 0xeb, 0xf2, 0xf3,
    0xf4, 0xf5, 0xf6, 0xf7, 0xf8, 0xf9, 0xfe, 0x101,
    0x102, 0x103, 0x104, 0x105, 0x106, 0x107, 0x108, 0x109,
    0x10a, 0x10b, 0x10c, 0x112, 0x113, 0x114, 0x115, 0x124,
    0x125, 0x128, 0x132, 0x133, 0x134, 0x136, 0x138, 0x139,
    0x13a, 0x13d, 0x13e, 0x140, 0x141, 0x152, 0x153
};

/*Collect the unicode lists and glyph_id offsets*/
static const lv_font_fmt_txt_cmap_t cmaps[] =
{
    {
        .range_start = 32, .range_length = 95, .glyph_id_start = 1,
        .unicode_list = NULL, .glyph_id_ofs_list = NULL, .list_length = 0, .type = LV_FONT_FMT_TXT_CMAP_FORMAT0_TINY
    },
    {
        .range_start = 160, .range_length = 13, .glyph_id_start = 96,
        .unicode_list = NULL, .glyph_id_ofs_list = NULL, .list_length = 0, .type = LV_FONT_FMT_TXT_CMAP_FORMAT0_TINY
    },
    {
        .range_start = 174, .range_length = 162, .glyph_id_start = 109,
        .unicode_list = NULL, .glyph_id_ofs_list = NULL, .list_length = 0, .type = LV_FONT_FMT_TXT_CMAP_FORMAT0_TINY
    },
    {
        .range_start = 336, .range_length = 256, .glyph_id_start = 271,
        .unicode_list = NULL, .glyph_id_ofs_list = NULL, .list_length = 0, .type = LV_FONT_FMT_TXT_CMAP_FORMAT0_TINY
    },
    {
        .range_start = 880, .range_length = 29, .glyph_id_start = 527,
        .unicode_list = NULL, .glyph_id_ofs_list = glyph_id_ofs_list_4, .list_length = 29, .type = LV_FONT_FMT_TXT_CMAP_FORMAT0_FULL
    },
    {
        .range_start = 910, .range_length = 20, .glyph_id_start = 549,
        .unicode_list = NULL, .glyph_id_ofs_list = NULL, .list_length = 0, .type = LV_FONT_FMT_TXT_CMAP_FORMAT0_TINY
    },
    {
        .range_start = 931, .range_length = 63, .glyph_id_start = 569,
        .unicode_list = NULL, .glyph_id_ofs_list = NULL, .list_length = 0, .type = LV_FONT_FMT_TXT_CMAP_FORMAT0_TINY
    },
    {
        .range_start = 1008, .range_length = 64, .glyph_id_start = 632,
        .unicode_list = NULL, .glyph_id_ofs_list = NULL, .list_length = 0, .type = LV_FONT_FMT_TXT_CMAP_FORMAT0_TINY
    },
    {
        .range_start = 1072, .range_length = 256, .glyph_id_start = 696,
        .unicode_list = NULL, .glyph_id_ofs_list = NULL, .list_length = 0, .type = LV_FONT_FMT_TXT_CMAP_FORMAT0_TINY
    },
    {
        .range_start = 8192, .range_length = 42, .glyph_id_start = 952,
        .unicode_list = NULL, .glyph_id_ofs_list = NULL, .list_length = 0, .type = LV_FONT_FMT_TXT_CMAP_FORMAT0_TINY
    },
    {
        .range_start = 8239, .range_length = 48, .glyph_id_start = 994,
        .unicode_list = NULL, .glyph_id_ofs_list = NULL, .list_length = 0, .type = LV_FONT_FMT_TXT_CMAP_FORMAT0_TINY
    },
    {
        .range_start = 8352, .range_length = 33, .glyph_id_start = 1042,
        .unicode_list = NULL, .glyph_id_ofs_list = NULL, .list_length = 0, .type = LV_FONT_FMT_TXT_CMAP_FORMAT0_TINY
    },
    {
        .range_start = 8448, .range_length = 80, .glyph_id_start = 1075,
        .unicode_list = NULL, .glyph_id_ofs_list = NULL, .list_length = 0, .type = LV_FONT_FMT_TXT_CMAP_FORMAT0_TINY
    },
    {
        .range_start = 8592, .range_length = 340, .glyph_id_start = 1155,
        .unicode_list = unicode_list_13, .glyph_id_ofs_list = NULL, .list_length = 127, .type = LV_FONT_FMT_TXT_CMAP_SPARSE_TINY
    }
};



/*--------------------
 *  ALL CUSTOM DATA
 *--------------------*/

#if LVGL_VERSION_MAJOR == 8
/*Store all the custom data of the font*/
static  lv_font_fmt_txt_glyph_cache_t cache;
#endif

#if LVGL_VERSION_MAJOR >= 8
static const lv_font_fmt_txt_dsc_t font_dsc = {
#else
static lv_font_fmt_txt_dsc_t font_dsc = {
#endif
    .glyph_bitmap = glyph_bitmap,
    .glyph_dsc = glyph_dsc,
    .cmaps = cmaps,
    .kern_dsc = NULL,
    .kern_scale = 0,
    .cmap_num = 14,
    .bpp = 4,
    .kern_classes = 0,
    .bitmap_format = 0,
#if LVGL_VERSION_MAJOR == 8
    .cache = &cache
#endif
};



/*-----------------
 *  PUBLIC FONT
 *----------------*/

/*Initialize a public general font descriptor*/
#if LVGL_VERSION_MAJOR >= 8
const lv_font_t font_noto_sans_mono_semibold_14 = {
#else
lv_font_t font_noto_sans_mono_semibold_14 = {
#endif
    .get_glyph_dsc = lv_font_get_glyph_dsc_fmt_txt,    /*Function pointer to get glyph's data*/
    .get_glyph_bitmap = lv_font_get_bitmap_fmt_txt,    /*Function pointer to get glyph's bitmap*/
    .line_height = 23,          /*The maximum line height required by the font*/
    .base_line = 6,             /*Baseline measured from the bottom of the line*/
#if !(LVGL_VERSION_MAJOR == 6 && LVGL_VERSION_MINOR == 0)
    .subpx = LV_FONT_SUBPX_NONE,
#endif
#if LV_VERSION_CHECK(7, 4, 0) || LVGL_VERSION_MAJOR >= 8
    .underline_position = -1,
    .underline_thickness = 1,
#endif
    .dsc = &font_dsc,          /*The custom font data. Will be accessed by `get_glyph_bitmap/dsc` */
#if LV_VERSION_CHECK(8, 2, 0) || LVGL_VERSION_MAJOR >= 9
    .fallback = NULL,
#endif
    .user_data = NULL,
};



#endif /*#if FONT_NOTO_SANS_MONO_SEMIBOLD_14*/

